title,title_raw,company,location,date_posted,category,skills,job_url,search_keyword,scraped_at
Data Scientist,Data Scientist (H/F),Orange Maroc,Casablanca-Settat,2026-03-17,Data & AI,,https://ma.linkedin.com/jobs/view/data-scientist-h-f-at-orange-maroc-4386759776,Data Scientist,2026-03-18T02:30:52.381834
Data Scientist,Data Scientist / IA / ML,Capgemini,Casablanca,2026-03-13,Data & AI,,https://ma.linkedin.com/jobs/view/data-scientist-ia-ml-at-capgemini-4383165147,Data Scientist,2026-03-18T02:30:52.382837
Ai & Data Scientist,AI & Data Scientist,Capgemini Engineering,Casablanca,2026-03-13,Data & AI,,https://ma.linkedin.com/jobs/view/ai-data-scientist-at-capgemini-engineering-4385199908,Data Scientist,2026-03-18T02:30:52.382837
R&D Engineer,R&D Engineer,ALTEN MAROC,Fès,2026-03-13,Other,,https://ma.linkedin.com/jobs/view/r-d-engineer-at-alten-maroc-4382050487,Data Scientist,2026-03-18T02:30:52.383835
Data Scientist,Data Scientist Senior,Astek,Casablanca et périphérie,2026-03-11,Data & AI,,https://ma.linkedin.com/jobs/view/data-scientist-senior-at-astek-4382866252,Data Scientist,2026-03-18T02:30:52.383835
Ai Training Experts - Casablanca,AI Training Experts - Casablanca,Prolific,Maroc,2026-03-13,Data & AI,,https://ma.linkedin.com/jobs/view/ai-training-experts-casablanca-at-prolific-4367158887,Data Scientist,2026-03-18T02:30:52.383835
Ai & Automation Intern,AI & Automation Intern,Renew Capital,Maroc,2026-03-16,Data & AI,,https://ma.linkedin.com/jobs/view/ai-automation-intern-at-renew-capital-4386325350,Data Scientist,2026-03-18T02:30:52.384833
Manager Data Scientist - Casablanca,Manager Data Scientist - Casablanca,Artefact,Casablanca et périphérie,2026-03-14,Data & AI,,https://ma.linkedin.com/jobs/view/manager-data-scientist-casablanca-at-artefact-3928981813,Data Scientist,2026-03-18T02:30:52.384833
Sénior Ai Machine Learning Engineer,Sénior AI Machine Learning Engineer,Astek,Casablanca et périphérie,2026-03-11,Data & AI,,https://ma.linkedin.com/jobs/view/s%C3%A9nior-ai-machine-learning-engineer-at-astek-4382869225,Data Scientist,2026-03-18T02:30:52.384833
Data Scientist,Data Scientist Expert,Capgemini Engineering,Casablanca,2026-03-13,Data & AI,,https://ma.linkedin.com/jobs/view/data-scientist-expert-at-capgemini-engineering-4385303584,Data Scientist,2026-03-18T02:30:52.384833
AI Engineer,AI Engineer / Data Scientist Expérimenté F/H,Deloitte,Méchouar de Casablanca,2026-03-11,Data & AI,,https://ma.linkedin.com/jobs/view/ai-engineer-data-scientist-exp%C3%A9riment%C3%A9-f-h-at-deloitte-4301694732,Data Scientist,2026-03-18T02:30:52.385834
Associate Data Science Manager,Associate Data Science Manager,Leyton,Casablanca,2026-03-17,Data & AI,,https://ma.linkedin.com/jobs/view/associate-data-science-manager-at-leyton-4321201825,Data Scientist,2026-03-18T02:30:52.385834
Senior Data Scientist - Casablanca,Senior Data Scientist - Casablanca,Artefact,Casablanca et périphérie,2026-03-14,Data & AI,,https://ma.linkedin.com/jobs/view/senior-data-scientist-casablanca-at-artefact-3776222663,Data Scientist,2026-03-18T02:30:52.385834
Data Scientist,Data Scientist Sénior Python/GCP,SQLI,Oujda,2026-03-11,Data & AI,"python, sql, gcp",https://ma.linkedin.com/jobs/view/data-scientist-s%C3%A9nior-python-gcp-at-sqli-4366635304,Data Scientist,2026-03-18T02:30:52.386835
Gti -  Postdoctoral Researcher – Ai/Ml For Energy Systems,GTI -  Postdoctoral Researcher – AI/ML for Energy Systems,UM6P - University Mohammed VI Polytechnic,Maroc,2026-03-15,Data & AI,,https://ma.linkedin.com/jobs/view/gti-postdoctoral-researcher-%E2%80%93-ai-ml-for-energy-systems-at-um6p-university-mohammed-vi-polytechnic-4386019055,Data Scientist,2026-03-18T02:30:52.386835
Manager Ai Factory,Manager AI Factory,Orange Business,Casablanca-Settat,2026-03-17,Data & AI,,https://ma.linkedin.com/jobs/view/manager-ai-factory-at-orange-business-4330828637,Data Scientist,2026-03-18T02:30:52.386835
Ia Software Engineer (F/H),IA Software Engineer (F/H),Deloitte,Méchouar de Casablanca,2026-03-12,Software Dev,,https://ma.linkedin.com/jobs/view/ia-software-engineer-f-h-at-deloitte-4383923128,Data Scientist,2026-03-18T02:30:52.387835
Ingénieur Engineering (Conception Système),Ingénieur Engineering (Conception Système),Scalian,Méchouar de Casablanca,2026-03-12,Other,,https://ma.linkedin.com/jobs/view/ing%C3%A9nieur-engineering-conception-syst%C3%A8me-at-scalian-4384807592,Data Scientist,2026-03-18T02:30:52.387835
Data Design & Development Engineer (Bi/Ml/Ds),DATA DESIGN & DEVELOPMENT ENGINEER (BI/ML/DS),RIBATIS,Casablanca,2026-03-13,Data & AI,,https://ma.linkedin.com/jobs/view/data-design-development-engineer-bi-ml-ds-at-ribatis-4384245457,Data Scientist,2026-03-18T02:30:52.389835
Software Engineer,Software Engineer (Trajectory Generation) - Remote,Taskify AI,Maroc,2026-03-16,Software Dev,,https://ma.linkedin.com/jobs/view/software-engineer-trajectory-generation-remote-at-taskify-ai-4386503077,Data Scientist,2026-03-18T02:30:52.389835
Senior Ai Data Engineer (Microsoft Fabric & Azure),Senior AI Data Engineer (Microsoft Fabric & Azure),Exakis Nelite,Casablanca et périphérie,2026-03-17,Data & AI,azure,https://ma.linkedin.com/jobs/view/senior-ai-data-engineer-microsoft-fabric-azure-at-exakis-nelite-4386783290,Data Scientist,2026-03-18T02:30:52.389835
Performance Analyst,Performance Analyst,LabelVie,Casablanca et périphérie,2026-03-17,Data & AI,,https://ma.linkedin.com/jobs/view/performance-analyst-at-labelvie-4384473599,Data Scientist,2026-03-18T02:30:52.390835
Software Engineer,Software Engineer (MAUI / Mobile),Forterro,Casablanca,2026-03-13,Software Dev,,https://ma.linkedin.com/jobs/view/software-engineer-maui-mobile-at-forterro-4385360484,Data Scientist,2026-03-18T02:30:52.390835
Qa Developer,QA Developer,GO & DEV,Rabat,2026-03-17,Software Dev,,https://ma.linkedin.com/jobs/view/qa-developer-at-go-dev-4385690587,Data Scientist,2026-03-18T02:30:52.391836
Software Engineer,Software Engineer (MAUI / Mobile),Myfactory,Casablanca,2026-03-13,Software Dev,,https://ma.linkedin.com/jobs/view/software-engineer-maui-mobile-at-myfactory-international-gmbh-4385534164,Data Scientist,2026-03-18T02:30:52.391836
Expert Technique En Tests Automatisés,Expert technique en tests automatisés,GEC _ Global Experts Consulting,Casablanca,2026-03-16,Other,,https://ma.linkedin.com/jobs/view/expert-technique-en-tests-automatis%C3%A9s-at-gec-global-experts-consulting-4384986937,Data Scientist,2026-03-18T02:30:52.391836
Colcom - Postdoctoral Fellow In Machine Learning,COLCOM - Postdoctoral Fellow in Machine Learning,UM6P - University Mohammed VI Polytechnic,Maroc,2026-03-15,Other,,https://ma.linkedin.com/jobs/view/colcom-postdoctoral-fellow-in-machine-learning-at-um6p-university-mohammed-vi-polytechnic-4386005713,Data Scientist,2026-03-18T02:30:52.392836
"Manager, Data, Insights & Analytics, Morocco","Manager, Data, Insights & Analytics, Morocco",The Coca-Cola Company,Casablanca-Settat,2026-03-16,Data & AI,,https://ma.linkedin.com/jobs/view/manager-data-insights-analytics-morocco-at-the-coca-cola-company-4386544644,Data Scientist,2026-03-18T02:30:52.392836
Software Engineer,Software Engineer (MAUI / Mobile),Abas Ibérica,Casablanca,2026-03-13,Software Dev,,https://ma.linkedin.com/jobs/view/software-engineer-maui-mobile-at-abas-ib%C3%A9rica-4385553664,Data Scientist,2026-03-18T02:30:52.393835
"Gsmi - Post-Doctoral Researcher In Ai, Autonomy And Digital Platforms For Drones","GSMI - Post-Doctoral Researcher in AI, Autonomy and Digital Platforms for Drones",UM6P - University Mohammed VI Polytechnic,Maroc,2026-03-15,Data & AI,git,https://ma.linkedin.com/jobs/view/gsmi-post-doctoral-researcher-in-ai-autonomy-and-digital-platforms-for-drones-at-um6p-university-mohammed-vi-polytechnic-4386015175,Data Scientist,2026-03-18T02:30:52.393835
Postdoctoral Researcher In Artificial Intelligence – Large Language Models And Bdi Systems,Postdoctoral Researcher in Artificial Intelligence – Large Language Models and BDI Systems,UM6P - University Mohammed VI Polytechnic,Maroc,2026-03-15,IT & Systems,,https://ma.linkedin.com/jobs/view/postdoctoral-researcher-in-artificial-intelligence-%E2%80%93-large-language-models-and-bdi-systems-at-um6p-university-mohammed-vi-polytechnic-4386013454,Data Scientist,2026-03-18T02:30:52.393835
Ingénieur Full Stack (H/F),Ingénieur Full Stack (H/F),Deloitte,Méchouar de Casablanca,2026-03-12,Software Dev,,https://ma.linkedin.com/jobs/view/ing%C3%A9nieur-full-stack-h-f-at-deloitte-4373330785,Data Scientist,2026-03-18T02:30:52.394838
"Msn - Postdoc Researcher, Mineral Processing, Battery Materials, & Sustainable Process Engineering","MSN - Postdoc Researcher, Mineral Processing, Battery Materials, & Sustainable Process Engineering",UM6P - University Mohammed VI Polytechnic,Maroc,2026-03-15,Data & AI,,https://ma.linkedin.com/jobs/view/msn-postdoc-researcher-mineral-processing-battery-materials-sustainable-process-engineering-at-um6p-university-mohammed-vi-polytechnic-4386007648,Data Scientist,2026-03-18T02:30:52.394838
Gsmi - Postdoctoral Researcher In Photovoltaic System Performance,GSMI - Postdoctoral Researcher in Photovoltaic System Performance,UM6P - University Mohammed VI Polytechnic,Maroc,2026-03-15,Data & AI,,https://ma.linkedin.com/jobs/view/gsmi-postdoctoral-researcher-in-photovoltaic-system-performance-at-um6p-university-mohammed-vi-polytechnic-4386021000,Data Scientist,2026-03-18T02:30:52.395835
Embedded Software Development Engineer,Embedded Software Development Engineer,indie.inc,Rabat,2026-03-17,Software Dev,,https://ma.linkedin.com/jobs/view/embedded-software-development-engineer-at-indie-inc-4311181038,Data Scientist,2026-03-18T02:30:52.395835
Data Engineer,Data Engineer – Data Platform & Analytics,Yakeey,Casablanca,2026-03-16,Data & AI,,https://ma.linkedin.com/jobs/view/data-engineer-%E2%80%93-data-platform-analytics-at-yakeey-4385247631,Data Scientist,2026-03-18T02:30:52.396835
Exciting Internship Opportunity At Apm Terminals Tangier In It,Exciting Internship Opportunity at APM Terminals Tangier in IT,APM Terminals,Tanger et périphérie,2026-03-17,Other,,https://ma.linkedin.com/jobs/view/exciting-internship-opportunity-at-apm-terminals-tangier-in-it-at-apm-terminals-4386929440,Data Scientist,2026-03-18T02:30:52.396835
Colcom - Postdoctoral Researcher In Machine Learning For Energy Efficient Iot Networks,COLCOM - Postdoctoral Researcher in Machine Learning for Energy Efficient IoT Networks,UM6P - University Mohammed VI Polytechnic,Maroc,2026-03-15,IT & Systems,,https://ma.linkedin.com/jobs/view/colcom-postdoctoral-researcher-in-machine-learning-for-energy-efficient-iot-networks-at-um6p-university-mohammed-vi-polytechnic-4386020022,Data Scientist,2026-03-18T02:30:52.397835
Cbs - Postdoctoral Researcher In Reverse Osmosis Membrane Cleaning And Fouling Control,CBS - Postdoctoral Researcher in Reverse Osmosis Membrane Cleaning and Fouling Control,UM6P - University Mohammed VI Polytechnic,Maroc,2026-03-15,Other,,https://ma.linkedin.com/jobs/view/cbs-postdoctoral-researcher-in-reverse-osmosis-membrane-cleaning-and-fouling-control-at-um6p-university-mohammed-vi-polytechnic-4386001849,Data Scientist,2026-03-18T02:30:52.398835
Tech Lead Engineer,Tech Lead Engineer,Y STRATEGIE,Casablanca et périphérie,2026-03-17,Other,,https://ma.linkedin.com/jobs/view/tech-lead-engineer-at-y-strategie-4384461706,Data Scientist,2026-03-18T02:30:52.398835
Software Engineer,Software Engineer (MAUI / Mobile),Forterro,Casablanca et périphérie,2026-03-13,Software Dev,,https://ma.linkedin.com/jobs/view/software-engineer-maui-mobile-at-forterro-4385365398,Data Scientist,2026-03-18T02:30:52.398835
"Cbs - Postdoctoral Position, Artificial Intelligence Applied To Multi-Omics Data Integration","CBS - Postdoctoral Position, Artificial Intelligence Applied to Multi-Omics Data Integration",UM6P - University Mohammed VI Polytechnic,Maroc,2026-03-15,Data & AI,,https://ma.linkedin.com/jobs/view/cbs-postdoctoral-position-artificial-intelligence-applied-to-multi-omics-data-integration-at-um6p-university-mohammed-vi-polytechnic-4386000793,Data Scientist,2026-03-18T02:30:52.399836
Ingénieur Apex,Ingénieur APEX,Confidentiel,Casablanca-Settat,2026-03-11,Other,,https://ma.linkedin.com/jobs/view/ing%C3%A9nieur-apex-at-confidentiel-4382579289,Data Scientist,2026-03-18T02:30:52.399836
Tech Lead – Fullstack (Python / React ) – Casablanca,Tech Lead – Fullstack (Python / React ) – Casablanca,Xpertize Africa,Casablanca-Settat,2026-03-13,Software Dev,"python, react",https://ma.linkedin.com/jobs/view/tech-lead-%E2%80%93-fullstack-python-react-%E2%80%93-casablanca-at-xpertize-africa-4383088829,Data Scientist,2026-03-18T02:30:52.400836
Offre De Stage À Tétouan,Offre de stage à Tétouan,HB DEVELOPMENT,Tétouan et périphérie,2026-03-17,Other,,https://ma.linkedin.com/jobs/view/offre-de-stage-%C3%A0-t%C3%A9touan-at-hb-development-4384494842,Data Scientist,2026-03-18T02:30:52.401839
Software Developer,Développeur Low Code,Inetum,Méchouar de Casablanca,2026-03-12,Software Dev,,https://ma.linkedin.com/jobs/view/d%C3%A9veloppeur-low-code-at-inetum-4179156634,Data Scientist,2026-03-18T02:30:52.402837
Gsmi - Postdoctoral Researcher In Design Fabrication And Testing Of Bio-Inspired Drones,GSMI - Postdoctoral Researcher in Design Fabrication and Testing of Bio-Inspired Drones,UM6P - University Mohammed VI Polytechnic,Maroc,2026-03-15,Other,,https://ma.linkedin.com/jobs/view/gsmi-postdoctoral-researcher-in-design-fabrication-and-testing-of-bio-inspired-drones-at-um6p-university-mohammed-vi-polytechnic-4386016179,Data Scientist,2026-03-18T02:30:52.403836
Gsmi - Postdoctoral Researcher In Plant Ecology & Soil-Plant Interactions In Vegetated Photovoltaic,GSMI - Postdoctoral Researcher in Plant Ecology & Soil-Plant Interactions in Vegetated Photovoltaic,UM6P - University Mohammed VI Polytechnic,Maroc,2026-03-15,Data & AI,,https://ma.linkedin.com/jobs/view/gsmi-postdoctoral-researcher-in-plant-ecology-soil-plant-interactions-in-vegetated-photovoltaic-at-um6p-university-mohammed-vi-polytechnic-4386001842,Data Scientist,2026-03-18T02:30:52.403836
Colcom - Post Doc Position At College Of Computing,COLCOM - Post Doc Position at College of Computing,UM6P - University Mohammed VI Polytechnic,Maroc,2026-03-15,Other,,https://ma.linkedin.com/jobs/view/colcom-post-doc-position-at-college-of-computing-at-um6p-university-mohammed-vi-polytechnic-4386003740,Data Scientist,2026-03-18T02:30:52.405838
Ingénieur Validation & Vérification (V&V),Ingénieur Validation & Vérification (V&V),Scalian,Méchouar de Casablanca,2026-03-12,Other,,https://ma.linkedin.com/jobs/view/ing%C3%A9nieur-validation-v%C3%A9rification-v-v-at-scalian-4384807598,Data Scientist,2026-03-18T02:30:52.406834
Ai Chatbot Tester,AI Chatbot Tester,Alignerr,Maroc,2026-03-16,Data & AI,,https://ma.linkedin.com/jobs/view/ai-chatbot-tester-at-alignerr-4386311054,Data Scientist,2026-03-18T02:31:05.907240
Ingénieur Ia Générative,Ingénieur IA Générative,Exakis Nelite,Casablanca-Settat,2026-03-17,Other,,https://ma.linkedin.com/jobs/view/ing%C3%A9nieur-ia-g%C3%A9n%C3%A9rative-at-exakis-nelite-4386784368,Data Scientist,2026-03-18T02:31:05.907240
Process Technology Production Engineer,Process Technology Production Engineer,Hirschmann Automotive,Kénitra,2026-03-16,Management,,https://ma.linkedin.com/jobs/view/process-technology-production-engineer-at-hirschmann-automotive-4386368562,Data Scientist,2026-03-18T02:31:05.907240
Business Analyst,Business Analyst,ALTEN,Rabat,2026-03-16,Data & AI,,https://ma.linkedin.com/jobs/view/business-analyst-at-alten-4384049907,Data Scientist,2026-03-18T02:31:05.907240
Ai Training Experts - Tangier,AI Training Experts - Tangier,Prolific,Maroc,2026-03-13,Data & AI,,https://ma.linkedin.com/jobs/view/ai-training-experts-tangier-at-prolific-4367170894,Data Scientist,2026-03-18T02:31:05.907240
E-Learning Platform Development & Support Officer (Lms),E-LEARNING PLATFORM DEVELOPMENT & SUPPORT OFFICER (LMS),RIBATIS,Casablanca,2026-03-13,DevOps & Cloud,,https://ma.linkedin.com/jobs/view/e-learning-platform-development-support-officer-lms-at-ribatis-4384243485,Data Scientist,2026-03-18T02:31:05.907240
Product Engineer (H/F),Product Engineer (H/F),Banque Centrale Populaire - BCP,Casablanca et périphérie,2026-03-11,Management,,https://ma.linkedin.com/jobs/view/product-engineer-h-f-at-banque-centrale-populaire-bcp-4384301518,Data Scientist,2026-03-18T02:31:05.907240
"Associate, Morocco","Associate, Morocco",Boston Consulting Group (BCG),Casablanca,2026-03-13,Cybersecurity,,https://ma.linkedin.com/jobs/view/associate-morocco-at-boston-consulting-group-bcg-4213655651,Data Scientist,2026-03-18T02:31:05.907240
Superviseur D’Activité Opérationnelle (Automotive),Superviseur d’Activité Opérationnelle (Automotive),TRIGO,Cercle de Kenitra-Banlieue,2026-03-17,Other,,https://ma.linkedin.com/jobs/view/superviseur-d%E2%80%99activit%C3%A9-op%C3%A9rationnelle-automotive-at-trigo-4384485550,Data Scientist,2026-03-18T02:31:05.907240
Data Engineer,Data Engineer,Polymorpho,Rabat,2026-03-17,Data & AI,,https://ma.linkedin.com/jobs/view/data-engineer-at-polymorpho-4384473566,Data Engineer,2026-03-18T02:31:33.784024
Data Engineer,Data Engineer,Capgemini,Casablanca,2026-03-13,Data & AI,,https://ma.linkedin.com/jobs/view/data-engineer-at-capgemini-4385153602,Data Engineer,2026-03-18T02:31:33.784024
Data Engineer,Data Engineer (Cloud GCP) F/H,VISEO,Maroc,2026-03-17,Data & AI,gcp,https://ma.linkedin.com/jobs/view/data-engineer-cloud-gcp-f-h-at-viseo-4375778372,Data Engineer,2026-03-18T02:31:33.785025
Data Engineer,Ingénieur Data – Scala / Databricks,SQLI,Méchouar de Casablanca,2026-03-14,Data & AI,"sql, scala",https://ma.linkedin.com/jobs/view/ing%C3%A9nieur-data-%E2%80%93-scala-databricks-at-sqli-4334198501,Data Engineer,2026-03-18T02:31:33.786025
Data Engineer,Ingénieur Data Modeling,Capgemini Engineering,Casablanca,2026-03-13,Data & AI,,https://ma.linkedin.com/jobs/view/ing%C3%A9nieur-data-modeling-at-capgemini-engineering-4385309395,Data Engineer,2026-03-18T02:31:33.786025
Senior Data Engineer - (H/F),Senior Data Engineer - (h/f),emagine,Maroc,2026-03-12,Data & AI,,https://ma.linkedin.com/jobs/view/senior-data-engineer-h-f-at-emagine-4383908445,Data Engineer,2026-03-18T02:31:33.788027
Data Engineer,Data Engineer Sénior (DBT / SQL),ALTEN,Rabat,2026-03-13,Data & AI,"sql, dbt",https://ma.linkedin.com/jobs/view/data-engineer-s%C3%A9nior-dbt-sql-at-alten-4383107112,Data Engineer,2026-03-18T02:31:33.790026
Senior Data Engineer (H/F),Senior Data Engineer (H/F),Devoteam,Casablanca,2026-03-11,Data & AI,,https://ma.linkedin.com/jobs/view/senior-data-engineer-h-f-at-devoteam-4327693470,Data Engineer,2026-03-18T02:31:33.791026
Senior Data Engineer,Senior Data Engineer,Capgemini,Casablanca,2026-03-15,Data & AI,,https://ma.linkedin.com/jobs/view/senior-data-engineer-at-capgemini-4386016978,Data Engineer,2026-03-18T02:31:33.792024
System Engineer / Doors,System Engineer / Doors,Scalian,Casablanca,2026-03-11,IT & Systems,,https://ma.linkedin.com/jobs/view/system-engineer-doors-at-scalian-4382861553,Data Engineer,2026-03-18T02:31:33.793024
Data Engineer,Data Engineer Confirmé/Sénior– Écosystème Microsoft Fabric,Inetum,Méchouar de Casablanca,2026-03-12,Data & AI,,https://ma.linkedin.com/jobs/view/data-engineer-confirm%C3%A9-s%C3%A9nior%E2%80%93-%C3%A9cosyst%C3%A8me-microsoft-fabric-at-inetum-4294363835,Data Engineer,2026-03-18T02:31:33.794024
Lead Data Engineer,Lead Data Engineer,CREDIT DU MAROC,Casablanca et périphérie,2026-03-12,Data & AI,,https://ma.linkedin.com/jobs/view/lead-data-engineer-at-credit-du-maroc-4383043464,Data Engineer,2026-03-18T02:31:33.798863
Data Engineer,Data Engineer confirmé,Orange Business,Hssaine,2026-03-17,Data & AI,,https://ma.linkedin.com/jobs/view/data-engineer-confirm%C3%A9-at-orange-business-4384492041,Data Engineer,2026-03-18T02:31:33.798863
Data Engineer,Data Engineer Sénior (DBT / SQL),ALTEN MAROC,Rabat,2026-03-13,Data & AI,"sql, dbt",https://ma.linkedin.com/jobs/view/data-engineer-s%C3%A9nior-dbt-sql-at-alten-maroc-4383092733,Data Engineer,2026-03-18T02:31:33.799864
Automotive System Test Engineer,Automotive System Test Engineer,ALTEN MAROC,Rabat,2026-03-16,IT & Systems,,https://ma.linkedin.com/jobs/view/automotive-system-test-engineer-at-alten-maroc-4384032793,Data Engineer,2026-03-18T02:31:33.799864
Automotive System Test Engineer,Automotive System Test Engineer,ALTEN,Rabat,2026-03-12,IT & Systems,,https://ma.linkedin.com/jobs/view/automotive-system-test-engineer-at-alten-4383000013,Data Engineer,2026-03-18T02:31:33.799864
Embedded Software Engineer,Embedded Software Engineer,ALTEN MAROC,Rabat,2026-03-16,Software Dev,,https://ma.linkedin.com/jobs/view/embedded-software-engineer-at-alten-maroc-4384037613,Data Engineer,2026-03-18T02:31:33.801864
Software Engineer,Software Engineer - X Delivery,Boston Consulting Group (BCG),Casablanca,2026-03-12,Software Dev,,https://ma.linkedin.com/jobs/view/software-engineer-x-delivery-at-boston-consulting-group-bcg-4330506481,Data Engineer,2026-03-18T02:31:33.802868
Senior Data Analyst - Casablanca,Senior Data Analyst - Casablanca,Artefact,Casablanca et périphérie,2026-03-12,Data & AI,,https://ma.linkedin.com/jobs/view/senior-data-analyst-casablanca-at-artefact-3776220863,Data Engineer,2026-03-18T02:31:33.803864
Method Lab Engineer,Method LAB Engineer,Aptiv,Tanger,2026-03-17,Other,,https://ma.linkedin.com/jobs/view/method-lab-engineer-at-aptiv-4386904750,Data Engineer,2026-03-18T02:31:33.804864
Soc Software Integration Engineer,SoC Software Integration Engineer,Hashlist,Casablanca-Settat,2026-03-13,Cybersecurity,,https://ma.linkedin.com/jobs/view/soc-software-integration-engineer-at-hashlist-4383143096,Data Engineer,2026-03-18T02:31:33.805868
Embedded Software Test Engineer,Embedded Software Test Engineer,indie.inc,Rabat,2026-03-13,Software Dev,,https://ma.linkedin.com/jobs/view/embedded-software-test-engineer-at-indie-inc-4311177089,Data Engineer,2026-03-18T02:31:33.806864
Consultant Senior En Données,Consultant Senior en Données,STATERA,Maroc,2026-03-13,Other,,https://ma.linkedin.com/jobs/view/consultant-senior-en-donn%C3%A9es-at-statera-4385154478,Data Engineer,2026-03-18T02:31:33.809861
Volunteer Data Systems Expert To Support Integration Of Kobotoolbox With Power Bi With Projectsoar,Volunteer Data Systems Expert to Support Integration of KoboToolbox with Power BI with ProjectSoar,Project Soar,Rabat,2026-03-11,Data & AI,power bi,https://ma.linkedin.com/jobs/view/volunteer-data-systems-expert-to-support-integration-of-kobotoolbox-with-power-bi-with-projectsoar-at-project-soar-4374718355,Data Engineer,2026-03-18T02:31:33.809861
Corporate Cloud Expert Support Engineer - Emea,Corporate Cloud Expert Support Engineer - EMEA,Acronis,Maroc,2026-03-13,DevOps & Cloud,,https://ma.linkedin.com/jobs/view/corporate-cloud-expert-support-engineer-emea-at-acronis-4375681793,Data Engineer,2026-03-18T02:31:33.810861
Consultant Qlikview,Consultant QlikView,Deloitte,Méchouar de Casablanca,2026-03-12,Other,,https://ma.linkedin.com/jobs/view/consultant-qlikview-at-deloitte-4373348114,Data Engineer,2026-03-18T02:31:33.811861
Syensqo.Ai - Senior Ai Software Engineer (F/H/X),Syensqo.ai - Senior AI Software Engineer (F/H/X),Syensqo,Ben Guerir,2026-03-11,Data & AI,,https://ma.linkedin.com/jobs/view/syensqo-ai-senior-ai-software-engineer-f-h-x-at-syensqo-4366287211,Data Engineer,2026-03-18T02:31:33.812914
Ingénieur Développeur Fullstack Node Js / React (H-F),Ingénieur développeur Fullstack Node JS / React (H-F),SQLI,Rabat,2026-03-11,Software Dev,"sql, react, node",https://ma.linkedin.com/jobs/view/ing%C3%A9nieur-d%C3%A9veloppeur-fullstack-node-js-react-h-f-at-sqli-4343946233,Data Engineer,2026-03-18T02:31:33.813331
Data Business Analyst & Adoption Lead,Data Business Analyst & Adoption Lead,Orange Business,Casablanca-Settat,2026-03-16,Data & AI,,https://ma.linkedin.com/jobs/view/data-business-analyst-adoption-lead-at-orange-business-4384031917,Data Engineer,2026-03-18T02:31:33.813331
Catalog Operations Intern Q-Commerce,Catalog Operations Intern Q-Commerce,Glovo,Casablanca,2026-03-11,Other,,https://ma.linkedin.com/jobs/view/catalog-operations-intern-q-commerce-at-glovo-4383217308,Data Engineer,2026-03-18T02:31:33.814331
"Technician, Quality","Technician, Quality",Magna International,Cercle de Kenitra-Banlieue,2026-03-11,Other,,https://ma.linkedin.com/jobs/view/technician-quality-at-magna-international-4384152857,Data Engineer,2026-03-18T02:31:33.814331
Consulting Manager – Strategy & Transformation,Consulting Manager – Strategy & Transformation,Artefact,Casablanca,2026-03-17,Management,,https://ma.linkedin.com/jobs/view/consulting-manager-%E2%80%93-strategy-transformation-at-artefact-4347867443,Data Engineer,2026-03-18T02:31:33.815330
Business Analyste Sql,Business Analyste SQL,Beelix Maroc,Casablanca-Settat,2026-03-17,Data & AI,sql,https://ma.linkedin.com/jobs/view/business-analyste-sql-at-beelix-maroc-4384487813,Data Analyst,2026-03-18T02:32:14.239733
Stagiaire En Data (F/H),Stagiaire en Data (F/H),Sofrecom Maroc,Casablanca et périphérie,2026-03-13,Data & AI,,https://ma.linkedin.com/jobs/view/stagiaire-en-data-f-h-at-sofrecom-maroc-4385384433,Data Analyst,2026-03-18T02:32:14.241736
Ai Data Quality Analyst,AI Data Quality Analyst,Alignerr,Maroc,2026-03-16,Data & AI,,https://ma.linkedin.com/jobs/view/ai-data-quality-analyst-at-alignerr-4386094817,Data Analyst,2026-03-18T02:32:14.243732
Business Analyst,Business Analyst,SUN PHARMA,Bouskoura,2026-03-16,Data & AI,,https://ma.linkedin.com/jobs/view/business-analyst-at-sun-pharma-4384056410,Data Analyst,2026-03-18T02:32:14.247731
Consultant Power Platform,Consultant Power Platform,SQLI,Rabat,2026-03-12,DevOps & Cloud,sql,https://ma.linkedin.com/jobs/view/consultant-power-platform-at-sqli-4363260504,Data Analyst,2026-03-18T02:32:14.249730
Business Analyst – Sales Efficiency,Business Analyst – Sales Efficiency,Société Générale,Casablanca,2026-03-12,Data & AI,,https://ma.linkedin.com/jobs/view/business-analyst-%E2%80%93-sales-efficiency-at-societe-generale-4384871609,Data Analyst,2026-03-18T02:32:14.251731
Business Analyst,Business Analyst,JESA S.A,Casablanca,2026-03-16,Data & AI,,https://ma.linkedin.com/jobs/view/business-analyst-at-jesa-s-a-4386323354,Data Analyst,2026-03-18T02:32:14.252732
Business Analyst,Business Analyst,ALTEN MAROC,Rabat,2026-03-16,Data & AI,,https://ma.linkedin.com/jobs/view/business-analyst-at-alten-maroc-4384065123,Data Analyst,2026-03-18T02:32:14.252732
Stagiaire Pré Embauche - Développeur Sage 1000,Stagiaire Pré embauche - Développeur Sage 1000,Inetum,Méchouar de Casablanca,2026-03-12,Data & AI,,https://ma.linkedin.com/jobs/view/stagiaire-pr%C3%A9-embauche-d%C3%A9veloppeur-sage-1000-at-inetum-4317331985,Data Analyst,2026-03-18T02:32:14.253731
Business Analyst – Sap Finance,Business Analyst – SAP Finance,BROME Consulting & Technology,Casablanca,2026-03-17,Data & AI,,https://ma.linkedin.com/jobs/view/business-analyst-%E2%80%93-sap-finance-at-brome-consulting-technology-4386926377,Data Analyst,2026-03-18T02:32:14.254731
Ingénieur Poste De Travail N3,Ingénieur poste de travail N3,MAROC FER,Méchouar de Casablanca,2026-03-17,Data & AI,,https://ma.linkedin.com/jobs/view/ing%C3%A9nieur-poste-de-travail-n3-at-maroc-fer-4386932208,Data Analyst,2026-03-18T02:32:14.255731
Tech Lead,Tech Lead,Yakeey,Casablanca,2026-03-13,Other,,https://ma.linkedin.com/jobs/view/tech-lead-at-yakeey-4383133756,Data Analyst,2026-03-18T02:32:14.255731
Business Analyst,Business Analyst,BNP Paribas,Méchouar de Casablanca,2026-03-12,Data & AI,,https://ma.linkedin.com/jobs/view/business-analyst-at-bnp-paribas-4384871336,Data Analyst,2026-03-18T02:32:14.255731
Business Analyst – Bmp Claims,Business Analyst – BMP Claims,BROME Consulting & Technology,Casablanca,2026-03-17,Data & AI,,https://ma.linkedin.com/jobs/view/business-analyst-%E2%80%93-bmp-claims-at-brome-consulting-technology-4386926373,Data Analyst,2026-03-18T02:32:14.257747
Business Operations Analyst,Business Operations Analyst,Arrow Components,Casablanca et périphérie,2026-03-16,Data & AI,,https://ma.linkedin.com/jobs/view/business-operations-analyst-at-arrow-components-4386370234,Data Analyst,2026-03-18T02:32:14.257747
Business Analyst Projets,Business Analyst Projets,LabelVie,Casablanca et périphérie,2026-03-12,Data & AI,,https://ma.linkedin.com/jobs/view/business-analyst-projets-at-labelvie-4382784131,Data Analyst,2026-03-18T02:32:14.258739
Software Developer,Développeur Ms PowerApps (projet RH),NGBS,Fès,2026-03-11,Software Dev,,https://ma.linkedin.com/jobs/view/d%C3%A9veloppeur-ms-powerapps-projet-rh-at-ngbs-4384190786,Data Analyst,2026-03-18T02:32:14.259737
Business Analyst,Business Analyst,IDEMIA Public Security,Casablanca,2026-03-12,Data & AI,,https://ma.linkedin.com/jobs/view/business-analyst-at-idemia-public-security-4383540556,Data Analyst,2026-03-18T02:32:14.259737
Métrologue (H/F) - Groupe Mecachrome,Métrologue (H/F) - GROUPE MECACHROME,AEROCONTACT.COM,Tanger,2026-03-12,Other,,https://ma.linkedin.com/jobs/view/m%C3%A9trologue-h-f-groupe-mecachrome-at-aerocontact-4382373896,Data Analyst,2026-03-18T02:32:27.574286
System Admin,System Admin,LAWAZEM | لوازم,Maroc,2026-03-16,IT & Systems,,https://ma.linkedin.com/jobs/view/system-admin-at-lawazem-%D9%84%D9%88%D8%A7%D8%B2%D9%85-4386320264,Data Analyst,2026-03-18T02:32:27.574286
Home Data Collection Associate (Remote),Home Data Collection Associate (Remote),Re-Lyticx,Agadir,2026-03-14,Data & AI,,https://ma.linkedin.com/jobs/view/home-data-collection-associate-remote-at-re-lyticx-4385822711,Data Analyst,2026-03-18T02:32:27.576255
Junior Brand Manager L'Oréal Paris,Junior Brand Manager L'Oréal Paris,L'Oréal,Maroc,2026-03-13,Management,,https://ma.linkedin.com/jobs/view/junior-brand-manager-l-or%C3%A9al-paris-at-l-or%C3%A9al-4385369991,Data Analyst,2026-03-18T02:32:27.576255
Administrateur It,Administrateur IT,AXA Assurance Maroc,Méchouar de Casablanca,2026-03-16,IT & Systems,,https://ma.linkedin.com/jobs/view/administrateur-it-at-axa-assurance-maroc-4386352723,Data Analyst,2026-03-18T02:32:27.576255
Chargé(E) D’Accueil F/H,Chargé(e) d’Accueil F/H,"Matys, A Cegid Company",Rabat,2026-03-17,Other,,https://ma.linkedin.com/jobs/view/charg%C3%A9-e-d%E2%80%99accueil-f-h-at-matys-4343898604,Data Analyst,2026-03-18T02:32:27.577243
It Desktop And Network Support (Dispatch) Ag M,IT Desktop and Network Support (Dispatch) AG M,BRILLIANT COMPUTERS CITADEL  AND INFORMATION TECHNOLOGY,Agadir,2026-03-17,IT & Systems,,https://ma.linkedin.com/jobs/view/it-desktop-and-network-support-dispatch-ag-m-at-brilliant-computers-citadel-and-information-technology-4385903201,Data Analyst,2026-03-18T02:32:27.577243
Senior Ai Engineer / Ai Solutions Architect,Senior AI Engineer / AI Solutions Architect,Waggners Talent,Casablanca-Settat,2026-03-16,Data & AI,,https://ma.linkedin.com/jobs/view/senior-ai-engineer-ai-solutions-architect-at-waggners-talent-4384045041,AI Engineer,2026-03-18T02:34:15.725932
Engineer I,Engineer I,Marriott International,Taghazout,2026-03-13,Other,,https://ma.linkedin.com/jobs/view/engineer-i-at-marriott-international-4384296154,NLP Engineer,2026-03-18T02:34:53.414294
Ingénieur Secops,Ingénieur SecOps,Docaposte Maroc,Casablanca-Settat,2026-03-12,Other,,https://ma.linkedin.com/jobs/view/ing%C3%A9nieur-secops-at-docaposte-maroc-4383008520,NLP Engineer,2026-03-18T02:34:53.415294
Ingénieur N1 – Réflectométrie (H/F),Ingénieur N1 – Réflectométrie (H/F),Intelcia Tech,Casablanca-Settat,2026-03-17,Other,,https://ma.linkedin.com/jobs/view/ing%C3%A9nieur-n1-%E2%80%93-r%C3%A9flectom%C3%A9trie-h-f-at-intelcia-tech-4386744438,NLP Engineer,2026-03-18T02:34:53.415294
Cbs - Postdoctoral Fellow In Biochemical And Bioprocess Engineering,CBS - Postdoctoral Fellow in Biochemical and Bioprocess Engineering,UM6P - University Mohammed VI Polytechnic,Maroc,2026-03-15,Other,,https://ma.linkedin.com/jobs/view/cbs-postdoctoral-fellow-in-biochemical-and-bioprocess-engineering-at-um6p-university-mohammed-vi-polytechnic-4386012492,NLP Engineer,2026-03-18T02:34:53.416291
Ingénieur Structuration Pre-Trade,Ingénieur Structuration Pre-Trade,Société Générale,Casablanca,2026-03-11,Other,,https://ma.linkedin.com/jobs/view/ing%C3%A9nieur-structuration-pre-trade-at-societe-generale-4382567675,NLP Engineer,2026-03-18T02:34:53.416291
Ingénieur Iam & Sso,Ingénieur IAM & SSO,ALTEN MAROC,Rabat,2026-03-16,Other,,https://ma.linkedin.com/jobs/view/ing%C3%A9nieur-iam-sso-at-alten-maroc-4384070092,NLP Engineer,2026-03-18T02:34:53.416291
Ingénieur Poste De Travail N2,Ingénieur poste de travail N2,Inetum,Méchouar de Casablanca,2026-03-12,Data & AI,,https://ma.linkedin.com/jobs/view/ing%C3%A9nieur-poste-de-travail-n2-at-inetum-4118597105,NLP Engineer,2026-03-18T02:34:53.417290
Ingénieur Organisation F/H - Safran Aircraft Engines,Ingénieur organisation F/H - SAFRAN AIRCRAFT ENGINES,AEROCONTACT.COM,Nouacer,2026-03-16,Data & AI,,https://ma.linkedin.com/jobs/view/ing%C3%A9nieur-organisation-f-h-safran-aircraft-engines-at-aerocontact-4386309293,NLP Engineer,2026-03-18T02:34:53.417290
Engineering Technicien-8,Engineering Technicien-8,Aptiv,Tanger,2026-03-17,Other,,https://ma.linkedin.com/jobs/view/engineering-technicien-8-at-aptiv-4386905583,NLP Engineer,2026-03-18T02:34:53.417290
Ingénieur Structuration Post Trade,Ingénieur Structuration Post Trade,Société Générale,Casablanca,2026-03-11,Other,,https://ma.linkedin.com/jobs/view/ing%C3%A9nieur-structuration-post-trade-at-societe-generale-4382585077,NLP Engineer,2026-03-18T02:34:53.418290
Ingénieur Workplace N3,Ingénieur Workplace N3,Inetum,Méchouar de Casablanca,2026-03-12,Other,,https://ma.linkedin.com/jobs/view/ing%C3%A9nieur-workplace-n3-at-inetum-4176561326,NLP Engineer,2026-03-18T02:34:53.418290
Ingénieur Iam & Sso,Ingénieur IAM & SSO,ALTEN,Rabat,2026-03-16,Other,,https://ma.linkedin.com/jobs/view/ing%C3%A9nieur-iam-sso-at-alten-4384069101,NLP Engineer,2026-03-18T02:34:53.418290
Ingénieur Technico-Fonctionnel « Gestion Des Temps »,Ingénieur Technico-fonctionnel « Gestion des temps »,Inetum,Méchouar de Casablanca,2026-03-12,Other,,https://ma.linkedin.com/jobs/view/ing%C3%A9nieur-technico-fonctionnel-%C2%AB-gestion-des-temps-%C2%BB-at-inetum-4157929266,NLP Engineer,2026-03-18T02:34:53.419290
Ingénieur Sav Radiologie,Ingénieur SAV Radiologie,Robert & Partners,Casablanca et périphérie,2026-03-17,Other,,https://ma.linkedin.com/jobs/view/ing%C3%A9nieur-sav-radiologie-at-robert-partners-4385691688,NLP Engineer,2026-03-18T02:34:53.419290
Ingénieur Sysops N3,Ingénieur SysOps N3,Confidentiel,Casablanca et périphérie,2026-03-12,Other,,https://ma.linkedin.com/jobs/view/ing%C3%A9nieur-sysops-n3-at-confidentiel-4384546938,NLP Engineer,2026-03-18T02:34:53.419290
Cloud Devops / Mlops Engineer (Aws & Gcp),Cloud DevOps / MLOps Engineer (AWS & GCP),Inetum,Méchouar de Casablanca,2026-03-12,Data & AI,"aws, gcp",https://ma.linkedin.com/jobs/view/cloud-devops-mlops-engineer-aws-gcp-at-inetum-4344298862,MLOps Engineer,2026-03-18T02:36:10.803761
Consultante / Consultant Power Bi Senior,Consultante / Consultant Power BI Senior,Capgemini,Casablanca,2026-03-13,Data & AI,power bi,https://ma.linkedin.com/jobs/view/consultante-consultant-power-bi-senior-at-capgemini-4385145711,Business Intelligence,2026-03-18T02:36:50.394980
Big Data & Power Bi Technical Lead,Big Data & Power BI Technical Lead,Bravent,Maroc,2026-03-13,Data & AI,power bi,https://ma.linkedin.com/jobs/view/big-data-power-bi-technical-lead-at-bravent-4384269142,Business Intelligence,2026-03-18T02:36:50.395980
Sales Executive - Us Market (Entry-Level),Sales Executive - US market (Entry-level),Marcus Evans Group,Casablanca et périphérie,2026-03-16,Other,,https://ma.linkedin.com/jobs/view/sales-executive-us-market-entry-level-at-marcus-evans-group-4386538358,Business Intelligence,2026-03-18T02:36:50.396980
Investment Professional - North Africa - Dfi Program,Investment Professional - North Africa - DFI Program,CrossBoundary Group,Casablanca,2026-03-13,Other,,https://ma.linkedin.com/jobs/view/investment-professional-north-africa-dfi-program-at-crossboundary-group-4385328884,Business Intelligence,2026-03-18T02:36:50.396980
It L1 Support,IT L1 Support,APM Terminals,Tanger et périphérie,2026-03-11,IT & Systems,,https://ma.linkedin.com/jobs/view/it-l1-support-at-apm-terminals-4384387618,Business Intelligence,2026-03-18T02:36:50.399980
Consultant Epm Finance (F/H),Consultant EPM Finance (F/H),VISEO,Casablanca,2026-03-17,Other,,https://ma.linkedin.com/jobs/view/consultant-epm-finance-f-h-at-viseo-4375780335,Business Intelligence,2026-03-18T02:36:50.399980
Manager Regulatory Affairs Maghreb,Manager Regulatory Affairs Maghreb,Philip Morris International,Casablanca,2026-03-16,Data & AI,,https://ma.linkedin.com/jobs/view/manager-regulatory-affairs-maghreb-at-philip-morris-international-4386084699,Business Intelligence,2026-03-18T02:36:50.399980
F&O Supply Chain Management Consultant,F&O Supply Chain Management Consultant,sa.global,Maroc,2026-03-13,Data & AI,,https://ma.linkedin.com/jobs/view/f-o-supply-chain-management-consultant-at-sa-global-4215909470,Business Intelligence,2026-03-18T02:36:50.400980
E2E Planning Master Data Manager,E2E Planning Master Data Manager,Pfizer,Casablanca,2026-03-16,Data & AI,,https://ma.linkedin.com/jobs/view/e2e-planning-master-data-manager-at-pfizer-4386368119,Business Intelligence,2026-03-18T02:36:50.400980
Bc Financials Management Consultant,BC Financials Management Consultant,sa.global,Maroc,2026-03-13,Other,,https://ma.linkedin.com/jobs/view/bc-financials-management-consultant-at-sa-global-4215913125,Business Intelligence,2026-03-18T02:36:50.401980
"Cloud Solution Architect - Power Platform, Power Bi","Cloud Solution Architect - Power Platform, Power BI",Concentrix,Agadir,2026-03-13,DevOps & Cloud,power bi,https://ma.linkedin.com/jobs/view/cloud-solution-architect-power-platform-power-bi-at-concentrix-4373448351,Business Intelligence,2026-03-18T02:36:50.402981
Is Cx Solution Architect For Artificial Intelligence,IS CX Solution Architect for Artificial Intelligence,ABB,Maroc,2026-03-18,Other,,https://ma.linkedin.com/jobs/view/is-cx-solution-architect-for-artificial-intelligence-at-abb-4386910445,Business Intelligence,2026-03-18T02:36:50.403988
Security Business Partner,Security Business Partner,APM Terminals,Tanger et périphérie,2026-03-12,Cybersecurity,,https://ma.linkedin.com/jobs/view/security-business-partner-at-apm-terminals-4384864060,Business Intelligence,2026-03-18T02:36:50.403988
Business Analyst (Relocation To Portugal),Business Analyst (Relocation to Portugal),Aubay Portugal,Maroc,2026-03-11,Data & AI,,https://ma.linkedin.com/jobs/view/business-analyst-relocation-to-portugal-at-aubay-portugal-4384333236,BI Analyst,2026-03-18T02:37:31.932031
Business Analyst - Telco Campaign,Business Analyst - Telco Campaign,TELUS Digital,Casablanca-Settat,2026-03-11,Data & AI,git,https://ma.linkedin.com/jobs/view/business-analyst-telco-campaign-at-telus-digital-4384338395,BI Analyst,2026-03-18T02:37:31.932031
Business Analyste (F/H),Business Analyste (F/H),Sofrecom Maroc,Rabat et périphérie,2026-03-11,Data & AI,,https://ma.linkedin.com/jobs/view/business-analyste-f-h-at-sofrecom-maroc-4384311436,BI Analyst,2026-03-18T02:37:31.932031
🚀 Agile Business Analyst Technique | Casablanca (Hybride),🚀 Agile Business Analyst Technique | Casablanca (Hybride),01TEK,Casablanca,2026-03-17,Data & AI,,https://ma.linkedin.com/jobs/view/%F0%9F%9A%80-agile-business-analyst-technique-casablanca-hybride-at-01tek-4386761275,BI Analyst,2026-03-18T02:37:31.932031
Business Analyst – Engineering Inspection Services,Business Analyst – Engineering Inspection Services,BROME Consulting & Technology,Casablanca,2026-03-17,Data & AI,,https://ma.linkedin.com/jobs/view/business-analyst-%E2%80%93-engineering-inspection-services-at-brome-consulting-technology-4386918592,BI Analyst,2026-03-18T02:37:31.932031
Business Analyst – Outbound Communications,Business Analyst – Outbound Communications,BROME Consulting & Technology,Casablanca,2026-03-17,Data & AI,,https://ma.linkedin.com/jobs/view/business-analyst-%E2%80%93-outbound-communications-at-brome-consulting-technology-4386922456,BI Analyst,2026-03-18T02:37:31.932031
Business Analyst - Cross Asset Regulation Team,Business Analyst - Cross Asset Regulation Team,Société Générale,Casablanca,2026-03-12,Data & AI,,https://ma.linkedin.com/jobs/view/business-analyst-cross-asset-regulation-team-at-societe-generale-4384849053,BI Analyst,2026-03-18T02:37:31.932031
Ecs Emea - Business Transformation Analyst,ECS EMEA - Business Transformation Analyst,Arrow Electronics,Casablanca,2026-03-17,Data & AI,,https://ma.linkedin.com/jobs/view/ecs-emea-business-transformation-analyst-at-arrow-electronics-4340141381,BI Analyst,2026-03-18T02:37:31.932031
Data Architect,Data Architect,Capgemini,Casablanca,2026-03-13,Data & AI,,https://ma.linkedin.com/jobs/view/data-architect-at-capgemini-4383163294,Data Architect,2026-03-18T02:38:09.635312
Senior Data Architect / Expert,Senior Data Architect / Expert,DXC Technology Morocco,Rabat et périphérie,2026-03-13,Data & AI,,https://ma.linkedin.com/jobs/view/senior-data-architect-expert-at-dxc-technology-morocco-4385147913,Data Architect,2026-03-18T02:38:09.636311
Architecte Cloud Data/Big Data (F/H),Architecte Cloud DATA/BIG DATA (F/H),Sofrecom Maroc,Casablanca et périphérie,2026-03-16,Data & AI,,https://ma.linkedin.com/jobs/view/architecte-cloud-data-big-data-f-h-at-sofrecom-maroc-4386322364,Data Architect,2026-03-18T02:38:09.636311
Head Of  Bos Enterprise Architecture,Head of  BOS Enterprise Architecture,Ericsson,Casablanca et périphérie,2026-03-13,Other,,https://ma.linkedin.com/jobs/view/head-of-bos-enterprise-architecture-at-ericsson-4384218328,Data Architect,2026-03-18T02:38:09.638310
Full Stack Developer,Fullstack Developer (Vue/.Net) - Fully Remote (Morocco),Journi,Marrakech,2026-03-16,Software Dev,,https://ma.linkedin.com/jobs/view/fullstack-developer-vue-net-fully-remote-morocco-at-journi-4382214646,Software Engineer,2026-03-18T02:38:48.986550
Ingénieur Etudes Et Développement C#/.Net,Ingénieur Etudes et Développement C#/.Net,Société Générale,Casablanca,2026-03-11,Other,,https://ma.linkedin.com/jobs/view/ing%C3%A9nieur-etudes-et-d%C3%A9veloppement-c%23-net-at-societe-generale-4382587028,Software Engineer,2026-03-18T02:38:48.990592
Full Stack Developer,Fullstack Java/Angular - Sénior,MAROC FER,Méchouar de Casablanca,2026-03-16,Software Dev,java,https://ma.linkedin.com/jobs/view/fullstack-java-angular-s%C3%A9nior-at-maroc-fer-4386381254,Software Engineer,2026-03-18T02:38:48.992592
Stagiaire Php (F/H),Stagiaire PHP (F/H),Sofrecom Maroc,Casablanca et périphérie,2026-03-12,Data & AI,,https://ma.linkedin.com/jobs/view/stagiaire-php-f-h-at-sofrecom-maroc-4384810780,Software Engineer,2026-03-18T02:38:48.992592
Full Stack Developer,Fullstack Java/Angular - Sénior,Inetum,Méchouar de Casablanca,2026-03-16,Software Dev,java,https://ma.linkedin.com/jobs/view/fullstack-java-angular-s%C3%A9nior-at-inetum-4386338791,Software Engineer,2026-03-18T02:38:48.992592
C++ Developer & Tester,C++ Developer & Tester,ALTEN MAROC,Rabat,2026-03-13,Software Dev,,https://ma.linkedin.com/jobs/view/c%2B%2B-developer-tester-at-alten-maroc-4378916599,Software Engineer,2026-03-18T02:38:48.994593
Développement Back-End Java / Reactive Spring Expérimenté,Développement Back-End Java / Reactive Spring Expérimenté,ALTEN,Rabat,2026-03-12,Other,"react, java",https://ma.linkedin.com/jobs/view/d%C3%A9veloppement-back-end-java-reactive-spring-exp%C3%A9riment%C3%A9-at-alten-4382785949,Software Engineer,2026-03-18T02:38:48.994593
Test Automation Engineer - .Net Saas Erp On Aws,Test Automation Engineer - .NET SaaS ERP on AWS,Myfactory,Casablanca,2026-03-16,Other,aws,https://ma.linkedin.com/jobs/view/test-automation-engineer-net-saas-erp-on-aws-at-myfactory-international-gmbh-4386502458,Software Engineer,2026-03-18T02:38:48.995593
Test Automation Engineer - .Net Saas Erp On Aws,Test Automation Engineer - .NET SaaS ERP on AWS,Forterro,Casablanca,2026-03-13,Other,aws,https://ma.linkedin.com/jobs/view/test-automation-engineer-net-saas-erp-on-aws-at-forterro-4386376045,Software Engineer,2026-03-18T02:38:48.995593
C++ Developer And Tester,C++ Developer and Tester,ALTEN MAROC,Rabat,2026-03-13,Software Dev,,https://ma.linkedin.com/jobs/view/c%2B%2B-developer-and-tester-at-alten-maroc-4378182516,Software Engineer,2026-03-18T02:38:48.996595
Test Automation Engineer - .Net Saas Erp On Aws,Test Automation Engineer - .NET SaaS ERP on AWS,Abas Ibérica,Casablanca,2026-03-16,Other,aws,https://ma.linkedin.com/jobs/view/test-automation-engineer-net-saas-erp-on-aws-at-abas-ib%C3%A9rica-4386529931,Software Engineer,2026-03-18T02:38:48.997592
Java Technical Expert,Java Technical Expert,SQLI,Rabat,2026-03-13,Other,"sql, java",https://ma.linkedin.com/jobs/view/java-technical-expert-at-sqli-4385333921,Software Engineer,2026-03-18T02:38:48.997592
Senior Test Automation Engineer — .Net Saas Erp On Aws,Senior Test Automation Engineer — .NET SaaS ERP on AWS,Forterro,Casablanca,2026-03-13,Other,aws,https://ma.linkedin.com/jobs/view/senior-test-automation-engineer-%E2%80%94-net-saas-erp-on-aws-at-forterro-4386374103,Software Engineer,2026-03-18T02:38:48.998592
Software Asset Manager,Software Asset Manager,Orange Business,Hssaine,2026-03-17,Software Dev,,https://ma.linkedin.com/jobs/view/software-asset-manager-at-orange-business-4369818960,Software Engineer,2026-03-18T02:38:48.998592
Développement Back-End Java / Reactive Spring Expérimenté,Développement Back-End Java / Reactive Spring Expérimenté,ALTEN MAROC,Rabat,2026-03-12,Other,"react, java",https://ma.linkedin.com/jobs/view/d%C3%A9veloppement-back-end-java-reactive-spring-exp%C3%A9riment%C3%A9-at-alten-maroc-4382788760,Software Engineer,2026-03-18T02:38:48.999555
Senior Test Automation Engineer — .Net Saas Erp On Aws,Senior Test Automation Engineer — .NET SaaS ERP on AWS,Myfactory,Casablanca,2026-03-16,Other,aws,https://ma.linkedin.com/jobs/view/senior-test-automation-engineer-%E2%80%94-net-saas-erp-on-aws-at-myfactory-international-gmbh-4386503452,Software Engineer,2026-03-18T02:38:48.999555
Performance Test Engineer H/F  (Rabat/Casablanca),Performance Test Engineer H/F  (Rabat/Casablanca),SQLI,Rabat,2026-03-17,Other,sql,https://ma.linkedin.com/jobs/view/performance-test-engineer-h-f-rabat-casablanca-at-sqli-4361310862,Software Engineer,2026-03-18T02:38:49.000551
Test Automation Engineer – Hil Testing,Test Automation Engineer – HiL Testing,Bertrandt Group,Rabat,2026-03-13,Other,,https://ma.linkedin.com/jobs/view/test-automation-engineer-%E2%80%93-hil-testing-at-bertrandt-group-4383125835,Software Engineer,2026-03-18T02:38:49.001552
Ingénieur(E) Test De Performance - Gatling (Casa /Rabat),Ingénieur(e) Test de Performance - Gatling (Casa /Rabat),SQLI,Méchouar de Casablanca,2026-03-12,Other,sql,https://ma.linkedin.com/jobs/view/ing%C3%A9nieur-e-test-de-performance-gatling-casa-rabat-at-sqli-4384813335,Software Engineer,2026-03-18T02:38:49.002550
Senior .Net Developer & Integration Specialist – Erp (Myfactory),Senior .NET Developer & Integration Specialist – ERP (myfactory),Forterro,Casablanca et périphérie,2026-03-13,Software Dev,,https://ma.linkedin.com/jobs/view/senior-net-developer-integration-specialist-%E2%80%93-erp-myfactory-at-forterro-4385331412,Software Engineer,2026-03-18T02:38:49.002550
Senior Test Automation Engineer — .Net Saas Erp On Aws,Senior Test Automation Engineer — .NET SaaS ERP on AWS,Abas Ibérica,Casablanca,2026-03-16,Other,aws,https://ma.linkedin.com/jobs/view/senior-test-automation-engineer-%E2%80%94-net-saas-erp-on-aws-at-abas-ib%C3%A9rica-4386546076,Software Engineer,2026-03-18T02:38:49.003550
Senior Backend Developer (T-Shaped),Senior Backend Developer (T-Shaped),Yakeey,Casablanca,2026-03-13,Software Dev,,https://ma.linkedin.com/jobs/view/senior-backend-developer-t-shaped-at-yakeey-4384253182,Software Engineer,2026-03-18T02:38:49.003550
Concepteur Développeur Php Angular (F/H),Concepteur Développeur PHP Angular (F/H),Sofrecom Maroc,Casablanca-Settat,2026-03-11,Other,,https://ma.linkedin.com/jobs/view/concepteur-d%C3%A9veloppeur-php-angular-f-h-at-sofrecom-maroc-4384177703,Software Engineer,2026-03-18T02:38:49.004549
Senior Developer,Senior Developer,BROME Consulting & Technology,Casablanca,2026-03-11,Software Dev,,https://ma.linkedin.com/jobs/view/senior-developer-at-brome-consulting-technology-4384319636,Software Engineer,2026-03-18T02:38:49.005550
Stagiaires Design & Expérience Utilisateur Développement Web & It – Poste Basé A Berrechid,Stagiaires Design & Expérience Utilisateur Développement Web & IT – Poste basé a Berrechid,MA LOGISTICS,Berrechid,2026-03-11,Data & AI,,https://ma.linkedin.com/jobs/view/stagiaires-design-exp%C3%A9rience-utilisateur-d%C3%A9veloppement-web-it-%E2%80%93-poste-bas%C3%A9-a-berrechid-at-ma-logistics-4384378706,Software Engineer,2026-03-18T02:39:01.959382
Head Of Technology,Head of Technology,Pay10 Maroc,Casablanca et périphérie,2026-03-17,Other,,https://ma.linkedin.com/jobs/view/head-of-technology-at-pay10-maroc-4384449712,Software Engineer,2026-03-18T02:39:01.959382
Simulation Engineer,Simulation Engineer,AVL,Rabat,2026-03-17,Other,,https://ma.linkedin.com/jobs/view/simulation-engineer-at-avl-4385696748,Software Engineer,2026-03-18T02:39:01.961386
Stagiaire Pfe - Développeur Java F/H,Stagiaire PFE - Développeur JAVA F/H,VISEO,Maroc,2026-03-17,Data & AI,java,https://ma.linkedin.com/jobs/view/stagiaire-pfe-d%C3%A9veloppeur-java-f-h-at-viseo-4375777322,Software Engineer,2026-03-18T02:39:01.961386
Senior Fullstack Developer (.Net & React),Senior FullStack Developer (.NET & React),Onclusive,Rabat et périphérie,2026-03-16,Software Dev,react,https://ma.linkedin.com/jobs/view/senior-fullstack-developer-net-react-at-onclusive-4373948292,Software Developer,2026-03-18T02:39:28.055382
Senior Erp Developer  - Platform & Architecture Modernization,Senior ERP Developer  - Platform & Architecture Modernization,Forterro,Casablanca,2026-03-13,DevOps & Cloud,,https://ma.linkedin.com/jobs/view/senior-erp-developer-platform-architecture-modernization-at-forterro-4386369317,Software Developer,2026-03-18T02:39:28.058381
Ingénieur D'Études Et Développement C# / .Net,Ingénieur d'études et développement C# / .NET,LOGIGROUP,Casablanca et périphérie,2026-03-16,Other,,https://ma.linkedin.com/jobs/view/ing%C3%A9nieur-d-%C3%A9tudes-et-d%C3%A9veloppement-c%23-net-at-logigroup-4384030932,Software Developer,2026-03-18T02:39:28.059383
Senior Erp Developer  - Platform & Architecture Modernization,Senior ERP Developer  - Platform & Architecture Modernization,Myfactory,Casablanca,2026-03-16,DevOps & Cloud,,https://ma.linkedin.com/jobs/view/senior-erp-developer-platform-architecture-modernization-at-myfactory-international-gmbh-4386399572,Software Developer,2026-03-18T02:39:28.059383
Tech Lead Engineer,Tech Lead Engineer,Y STRATEGIE,Casablanca,2026-03-13,Other,,https://ma.linkedin.com/jobs/view/tech-lead-engineer-at-y-strategie-4384264839,Software Developer,2026-03-18T02:39:28.060381
Qa Automatisation (H/F),QA Automatisation (H/F),MyUnisoft,Rabat,2026-03-16,Other,,https://ma.linkedin.com/jobs/view/qa-automatisation-h-f-at-myunisoft-4364956584,Software Developer,2026-03-18T02:39:28.061383
Software Developer,Développeur Web - Stage PFE,SEGULA Technologies,Méchouar de Casablanca,2026-03-11,Software Dev,,https://ma.linkedin.com/jobs/view/d%C3%A9veloppeur-web-stage-pfe-at-segula-technologies-4382581990,Software Developer,2026-03-18T02:39:41.714381
Software Developer,Développeur Python IA,Beelix Maroc,Casablanca-Settat,2026-03-17,Software Dev,python,https://ma.linkedin.com/jobs/view/d%C3%A9veloppeur-python-ia-at-beelix-maroc-4384706009,Software Developer,2026-03-18T02:39:41.715380
Software Developer,Développeur .Net/ Angular,SQLI,Rabat,2026-03-16,Software Dev,sql,https://ma.linkedin.com/jobs/view/d%C3%A9veloppeur-net-angular-at-sqli-4384051667,Software Developer,2026-03-18T02:39:41.715380
Software Developer,Développeur Full Stack Junior,Capgemini Engineering,Casablanca,2026-03-13,Software Dev,,https://ma.linkedin.com/jobs/view/d%C3%A9veloppeur-full-stack-junior-at-capgemini-engineering-4385318057,Backend Developer,2026-03-18T02:40:08.242891
Node.Js Developer,Node.JS Developer,Inetum,Méchouar de Casablanca,2026-03-12,Software Dev,node,https://ma.linkedin.com/jobs/view/node-js-developer-at-inetum-4337636798,Backend Developer,2026-03-18T02:40:08.242891
Back End Developer Node.Js (H/F),Back End Developer Node.Js (H/F),MyUnisoft,Rabat,2026-03-16,Software Dev,node,https://ma.linkedin.com/jobs/view/back-end-developer-node-js-h-f-at-myunisoft-4373997687,Backend Developer,2026-03-18T02:40:08.243891
Software Developer,Développeur Fullstack Vue.js / Node.js (H/F),GO & DEV,Rabat,2026-03-12,Software Dev,node,https://ma.linkedin.com/jobs/view/d%C3%A9veloppeur-fullstack-vue-js-node-js-h-f-at-go-dev-4383545622,Backend Developer,2026-03-18T02:40:08.244891
Full Stack Developer,Full Stack Engineer,Publicis Global Delivery (PGD),Préfecture de Casablanca,2026-03-12,Software Dev,,https://ma.linkedin.com/jobs/view/full-stack-engineer-at-publicis-global-delivery-pgd-4384598667,Backend Developer,2026-03-18T02:40:08.244891
Software Developer,Développeur Full Stack (Java/React),Confidential Jobs,Rabat,2026-03-16,Software Dev,"react, java",https://ma.linkedin.com/jobs/view/d%C3%A9veloppeur-full-stack-java-react-at-confidential-jobs-4384047156,Backend Developer,2026-03-18T02:40:08.245891
Software Developer,Développeur Fullstack Expérimenté Java / React,ALTEN,Rabat,2026-03-17,Software Dev,"react, java",https://ma.linkedin.com/jobs/view/d%C3%A9veloppeur-fullstack-exp%C3%A9riment%C3%A9-java-react-at-alten-4384458978,Backend Developer,2026-03-18T02:40:08.246891
Senior Frontend Developer (T-Shaped),Senior Frontend Developer (T-Shaped),Yakeey,Casablanca,2026-03-13,Software Dev,,https://ma.linkedin.com/jobs/view/senior-frontend-developer-t-shaped-at-yakeey-4383144191,Backend Developer,2026-03-18T02:40:08.247891
Concepteur Développeur Full-Stack (Java/Devops),Concepteur Développeur Full-Stack (Java/DevOps),Sofrecom Maroc,Casablanca-Settat,2026-03-13,DevOps & Cloud,java,https://ma.linkedin.com/jobs/view/concepteur-d%C3%A9veloppeur-full-stack-java-devops-at-sofrecom-maroc-4385360069,Backend Developer,2026-03-18T02:40:08.247891
Software Developer,Développeur Senior Full Stack (Java/React) H/F,Devoteam,Casablanca,2026-03-17,Software Dev,"react, java",https://ma.linkedin.com/jobs/view/d%C3%A9veloppeur-senior-full-stack-java-react-h-f-at-devoteam-4368217306,Backend Developer,2026-03-18T02:40:08.247891
Javascript Fullstack Engineer - Senior,Javascript Fullstack Engineer - Senior,Lumenalta,Maroc,2026-03-16,Software Dev,java,https://ma.linkedin.com/jobs/view/javascript-fullstack-engineer-senior-at-lumenalta-4386381686,Backend Developer,2026-03-18T02:40:08.248891
Software Developer,Développeur Fullstack Sénior – Java / Angular (Dominante Back-End),ALTEN MAROC,Rabat,2026-03-11,Software Dev,java,https://ma.linkedin.com/jobs/view/d%C3%A9veloppeur-fullstack-s%C3%A9nior-%E2%80%93-java-angular-dominante-back-end-at-alten-maroc-4382871433,Backend Developer,2026-03-18T02:40:08.248891
Javascript Fullstack Engineer - Senior,Javascript Fullstack Engineer - Senior,Lumenalta,Casablanca,2026-03-16,Software Dev,java,https://ma.linkedin.com/jobs/view/javascript-fullstack-engineer-senior-at-lumenalta-4386387212,Backend Developer,2026-03-18T02:40:08.248891
Software Developer,Développeur Java/ JAHIA  H/F,Viveris,Méchouar de Casablanca,2026-03-16,Software Dev,java,https://ma.linkedin.com/jobs/view/d%C3%A9veloppeur-java-jahia-h-f-at-viveris-4386520958,Backend Developer,2026-03-18T02:40:08.249891
Javascript Fullstack Engineer - Tech Lead,Javascript Fullstack Engineer - Tech Lead,Lumenalta,Maroc,2026-03-16,Software Dev,java,https://ma.linkedin.com/jobs/view/javascript-fullstack-engineer-tech-lead-at-lumenalta-4386399005,Backend Developer,2026-03-18T02:40:08.249891
Back-End Developer Ruby On Rails H/F,Back-end Developer Ruby On Rails H/F,MyUnisoft,Rabat,2026-03-16,Data & AI,,https://ma.linkedin.com/jobs/view/back-end-developer-ruby-on-rails-h-f-at-myunisoft-4313415085,Backend Developer,2026-03-18T02:40:08.250891
Javascript Fullstack Engineer - Senior,Javascript Fullstack Engineer - Senior,Lumenalta,Marrakech,2026-03-16,Software Dev,java,https://ma.linkedin.com/jobs/view/javascript-fullstack-engineer-senior-at-lumenalta-4386381461,Backend Developer,2026-03-18T02:40:08.250891
Software Developer,Développeur Frontend React,VOID,Casablanca-Settat,2026-03-11,Software Dev,react,https://ma.linkedin.com/jobs/view/d%C3%A9veloppeur-frontend-react-at-void-4384354354,Frontend Developer,2026-03-18T02:40:46.047244
Ingénieur Devops Front End (F/H),Ingénieur devops front end (F/H),Sofrecom Maroc,Rabat,2026-03-16,DevOps & Cloud,,https://ma.linkedin.com/jobs/view/ing%C3%A9nieur-devops-front-end-f-h-at-sofrecom-maroc-4386319551,Frontend Developer,2026-03-18T02:40:46.049241
Software Developer,Développeur Salesforce - F/H,Niji,Casablanca,2026-03-13,Software Dev,,https://ma.linkedin.com/jobs/view/d%C3%A9veloppeur-salesforce-f-h-at-niji-4373139983,Web Developer,2026-03-18T02:42:03.418664
Consultant Technique Salesforce,Consultant Technique Salesforce,Inetum,Méchouar de Casablanca,2026-03-12,Other,,https://ma.linkedin.com/jobs/view/consultant-technique-salesforce-at-inetum-4340195256,Web Developer,2026-03-18T02:42:03.418664
Senior Python Engineer – Genai & Devops Expert | Casablanca,Senior Python Engineer – GenAI & DevOps Expert | Casablanca,01TEK,Casablanca,2026-03-17,Data & AI,python,https://ma.linkedin.com/jobs/view/senior-python-engineer-%E2%80%93-genai-devops-expert-casablanca-at-01tek-4386760387,Android Developer,2026-03-18T02:43:23.648090
Ingénieur Devops,Ingénieur DevOps,Capgemini Engineering,Casablanca,2026-03-13,DevOps & Cloud,,https://ma.linkedin.com/jobs/view/ing%C3%A9nieur-devops-at-capgemini-engineering-4385300794,DevOps Engineer,2026-03-18T02:44:41.248269
DevOps Engineer,DevOps Engineer– Cloud / Kubernetes / GCP  (F/H),CGI,Casablanca,2026-03-13,DevOps & Cloud,"kubernetes, gcp",https://ma.linkedin.com/jobs/view/devops-engineer%E2%80%93-cloud-kubernetes-gcp-f-h-at-cgi-4385527924,DevOps Engineer,2026-03-18T02:44:41.248269
Ingénieur Devops (F/H) - Rabat,Ingénieur DevOps (F/H) - Rabat,Sofrecom Maroc,Rabat,2026-03-11,DevOps & Cloud,,https://ma.linkedin.com/jobs/view/ing%C3%A9nieur-devops-f-h-rabat-at-sofrecom-maroc-4384198746,DevOps Engineer,2026-03-18T02:44:41.248269
Ingénieur Cloud Sysops Azure,Ingénieur Cloud SYSOPS Azure,Inetum,Méchouar de Casablanca,2026-03-12,DevOps & Cloud,azure,https://ma.linkedin.com/jobs/view/ing%C3%A9nieur-cloud-sysops-azure-at-inetum-4205097458,DevOps Engineer,2026-03-18T02:44:41.250268
Ingenieur Cloud Specialise Gcp,INGENIEUR CLOUD SPECIALISE GCP,ManpowerGroup,Casablanca-Settat,2026-03-16,DevOps & Cloud,gcp,https://ma.linkedin.com/jobs/view/ingenieur-cloud-specialise-gcp-at-manpowergroup-4386368483,DevOps Engineer,2026-03-18T02:44:41.251271
Ingénieur Cloud Azure,Ingénieur Cloud Azure,Inetum,Méchouar de Casablanca,2026-03-12,DevOps & Cloud,azure,https://ma.linkedin.com/jobs/view/ing%C3%A9nieur-cloud-azure-at-inetum-4354628740,DevOps Engineer,2026-03-18T02:44:41.251271
Expert/Senior Devops Gcp_ Hybride,Expert/Senior DevOps GCP_ Hybride,SQLI,Casablanca et périphérie,2026-03-17,DevOps & Cloud,"sql, gcp",https://ma.linkedin.com/jobs/view/expert-senior-devops-gcp-hybride-at-sqli-4341221287,DevOps Engineer,2026-03-18T02:44:41.254270
Senior Test Automation Engineer — .Net Saas Erp On Aws,Senior Test Automation Engineer — .NET SaaS ERP on AWS,Forterro,Casablanca et périphérie,2026-03-17,Other,aws,https://ma.linkedin.com/jobs/view/senior-test-automation-engineer-%E2%80%94-net-saas-erp-on-aws-at-forterro-4385910452,DevOps Engineer,2026-03-18T02:44:41.255270
Sap Hybris Commerce Cloud Developer,SAP Hybris Commerce Cloud Developer,Arrow Electronics,Casablanca,2026-03-14,DevOps & Cloud,,https://ma.linkedin.com/jobs/view/sap-hybris-commerce-cloud-developer-at-arrow-electronics-4367459836,DevOps Engineer,2026-03-18T02:44:41.255270
Ingénieur Système Ferroviaire - Train System (H/F),Ingénieur Système Ferroviaire - Train System (H/F),SEGULA Technologies,Méchouar de Casablanca,2026-03-16,Data & AI,,https://ma.linkedin.com/jobs/view/ing%C3%A9nieur-syst%C3%A8me-ferroviaire-train-system-h-f-at-segula-technologies-4384071370,Cloud Engineer,2026-03-18T02:45:21.247507
Engineering Delivery Lead,Engineering Delivery Lead,GO & DEV,Casablanca et périphérie,2026-03-12,Other,,https://ma.linkedin.com/jobs/view/engineering-delivery-lead-at-go-dev-4383534860,Cloud Engineer,2026-03-18T02:45:21.257507
S-E-Se Test Technology,S-E-SE Test Technology,LEONI Maroc,Berrechid,2026-03-16,Other,,https://ma.linkedin.com/jobs/view/s-e-se-test-technology-at-leoni-morocco-4374381520,Cloud Engineer,2026-03-18T02:45:21.258501
Cbs - Postdoctoral Positions In Process Systems Engineering,CBS - Postdoctoral Positions in Process Systems Engineering,UM6P - University Mohammed VI Polytechnic,Maroc,2026-03-15,IT & Systems,,https://ma.linkedin.com/jobs/view/cbs-postdoctoral-positions-in-process-systems-engineering-at-um6p-university-mohammed-vi-polytechnic-4386019057,Cloud Engineer,2026-03-18T02:45:21.258501
Ingénieur Systèmes Automobile Hispanophone,Ingénieur Systèmes Automobile Hispanophone,Capgemini Engineering,Casablanca-Settat,2026-03-17,Other,,https://ma.linkedin.com/jobs/view/ing%C3%A9nieur-syst%C3%A8mes-automobile-hispanophone-at-capgemini-engineering-4384498709,Cloud Engineer,2026-03-18T02:45:21.260503
Software Developer,Developpeur(se) Delphi,"Matys, A Cegid Company",Casablanca,2026-03-16,Software Dev,,https://ma.linkedin.com/jobs/view/developpeur-se-delphi-at-matys-4376390728,Cloud Engineer,2026-03-18T02:45:21.261506
Coiffeur(Se),Coiffeur(se),Royal Mansour Marrakech,Marrakech-Safi,2026-03-11,Other,,https://ma.linkedin.com/jobs/view/coiffeur-se-at-royal-mansour-marrakech-4384180793,Cloud Engineer,2026-03-18T02:45:21.262503
Architecte Expérimenté Cloud F/H,Architecte Expérimenté Cloud F/H,Deloitte,Méchouar de Casablanca,2026-03-17,DevOps & Cloud,,https://ma.linkedin.com/jobs/view/architecte-exp%C3%A9riment%C3%A9-cloud-f-h-at-deloitte-4386226312,Cloud Architect,2026-03-18T02:45:59.514710
Solutions Architect - Javascript,Solutions Architect - Javascript,Lumenalta,Maroc,2026-03-16,Other,java,https://ma.linkedin.com/jobs/view/solutions-architect-javascript-at-lumenalta-4386502201,Cloud Architect,2026-03-18T02:45:59.515709
Architecte Solution,Architecte Solution,Devoteam,Casablanca,2026-03-17,Other,,https://ma.linkedin.com/jobs/view/architecte-solution-at-devoteam-4367815435,Cloud Architect,2026-03-18T02:45:59.516710
Consultant Salesforce/Consultante Salesforce,Consultant Salesforce/Consultante Salesforce,Publicis Global Delivery (PGD),Casablanca et périphérie,2026-03-16,Other,,https://ma.linkedin.com/jobs/view/consultant-salesforce-consultante-salesforce-at-publicis-global-delivery-pgd-4386330660,Cloud Architect,2026-03-18T02:45:59.519710
Consultant Senior - Actuariat Risque Crédit F/H,Consultant Senior - Actuariat Risque Crédit F/H,KPMG au Maroc,Méchouar de Casablanca,2026-03-17,IT & Systems,,https://ma.linkedin.com/jobs/view/consultant-senior-actuariat-risque-cr%C3%A9dit-f-h-at-kpmg-au-maroc-4384709199,Platform Engineer,2026-03-18T02:47:13.683618
Senior Infrastructure Engineer - Networking,Senior Infrastructure Engineer - Networking,APM Terminals,Tanger et périphérie,2026-03-13,DevOps & Cloud,,https://ma.linkedin.com/jobs/view/senior-infrastructure-engineer-networking-at-apm-terminals-4385388404,Infrastructure Engineer,2026-03-18T02:47:51.549433
Sales Engineer Ii - Service Providers,Sales Engineer II - Service Providers,Infoblox,Maroc,2026-03-17,Other,,https://ma.linkedin.com/jobs/view/sales-engineer-ii-service-providers-at-infoblox-4357492966,Infrastructure Engineer,2026-03-18T02:47:51.553434
Ingénieur Cybersécurité - H/F,Ingénieur Cybersécurité - H/F,Groupe BBL,Casablanca,2026-03-13,Cybersecurity,,https://ma.linkedin.com/jobs/view/ing%C3%A9nieur-cybers%C3%A9curit%C3%A9-h-f-at-groupe-bbl-4385351616,Cybersecurity Engineer,2026-03-18T02:49:06.525155
Operations Security (H/F),Operations Security (H/F),INTM Méditerranée,Rabat-Salé-Kénitra,2026-03-17,Cybersecurity,,https://ma.linkedin.com/jobs/view/operations-security-h-f-at-intm-m%C3%A9diterran%C3%A9e-4386740947,Cybersecurity Engineer,2026-03-18T02:49:06.525155
Ingénieur En Cybersécurité/Ingénieure En Cybersécurité,Ingénieur en cybersécurité/Ingénieure en cybersécurité,Akkodis,Tanger et périphérie,2026-03-11,Cybersecurity,,https://ma.linkedin.com/jobs/view/ing%C3%A9nieur-en-cybers%C3%A9curit%C3%A9-ing%C3%A9nieure-en-cybers%C3%A9curit%C3%A9-at-akkodis-4382876722,Cybersecurity Engineer,2026-03-18T02:49:06.526155
Team Leader Soc,Team Leader SOC,Intelcia Tech,Casablanca-Settat,2026-03-12,Cybersecurity,,https://ma.linkedin.com/jobs/view/team-leader-soc-at-intelcia-tech-4384877435,Cybersecurity Engineer,2026-03-18T02:49:06.527154
Ingénieur Cybersécurité H/F,Ingénieur Cybersécurité H/F,COLAS DIGITAL SOLUTIONS,Casablanca,2026-03-12,Cybersecurity,git,https://ma.linkedin.com/jobs/view/ing%C3%A9nieur-cybers%C3%A9curit%C3%A9-h-f-at-colas-digital-solutions-4380276693,Cybersecurity Engineer,2026-03-18T02:49:06.527154
Cloud Security Expert,Cloud Security Expert,AXA Group Operations,Salé,2026-03-12,DevOps & Cloud,,https://ma.linkedin.com/jobs/view/cloud-security-expert-at-axa-group-operations-4384840402,Cybersecurity Engineer,2026-03-18T02:49:06.527154
Encryption Security Expert,Encryption Security Expert,AXA Group Operations,Salé,2026-03-11,Cybersecurity,,https://ma.linkedin.com/jobs/view/encryption-security-expert-at-axa-group-operations-4384307029,Cybersecurity Engineer,2026-03-18T02:49:06.528157
Colcom - Postdoctoral Positions In Ia For Cybersecurity And Quantum Cryptography,COLCOM - Postdoctoral Positions in IA for Cybersecurity and Quantum Cryptography,UM6P - University Mohammed VI Polytechnic,Maroc,2026-03-15,Cybersecurity,,https://ma.linkedin.com/jobs/view/colcom-postdoctoral-positions-in-ia-for-cybersecurity-and-quantum-cryptography-at-um6p-university-mohammed-vi-polytechnic-4386008611,Cybersecurity Engineer,2026-03-18T02:49:06.528157
Expert En Gouvernance Et Sécurité Active Directory (Ad) Et Entra Id,Expert en Gouvernance et Sécurité Active Directory (AD) et Entra ID,Orange Business,Casablanca-Settat,2026-03-16,Other,,https://ma.linkedin.com/jobs/view/expert-en-gouvernance-et-s%C3%A9curit%C3%A9-active-directory-ad-et-entra-id-at-orange-business-4367460283,Cybersecurity Engineer,2026-03-18T02:49:06.528157
Senior Security Engineer,Senior Security Engineer,Orange Business,Casablanca-Settat,2026-03-13,Cybersecurity,,https://ma.linkedin.com/jobs/view/senior-security-engineer-at-orange-business-4384298327,Security Analyst,2026-03-18T02:49:44.259118
Compliance Analyst,Compliance Analyst,Pay10 Maroc,Casablanca et périphérie,2026-03-12,Data & AI,,https://ma.linkedin.com/jobs/view/compliance-analyst-at-pay10-maroc-4382753584,Security Analyst,2026-03-18T02:49:44.259118
Analyste Soc N2,Analyste SOC N2,PwC au Maroc,Casablanca-Settat,2026-03-16,Data & AI,,https://ma.linkedin.com/jobs/view/analyste-soc-n2-at-pwc-au-maroc-4386334558,SOC Analyst,2026-03-18T02:51:41.050442
Customer Success Account Manager,Customer Success Account Manager,"Kaspersky France and North, West & Central Africa",Casablanca-Settat,2026-03-16,Management,,https://ma.linkedin.com/jobs/view/customer-success-account-manager-at-kaspersky-france-and-north-west-central-africa-4384982999,Information Security,2026-03-18T02:52:19.195631
Assistant It Manager,Assistant IT Manager,Confidential,Casablanca-Settat,2026-03-11,Management,,https://ma.linkedin.com/jobs/view/assistant-it-manager-at-confidential-4382856233,Information Security,2026-03-18T02:52:19.195631
Account Manager,Account Manager,Midis Group,Casablanca,2026-03-14,Management,,https://ma.linkedin.com/jobs/view/account-manager-at-midis-group-4337743773,Information Security,2026-03-18T02:52:19.196636
Reservation Agent -Taghazout Bay Marriott Resort,Reservation Agent -Taghazout Bay Marriott Resort,Marriott International,Taghazout,2026-03-13,Other,,https://ma.linkedin.com/jobs/view/reservation-agent-taghazout-bay-marriott-resort-at-marriott-international-4384294313,Information Security,2026-03-18T02:52:19.196636
Accounts Receivable (Comptabilité Client) - Taghazout Bay Marriott Resort,Accounts Receivable (comptabilité client) - Taghazout Bay Marriott Resort,Marriott International,Taghazout,2026-03-13,Other,,https://ma.linkedin.com/jobs/view/accounts-receivable-comptabilit%C3%A9-client-taghazout-bay-marriott-resort-at-marriott-international-4384277738,Information Security,2026-03-18T02:52:19.196636
General Cashier/Paymaster - Taghazout Bay Marriott Resort,General Cashier/Paymaster - Taghazout Bay Marriott Resort,Marriott International,Taghazout,2026-03-13,Other,,https://ma.linkedin.com/jobs/view/general-cashier-paymaster-taghazout-bay-marriott-resort-at-marriott-international-4384291330,Information Security,2026-03-18T02:52:19.197632
Income Auditor - Taghazout Bay Marriott Resort,Income Auditor - Taghazout Bay Marriott Resort,Marriott International,Taghazout,2026-03-13,Other,,https://ma.linkedin.com/jobs/view/income-auditor-taghazout-bay-marriott-resort-at-marriott-international-4384290378,Information Security,2026-03-18T02:52:19.197632
Technicien De Maintenance Polyvalent - Taghazout Bay Marriott Resort,Technicien de maintenance polyvalent - Taghazout Bay Marriott Resort,Marriott International,Taghazout,2026-03-13,Data & AI,,https://ma.linkedin.com/jobs/view/technicien-de-maintenance-polyvalent-taghazout-bay-marriott-resort-at-marriott-international-4384295219,Information Security,2026-03-18T02:52:19.197632
Accounts Payable Clerk (Comptabilité Fournisseur) - Taghazout Bay Marriott Resort,Accounts Payable Clerk (comptabilité Fournisseur) - Taghazout Bay Marriott Resort,Marriott International,Taghazout,2026-03-13,Other,,https://ma.linkedin.com/jobs/view/accounts-payable-clerk-comptabilit%C3%A9-fournisseur-taghazout-bay-marriott-resort-at-marriott-international-4384295217,Information Security,2026-03-18T02:52:19.198631
Front Desk Agent - Taghazout Bay Marriott Resort,Front Desk Agent - Taghazout Bay Marriott Resort,Marriott International,Taghazout,2026-03-13,Other,,https://ma.linkedin.com/jobs/view/front-desk-agent-taghazout-bay-marriott-resort-at-marriott-international-4384218101,Information Security,2026-03-18T02:52:19.198631
Asari - Postdoctoral Fellow In Plant Nutrition And Fertilization,ASARI - Postdoctoral Fellow in Plant Nutrition and Fertilization,UM6P - University Mohammed VI Polytechnic,Maroc,2026-03-15,Other,,https://ma.linkedin.com/jobs/view/asari-postdoctoral-fellow-in-plant-nutrition-and-fertilization-at-um6p-university-mohammed-vi-polytechnic-4386018151,Information Security,2026-03-18T02:52:19.198631
Microsoft Teams Architect,Microsoft Teams Architect,Concentrix,Maroc,2026-03-11,Other,,https://ma.linkedin.com/jobs/view/microsoft-teams-architect-at-concentrix-4382514546,Information Security,2026-03-18T02:52:19.198631
Bellman / Bagagiste - Amanjena,Bellman / Bagagiste - Amanjena,Aman,Marrakech,2026-03-12,Other,,https://ma.linkedin.com/jobs/view/bellman-bagagiste-amanjena-at-aman-4374768236,Information Security,2026-03-18T02:52:19.199632
Administrateur Réseau N3,Administrateur Réseau N3,Inetum,Méchouar de Casablanca,2026-03-12,IT & Systems,,https://ma.linkedin.com/jobs/view/administrateur-r%C3%A9seau-n3-at-inetum-4243829294,Network Engineer,2026-03-18T02:52:56.946595
Administrateur Système & Réseaux / Référent Ms 365 - H/F,Administrateur Système & Réseaux / Référent MS 365 - H/F,Groupe BBL,Casablanca,2026-03-13,IT & Systems,,https://ma.linkedin.com/jobs/view/administrateur-syst%C3%A8me-r%C3%A9seaux-r%C3%A9f%C3%A9rent-ms-365-h-f-at-groupe-bbl-4385560915,Network Engineer,2026-03-18T02:52:56.946595
Administrateur Systemes (H/F),ADMINISTRATEUR SYSTEMES (H/F),Tessi,Oujda,2026-03-13,IT & Systems,,https://ma.linkedin.com/jobs/view/administrateur-systemes-h-f-at-tessi-4385340234,System Administrator,2026-03-18T02:53:32.905429
It Local H/F - Casablanca,IT Local H/F - Casablanca,HCLTech,Casablanca et périphérie,2026-03-13,IT & Systems,,https://ma.linkedin.com/jobs/view/it-local-h-f-casablanca-at-hcltech-4383131772,System Administrator,2026-03-18T02:53:32.905429
Administrateur As400 / Ibm I,Administrateur AS400 / IBM i,AXONE,Rabat et périphérie,2026-03-11,IT & Systems,,https://ma.linkedin.com/jobs/view/administrateur-as400-ibm-i-at-axone-4384156921,System Administrator,2026-03-18T02:53:32.906428
Administrateur As400 / Ibm I,Administrateur AS400 / IBM i,AXONE,Rabat,2026-03-11,IT & Systems,,https://ma.linkedin.com/jobs/view/administrateur-as400-ibm-i-at-axone-4384181872,System Administrator,2026-03-18T02:53:32.906428
Servicenow Itom/Cmdb Specialist,ServiceNow ITOM/CMDB Specialist,Inetum,Méchouar de Casablanca,2026-03-12,Other,,https://ma.linkedin.com/jobs/view/servicenow-itom-cmdb-specialist-at-inetum-4228967025,System Administrator,2026-03-18T02:53:32.906428
Commercial Confirmé / Secteur It,Commercial confirmé / Secteur IT,HR SKILLS MAROC,Rabat,2026-03-17,Other,,https://ma.linkedin.com/jobs/view/commercial-confirm%C3%A9-secteur-it-at-hr-skills-maroc-4386739815,System Administrator,2026-03-18T02:53:32.907428
Technico-Commercial (H/F) – Secteur It,Technico-Commercial (H/F) – Secteur IT,HR SKILLS MAROC,Rabat,2026-03-14,Other,,https://ma.linkedin.com/jobs/view/technico-commercial-h-f-%E2%80%93-secteur-it-at-hr-skills-maroc-4384621506,System Administrator,2026-03-18T02:53:32.907428
Servicenow Expert Admin,ServiceNow Expert admin,Amaris Consulting,Casablanca,2026-03-13,IT & Systems,,https://ma.linkedin.com/jobs/view/servicenow-expert-admin-at-amaris-consulting-4385504140,System Administrator,2026-03-18T02:53:32.907428
Ingénieur Si Sauvegarde & Stockage,Ingénieur SI Sauvegarde & Stockage,IFCAR Solutions,Rabat,2026-03-17,Other,,https://ma.linkedin.com/jobs/view/ing%C3%A9nieur-si-sauvegarde-stockage-at-ifcar-solutions-4382786012,System Administrator,2026-03-18T02:53:32.907428
Stagiaire En Recrutement It (F/H),Stagiaire en recrutement IT (F/H),Sofrecom Maroc,Casablanca-Settat,2026-03-16,Data & AI,,https://ma.linkedin.com/jobs/view/stagiaire-en-recrutement-it-f-h-at-sofrecom-maroc-4386368713,System Administrator,2026-03-18T02:53:32.908430
Ai Training Specialist,AI Training Specialist,Alignerr,Maroc,2026-03-15,Data & AI,,https://ma.linkedin.com/jobs/view/ai-training-specialist-at-alignerr-4386029495,System Administrator,2026-03-18T02:53:32.909428
Servicenow Architect,ServiceNow Architect,Cnexia,Maroc,2026-03-13,Other,,https://ma.linkedin.com/jobs/view/servicenow-architect-at-cnexia-4383141057,System Administrator,2026-03-18T02:53:32.909428
Recruteur It,Recruteur IT,TCrew,Rabat,2026-03-16,Other,,https://ma.linkedin.com/jobs/view/recruteur-it-at-tcrew-4386328000,System Administrator,2026-03-18T02:53:32.910431
Vendeuse Spécialisée – Magasin Informatique,Vendeuse spécialisée – Magasin Informatique,OPENMARK,Kénitra,2026-03-17,Other,,https://ma.linkedin.com/jobs/view/vendeuse-sp%C3%A9cialis%C3%A9e-%E2%80%93-magasin-informatique-at-openmark-4384473450,System Administrator,2026-03-18T02:53:32.910431
Administrateur Linux N3,Administrateur Linux N3,MAROC FER,Méchouar de Casablanca,2026-03-17,IT & Systems,linux,https://ma.linkedin.com/jobs/view/administrateur-linux-n3-at-maroc-fer-4386932213,Linux Administrator,2026-03-18T02:54:10.662516
Administrateur Linux N3,Administrateur Linux N3,Inetum,Méchouar de Casablanca,2026-03-17,IT & Systems,linux,https://ma.linkedin.com/jobs/view/administrateur-linux-n3-at-inetum-4386789586,Linux Administrator,2026-03-18T02:54:10.662516
It Technician,IT Technician,TotalEnergies,Maroc,2026-03-13,IT & Systems,,https://ma.linkedin.com/jobs/view/it-technician-at-totalenergies-4385334373,IT Support,2026-03-18T02:54:52.656096
Technicien Support It,Technicien Support IT,Scalian,Casablanca,2026-03-14,Other,,https://ma.linkedin.com/jobs/view/technicien-support-it-at-scalian-4367605735,IT Support,2026-03-18T02:54:52.656096
Technicien De Proximité,Technicien de Proximité,MAROC FER,Rabat,2026-03-13,Other,,https://ma.linkedin.com/jobs/view/technicien-de-proximit%C3%A9-at-maroc-fer-4383132662,IT Support,2026-03-18T02:54:52.657097
It Desktop And Network Support (Dispatch) El J,IT Desktop and Network Support (Dispatch) EL J,BRILLIANT COMPUTERS CITADEL  AND INFORMATION TECHNOLOGY,El Jadida,2026-03-17,IT & Systems,,https://ma.linkedin.com/jobs/view/it-desktop-and-network-support-dispatch-el-j-at-brilliant-computers-citadel-and-information-technology-4385690518,IT Support,2026-03-18T02:54:52.658100
It Desktop And Network Support (Dispatch) Tang,IT Desktop and Network Support (Dispatch) Tang,BRILLIANT COMPUTERS CITADEL  AND INFORMATION TECHNOLOGY,Tanger et périphérie,2026-03-17,IT & Systems,,https://ma.linkedin.com/jobs/view/it-desktop-and-network-support-dispatch-tang-at-brilliant-computers-citadel-and-information-technology-4385686743,IT Support,2026-03-18T02:54:52.658100
It Desktop And Network Support (Dispatch) Cas,IT Desktop and Network Support (Dispatch) CAS,BRILLIANT COMPUTERS CITADEL  AND INFORMATION TECHNOLOGY,Casablanca et périphérie,2026-03-17,IT & Systems,,https://ma.linkedin.com/jobs/view/it-desktop-and-network-support-dispatch-cas-at-brilliant-computers-citadel-and-information-technology-4385699381,IT Support,2026-03-18T02:54:52.658100
Technicien De Proximité,Technicien de Proximité,Inetum,Rabat,2026-03-13,Other,,https://ma.linkedin.com/jobs/view/technicien-de-proximit%C3%A9-at-inetum-4385348747,IT Support,2026-03-18T02:54:52.659098
It Desktop And Network Support (Dispatch) Mrk,IT Desktop and Network Support (Dispatch) MRK,BRILLIANT COMPUTERS CITADEL  AND INFORMATION TECHNOLOGY,arrondissement de Marrakech-Medina,2026-03-17,IT & Systems,,https://ma.linkedin.com/jobs/view/it-desktop-and-network-support-dispatch-mrk-at-brilliant-computers-citadel-and-information-technology-4385690688,IT Support,2026-03-18T02:54:52.659098
It Desktop And Network Support (Dispatch) Rb,IT Desktop and Network Support (Dispatch) RB,BRILLIANT COMPUTERS CITADEL  AND INFORMATION TECHNOLOGY,Rabat,2026-03-17,IT & Systems,,https://ma.linkedin.com/jobs/view/it-desktop-and-network-support-dispatch-rb-at-brilliant-computers-citadel-and-information-technology-4385905327,IT Support,2026-03-18T02:54:52.659098
It Desktop And Network Support (Dispatch) Ken,IT Desktop and Network Support (Dispatch) KEN,BRILLIANT COMPUTERS CITADEL  AND INFORMATION TECHNOLOGY,Rabat et périphérie,2026-03-17,IT & Systems,,https://ma.linkedin.com/jobs/view/it-desktop-and-network-support-dispatch-ken-at-brilliant-computers-citadel-and-information-technology-4385901343,IT Support,2026-03-18T02:54:52.659098
It Technician,IT Technician,Hutchinson,Casablanca-Settat,2026-03-12,IT & Systems,,https://ma.linkedin.com/jobs/view/it-technician-at-hutchinson-4384576890,IT Support,2026-03-18T02:54:52.660098
It Desktop And Network Support (Dispatch) Fes,IT Desktop and Network Support (Dispatch) Fes,BRILLIANT COMPUTERS CITADEL  AND INFORMATION TECHNOLOGY,Boulemane,2026-03-17,IT & Systems,,https://ma.linkedin.com/jobs/view/it-desktop-and-network-support-dispatch-fes-at-brilliant-computers-citadel-and-information-technology-4385904183,IT Support,2026-03-18T02:54:52.660098
Technicien Support It Niveaux 1 & 2 (H/F),Technicien Support IT Niveaux 1 & 2 (H/F),ilem Group,Casablanca et périphérie,2026-03-13,IT & Systems,,https://ma.linkedin.com/jobs/view/technicien-support-it-niveaux-1-2-h-f-at-ilem-group-4364549341,IT Support,2026-03-18T02:54:52.662098
Avl Is Always Looking For New Talents - Apply Now With A Speculative Application!,AVL is always looking for new talents - Apply now with a speculative application!,AVL,Rabat,2026-03-17,Other,,https://ma.linkedin.com/jobs/view/avl-is-always-looking-for-new-talents-apply-now-with-a-speculative-application%21-at-avl-4385923157,IT Support,2026-03-18T02:54:52.663098
Service Desk Analyst (Germanophone),Service Desk Analyst (Germanophone),HCLTech,Rabat,2026-03-17,Data & AI,,https://ma.linkedin.com/jobs/view/service-desk-analyst-germanophone-at-hcltech-4385690416,IT Support,2026-03-18T02:54:52.663098
It Local Lead,IT Local Lead,HCLTech,Casablanca et périphérie,2026-03-13,IT & Systems,,https://ma.linkedin.com/jobs/view/it-local-lead-at-hcltech-4383148105,IT Support,2026-03-18T02:54:52.663098
Service Desk Analyst (French & English),Service Desk Analyst (French & English),HCLTech,Rabat,2026-03-17,Data & AI,,https://ma.linkedin.com/jobs/view/service-desk-analyst-french-english-at-hcltech-4385697257,IT Support,2026-03-18T02:54:52.664098
Service Desk Analyst (Italophone),Service Desk Analyst (Italophone),HCLTech,Rabat,2026-03-17,Data & AI,,https://ma.linkedin.com/jobs/view/service-desk-analyst-italophone-at-hcltech-4385686546,IT Support,2026-03-18T02:54:52.664098
Ingénieur Méthodes Opérationnel,Ingénieur Méthodes opérationnel,Scalian,Casablanca et périphérie,2026-03-14,Other,,https://ma.linkedin.com/jobs/view/ing%C3%A9nieur-m%C3%A9thodes-op%C3%A9rationnel-at-scalian-4367426935,IT Support,2026-03-18T02:54:52.665098
Incident Manager,Incident Manager,Payment Center For Africa - PCA,Casablanca et périphérie,2026-03-11,Management,,https://ma.linkedin.com/jobs/view/incident-manager-at-payment-center-for-africa-pca-4384303481,IT Support,2026-03-18T02:54:52.665098
Frontline Support Specialist,Frontline Support Specialist,Deliverect,Casablanca,2026-03-11,Other,,https://ma.linkedin.com/jobs/view/frontline-support-specialist-at-deliverect-4382861266,IT Support,2026-03-18T02:54:52.666098
Data Consultant,Consultant Qualité / Data Quality Assurance,ALTEN MAROC,Rabat,2026-03-16,Data & AI,,https://ma.linkedin.com/jobs/view/consultant-qualit%C3%A9-data-quality-assurance-at-alten-maroc-4384048232,IT Support,2026-03-18T02:54:52.666098
Technicien Helpdesk Bilingue,TECHNICIEN HELPDESK BILINGUE,ManpowerGroup,Casablanca et périphérie,2026-03-12,Other,,https://ma.linkedin.com/jobs/view/technicien-helpdesk-bilingue-at-manpowergroup-4382997609,IT Support,2026-03-18T02:54:52.666098
Consultant Servicenow (H/F),Consultant ServiceNow (H/F),Devoteam,Casablanca,2026-03-14,Other,,https://ma.linkedin.com/jobs/view/consultant-servicenow-h-f-at-devoteam-4331595019,IT Support,2026-03-18T02:54:52.667098
Support Analyst Bilingue Français/Espagnol (H/F),Support Analyst Bilingue Français/Espagnol (H/F),Atos,Casablanca et périphérie,2026-03-11,Data & AI,,https://ma.linkedin.com/jobs/view/support-analyst-bilingue-fran%C3%A7ais-espagnol-h-f-at-atos-4384154270,IT Support,2026-03-18T02:54:52.667098
Consultant Servicenow  (H/F),Consultant ServiceNow  (H/F),Devoteam,Rabat,2026-03-12,Other,,https://ma.linkedin.com/jobs/view/consultant-servicenow-h-f-at-devoteam-4330793435,IT Support,2026-03-18T02:54:52.668098
Comptable Et Gestionnaire Opérationnel,Comptable et Gestionnaire Opérationnel,igus Maroc,Casablanca et périphérie,2026-03-11,Data & AI,,https://ma.linkedin.com/jobs/view/comptable-et-gestionnaire-op%C3%A9rationnel-at-igus-maroc-4384159228,IT Support,2026-03-18T02:54:52.668098
Area Manager Ise Maroc F/H - Safran Electrical And Power Morocco Sa,Area Manager ISE Maroc F/H - SAFRAN ELECTRICAL AND POWER MOROCCO SA,AEROCONTACT.COM,Témara,2026-03-17,Management,,https://ma.linkedin.com/jobs/view/area-manager-ise-maroc-f-h-safran-electrical-and-power-morocco-sa-at-aerocontact-4384337910,IT Support,2026-03-18T02:54:52.669099
Technicien Helpdesk Hispanophone,Technicien Helpdesk Hispanophone,Inetum,Méchouar de Casablanca,2026-03-12,Other,,https://ma.linkedin.com/jobs/view/technicien-helpdesk-hispanophone-at-inetum-4305603149,IT Support,2026-03-18T02:54:52.669099
Business Developer - Talent Acquisition,Business Developer - Talent acquisition,TCrew,Rabat et périphérie,2026-03-11,Software Dev,,https://ma.linkedin.com/jobs/view/business-developer-talent-acquisition-at-tcrew-4384198251,IT Support,2026-03-18T02:54:52.669099
Consultant(E) En Recrutement,Consultant(e) en Recrutement,Tessi,Oujda,2026-03-13,Other,,https://ma.linkedin.com/jobs/view/consultant-e-en-recrutement-at-tessi-4385340605,IT Support,2026-03-18T02:54:52.670098
Data Consultant,Consultant Qualité / Data Quality Assurance,ALTEN,Rabat,2026-03-13,Data & AI,,https://ma.linkedin.com/jobs/view/consultant-qualit%C3%A9-data-quality-assurance-at-alten-4383109009,IT Support,2026-03-18T02:54:52.670098
"Project Leader, Indirect Process & Technology","Project Leader, Indirect Process & Technology",GE HealthCare,Casablanca,2026-03-16,Management,,https://ma.linkedin.com/jobs/view/project-leader-indirect-process-technology-at-ge-healthcare-4386339956,IT Support,2026-03-18T02:54:52.670098
Consultant S2P / O2C,Consultant S2P / O2C,VISEO,Casablanca-Settat,2026-03-12,Other,,https://ma.linkedin.com/jobs/view/consultant-s2p-o2c-at-viseo-4383533237,IT Support,2026-03-18T02:54:52.671098
It Support Team Lead (German Speaker),IT Support Team Lead (German speaker),HCLTech,Rabat,2026-03-17,IT & Systems,,https://ma.linkedin.com/jobs/view/it-support-team-lead-german-speaker-at-hcltech-4385689476,IT Support,2026-03-18T02:54:52.671098
Work-From-Home Customer Support – French Speaking,Work-from-Home Customer Support – French Speaking,TalentPop App,Rabat,2026-03-18,Other,,https://ma.linkedin.com/jobs/view/work-from-home-customer-support-%E2%80%93-french-speaking-at-talentpop-app-4384734222,IT Support,2026-03-18T02:54:52.672098
Hrbp (F/H),HRBP (F/H),SQLI,Rabat et périphérie,2026-03-16,Other,sql,https://ma.linkedin.com/jobs/view/hrbp-f-h-at-sqli-4384021527,IT Support,2026-03-18T02:54:52.673097
Work-From-Home Customer Support – French Speaking,Work-from-Home Customer Support – French Speaking,TalentPop App,Maroc,2026-03-18,Other,,https://ma.linkedin.com/jobs/view/work-from-home-customer-support-%E2%80%93-french-speaking-at-talentpop-app-4384719947,IT Support,2026-03-18T02:54:52.673097
Consultant Workday (H/F),Consultant Workday (H/F),Inetum,Méchouar de Casablanca,2026-03-12,Other,,https://ma.linkedin.com/jobs/view/consultant-workday-h-f-at-inetum-4333020155,IT Support,2026-03-18T02:54:52.673097
Work-From-Home Customer Support – French Speaking,Work-from-Home Customer Support – French Speaking,TalentPop App,Marrakech,2026-03-18,Other,,https://ma.linkedin.com/jobs/view/work-from-home-customer-support-%E2%80%93-french-speaking-at-talentpop-app-4384727721,IT Support,2026-03-18T02:54:52.674096
Senior It/Ot Engineer,Senior IT/OT Engineer,APM Terminals,Tanger,2026-03-11,Other,,https://ma.linkedin.com/jobs/view/senior-it-ot-engineer-at-apm-terminals-4371446590,IT Support,2026-03-18T02:54:52.674096
Work-From-Home Customer Support – French Speaking,Work-from-Home Customer Support – French Speaking,TalentPop App,Méchouar de Casablanca,2026-03-18,Other,,https://ma.linkedin.com/jobs/view/work-from-home-customer-support-%E2%80%93-french-speaking-at-talentpop-app-4384731404,IT Support,2026-03-18T02:54:52.674096
Account Run Lead ( Arl),Account Run Lead ( ARL),DXC Technology Morocco,Casablanca et périphérie,2026-03-13,Other,,https://ma.linkedin.com/jobs/view/account-run-lead-arl-at-dxc-technology-morocco-4385157392,IT Support,2026-03-18T02:54:52.675096
Supply Chain Support V,SUPPLY CHAIN SUPPORT V,TE Connectivity,Maroc,2026-03-17,Data & AI,,https://ma.linkedin.com/jobs/view/supply-chain-support-v-at-te-connectivity-4386965045,IT Support,2026-03-18T02:54:52.675096
French+English Bilingual Customer Service Representative,French+English Bilingual Customer Service Representative,TalentPop App,Rabat,2026-03-18,Other,,https://ma.linkedin.com/jobs/view/french%2Benglish-bilingual-customer-service-representative-at-talentpop-app-4384737205,IT Support,2026-03-18T02:54:52.675096
French-English Customer Support Associate,French-English Customer Support Associate,TalentPop App,Méchouar de Casablanca,2026-03-17,Cybersecurity,,https://ma.linkedin.com/jobs/view/french-english-customer-support-associate-at-talentpop-app-4384405455,IT Support,2026-03-18T02:54:52.676096
French-English Customer Support Associate,French-English Customer Support Associate,TalentPop App,Rabat,2026-03-17,Cybersecurity,,https://ma.linkedin.com/jobs/view/french-english-customer-support-associate-at-talentpop-app-4384408279,IT Support,2026-03-18T02:54:52.676096
French+English Bilingual Customer Service Representative,French+English Bilingual Customer Service Representative,TalentPop App,Méchouar de Casablanca,2026-03-18,Other,,https://ma.linkedin.com/jobs/view/french%2Benglish-bilingual-customer-service-representative-at-talentpop-app-4384723825,IT Support,2026-03-18T02:54:52.676096
Sap Abap Developer,SAP ABAP Developer,Cognitus,Tanger,2026-03-16,Software Dev,,https://ma.linkedin.com/jobs/view/sap-abap-developer-at-cognitus-4386324972,IT Support,2026-03-18T02:54:52.677096
French-English Customer Support Associate,French-English Customer Support Associate,TalentPop App,Marrakech,2026-03-17,Cybersecurity,,https://ma.linkedin.com/jobs/view/french-english-customer-support-associate-at-talentpop-app-4384405458,IT Support,2026-03-18T02:54:52.677096
Pmo / Support Programme,PMO / Support Programme,Scalian,Méchouar de Casablanca,2026-03-12,Other,,https://ma.linkedin.com/jobs/view/pmo-support-programme-at-scalian-4384806650,IT Support,2026-03-18T02:55:05.121896
Servicio De Atención Al Cliente (H/M),Servicio de Atención al Cliente (H/M),Atos,Casablanca et périphérie,2026-03-17,Other,,https://ma.linkedin.com/jobs/view/servicio-de-atenci%C3%B3n-al-cliente-h-m-at-atos-4382724565,IT Support,2026-03-18T02:55:05.137952
Team Leader It,Team Leader IT,Consort Group,Rabat,2026-03-17,Other,,https://ma.linkedin.com/jobs/view/team-leader-it-at-consort-group-4384494238,IT Support,2026-03-18T02:55:05.138952
Technical Support Specialist,Technical Support Specialist,1840 & Company,Rabat,2026-03-11,Other,,https://ma.linkedin.com/jobs/view/technical-support-specialist-at-1840-company-4374462086,IT Support,2026-03-18T02:55:05.138952
Consultant(E) N2,Consultant(e) N2,Consort Group,Rabat,2026-03-16,Other,,https://ma.linkedin.com/jobs/view/consultant-e-n2-at-consort-group-4384042054,IT Support,2026-03-18T02:55:05.138952
Agent Support N1 (F/H),Agent Support N1 (F/H),CGI,arrondissement de Fès-Médina,2026-03-13,Other,,https://ma.linkedin.com/jobs/view/agent-support-n1-f-h-at-cgi-4385329370,IT Support,2026-03-18T02:55:05.139951
Administrateur Itsm,Administrateur ITSM,SII Group Morocco,Tanger-Tétouan-Al Hoceïma,2026-03-16,IT & Systems,,https://ma.linkedin.com/jobs/view/administrateur-itsm-at-sii-group-morocco-4384020687,IT Support,2026-03-18T02:55:05.139951
Ho Production Technology Country,HO Production Technology Country,LEONI Maroc,Berrechid,2026-03-14,Management,,https://ma.linkedin.com/jobs/view/ho-production-technology-country-at-leoni-morocco-4374374929,System Engineer,2026-03-18T02:55:31.807212
Senior Database Administrator,Senior Database Administrator,Cnexia,Rabat,2026-03-13,Data & AI,,https://ma.linkedin.com/jobs/view/senior-database-administrator-at-cnexia-4383133545,Database Administrator,2026-03-18T02:56:11.837362
Administrateurs Dba,Administrateurs DBA,Inetum,Méchouar de Casablanca,2026-03-12,IT & Systems,,https://ma.linkedin.com/jobs/view/administrateurs-dba-at-inetum-4334805392,Database Administrator,2026-03-18T02:56:11.837362
Software Developer,Développeur PowerShell,CompSysCo (Ex TMS Algotex),Casablanca et périphérie,2026-03-17,Software Dev,,https://ma.linkedin.com/jobs/view/d%C3%A9veloppeur-powershell-at-compsysco-ex-tms-algotex-4386768026,Database Administrator,2026-03-18T02:56:11.840397
Tech Lead Shopify F/H,Tech Lead Shopify F/H,VISEO,Casablanca,2026-03-17,Other,,https://ma.linkedin.com/jobs/view/tech-lead-shopify-f-h-at-viseo-4375768881,Database Administrator,2026-03-18T02:56:11.840397
Test / Qa Technico Fonctionnel Sénior,Test / QA Technico fonctionnel Sénior,ALTEN MAROC,Rabat,2026-03-11,Other,,https://ma.linkedin.com/jobs/view/test-qa-technico-fonctionnel-s%C3%A9nior-at-alten-maroc-4382592174,Database Administrator,2026-03-18T02:56:11.856025
Join Orange Morocco: Your Next Opportunity Awaits (H/F),Join Orange Morocco: Your Next Opportunity Awaits (H/F),Orange Maroc,Casablanca-Settat,2026-03-17,Data & AI,,https://ma.linkedin.com/jobs/view/join-orange-morocco-your-next-opportunity-awaits-h-f-at-orange-maroc-4364234478,Database Administrator,2026-03-18T02:56:23.863653
Chargé(E) D’Engagement Et Suivi Budgétaire,Chargé(e) d’engagement et suivi budgétaire,LabelVie,Casablanca et périphérie,2026-03-16,Data & AI,,https://ma.linkedin.com/jobs/view/charg%C3%A9-e-d%E2%80%99engagement-et-suivi-budg%C3%A9taire-at-labelvie-4384051669,Database Administrator,2026-03-18T02:56:23.864653
"Gestionnaire Middle Office International Sur Rabat,Tanger Et Casablanca","Gestionnaire Middle Office International sur Rabat,Tanger et Casablanca",CREDIT DU MAROC,Casablanca et périphérie,2026-03-11,Data & AI,,https://ma.linkedin.com/jobs/view/gestionnaire-middle-office-international-sur-rabat-tanger-et-casablanca-at-credit-du-maroc-4380253896,Database Administrator,2026-03-18T02:56:23.865608
Arabic Support - Work From Home,ARABIC SUPPORT - Work From Home,TP,Casablanca-Settat,2026-03-17,Other,,https://ma.linkedin.com/jobs/view/arabic-support-work-from-home-at-tp-4386706577,Database Administrator,2026-03-18T02:56:23.865608
Exécutive Office,Exécutive Office,DXC Technology Morocco,Casablanca et périphérie,2026-03-13,Other,,https://ma.linkedin.com/jobs/view/ex%C3%A9cutive-office-at-dxc-technology-morocco-4385142983,Database Administrator,2026-03-18T02:56:23.866607
Qa Automation Engineer,QA Automation Engineer,Highspring,Maroc,2026-03-16,Other,,https://ma.linkedin.com/jobs/view/qa-automation-engineer-at-highspring-4386385949,QA Engineer,2026-03-18T02:57:49.558626
Ingénieur Test & Validation Telecom,Ingénieur Test & Validation Telecom,Inetum,Méchouar de Casablanca,2026-03-12,Other,,https://ma.linkedin.com/jobs/view/ing%C3%A9nieur-test-validation-telecom-at-inetum-4346052601,QA Engineer,2026-03-18T02:57:49.558626
Ingénieur Qa Automation Playwright | Relocalisation En Espagne,Ingénieur QA Automation Playwright | Relocalisation en Espagne,Vortech PCI Group,Casablanca,2026-03-15,Other,,https://ma.linkedin.com/jobs/view/ing%C3%A9nieur-qa-automation-playwright-relocalisation-en-espagne-at-vortech-pci-group-4386040618,QA Engineer,2026-03-18T02:57:49.558626
Supplier Quality Engineer,Supplier Quality Engineer,Aptiv,Maroc,2026-03-12,Other,,https://ma.linkedin.com/jobs/view/supplier-quality-engineer-at-aptiv-4384837392,Test Engineer,2026-03-18T02:58:28.005718
Manufacturing Quality Engineer Meknes,Manufacturing Quality Engineer Meknes,Lear Corporation,Meknès,2026-03-17,Other,,https://ma.linkedin.com/jobs/view/manufacturing-quality-engineer-meknes-at-lear-corporation-4385933941,Test Engineer,2026-03-18T02:58:28.006722
Manufacturing Quality Engineer,Manufacturing Quality Engineer,Lear Corporation,Kénitra,2026-03-17,Other,,https://ma.linkedin.com/jobs/view/manufacturing-quality-engineer-at-lear-corporation-4386413329,Test Engineer,2026-03-18T02:58:28.008718
Advanced Quality Engineer,Advanced Quality Engineer,Lear Corporation,Tanger,2026-03-17,Other,,https://ma.linkedin.com/jobs/view/advanced-quality-engineer-at-lear-corporation-4386299772,Test Engineer,2026-03-18T02:58:28.012671
Test Automation Qa Full Stack (Front/Back) Expérimenté,Test Automation QA Full Stack (Front/Back) Expérimenté,ALTEN MAROC,Rabat,2026-03-13,Software Dev,,https://ma.linkedin.com/jobs/view/test-automation-qa-full-stack-front-back-exp%C3%A9riment%C3%A9-at-alten-maroc-4383091684,Test Engineer,2026-03-18T02:58:28.017676
Test Automation Qa Full Stack (Front/Back) Senior,Test Automation QA Full Stack (Front/Back) Senior,ALTEN MAROC,Rabat,2026-03-13,Software Dev,,https://ma.linkedin.com/jobs/view/test-automation-qa-full-stack-front-back-senior-at-alten-maroc-4383106187,Test Engineer,2026-03-18T02:58:28.020716
Test Manager It (Qa),Test Manager IT (QA),ALTEN,Rabat,2026-03-17,Management,,https://ma.linkedin.com/jobs/view/test-manager-it-qa-at-alten-4384489194,Test Engineer,2026-03-18T02:58:41.935664
Mechanical Engineer - Cae Expert,Mechanical Engineer - CAE Expert,MICLA Engineering & Design,Tanger,2026-03-12,Other,,https://ma.linkedin.com/jobs/view/mechanical-engineer-cae-expert-at-micla-engineering-design-4384883677,Test Engineer,2026-03-18T02:58:41.936663
Consultant Transformation (H/F),Consultant Transformation (H/F),Banque Centrale Populaire - BCP,Casablanca et périphérie,2026-03-17,Other,,https://ma.linkedin.com/jobs/view/consultant-transformation-h-f-at-banque-centrale-populaire-bcp-4386752356,Test Engineer,2026-03-18T02:58:41.936663
Souscripteur,Souscripteur,Atlantic Re,Casablanca et périphérie,2026-03-17,Other,,https://ma.linkedin.com/jobs/view/souscripteur-at-atlantic-re-4384458377,Test Engineer,2026-03-18T02:58:41.937664
Scrum Master,Scrum Master,STATERA,Rabat,2026-03-18,Management,,https://ma.linkedin.com/jobs/view/scrum-master-at-statera-4386992629,Test Engineer,2026-03-18T02:58:41.937664
Product Engineer,PRODUCT ENGINEER,TE Connectivity,Tanger,2026-03-17,Management,,https://ma.linkedin.com/jobs/view/product-engineer-at-te-connectivity-4386781496,Test Engineer,2026-03-18T02:58:41.938627
Testeur Automaticien Confirmé,Testeur Automaticien Confirmé,"Matys, A Cegid Company",Casablanca,2026-03-11,Other,,https://ma.linkedin.com/jobs/view/testeur-automaticien-confirm%C3%A9-at-matys-4343774264,Automation Tester,2026-03-18T02:59:09.992316
Ux / Ui Designer,UX / UI Designer,VOID,Casablanca-Settat,2026-03-11,Other,,https://ma.linkedin.com/jobs/view/ux-ui-designer-at-void-4384361236,UI Designer,2026-03-18T03:00:25.549317
Graphic Designer,Graphic Designer,Hilton,Rabat et périphérie,2026-03-13,Other,,https://ma.linkedin.com/jobs/view/graphic-designer-at-hilton-4385351431,Product Designer,2026-03-18T03:01:39.473430
Graphic Designer,Graphic Designer,SUN PHARMA,Bouskoura,2026-03-12,Other,,https://ma.linkedin.com/jobs/view/graphic-designer-at-sun-pharma-4384595909,Product Designer,2026-03-18T03:01:39.474434
Graphic Designer,Graphic Designer,kenzup,Casablanca,2026-03-16,Other,,https://ma.linkedin.com/jobs/view/graphic-designer-at-kenzup-4386519446,Product Designer,2026-03-18T03:01:39.474434
Graphic Designer,Graphic Designer,Slimstock,Casablanca-Settat,2026-03-11,Other,,https://ma.linkedin.com/jobs/view/graphic-designer-at-slimstock-4382867554,Product Designer,2026-03-18T03:01:39.474434
Offre De Stage Pfe – Designer Ui Ux / Graphique,OFFRE DE STAGE PFE – Designer UI UX / Graphique,LuxTech,Casablanca et périphérie,2026-03-17,Other,,https://ma.linkedin.com/jobs/view/offre-de-stage-pfe-%E2%80%93-designer-ui-ux-graphique-at-luxtech-4384718670,Product Designer,2026-03-18T03:01:39.475436
Graphiste & Motion Designer,Graphiste & Motion Designer,KRUSH AGENCY ⚡️,Casablanca et périphérie,2026-03-16,Other,,https://ma.linkedin.com/jobs/view/graphiste-motion-designer-at-krush-agency-%E2%9A%A1%EF%B8%8F-4384069477,Product Designer,2026-03-18T03:01:39.475436
"Senior Manager, Content, Wama","Senior Manager, Content, WAMA",The Coca-Cola Company,Casablanca-Settat,2026-03-16,Management,,https://ma.linkedin.com/jobs/view/senior-manager-content-wama-at-the-coca-cola-company-4386560121,Product Manager,2026-03-18T03:02:19.472474
"Senior Manager, Shopper, Wama","Senior Manager, Shopper, WAMA",The Coca-Cola Company,Casablanca-Settat,2026-03-17,Management,,https://ma.linkedin.com/jobs/view/senior-manager-shopper-wama-at-the-coca-cola-company-4386760314,Product Manager,2026-03-18T03:02:19.472474
"Senior Manager, Digital, Wama","Senior Manager, Digital, WAMA",The Coca-Cola Company,Casablanca-Settat,2026-03-16,Management,git,https://ma.linkedin.com/jobs/view/senior-manager-digital-wama-at-the-coca-cola-company-4386539864,Product Manager,2026-03-18T03:02:19.473477
"Senior Manager, Indicator Enablement","Senior Manager, Indicator Enablement",Save the Children Colombia,Maroc,2026-03-17,Management,,https://ma.linkedin.com/jobs/view/senior-manager-indicator-enablement-at-save-the-children-colombia-4386974792,Product Manager,2026-03-18T03:02:19.473477
"Senior Manager, Global Change-Scus Fms Transition","Senior Manager, Global Change-SCUS FMS Transition",Save the Children Colombia,Maroc,2026-03-12,Management,,https://ma.linkedin.com/jobs/view/senior-manager-global-change-scus-fms-transition-at-save-the-children-colombia-4385118694,Product Manager,2026-03-18T03:02:19.474477
"Senior Manager, Qse Ops, Mor","Senior Manager, QSE Ops, MOR",The Coca-Cola Company,Casablanca-Settat,2026-03-16,Management,,https://ma.linkedin.com/jobs/view/senior-manager-qse-ops-mor-at-the-coca-cola-company-4386551479,Product Manager,2026-03-18T03:02:19.475475
Brand Manager L'Oréal Dermatological Beauty,Brand Manager L'Oréal Dermatological Beauty,L'Oréal,Maroc,2026-03-13,Management,,https://ma.linkedin.com/jobs/view/brand-manager-l-or%C3%A9al-dermatological-beauty-at-l-or%C3%A9al-4385369990,Product Manager,2026-03-18T03:02:19.475475
Incident Manager Senior (F/H),Incident Manager Senior (F/H),CGI,Casablanca,2026-03-13,Management,,https://ma.linkedin.com/jobs/view/incident-manager-senior-f-h-at-cgi-4385549071,Product Manager,2026-03-18T03:02:19.475475
Senior Government Sales Manager (Emea) - French Speaking,Senior Government Sales Manager (EMEA) - French Speaking,Innovatrics,Casablanca,2026-03-13,Management,,https://ma.linkedin.com/jobs/view/senior-government-sales-manager-emea-french-speaking-at-innovatrics-4383127892,Product Manager,2026-03-18T03:02:19.476475
Senior Key Account Manager,Senior Key Account Manager,Abbott,Casablanca,2026-03-17,Management,,https://ma.linkedin.com/jobs/view/senior-key-account-manager-at-abbott-4383705264,Product Manager,2026-03-18T03:02:19.476475
Senior Delivery Manager - Implementation,Senior Delivery Manager - Implementation,McKinsey & Company,Casablanca,2026-03-17,Management,,https://ma.linkedin.com/jobs/view/senior-delivery-manager-implementation-at-mckinsey-company-4386777802,Product Manager,2026-03-18T03:02:19.476475
Manager Strategic Partners,Manager Strategic Partners,Fever,Casablanca,2026-03-17,Management,,https://ma.linkedin.com/jobs/view/manager-strategic-partners-at-fever-4384488597,Product Manager,2026-03-18T03:02:19.476475
Senior / Sales Manager,Senior / Sales Manager,Hyatt Regency Taghazout,Taghazout,2026-03-12,Management,,https://ma.linkedin.com/jobs/view/senior-sales-manager-at-hyatt-regency-taghazout-4382786017,Product Manager,2026-03-18T03:02:19.477475
Bu Quality Professional -,BU QUALITY PROFESSIONAL -,OPmobility,Tanger,2026-03-12,Other,,https://ma.linkedin.com/jobs/view/bu-quality-professional-at-opmobility-4356751992,Product Manager,2026-03-18T03:02:19.477475
Marketing Manager Oncology & Specialty Care,Marketing Manager Oncology & Specialty Care,GSK,Casablanca,2026-03-17,Management,,https://ma.linkedin.com/jobs/view/marketing-manager-oncology-specialty-care-at-gsk-4386507826,Product Manager,2026-03-18T03:02:19.477475
Senior / Sales Manager,Senior / Sales Manager,Hyatt Regency,Taghazout,2026-03-12,Management,,https://ma.linkedin.com/jobs/view/senior-sales-manager-at-hyatt-regency-4384868393,Product Manager,2026-03-18T03:02:19.477475
"Senior Manager, Marketing Stills, Morocco","Senior Manager, Marketing Stills, Morocco",The Coca-Cola Company,Casablanca-Settat,2026-03-16,Management,,https://ma.linkedin.com/jobs/view/senior-manager-marketing-stills-morocco-at-the-coca-cola-company-4386557220,Product Manager,2026-03-18T03:02:19.478475
Trade Marketing Senior Manager,Trade Marketing Senior Manager,EQUATORIAL COCA-COLA BOTTLING COMPANY - MOROCCO,Casablanca et périphérie,2026-03-13,Management,,https://ma.linkedin.com/jobs/view/trade-marketing-senior-manager-at-equatorial-coca-cola-bottling-company-morocco-4385345718,Product Manager,2026-03-18T03:02:19.478475
📣 Marketing & Communication Manager - Casablanca | Cdi | Temps Plein | Sur Site,📣 Marketing & Communication Manager - Casablanca | CDI | Temps plein | Sur site,Win Win Web,Casablanca,2026-03-16,Management,,https://ma.linkedin.com/jobs/view/%F0%9F%93%A3-marketing-communication-manager-casablanca-cdi-temps-plein-sur-site-at-win-win-web-4386079873,Product Manager,2026-03-18T03:02:19.478475
🚀 Growth & Marketing Manager – E-Commerce,🚀 Growth & Marketing Manager – E-commerce,MyMarket.ma,Casablanca et périphérie,2026-03-13,Management,,https://ma.linkedin.com/jobs/view/%F0%9F%9A%80-growth-marketing-manager-%E2%80%93-e-commerce-at-mymarket-ma-4385588110,Product Manager,2026-03-18T03:02:19.479476
Inside Sales Manager,Inside Sales Manager,Arrow Electronics,Casablanca,2026-03-15,Management,,https://ma.linkedin.com/jobs/view/inside-sales-manager-at-arrow-electronics-4359714113,Product Manager,2026-03-18T03:02:19.479476
Senior Manager - Finance Business Partnering Member Finance,Senior Manager - Finance Business Partnering Member Finance,Save the Children Colombia,Maroc,2026-03-14,Management,,https://ma.linkedin.com/jobs/view/senior-manager-finance-business-partnering-member-finance-at-save-the-children-colombia-4385857113,Product Manager,2026-03-18T03:02:19.479476
Consultant Chef De Projet Senior Dans Le Domaine Moyens De Paiement,Consultant chef de projet senior dans le domaine Moyens de paiement,GEC _ Global Experts Consulting,Casablanca,2026-03-13,Data & AI,,https://ma.linkedin.com/jobs/view/consultant-chef-de-projet-senior-dans-le-domaine-moyens-de-paiement-at-gec-global-experts-consulting-4384239641,Product Manager,2026-03-18T03:02:19.479476
Services Channel Marketing Manager & Amsp Lead,Services Channel Marketing Manager & AMSP Lead,Schneider Electric,Maroc,2026-03-16,Management,,https://ma.linkedin.com/jobs/view/services-channel-marketing-manager-amsp-lead-at-schneider-electric-4385264857,Product Manager,2026-03-18T03:02:19.480475
Project Manager,Chef de Projet AMOA (H/F),CFG Bank,Casablanca,2026-03-17,Management,,https://ma.linkedin.com/jobs/view/chef-de-projet-amoa-h-f-at-cfg-bank-4354460959,Project Manager,2026-03-18T03:02:57.997345
Organization & Transformation Project Manager,Organization & Transformation Project Manager,Ynexis Group,Casablanca et périphérie,2026-03-12,Management,,https://ma.linkedin.com/jobs/view/organization-transformation-project-manager-at-ynexis-group-4384596315,Project Manager,2026-03-18T03:02:57.998346
Project Manager,Chef de projet/Cheffe de projet,Attijariwafa bank,Casablanca et périphérie,2026-03-13,Management,,https://ma.linkedin.com/jobs/view/chef-de-projet-cheffe-de-projet-at-attijariwafa-bank-4385387067,Project Manager,2026-03-18T03:02:57.998346
Project Coordinator (Open To External Applicants),Project Coordinator (Open to External Applicants),UNDP Careers,Rabat,2026-03-13,Management,,https://ma.linkedin.com/jobs/view/project-coordinator-open-to-external-applicants-at-undp-careers-4385175093,Project Manager,2026-03-18T03:02:57.998346
Technical Project Manager With French Language,Technical Project Manager with French Language,Innovatrics,Casablanca,2026-03-13,Management,,https://ma.linkedin.com/jobs/view/technical-project-manager-with-french-language-at-innovatrics-4385327958,Project Manager,2026-03-18T03:02:57.999346
Project Manager Télévente (H/F),Project Manager Télévente (H/F),Orange Maroc,Casablanca-Settat,2026-03-17,Management,,https://ma.linkedin.com/jobs/view/project-manager-t%C3%A9l%C3%A9vente-h-f-at-orange-maroc-4386764536,Project Manager,2026-03-18T03:02:57.999346
Project Manager,Chef de Projet,SQLI,Casablanca,2026-03-13,Management,sql,https://ma.linkedin.com/jobs/view/chef-de-projet-at-sqli-4359644333,Project Manager,2026-03-18T03:02:57.999346
Project Operations Support Coordinator,Project Operations Support Coordinator,AVL,Rabat,2026-03-13,Management,,https://ma.linkedin.com/jobs/view/project-operations-support-coordinator-at-avl-4384244493,Project Manager,2026-03-18T03:02:58.000345
Delivery Manager - Implementation,Delivery Manager - Implementation,McKinsey & Company,Casablanca,2026-03-17,Management,,https://ma.linkedin.com/jobs/view/delivery-manager-implementation-at-mckinsey-company-4386787432,Project Manager,2026-03-18T03:02:58.001346
Manager De Projets Bancaires,Manager de Projets Bancaires,CFG Bank,Casablanca,2026-03-13,Data & AI,,https://ma.linkedin.com/jobs/view/manager-de-projets-bancaires-at-cfg-bank-4320744212,Project Manager,2026-03-18T03:02:58.001346
Project Manager,Chef de projet- Scrum Master,Inetum,Méchouar de Casablanca,2026-03-12,Management,,https://ma.linkedin.com/jobs/view/chef-de-projet-scrum-master-at-inetum-4121290694,Project Manager,2026-03-18T03:02:58.001346
Project Manager,CHEF DE PROJETS OPC/MOEX (H/F),SOCOTEC,Méchouar de Casablanca,2026-03-16,Management,,https://ma.linkedin.com/jobs/view/chef-de-projets-opc-moex-h-f-at-socotec-4375720091,Project Manager,2026-03-18T03:02:58.001346
Project Manager,Chef de Projet FTTH (H/F),SEGULA Technologies,Méchouar de Casablanca,2026-03-17,Management,,https://ma.linkedin.com/jobs/view/chef-de-projet-ftth-h-f-at-segula-technologies-4374295531,Project Manager,2026-03-18T03:02:58.002344
"Project Officer -Individual Contractor
Job Id : 273915","Project Officer -Individual contractor
Job ID : 273915",Urban Resilience Hub by UN-Habitat's CRGP,Rabat,2026-03-11,Management,,https://ma.linkedin.com/jobs/view/project-officer-individual-contractor%0Ajob-id-273915-at-urban-resilience-hub-by-un-habitat-s-crgp-4384126811,Project Manager,2026-03-18T03:02:58.002344
Project Manager,chef de projet matchmaking B2B,BoostCom Agency,Mohammédia,2026-03-13,Management,,https://ma.linkedin.com/jobs/view/chef-de-projet-matchmaking-b2b-at-boostcom-agency-4385338910,Project Manager,2026-03-18T03:02:58.002344
Program Leader,Program Leader,Aptiv,Tanger,2026-03-16,Other,,https://ma.linkedin.com/jobs/view/program-leader-at-aptiv-4358579585,Project Manager,2026-03-18T03:02:58.003344
Project Engineering Manager,Project Engineering Manager,JESA S.A,Casablanca,2026-03-16,Management,,https://ma.linkedin.com/jobs/view/project-engineering-manager-at-jesa-s-a-4334816701,Project Manager,2026-03-18T03:02:58.004344
Responsable De Travaux- Projet Lgv,Responsable de Travaux- Projet LGV,ALTEN MAROC,Rabat,2026-03-13,Other,,https://ma.linkedin.com/jobs/view/responsable-de-travaux-projet-lgv-at-alten-maroc-4381705526,Project Manager,2026-03-18T03:02:58.004344
Transition Manager (H/F),Transition Manager (H/F),Inetum,Méchouar de Casablanca,2026-03-12,Management,,https://ma.linkedin.com/jobs/view/transition-manager-h-f-at-inetum-4124566975,Project Manager,2026-03-18T03:02:58.004344
Chargé D'Affaire Implantation,Chargé d'affaire implantation,ALTEN MAROC,Rabat,2026-03-16,Data & AI,,https://ma.linkedin.com/jobs/view/charg%C3%A9-d-affaire-implantation-at-alten-maroc-4384039562,Project Manager,2026-03-18T03:02:58.005344
Project Manager Engineer,Project Manager Engineer,TE Connectivity,Tanger,2026-03-17,Management,,https://ma.linkedin.com/jobs/view/project-manager-engineer-at-te-connectivity-4386783415,Project Manager,2026-03-18T03:02:58.005344
Program Manager It,Program Manager IT,ALTEN MAROC,Rabat,2026-03-17,Management,,https://ma.linkedin.com/jobs/view/program-manager-it-at-alten-maroc-4384491160,Project Manager,2026-03-18T03:02:58.005344
Project Manager,Chef de Projet Paiement Transverse Santé,BROME Consulting & Technology,Casablanca,2026-03-13,Management,,https://ma.linkedin.com/jobs/view/chef-de-projet-paiement-transverse-sant%C3%A9-at-brome-consulting-technology-4383153328,Project Manager,2026-03-18T03:02:58.006344
Program Manager It,Program Manager IT,ALTEN,Rabat,2026-03-17,Management,,https://ma.linkedin.com/jobs/view/program-manager-it-at-alten-4384479747,Project Manager,2026-03-18T03:02:58.006344
Window Manager / Project Engineer,Window manager / Project Engineer,ALTEN MAROC,Tétouan et périphérie,2026-03-16,Management,,https://ma.linkedin.com/jobs/view/window-manager-project-engineer-at-alten-maroc-4384043244,Project Manager,2026-03-18T03:02:58.006344
Directeur De Projet Sap,Directeur de projet SAP,Inetum,Méchouar de Casablanca,2026-03-13,Other,,https://ma.linkedin.com/jobs/view/directeur-de-projet-sap-at-inetum-4375413089,Project Manager,2026-03-18T03:02:58.007344
Responsable Planning – Planning Manager,Responsable Planning – Planning Manager,SYSTRA Canada,Rabat,2026-03-12,Management,,https://ma.linkedin.com/jobs/view/responsable-planning-%E2%80%93-planning-manager-at-systra-canada-4383927052,Project Manager,2026-03-18T03:02:58.007344
Responsable Projet Industriel Développement F/H - Safran Electronics & Defense Morocco,Responsable Projet Industriel Développement F/H - SAFRAN ELECTRONICS & DEFENSE MOROCCO,AEROCONTACT.COM,Casablanca,2026-03-18,Other,,https://ma.linkedin.com/jobs/view/responsable-projet-industriel-d%C3%A9veloppement-f-h-safran-electronics-defense-morocco-at-aerocontact-4387219233,Project Manager,2026-03-18T03:02:58.008344
Project Manager,Chef de projet AMOA / Monétique,Confidencial,Casablanca et périphérie,2026-03-17,Management,,https://ma.linkedin.com/jobs/view/chef-de-projet-amoa-mon%C3%A9tique-at-confidencial-4386905378,Project Manager,2026-03-18T03:02:58.008344
Chargé(E) De Projet Npi Et Transfert H/F - Groupe Mecachrome,Chargé(e) de projet NPI et transfert H/F - GROUPE MECACHROME,AEROCONTACT.COM,Tanger,2026-03-16,Other,,https://ma.linkedin.com/jobs/view/charg%C3%A9-e-de-projet-npi-et-transfert-h-f-groupe-mecachrome-at-aerocontact-4383782882,Project Manager,2026-03-18T03:02:58.008344
Site Manager (Morocco),Site Manager (Morocco),RINA,Tanger,2026-03-13,Management,,https://ma.linkedin.com/jobs/view/site-manager-morocco-at-rina-4384276790,Project Manager,2026-03-18T03:02:58.009344
Aci Daikin Nl - Team Manager En Mission,ACI Daikin NL - Team manager en mission,Foundever,Agdal Riyad,2026-03-17,Data & AI,,https://ma.linkedin.com/jobs/view/aci-daikin-nl-team-manager-en-mission-at-foundever-4386797728,Project Manager,2026-03-18T03:02:58.010344
Site Performance & Contract Specialist,Site Performance & Contract Specialist,Tractafric Equipment,Casablanca et périphérie,2026-03-12,Other,,https://ma.linkedin.com/jobs/view/site-performance-contract-specialist-at-tractafric-equipment-4384804240,Project Manager,2026-03-18T03:02:58.010344
Engineering Manager,Engineering Manager,Hyatt Place Taghazout Bay,Taghazout,2026-03-12,Management,,https://ma.linkedin.com/jobs/view/engineering-manager-at-hyatt-place-taghazout-bay-4382769704,Project Manager,2026-03-18T03:02:58.011344
Construction Manager,Construction Manager,Thameen Real Estate,Rabat,2026-03-15,Management,,https://ma.linkedin.com/jobs/view/construction-manager-at-thameen-real-estate-4383685381,Project Manager,2026-03-18T03:02:58.011344
Workforce Management Specialist,Workforce Management Specialist,Forterro,Casablanca et périphérie,2026-03-17,Other,,https://ma.linkedin.com/jobs/view/workforce-management-specialist-at-forterro-4381998539,Project Manager,2026-03-18T03:02:58.012344
"Sap Hcm, Ariba Or Technology Consultant","SAP HCM, Ariba or Technology Consultant",SAP,Casablanca,2026-03-13,Other,,https://ma.linkedin.com/jobs/view/sap-hcm-ariba-or-technology-consultant-at-sap-4314773611,Project Manager,2026-03-18T03:02:58.013344
Sub-System Manager,Sub-system Manager,Alstom,Fès,2026-03-11,Management,,https://ma.linkedin.com/jobs/view/sub-system-manager-at-alstom-4381604777,Project Manager,2026-03-18T03:02:58.013344
Mechanical & Electrical Inspector,Mechanical & Electrical Inspector,SGS,Maroc,2026-03-12,Other,,https://ma.linkedin.com/jobs/view/mechanical-electrical-inspector-at-sgs-4383528754,Project Manager,2026-03-18T03:02:58.014344
Pmo,PMO,Inetum,Méchouar de Casablanca,2026-03-12,Other,,https://ma.linkedin.com/jobs/view/pmo-at-inetum-4260244186,Project Manager,2026-03-18T03:03:10.495881
Planner,Planner,Ecolab,Casablanca et périphérie,2026-03-17,Other,,https://ma.linkedin.com/jobs/view/planner-at-ecolab-4384481647,Project Manager,2026-03-18T03:03:10.495881
Project Manager,Chef de Projet Expérience Client,BNP Paribas,Méchouar de Casablanca,2026-03-17,Management,,https://ma.linkedin.com/jobs/view/chef-de-projet-exp%C3%A9rience-client-at-bnp-paribas-4386906215,Project Manager,2026-03-18T03:03:10.495881
Responsable Supply Chain,Responsable Supply Chain,Y STRATEGIE,Casablanca,2026-03-13,Data & AI,,https://ma.linkedin.com/jobs/view/responsable-supply-chain-at-y-strategie-4384276144,Project Manager,2026-03-18T03:03:10.495881
It Tech Team Lead,IT Tech Team Lead,Cnexia,Rabat,2026-03-12,IT & Systems,,https://ma.linkedin.com/jobs/view/it-tech-team-lead-at-cnexia-4384879673,Technical Lead,2026-03-18T03:04:16.085670
Technical Support Manager,Technical Support Manager,Imou,Casablanca et périphérie,2026-03-12,Management,,https://ma.linkedin.com/jobs/view/technical-support-manager-at-imou-4343684477,Technical Lead,2026-03-18T03:04:16.085670
Team Lead Facturation,TEAM LEAD FACTURATION,ManpowerGroup,Casablanca et périphérie,2026-03-17,Other,,https://ma.linkedin.com/jobs/view/team-lead-facturation-at-manpowergroup-4380360498,Technical Lead,2026-03-18T03:04:16.086667
Senior Programmer,Senior Programmer,Calsina Carre Maghreb,Tanger et périphérie,2026-03-12,Other,,https://ma.linkedin.com/jobs/view/senior-programmer-at-calsina-carre-maghreb-4384801521,Technical Lead,2026-03-18T03:04:16.087668
Consultant Salesforce,Consultant Salesforce,MPH Solutions,Rabat,2026-03-17,Other,,https://ma.linkedin.com/jobs/view/consultant-salesforce-at-mph-solutions-4386927283,Technical Lead,2026-03-18T03:04:16.088667
Customer Service Team Lead (Gs),Customer Service Team Lead (GS),Hytech,Casablanca et périphérie,2026-03-17,Other,,https://ma.linkedin.com/jobs/view/customer-service-team-lead-gs-at-hytech-4385901254,Technical Lead,2026-03-18T03:04:16.088667
Software Developer,Développeur logiciel senior,IDEMIA Public Security,Casablanca,2026-03-11,Software Dev,,https://ma.linkedin.com/jobs/view/d%C3%A9veloppeur-logiciel-senior-at-idemia-public-security-4384164211,Technical Lead,2026-03-18T03:04:16.089667
Technical Specialist Italian Speaking H/F - Sala Al Jadida,Technical Specialist Italian Speaking H/F - Sala Al jadida,HCLTech,Rabat,2026-03-18,Other,,https://ma.linkedin.com/jobs/view/technical-specialist-italian-speaking-h-f-sala-al-jadida-at-hcltech-4386806541,Technical Lead,2026-03-18T03:04:16.089667
Fleet Technical Manager F/H - Safran Aircraft Engines,Fleet Technical Manager F/H - SAFRAN AIRCRAFT ENGINES,AEROCONTACT.COM,Nouaceur,2026-03-16,Data & AI,,https://ma.linkedin.com/jobs/view/fleet-technical-manager-f-h-safran-aircraft-engines-at-aerocontact-4386512294,Technical Lead,2026-03-18T03:04:16.090667
Mid Market Account Executive (French Speaker),Mid Market Account Executive (French speaker),Infobip,Méchouar de Casablanca,2026-03-12,Other,,https://ma.linkedin.com/jobs/view/mid-market-account-executive-french-speaker-at-infobip-4383504189,Technical Lead,2026-03-18T03:04:16.090667
Maintenance Supervisor   – Wiring Harness Brownfield/Greenfield Plant,Maintenance Supervisor   – Wiring harness brownfield/greenfield plant,PKC Group,Kénitra,2026-03-13,Data & AI,,https://ma.linkedin.com/jobs/view/maintenance-supervisor-%E2%80%93-wiring-harness-brownfield-greenfield-plant-at-pkc-group-4385366928,Technical Lead,2026-03-18T03:04:16.090667
Process Manager,Process Manager,Givaudan,Casablanca,2026-03-14,Management,,https://ma.linkedin.com/jobs/view/process-manager-at-givaudan-4367293218,Technical Lead,2026-03-18T03:04:16.091667
Tech Lead,TECH LEAD,La Marocaine Vie,Casablanca et périphérie,2026-03-13,Other,,https://ma.linkedin.com/jobs/view/tech-lead-at-la-marocaine-vie-4383139863,Technical Lead,2026-03-18T03:04:16.091667
Technical Lead Java,Technical Lead JAVA,INTELCIA,Rabat,2026-03-17,Other,java,https://ma.linkedin.com/jobs/view/technical-lead-java-at-intelcia-4385665833,Technical Lead,2026-03-18T03:04:16.092667
Applied Technical Solutions - Repair Lead Design Engineer,Applied Technical Solutions - Repair Lead Design Engineer,Siemens Energy,Tanger,2026-03-12,Data & AI,,https://ma.linkedin.com/jobs/view/applied-technical-solutions-repair-lead-design-engineer-at-siemens-energy-4383265369,Technical Lead,2026-03-18T03:04:16.092667
Technical Lead (Java/React) (H/F),Technical Lead (Java/React) (H/F),Devoteam,Casablanca,2026-03-13,Other,"react, java",https://ma.linkedin.com/jobs/view/technical-lead-java-react-h-f-at-devoteam-4374388741,Technical Lead,2026-03-18T03:04:16.092667
Subsystem Technical Leader Automobile - Tôlerie & Plastique,Subsystem Technical Leader Automobile - Tôlerie & Plastique,SEGULA Technologies,Méchouar de Casablanca,2026-03-11,IT & Systems,,https://ma.linkedin.com/jobs/view/subsystem-technical-leader-automobile-t%C3%B4lerie-plastique-at-segula-technologies-4351441543,Technical Lead,2026-03-18T03:04:16.093669
"Specialist, Analytical Research","Specialist, Analytical Research",Hikma Pharmaceuticals,Casablanca,2026-03-14,Other,,https://ma.linkedin.com/jobs/view/specialist-analytical-research-at-hikma-pharmaceuticals-4383649409,Technical Lead,2026-03-18T03:04:16.093669
Electrical Technician,Electrical Technician,Mondelēz International,Méchouar de Casablanca,2026-03-18,Other,,https://ma.linkedin.com/jobs/view/electrical-technician-at-mondel%C4%93z-international-4384762132,Technical Lead,2026-03-18T03:04:16.094673
Process Sid Engineer/Specialist,Process SID Engineer/Specialist,JESA S.A,Casablanca,2026-03-14,Other,,https://ma.linkedin.com/jobs/view/process-sid-engineer-specialist-at-jesa-s-a-4334855990,Technical Lead,2026-03-18T03:04:16.094673
Technical Specialist (French & English) Speaking H/F - Sala Al Jadida,Technical Specialist (French & English) Speaking H/F - Sala Al jadida,HCLTech,Rabat,2026-03-18,Other,,https://ma.linkedin.com/jobs/view/technical-specialist-french-english-speaking-h-f-sala-al-jadida-at-hcltech-4386806562,Technical Lead,2026-03-18T03:04:42.390109
[Maroc][Casablanca] Manager Technique Odoo H/F,[MAROC][CASABLANCA] Manager Technique Odoo H/F,Smile,Casablanca,2026-03-14,Management,,https://ma.linkedin.com/jobs/view/maroc-casablanca-manager-technique-odoo-h-f-at-smile-4275366055,Engineering Manager,2026-03-18T03:04:55.751170
Senior Lead Java - Spring,Senior Lead Java - Spring,Adria Business & Technology,Casablanca-Settat,2026-03-12,Other,java,https://ma.linkedin.com/jobs/view/senior-lead-java-spring-at-adria-business-technology-4383019015,Engineering Manager,2026-03-18T03:04:55.752171
Head Of  Bos Integrated Services Hub 1,Head of  BOS Integrated Services Hub 1,Ericsson,Casablanca et périphérie,2026-03-12,Other,,https://ma.linkedin.com/jobs/view/head-of-bos-integrated-services-hub-1-at-ericsson-4383535759,Engineering Manager,2026-03-18T03:04:55.752171
Hv Senior Process Engineer,HV Senior Process Engineer,Aptiv,Maroc,2026-03-14,Other,,https://ma.linkedin.com/jobs/view/hv-senior-process-engineer-at-aptiv-4367329103,Engineering Manager,2026-03-18T03:04:55.754167
Senior Sales Engineer,Senior Sales Engineer,Infoblox,Maroc,2026-03-13,Other,,https://ma.linkedin.com/jobs/view/senior-sales-engineer-at-infoblox-4373116844,Engineering Manager,2026-03-18T03:04:55.754167
Senior Process Engineer,Senior Process Engineer,Aptiv,Maroc,2026-03-13,Other,,https://ma.linkedin.com/jobs/view/senior-process-engineer-at-aptiv-4367324123,Engineering Manager,2026-03-18T03:04:55.755168
Manufacturing Engineer (Process),MANUFACTURING ENGINEER (Process),TE Connectivity,Tanger,2026-03-13,Other,,https://ma.linkedin.com/jobs/view/manufacturing-engineer-process-at-te-connectivity-4339179195,Engineering Manager,2026-03-18T03:04:55.755168
Manufacturing Process Engineer,Manufacturing Process Engineer,TE Connectivity,Tanger,2026-03-13,Other,,https://ma.linkedin.com/jobs/view/manufacturing-process-engineer-at-te-connectivity-4385504194,Engineering Manager,2026-03-18T03:04:55.755168
Lead Of Data Engineering - Theodo Maroc,Lead of Data Engineering - Theodo Maroc,Theodo,Casablanca,2026-03-13,Data & AI,,https://ma.linkedin.com/jobs/view/lead-of-data-engineering-theodo-maroc-at-theodo-4385353295,Engineering Manager,2026-03-18T03:04:55.756170
Commissioning & Start-Up Engineer (Filtration / Process Systems),Commissioning & Start-Up Engineer (Filtration / Process Systems),Pall Corporation,Maroc,2026-03-12,IT & Systems,,https://ma.linkedin.com/jobs/view/commissioning-start-up-engineer-filtration-process-systems-at-pall-corporation-4349474194,Engineering Manager,2026-03-18T03:04:55.757170
Supply Chain Process Engineer,Supply Chain Process Engineer,Procter & Gamble,Casablanca,2026-03-12,Data & AI,,https://ma.linkedin.com/jobs/view/supply-chain-process-engineer-at-procter-gamble-4383026689,Engineering Manager,2026-03-18T03:04:55.757170
Hardware Engineer,Hardware engineer,ALTEN MAROC,Rabat,2026-03-13,Other,,https://ma.linkedin.com/jobs/view/hardware-engineer-at-alten-maroc-4375958597,Hardware Engineer,2026-03-18T03:06:30.129867
Senior Hardware Engineer,Senior Hardware Engineer,ALTEN,Rabat,2026-03-17,Other,,https://ma.linkedin.com/jobs/view/senior-hardware-engineer-at-alten-4384481669,Hardware Engineer,2026-03-18T03:06:30.130868
Senior Hardware Engineer,Senior Hardware Engineer,ALTEN MAROC,Rabat,2026-03-17,Other,,https://ma.linkedin.com/jobs/view/senior-hardware-engineer-at-alten-maroc-4384481674,Hardware Engineer,2026-03-18T03:06:30.130868
Ingénieur Moyens Et Outillages F/H - Safran Electronics & Defense Morocco,Ingénieur moyens et outillages F/H - SAFRAN ELECTRONICS & DEFENSE MOROCCO,AEROCONTACT.COM,Méchouar de Casablanca,2026-03-17,Other,,https://ma.linkedin.com/jobs/view/ing%C3%A9nieur-moyens-et-outillages-f-h-safran-electronics-defense-morocco-at-aerocontact-4384346400,Hardware Engineer,2026-03-18T03:06:42.958356
Responsable Unité Autonome De Production F/H - Safran Electronics & Defense Morocco,Responsable Unité Autonome de Production F/H - SAFRAN ELECTRONICS & DEFENSE MOROCCO,AEROCONTACT.COM,Casablanca,2026-03-14,Management,,https://ma.linkedin.com/jobs/view/responsable-unit%C3%A9-autonome-de-production-f-h-safran-electronics-defense-morocco-at-aerocontact-4385875830,Hardware Engineer,2026-03-18T03:06:42.959356
Purchaser,Purchaser,Hirschmann Automotive,Kénitra,2026-03-12,Other,,https://ma.linkedin.com/jobs/view/purchaser-at-hirschmann-automotive-4384598727,Hardware Engineer,2026-03-18T03:06:42.961354
Ingénieur Automatisation,Ingénieur automatisation,ALTEN MAROC,Rabat,2026-03-16,Other,,https://ma.linkedin.com/jobs/view/ing%C3%A9nieur-automatisation-at-alten-maroc-4384027973,Robotics Engineer,2026-03-18T03:07:08.273796
Ingénieur Automaticien,Ingénieur automaticien,EPIK CONSULTING,Mohammédia,2026-03-17,Other,,https://ma.linkedin.com/jobs/view/ing%C3%A9nieur-automaticien-at-epik-consulting-4384482808,Robotics Engineer,2026-03-18T03:07:08.280793
Ingénieur Télécom N1 Junior - Audit & Contrôle Référentiels Ftth,Ingénieur Télécom N1 Junior - Audit & Contrôle Référentiels FTTH,Intelcia Tech,Casablanca-Settat,2026-03-17,IT & Systems,,https://ma.linkedin.com/jobs/view/ing%C3%A9nieur-t%C3%A9l%C3%A9com-n1-junior-audit-contr%C3%B4le-r%C3%A9f%C3%A9rentiels-ftth-at-intelcia-tech-4386734839,Robotics Engineer,2026-03-18T03:07:08.304793
Véhicule Homologation,Véhicule Homologation,SEGULA Technologies,Méchouar de Casablanca,2026-03-14,Other,,https://ma.linkedin.com/jobs/view/v%C3%A9hicule-homologation-at-segula-technologies-4383646742,Robotics Engineer,2026-03-18T03:07:20.288260
Operators,Operators,STMicroelectronics,Bouskoura,2026-03-14,Other,,https://ma.linkedin.com/jobs/view/operators-at-stmicroelectronics-4371870641,Robotics Engineer,2026-03-18T03:07:20.290258
Responsable D'Achat - Véhicules D'Occasions,Responsable d'Achat - Véhicules d'Occasions,AUTO24.africa,Casablanca,2026-03-13,Other,,https://ma.linkedin.com/jobs/view/responsable-d-achat-v%C3%A9hicules-d-occasions-at-auto24-africa-4385337586,Robotics Engineer,2026-03-18T03:07:20.292260
Chef Des Ventes - Véhicules D'Occasions,Chef des Ventes - Véhicules d'Occasions,AUTO24.africa,Casablanca,2026-03-13,Other,,https://ma.linkedin.com/jobs/view/chef-des-ventes-v%C3%A9hicules-d-occasions-at-auto24-africa-4385337474,Robotics Engineer,2026-03-18T03:07:20.294260
Stagiaire Pfe - Informatique Web Dev - Eleve Ingenieur  ( Ref 10612 ),Stagiaire PFE - Informatique WEB DEV - Eleve Ingenieur  ( ref 10612 ),STMicroelectronics,Bouskoura,2026-03-17,Data & AI,,https://ma.linkedin.com/jobs/view/stagiaire-pfe-informatique-web-dev-eleve-ingenieur-ref-10612-at-stmicroelectronics-4386725003,IT Engineer,2026-03-18T03:11:00.511393
Consultant Fonctionnel Sage 1000 (H/F),Consultant Fonctionnel Sage 1000 (H/F),Inetum,Méchouar de Casablanca,2026-03-12,Other,,https://ma.linkedin.com/jobs/view/consultant-fonctionnel-sage-1000-h-f-at-inetum-4359986537,IT Consultant,2026-03-18T03:11:37.251168
Consultant Infrastructure Réseau (H/F),Consultant Infrastructure Réseau (H/F),Devoteam,Rabat,2026-03-17,DevOps & Cloud,,https://ma.linkedin.com/jobs/view/consultant-infrastructure-r%C3%A9seau-h-f-at-devoteam-4345850798,IT Consultant,2026-03-18T03:11:37.252167
Consultant Sirh,Consultant SIRH,Tractafric Equipment,Casablanca-Settat,2026-03-11,Other,,https://ma.linkedin.com/jobs/view/consultant-sirh-at-tractafric-equipment-4371018300,IT Consultant,2026-03-18T03:11:37.253167
Business Relationship Manager,Business Relationship Manager,Leyton,Casablanca,2026-03-17,Management,,https://ma.linkedin.com/jobs/view/business-relationship-manager-at-leyton-4321183692,IT Consultant,2026-03-18T03:11:37.254168
Stagiaire Pré-Embauche_Consultant Technico-Fonctionnel Microsoft Dynamics 365 Crm & Power Platform,Stagiaire pré-embauche_Consultant Technico-Fonctionnel Microsoft Dynamics 365 CRM & Power Platform,Inetum,Méchouar de Casablanca,2026-03-12,Data & AI,,https://ma.linkedin.com/jobs/view/stagiaire-pr%C3%A9-embauche-consultant-technico-fonctionnel-microsoft-dynamics-365-crm-power-platform-at-inetum-4346278270,IT Consultant,2026-03-18T03:11:37.257167
Anaplan Consultant - Morocco,Anaplan Consultant - Morocco,Bedford Consulting,Casablanca-Settat,2026-03-12,Other,,https://ma.linkedin.com/jobs/view/anaplan-consultant-morocco-at-bedford-consulting-4364343332,IT Consultant,2026-03-18T03:11:37.257167
Expert Cloud,Expert Cloud,Inetum,Méchouar de Casablanca,2026-03-12,DevOps & Cloud,,https://ma.linkedin.com/jobs/view/expert-cloud-at-inetum-4305584787,IT Consultant,2026-03-18T03:11:37.258165
Consultant Liferay,Consultant Liferay,Inetum,Méchouar de Casablanca,2026-03-12,Other,,https://ma.linkedin.com/jobs/view/consultant-liferay-at-inetum-4346168439,IT Consultant,2026-03-18T03:11:37.260164
Consultant Fonctionnel Dynamics 365 F&O,Consultant fonctionnel Dynamics 365 F&O,Inetum,Méchouar de Casablanca,2026-03-12,Other,,https://ma.linkedin.com/jobs/view/consultant-fonctionnel-dynamics-365-f-o-at-inetum-4335485721,IT Consultant,2026-03-18T03:11:37.260164
Consultant Expérimenté Oracle Cloud Erp,Consultant Expérimenté Oracle Cloud ERP,Deloitte,Méchouar de Casablanca,2026-03-13,DevOps & Cloud,,https://ma.linkedin.com/jobs/view/consultant-exp%C3%A9riment%C3%A9-oracle-cloud-erp-at-deloitte-4331053493,IT Consultant,2026-03-18T03:11:37.262164
Consultant Epm Anaplan,Consultant EPM ANAPLAN,Deloitte,Méchouar de Casablanca,2026-03-12,Other,,https://ma.linkedin.com/jobs/view/consultant-epm-anaplan-at-deloitte-4373351088,IT Consultant,2026-03-18T03:11:37.263164
Consultant Technico‑Fonctionnel Windev,Consultant technico‑fonctionnel WinDev,Forterro,Casablanca et périphérie,2026-03-16,Other,,https://ma.linkedin.com/jobs/view/consultant-technico%E2%80%91fonctionnel-windev-at-forterro-4386377301,IT Consultant,2026-03-18T03:11:37.264164
Consultant Commercial & Business Developer (Services It & Conseil),Consultant Commercial & Business Developer (Services IT & Conseil),ITCYBER HOSPITALITY,Marrakech,2026-03-17,Software Dev,,https://ma.linkedin.com/jobs/view/consultant-commercial-business-developer-services-it-conseil-at-itcyber-hospitality-4350776266,IT Consultant,2026-03-18T03:11:37.265164
