title,company,location,date_posted,job_url,search_keyword,scraped_at
Data Scientist (H/F),Orange Maroc,"Casablanca-Settat, Maroc",2026-03-17,https://ma.linkedin.com/jobs/view/data-scientist-h-f-at-orange-maroc-4386759776,Data Scientist,2026-03-18T02:30:52.381834
Data Scientist / IA / ML,Capgemini,"Casablanca, Casablanca-Settat, Maroc",2026-03-13,https://ma.linkedin.com/jobs/view/data-scientist-ia-ml-at-capgemini-4383165147,Data Scientist,2026-03-18T02:30:52.382837
AI & Data Scientist,Capgemini Engineering,"Casablanca, Casablanca-Settat, Maroc",2026-03-13,https://ma.linkedin.com/jobs/view/ai-data-scientist-at-capgemini-engineering-4385199908,Data Scientist,2026-03-18T02:30:52.382837
R&D Engineer,ALTEN MAROC,"Fès, Fès-Meknès, Maroc",2026-03-13,https://ma.linkedin.com/jobs/view/r-d-engineer-at-alten-maroc-4382050487,Data Scientist,2026-03-18T02:30:52.383835
Data Scientist Senior,Astek,Casablanca et périphérie,2026-03-11,https://ma.linkedin.com/jobs/view/data-scientist-senior-at-astek-4382866252,Data Scientist,2026-03-18T02:30:52.383835
AI Training Experts - Casablanca,Prolific,Maroc,2026-03-13,https://ma.linkedin.com/jobs/view/ai-training-experts-casablanca-at-prolific-4367158887,Data Scientist,2026-03-18T02:30:52.383835
AI & Automation Intern,Renew Capital,Maroc,2026-03-16,https://ma.linkedin.com/jobs/view/ai-automation-intern-at-renew-capital-4386325350,Data Scientist,2026-03-18T02:30:52.384833
Manager Data Scientist - Casablanca,Artefact,Casablanca et périphérie,2026-03-14,https://ma.linkedin.com/jobs/view/manager-data-scientist-casablanca-at-artefact-3928981813,Data Scientist,2026-03-18T02:30:52.384833
Sénior AI Machine Learning Engineer,Astek,Casablanca et périphérie,2026-03-11,https://ma.linkedin.com/jobs/view/s%C3%A9nior-ai-machine-learning-engineer-at-astek-4382869225,Data Scientist,2026-03-18T02:30:52.384833
Data Scientist Expert,Capgemini Engineering,"Casablanca, Casablanca-Settat, Maroc",2026-03-13,https://ma.linkedin.com/jobs/view/data-scientist-expert-at-capgemini-engineering-4385303584,Data Scientist,2026-03-18T02:30:52.384833
AI Engineer / Data Scientist Expérimenté F/H,Deloitte,"Méchouar de Casablanca, Casablanca-Settat, Maroc",2026-03-11,https://ma.linkedin.com/jobs/view/ai-engineer-data-scientist-exp%C3%A9riment%C3%A9-f-h-at-deloitte-4301694732,Data Scientist,2026-03-18T02:30:52.385834
Associate Data Science Manager,Leyton,"Casablanca, Casablanca-Settat, Maroc",2026-03-17,https://ma.linkedin.com/jobs/view/associate-data-science-manager-at-leyton-4321201825,Data Scientist,2026-03-18T02:30:52.385834
Senior Data Scientist - Casablanca,Artefact,Casablanca et périphérie,2026-03-14,https://ma.linkedin.com/jobs/view/senior-data-scientist-casablanca-at-artefact-3776222663,Data Scientist,2026-03-18T02:30:52.385834
Data Scientist Sénior Python/GCP,SQLI,"Oujda, Oriental, Maroc",2026-03-11,https://ma.linkedin.com/jobs/view/data-scientist-s%C3%A9nior-python-gcp-at-sqli-4366635304,Data Scientist,2026-03-18T02:30:52.386835
GTI -  Postdoctoral Researcher – AI/ML for Energy Systems,UM6P - University Mohammed VI Polytechnic,Maroc,2026-03-15,https://ma.linkedin.com/jobs/view/gti-postdoctoral-researcher-%E2%80%93-ai-ml-for-energy-systems-at-um6p-university-mohammed-vi-polytechnic-4386019055,Data Scientist,2026-03-18T02:30:52.386835
Manager AI Factory,Orange Business,"Casablanca-Settat, Maroc",2026-03-17,https://ma.linkedin.com/jobs/view/manager-ai-factory-at-orange-business-4330828637,Data Scientist,2026-03-18T02:30:52.386835
IA Software Engineer (F/H),Deloitte,"Méchouar de Casablanca, Casablanca-Settat, Maroc",2026-03-12,https://ma.linkedin.com/jobs/view/ia-software-engineer-f-h-at-deloitte-4383923128,Data Scientist,2026-03-18T02:30:52.387835
Ingénieur Engineering (Conception Système),Scalian,"Méchouar de Casablanca, Casablanca-Settat, Maroc",2026-03-12,https://ma.linkedin.com/jobs/view/ing%C3%A9nieur-engineering-conception-syst%C3%A8me-at-scalian-4384807592,Data Scientist,2026-03-18T02:30:52.387835
Ingénieur Engineering (Conception Système),Scalian,"Méchouar de Casablanca, Casablanca-Settat, Maroc",2026-03-12,https://ma.linkedin.com/jobs/view/ing%C3%A9nieur-engineering-conception-syst%C3%A8me-at-scalian-4384813196,Data Scientist,2026-03-18T02:30:52.388838
DATA DESIGN & DEVELOPMENT ENGINEER (BI/ML/DS),RIBATIS,"Casablanca, Casablanca-Settat, Maroc",2026-03-13,https://ma.linkedin.com/jobs/view/data-design-development-engineer-bi-ml-ds-at-ribatis-4384245457,Data Scientist,2026-03-18T02:30:52.389835
Software Engineer (Trajectory Generation) - Remote,Taskify AI,Maroc,2026-03-16,https://ma.linkedin.com/jobs/view/software-engineer-trajectory-generation-remote-at-taskify-ai-4386503077,Data Scientist,2026-03-18T02:30:52.389835
Senior AI Data Engineer (Microsoft Fabric & Azure),Exakis Nelite,Casablanca et périphérie,2026-03-17,https://ma.linkedin.com/jobs/view/senior-ai-data-engineer-microsoft-fabric-azure-at-exakis-nelite-4386783290,Data Scientist,2026-03-18T02:30:52.389835
Performance Analyst,LabelVie,Casablanca et périphérie,2026-03-17,https://ma.linkedin.com/jobs/view/performance-analyst-at-labelvie-4384473599,Data Scientist,2026-03-18T02:30:52.390835
Software Engineer (MAUI / Mobile),Forterro,"Casablanca, Casablanca-Settat, Maroc",2026-03-13,https://ma.linkedin.com/jobs/view/software-engineer-maui-mobile-at-forterro-4385360484,Data Scientist,2026-03-18T02:30:52.390835
QA Developer,GO & DEV,"Rabat, Rabat-Salé-Kénitra, Maroc",2026-03-17,https://ma.linkedin.com/jobs/view/qa-developer-at-go-dev-4385690587,Data Scientist,2026-03-18T02:30:52.391836
Software Engineer (MAUI / Mobile),Myfactory,"Casablanca, Casablanca-Settat, Maroc",2026-03-13,https://ma.linkedin.com/jobs/view/software-engineer-maui-mobile-at-myfactory-international-gmbh-4385534164,Data Scientist,2026-03-18T02:30:52.391836
Expert technique en tests automatisés,GEC _ Global Experts Consulting,"Casablanca, Casablanca-Settat, Maroc",2026-03-16,https://ma.linkedin.com/jobs/view/expert-technique-en-tests-automatis%C3%A9s-at-gec-global-experts-consulting-4384986937,Data Scientist,2026-03-18T02:30:52.391836
COLCOM - Postdoctoral Fellow in Machine Learning,UM6P - University Mohammed VI Polytechnic,Maroc,2026-03-15,https://ma.linkedin.com/jobs/view/colcom-postdoctoral-fellow-in-machine-learning-at-um6p-university-mohammed-vi-polytechnic-4386005713,Data Scientist,2026-03-18T02:30:52.392836
"Manager, Data, Insights & Analytics, Morocco",The Coca-Cola Company,"Casablanca-Settat, Maroc",2026-03-16,https://ma.linkedin.com/jobs/view/manager-data-insights-analytics-morocco-at-the-coca-cola-company-4386544644,Data Scientist,2026-03-18T02:30:52.392836
Software Engineer (MAUI / Mobile),Abas Ibérica,"Casablanca, Casablanca-Settat, Maroc",2026-03-13,https://ma.linkedin.com/jobs/view/software-engineer-maui-mobile-at-abas-ib%C3%A9rica-4385553664,Data Scientist,2026-03-18T02:30:52.393835
"GSMI - Post-Doctoral Researcher in AI, Autonomy and Digital Platforms for Drones",UM6P - University Mohammed VI Polytechnic,Maroc,2026-03-15,https://ma.linkedin.com/jobs/view/gsmi-post-doctoral-researcher-in-ai-autonomy-and-digital-platforms-for-drones-at-um6p-university-mohammed-vi-polytechnic-4386015175,Data Scientist,2026-03-18T02:30:52.393835
Postdoctoral Researcher in Artificial Intelligence – Large Language Models and BDI Systems,UM6P - University Mohammed VI Polytechnic,Maroc,2026-03-15,https://ma.linkedin.com/jobs/view/postdoctoral-researcher-in-artificial-intelligence-%E2%80%93-large-language-models-and-bdi-systems-at-um6p-university-mohammed-vi-polytechnic-4386013454,Data Scientist,2026-03-18T02:30:52.393835
Ingénieur Full Stack (H/F),Deloitte,"Méchouar de Casablanca, Casablanca-Settat, Maroc",2026-03-12,https://ma.linkedin.com/jobs/view/ing%C3%A9nieur-full-stack-h-f-at-deloitte-4373330785,Data Scientist,2026-03-18T02:30:52.394838
"MSN - Postdoc Researcher, Mineral Processing, Battery Materials, & Sustainable Process Engineering",UM6P - University Mohammed VI Polytechnic,Maroc,2026-03-15,https://ma.linkedin.com/jobs/view/msn-postdoc-researcher-mineral-processing-battery-materials-sustainable-process-engineering-at-um6p-university-mohammed-vi-polytechnic-4386007648,Data Scientist,2026-03-18T02:30:52.394838
GSMI - Postdoctoral Researcher in Photovoltaic System Performance,UM6P - University Mohammed VI Polytechnic,Maroc,2026-03-15,https://ma.linkedin.com/jobs/view/gsmi-postdoctoral-researcher-in-photovoltaic-system-performance-at-um6p-university-mohammed-vi-polytechnic-4386021000,Data Scientist,2026-03-18T02:30:52.395835
Embedded Software Development Engineer,indie.inc,"Rabat, Rabat-Salé-Kénitra, Maroc",2026-03-17,https://ma.linkedin.com/jobs/view/embedded-software-development-engineer-at-indie-inc-4311181038,Data Scientist,2026-03-18T02:30:52.395835
Data Engineer – Data Platform & Analytics,Yakeey,"Casablanca, Casablanca-Settat, Maroc",2026-03-16,https://ma.linkedin.com/jobs/view/data-engineer-%E2%80%93-data-platform-analytics-at-yakeey-4385247631,Data Scientist,2026-03-18T02:30:52.396835
Exciting Internship Opportunity at APM Terminals Tangier in IT,APM Terminals,Tanger et périphérie,2026-03-17,https://ma.linkedin.com/jobs/view/exciting-internship-opportunity-at-apm-terminals-tangier-in-it-at-apm-terminals-4386929440,Data Scientist,2026-03-18T02:30:52.396835
Expert technique en tests automatisés,GEC _ Global Experts Consulting,"Casablanca, Casablanca-Settat, Maroc",2026-03-13,https://ma.linkedin.com/jobs/view/expert-technique-en-tests-automatis%C3%A9s-at-gec-global-experts-consulting-4384245453,Data Scientist,2026-03-18T02:30:52.396835
Expert technique en tests automatisés,GEC _ Global Experts Consulting,"Casablanca, Casablanca-Settat, Maroc",2026-03-12,https://ma.linkedin.com/jobs/view/expert-technique-en-tests-automatis%C3%A9s-at-gec-global-experts-consulting-4383900106,Data Scientist,2026-03-18T02:30:52.397835
COLCOM - Postdoctoral Researcher in Machine Learning for Energy Efficient IoT Networks,UM6P - University Mohammed VI Polytechnic,Maroc,2026-03-15,https://ma.linkedin.com/jobs/view/colcom-postdoctoral-researcher-in-machine-learning-for-energy-efficient-iot-networks-at-um6p-university-mohammed-vi-polytechnic-4386020022,Data Scientist,2026-03-18T02:30:52.397835
CBS - Postdoctoral Researcher in Reverse Osmosis Membrane Cleaning and Fouling Control,UM6P - University Mohammed VI Polytechnic,Maroc,2026-03-15,https://ma.linkedin.com/jobs/view/cbs-postdoctoral-researcher-in-reverse-osmosis-membrane-cleaning-and-fouling-control-at-um6p-university-mohammed-vi-polytechnic-4386001849,Data Scientist,2026-03-18T02:30:52.398835
Tech Lead Engineer,Y STRATEGIE,Casablanca et périphérie,2026-03-17,https://ma.linkedin.com/jobs/view/tech-lead-engineer-at-y-strategie-4384461706,Data Scientist,2026-03-18T02:30:52.398835
Software Engineer (MAUI / Mobile),Forterro,Casablanca et périphérie,2026-03-13,https://ma.linkedin.com/jobs/view/software-engineer-maui-mobile-at-forterro-4385365398,Data Scientist,2026-03-18T02:30:52.398835
"CBS - Postdoctoral Position, Artificial Intelligence Applied to Multi-Omics Data Integration",UM6P - University Mohammed VI Polytechnic,Maroc,2026-03-15,https://ma.linkedin.com/jobs/view/cbs-postdoctoral-position-artificial-intelligence-applied-to-multi-omics-data-integration-at-um6p-university-mohammed-vi-polytechnic-4386000793,Data Scientist,2026-03-18T02:30:52.399836
Ingénieur APEX,Confidentiel,"Casablanca-Settat, Maroc",2026-03-11,https://ma.linkedin.com/jobs/view/ing%C3%A9nieur-apex-at-confidentiel-4382579289,Data Scientist,2026-03-18T02:30:52.399836
Expert technique en tests automatisés,GEC _ Global Experts Consulting,"Casablanca, Casablanca-Settat, Maroc",2026-03-13,https://ma.linkedin.com/jobs/view/expert-technique-en-tests-automatis%C3%A9s-at-gec-global-experts-consulting-4384255101,Data Scientist,2026-03-18T02:30:52.400836
Tech Lead – Fullstack (Python / React ) – Casablanca,Xpertize Africa,"Casablanca-Settat, Maroc",2026-03-13,https://ma.linkedin.com/jobs/view/tech-lead-%E2%80%93-fullstack-python-react-%E2%80%93-casablanca-at-xpertize-africa-4383088829,Data Scientist,2026-03-18T02:30:52.400836
Offre de stage à Tétouan,HB DEVELOPMENT,Tétouan et périphérie,2026-03-17,https://ma.linkedin.com/jobs/view/offre-de-stage-%C3%A0-t%C3%A9touan-at-hb-development-4384494842,Data Scientist,2026-03-18T02:30:52.401839
Développeur Low Code,Inetum,"Méchouar de Casablanca, Casablanca-Settat, Maroc",2026-03-12,https://ma.linkedin.com/jobs/view/d%C3%A9veloppeur-low-code-at-inetum-4179156634,Data Scientist,2026-03-18T02:30:52.402837
GSMI - Postdoctoral Researcher in Design Fabrication and Testing of Bio-Inspired Drones,UM6P - University Mohammed VI Polytechnic,Maroc,2026-03-15,https://ma.linkedin.com/jobs/view/gsmi-postdoctoral-researcher-in-design-fabrication-and-testing-of-bio-inspired-drones-at-um6p-university-mohammed-vi-polytechnic-4386016179,Data Scientist,2026-03-18T02:30:52.403836
GSMI - Postdoctoral Researcher in Plant Ecology & Soil-Plant Interactions in Vegetated Photovoltaic,UM6P - University Mohammed VI Polytechnic,Maroc,2026-03-15,https://ma.linkedin.com/jobs/view/gsmi-postdoctoral-researcher-in-plant-ecology-soil-plant-interactions-in-vegetated-photovoltaic-at-um6p-university-mohammed-vi-polytechnic-4386001842,Data Scientist,2026-03-18T02:30:52.403836
Expert technique en tests automatisés,GEC _ Global Experts Consulting,"Casablanca, Casablanca-Settat, Maroc",2026-03-18,https://ma.linkedin.com/jobs/view/expert-technique-en-tests-automatis%C3%A9s-at-gec-global-experts-consulting-4386803161,Data Scientist,2026-03-18T02:30:52.404837
Expert technique en tests automatisés,GEC _ Global Experts Consulting,"Casablanca, Casablanca-Settat, Maroc",2026-03-18,https://ma.linkedin.com/jobs/view/expert-technique-en-tests-automatis%C3%A9s-at-gec-global-experts-consulting-4386486907,Data Scientist,2026-03-18T02:30:52.405838
COLCOM - Post Doc Position at College of Computing,UM6P - University Mohammed VI Polytechnic,Maroc,2026-03-15,https://ma.linkedin.com/jobs/view/colcom-post-doc-position-at-college-of-computing-at-um6p-university-mohammed-vi-polytechnic-4386003740,Data Scientist,2026-03-18T02:30:52.405838
Ingénieur Validation & Vérification (V&V),Scalian,"Méchouar de Casablanca, Casablanca-Settat, Maroc",2026-03-12,https://ma.linkedin.com/jobs/view/ing%C3%A9nieur-validation-v%C3%A9rification-v-v-at-scalian-4384807598,Data Scientist,2026-03-18T02:30:52.406834
Expert technique en tests automatisés,GEC _ Global Experts Consulting,"Casablanca, Casablanca-Settat, Maroc",2026-03-13,https://ma.linkedin.com/jobs/view/expert-technique-en-tests-automatis%C3%A9s-at-gec-global-experts-consulting-4384236917,Data Scientist,2026-03-18T02:30:52.408842
Ingénieur Validation & Vérification (V&V),Scalian,"Méchouar de Casablanca, Casablanca-Settat, Maroc",2026-03-12,https://ma.linkedin.com/jobs/view/ing%C3%A9nieur-validation-v%C3%A9rification-v-v-at-scalian-4384599818,Data Scientist,2026-03-18T02:30:52.409984
Expert technique en tests automatisés,GEC _ Global Experts Consulting,"Casablanca, Casablanca-Settat, Maroc",2026-03-13,https://ma.linkedin.com/jobs/view/expert-technique-en-tests-automatis%C3%A9s-at-gec-global-experts-consulting-4385354261,Data Scientist,2026-03-18T02:30:52.410881
Expert technique en tests automatisés,GEC _ Global Experts Consulting,"Casablanca, Casablanca-Settat, Maroc",2026-03-13,https://ma.linkedin.com/jobs/view/expert-technique-en-tests-automatis%C3%A9s-at-gec-global-experts-consulting-4385340927,Data Scientist,2026-03-18T02:30:52.411835
Software Engineer (MAUI / Mobile),Myfactory,"Casablanca, Casablanca-Settat, Maroc",2026-03-13,https://ma.linkedin.com/jobs/view/software-engineer-maui-mobile-at-myfactory-international-gmbh-4385534164,Data Scientist,2026-03-18T02:30:52.411835
Expert technique en tests automatisés,GEC _ Global Experts Consulting,"Casablanca, Casablanca-Settat, Maroc",2026-03-16,https://ma.linkedin.com/jobs/view/expert-technique-en-tests-automatis%C3%A9s-at-gec-global-experts-consulting-4384986937,Data Scientist,2026-03-18T02:30:52.412877
COLCOM - Postdoctoral Fellow in Machine Learning,UM6P - University Mohammed VI Polytechnic,Maroc,2026-03-15,https://ma.linkedin.com/jobs/view/colcom-postdoctoral-fellow-in-machine-learning-at-um6p-university-mohammed-vi-polytechnic-4386005713,Data Scientist,2026-03-18T02:30:52.412877
"Manager, Data, Insights & Analytics, Morocco",The Coca-Cola Company,"Casablanca-Settat, Maroc",2026-03-16,https://ma.linkedin.com/jobs/view/manager-data-insights-analytics-morocco-at-the-coca-cola-company-4386544644,Data Scientist,2026-03-18T02:30:52.412877
Software Engineer (MAUI / Mobile),Abas Ibérica,"Casablanca, Casablanca-Settat, Maroc",2026-03-13,https://ma.linkedin.com/jobs/view/software-engineer-maui-mobile-at-abas-ib%C3%A9rica-4385553664,Data Scientist,2026-03-18T02:30:52.412877
"GSMI - Post-Doctoral Researcher in AI, Autonomy and Digital Platforms for Drones",UM6P - University Mohammed VI Polytechnic,Maroc,2026-03-15,https://ma.linkedin.com/jobs/view/gsmi-post-doctoral-researcher-in-ai-autonomy-and-digital-platforms-for-drones-at-um6p-university-mohammed-vi-polytechnic-4386015175,Data Scientist,2026-03-18T02:30:52.413877
Postdoctoral Researcher in Artificial Intelligence – Large Language Models and BDI Systems,UM6P - University Mohammed VI Polytechnic,Maroc,2026-03-15,https://ma.linkedin.com/jobs/view/postdoctoral-researcher-in-artificial-intelligence-%E2%80%93-large-language-models-and-bdi-systems-at-um6p-university-mohammed-vi-polytechnic-4386013454,Data Scientist,2026-03-18T02:30:52.413877
Ingénieur Full Stack (H/F),Deloitte,"Méchouar de Casablanca, Casablanca-Settat, Maroc",2026-03-12,https://ma.linkedin.com/jobs/view/ing%C3%A9nieur-full-stack-h-f-at-deloitte-4373330785,Data Scientist,2026-03-18T02:30:52.413877
"MSN - Postdoc Researcher, Mineral Processing, Battery Materials, & Sustainable Process Engineering",UM6P - University Mohammed VI Polytechnic,Maroc,2026-03-15,https://ma.linkedin.com/jobs/view/msn-postdoc-researcher-mineral-processing-battery-materials-sustainable-process-engineering-at-um6p-university-mohammed-vi-polytechnic-4386007648,Data Scientist,2026-03-18T02:30:52.414876
GSMI - Postdoctoral Researcher in Photovoltaic System Performance,UM6P - University Mohammed VI Polytechnic,Maroc,2026-03-15,https://ma.linkedin.com/jobs/view/gsmi-postdoctoral-researcher-in-photovoltaic-system-performance-at-um6p-university-mohammed-vi-polytechnic-4386021000,Data Scientist,2026-03-18T02:30:52.414876
AI Chatbot Tester,Alignerr,Maroc,2026-03-16,https://ma.linkedin.com/jobs/view/ai-chatbot-tester-at-alignerr-4386311054,Data Scientist,2026-03-18T02:31:05.907240
Ingénieur IA Générative,Exakis Nelite,"Casablanca-Settat, Maroc",2026-03-17,https://ma.linkedin.com/jobs/view/ing%C3%A9nieur-ia-g%C3%A9n%C3%A9rative-at-exakis-nelite-4386784368,Data Scientist,2026-03-18T02:31:05.907240
Process Technology Production Engineer,Hirschmann Automotive,"Kénitra, Rabat-Salé-Kénitra, Maroc",2026-03-16,https://ma.linkedin.com/jobs/view/process-technology-production-engineer-at-hirschmann-automotive-4386368562,Data Scientist,2026-03-18T02:31:05.907240
Business Analyst,ALTEN,"Rabat, Rabat-Salé-Kénitra, Maroc",2026-03-16,https://ma.linkedin.com/jobs/view/business-analyst-at-alten-4384049907,Data Scientist,2026-03-18T02:31:05.907240
AI Training Experts - Tangier,Prolific,Maroc,2026-03-13,https://ma.linkedin.com/jobs/view/ai-training-experts-tangier-at-prolific-4367170894,Data Scientist,2026-03-18T02:31:05.907240
E-LEARNING PLATFORM DEVELOPMENT & SUPPORT OFFICER (LMS),RIBATIS,"Casablanca, Casablanca-Settat, Maroc",2026-03-13,https://ma.linkedin.com/jobs/view/e-learning-platform-development-support-officer-lms-at-ribatis-4384243485,Data Scientist,2026-03-18T02:31:05.907240
Product Engineer (H/F),Banque Centrale Populaire - BCP,Casablanca et périphérie,2026-03-11,https://ma.linkedin.com/jobs/view/product-engineer-h-f-at-banque-centrale-populaire-bcp-4384301518,Data Scientist,2026-03-18T02:31:05.907240
"Associate, Morocco",Boston Consulting Group (BCG),"Casablanca, Casablanca-Settat, Maroc",2026-03-13,https://ma.linkedin.com/jobs/view/associate-morocco-at-boston-consulting-group-bcg-4213655651,Data Scientist,2026-03-18T02:31:05.907240
Superviseur d’Activité Opérationnelle (Automotive),TRIGO,"Cercle de Kenitra-Banlieue, Rabat-Salé-Kénitra, Maroc",2026-03-17,https://ma.linkedin.com/jobs/view/superviseur-d%E2%80%99activit%C3%A9-op%C3%A9rationnelle-automotive-at-trigo-4384485550,Data Scientist,2026-03-18T02:31:05.907240
Data Engineer,Polymorpho,"Rabat, Rabat-Salé-Kénitra, Maroc",2026-03-17,https://ma.linkedin.com/jobs/view/data-engineer-at-polymorpho-4384473566,Data Engineer,2026-03-18T02:31:33.784024
Data Engineer,Capgemini,"Casablanca, Casablanca-Settat, Maroc",2026-03-13,https://ma.linkedin.com/jobs/view/data-engineer-at-capgemini-4385153602,Data Engineer,2026-03-18T02:31:33.784024
Data Engineer (Cloud GCP) F/H,VISEO,Maroc,2026-03-17,https://ma.linkedin.com/jobs/view/data-engineer-cloud-gcp-f-h-at-viseo-4375778372,Data Engineer,2026-03-18T02:31:33.785025
Ingénieur Data – Scala / Databricks,SQLI,"Méchouar de Casablanca, Casablanca-Settat, Maroc",2026-03-14,https://ma.linkedin.com/jobs/view/ing%C3%A9nieur-data-%E2%80%93-scala-databricks-at-sqli-4334198501,Data Engineer,2026-03-18T02:31:33.786025
Ingénieur Data Modeling,Capgemini Engineering,"Casablanca, Casablanca-Settat, Maroc",2026-03-13,https://ma.linkedin.com/jobs/view/ing%C3%A9nieur-data-modeling-at-capgemini-engineering-4385309395,Data Engineer,2026-03-18T02:31:33.786025
Senior Data Engineer - (h/f),emagine,Maroc,2026-03-12,https://ma.linkedin.com/jobs/view/senior-data-engineer-h-f-at-emagine-4383908445,Data Engineer,2026-03-18T02:31:33.788027
Data Engineer Sénior (DBT / SQL),ALTEN,"Rabat, Rabat-Salé-Kénitra, Maroc",2026-03-13,https://ma.linkedin.com/jobs/view/data-engineer-s%C3%A9nior-dbt-sql-at-alten-4383107112,Data Engineer,2026-03-18T02:31:33.790026
Senior Data Engineer (H/F),Devoteam,"Casablanca, Casablanca-Settat, Maroc",2026-03-11,https://ma.linkedin.com/jobs/view/senior-data-engineer-h-f-at-devoteam-4327693470,Data Engineer,2026-03-18T02:31:33.791026
Senior Data Engineer,Capgemini,"Casablanca, Casablanca-Settat, Maroc",2026-03-15,https://ma.linkedin.com/jobs/view/senior-data-engineer-at-capgemini-4386016978,Data Engineer,2026-03-18T02:31:33.792024
System Engineer / Doors,Scalian,"Casablanca, Casablanca-Settat, Maroc",2026-03-11,https://ma.linkedin.com/jobs/view/system-engineer-doors-at-scalian-4382861553,Data Engineer,2026-03-18T02:31:33.793024
System Engineer / Doors,Scalian,"Casablanca, Casablanca-Settat, Maroc",2026-03-11,https://ma.linkedin.com/jobs/view/system-engineer-doors-at-scalian-4382849985,Data Engineer,2026-03-18T02:31:33.793024
Data Engineer Confirmé/Sénior– Écosystème Microsoft Fabric,Inetum,"Méchouar de Casablanca, Casablanca-Settat, Maroc",2026-03-12,https://ma.linkedin.com/jobs/view/data-engineer-confirm%C3%A9-s%C3%A9nior%E2%80%93-%C3%A9cosyst%C3%A8me-microsoft-fabric-at-inetum-4294363835,Data Engineer,2026-03-18T02:31:33.794024
Lead Data Engineer,CREDIT DU MAROC,Casablanca et périphérie,2026-03-12,https://ma.linkedin.com/jobs/view/lead-data-engineer-at-credit-du-maroc-4383043464,Data Engineer,2026-03-18T02:31:33.798863
Data Engineer confirmé,Orange Business,"Hssaine, Rabat-Salé-Kénitra, Maroc",2026-03-17,https://ma.linkedin.com/jobs/view/data-engineer-confirm%C3%A9-at-orange-business-4384492041,Data Engineer,2026-03-18T02:31:33.798863
Data Engineer Sénior (DBT / SQL),ALTEN MAROC,"Rabat, Rabat-Salé-Kénitra, Maroc",2026-03-13,https://ma.linkedin.com/jobs/view/data-engineer-s%C3%A9nior-dbt-sql-at-alten-maroc-4383092733,Data Engineer,2026-03-18T02:31:33.799864
Automotive System Test Engineer,ALTEN MAROC,"Rabat, Rabat-Salé-Kénitra, Maroc",2026-03-16,https://ma.linkedin.com/jobs/view/automotive-system-test-engineer-at-alten-maroc-4384032793,Data Engineer,2026-03-18T02:31:33.799864
Automotive System Test Engineer,ALTEN,"Rabat, Rabat-Salé-Kénitra, Maroc",2026-03-12,https://ma.linkedin.com/jobs/view/automotive-system-test-engineer-at-alten-4383000013,Data Engineer,2026-03-18T02:31:33.799864
Embedded Software Engineer,ALTEN MAROC,"Rabat, Rabat-Salé-Kénitra, Maroc",2026-03-16,https://ma.linkedin.com/jobs/view/embedded-software-engineer-at-alten-maroc-4384037613,Data Engineer,2026-03-18T02:31:33.801864
Software Engineer - X Delivery,Boston Consulting Group (BCG),"Casablanca, Casablanca-Settat, Maroc",2026-03-12,https://ma.linkedin.com/jobs/view/software-engineer-x-delivery-at-boston-consulting-group-bcg-4330506481,Data Engineer,2026-03-18T02:31:33.802868
Senior Data Analyst - Casablanca,Artefact,Casablanca et périphérie,2026-03-12,https://ma.linkedin.com/jobs/view/senior-data-analyst-casablanca-at-artefact-3776220863,Data Engineer,2026-03-18T02:31:33.803864
Method LAB Engineer,Aptiv,"Tanger, Tanger-Tétouan-Al Hoceïma, Maroc",2026-03-17,https://ma.linkedin.com/jobs/view/method-lab-engineer-at-aptiv-4386904750,Data Engineer,2026-03-18T02:31:33.804864
SoC Software Integration Engineer,Hashlist,"Casablanca-Settat, Maroc",2026-03-13,https://ma.linkedin.com/jobs/view/soc-software-integration-engineer-at-hashlist-4383143096,Data Engineer,2026-03-18T02:31:33.805868
Embedded Software Test Engineer,indie.inc,"Rabat, Rabat-Salé-Kénitra, Maroc",2026-03-13,https://ma.linkedin.com/jobs/view/embedded-software-test-engineer-at-indie-inc-4311177089,Data Engineer,2026-03-18T02:31:33.806864
Consultant Senior en Données,STATERA,Maroc,2026-03-13,https://ma.linkedin.com/jobs/view/consultant-senior-en-donn%C3%A9es-at-statera-4385154478,Data Engineer,2026-03-18T02:31:33.809861
Volunteer Data Systems Expert to Support Integration of KoboToolbox with Power BI with ProjectSoar,Project Soar,"Rabat, Rabat-Salé-Kénitra, Maroc",2026-03-11,https://ma.linkedin.com/jobs/view/volunteer-data-systems-expert-to-support-integration-of-kobotoolbox-with-power-bi-with-projectsoar-at-project-soar-4374718355,Data Engineer,2026-03-18T02:31:33.809861
Corporate Cloud Expert Support Engineer - EMEA,Acronis,Maroc,2026-03-13,https://ma.linkedin.com/jobs/view/corporate-cloud-expert-support-engineer-emea-at-acronis-4375681793,Data Engineer,2026-03-18T02:31:33.810861
Consultant QlikView,Deloitte,"Méchouar de Casablanca, Casablanca-Settat, Maroc",2026-03-12,https://ma.linkedin.com/jobs/view/consultant-qlikview-at-deloitte-4373348114,Data Engineer,2026-03-18T02:31:33.811861
Syensqo.ai - Senior AI Software Engineer (F/H/X),Syensqo,"Ben Guerir, Marrakech-Safi, Maroc",2026-03-11,https://ma.linkedin.com/jobs/view/syensqo-ai-senior-ai-software-engineer-f-h-x-at-syensqo-4366287211,Data Engineer,2026-03-18T02:31:33.812914
Ingénieur développeur Fullstack Node JS / React (H-F),SQLI,"Rabat, Rabat-Salé-Kénitra, Maroc",2026-03-11,https://ma.linkedin.com/jobs/view/ing%C3%A9nieur-d%C3%A9veloppeur-fullstack-node-js-react-h-f-at-sqli-4343946233,Data Engineer,2026-03-18T02:31:33.813331
Data Business Analyst & Adoption Lead,Orange Business,"Casablanca-Settat, Maroc",2026-03-16,https://ma.linkedin.com/jobs/view/data-business-analyst-adoption-lead-at-orange-business-4384031917,Data Engineer,2026-03-18T02:31:33.813331
Catalog Operations Intern Q-Commerce,Glovo,"Casablanca, Casablanca-Settat, Maroc",2026-03-11,https://ma.linkedin.com/jobs/view/catalog-operations-intern-q-commerce-at-glovo-4383217308,Data Engineer,2026-03-18T02:31:33.814331
"Technician, Quality",Magna International,"Cercle de Kenitra-Banlieue, Rabat-Salé-Kénitra, Maroc",2026-03-11,https://ma.linkedin.com/jobs/view/technician-quality-at-magna-international-4384152857,Data Engineer,2026-03-18T02:31:33.814331
Consulting Manager – Strategy & Transformation,Artefact,"Casablanca, Casablanca-Settat, Maroc",2026-03-17,https://ma.linkedin.com/jobs/view/consulting-manager-%E2%80%93-strategy-transformation-at-artefact-4347867443,Data Engineer,2026-03-18T02:31:33.815330
Consulting Manager – Strategy & Transformation,Artefact,"Casablanca, Casablanca-Settat, Maroc",2026-03-16,https://ma.linkedin.com/jobs/view/consulting-manager-%E2%80%93-strategy-transformation-at-artefact-4347847631,Data Engineer,2026-03-18T02:31:33.815330
Business Analyste SQL,Beelix Maroc,"Casablanca-Settat, Maroc",2026-03-17,https://ma.linkedin.com/jobs/view/business-analyste-sql-at-beelix-maroc-4384487813,Data Analyst,2026-03-18T02:32:14.239733
Stagiaire en Data (F/H),Sofrecom Maroc,Casablanca et périphérie,2026-03-13,https://ma.linkedin.com/jobs/view/stagiaire-en-data-f-h-at-sofrecom-maroc-4385384433,Data Analyst,2026-03-18T02:32:14.241736
AI Data Quality Analyst,Alignerr,Maroc,2026-03-16,https://ma.linkedin.com/jobs/view/ai-data-quality-analyst-at-alignerr-4386094817,Data Analyst,2026-03-18T02:32:14.243732
Business Analyst,SUN PHARMA,"Bouskoura, Casablanca-Settat, Maroc",2026-03-16,https://ma.linkedin.com/jobs/view/business-analyst-at-sun-pharma-4384056410,Data Analyst,2026-03-18T02:32:14.247731
Consultant Power Platform,SQLI,"Rabat, Rabat-Salé-Kénitra, Maroc",2026-03-12,https://ma.linkedin.com/jobs/view/consultant-power-platform-at-sqli-4363260504,Data Analyst,2026-03-18T02:32:14.249730
Business Analyst – Sales Efficiency,Société Générale,"Casablanca, Casablanca-Settat, Maroc",2026-03-12,https://ma.linkedin.com/jobs/view/business-analyst-%E2%80%93-sales-efficiency-at-societe-generale-4384871609,Data Analyst,2026-03-18T02:32:14.251731
Business Analyst,JESA S.A,"Casablanca, Casablanca-Settat, Maroc",2026-03-16,https://ma.linkedin.com/jobs/view/business-analyst-at-jesa-s-a-4386323354,Data Analyst,2026-03-18T02:32:14.252732
Business Analyst,ALTEN MAROC,"Rabat, Rabat-Salé-Kénitra, Maroc",2026-03-16,https://ma.linkedin.com/jobs/view/business-analyst-at-alten-maroc-4384065123,Data Analyst,2026-03-18T02:32:14.252732
Stagiaire Pré embauche - Développeur Sage 1000,Inetum,"Méchouar de Casablanca, Casablanca-Settat, Maroc",2026-03-12,https://ma.linkedin.com/jobs/view/stagiaire-pr%C3%A9-embauche-d%C3%A9veloppeur-sage-1000-at-inetum-4317331985,Data Analyst,2026-03-18T02:32:14.253731
Business Analyst – SAP Finance,BROME Consulting & Technology,"Casablanca, Casablanca-Settat, Maroc",2026-03-17,https://ma.linkedin.com/jobs/view/business-analyst-%E2%80%93-sap-finance-at-brome-consulting-technology-4386926377,Data Analyst,2026-03-18T02:32:14.254731
Ingénieur poste de travail N3,MAROC FER,"Méchouar de Casablanca, Casablanca-Settat, Maroc",2026-03-17,https://ma.linkedin.com/jobs/view/ing%C3%A9nieur-poste-de-travail-n3-at-maroc-fer-4386932208,Data Analyst,2026-03-18T02:32:14.255731
Tech Lead,Yakeey,"Casablanca, Casablanca-Settat, Maroc",2026-03-13,https://ma.linkedin.com/jobs/view/tech-lead-at-yakeey-4383133756,Data Analyst,2026-03-18T02:32:14.255731
Business Analyst,BNP Paribas,"Méchouar de Casablanca, Casablanca-Settat, Maroc",2026-03-12,https://ma.linkedin.com/jobs/view/business-analyst-at-bnp-paribas-4384871336,Data Analyst,2026-03-18T02:32:14.255731
Business Analyst – BMP Claims,BROME Consulting & Technology,"Casablanca, Casablanca-Settat, Maroc",2026-03-17,https://ma.linkedin.com/jobs/view/business-analyst-%E2%80%93-bmp-claims-at-brome-consulting-technology-4386926373,Data Analyst,2026-03-18T02:32:14.257747
Business Operations Analyst,Arrow Components,Casablanca et périphérie,2026-03-16,https://ma.linkedin.com/jobs/view/business-operations-analyst-at-arrow-components-4386370234,Data Analyst,2026-03-18T02:32:14.257747
Business Analyst Projets,LabelVie,Casablanca et périphérie,2026-03-12,https://ma.linkedin.com/jobs/view/business-analyst-projets-at-labelvie-4382784131,Data Analyst,2026-03-18T02:32:14.258739
Développeur Ms PowerApps (projet RH),NGBS,"Fès, Fès-Meknès, Maroc",2026-03-11,https://ma.linkedin.com/jobs/view/d%C3%A9veloppeur-ms-powerapps-projet-rh-at-ngbs-4384190786,Data Analyst,2026-03-18T02:32:14.259737
Business Analyst,IDEMIA Public Security,"Casablanca, Casablanca-Settat, Maroc",2026-03-12,https://ma.linkedin.com/jobs/view/business-analyst-at-idemia-public-security-4383540556,Data Analyst,2026-03-18T02:32:14.259737
Consultant Power Platform,SQLI,"Rabat, Rabat-Salé-Kénitra, Maroc",2026-03-12,https://ma.linkedin.com/jobs/view/consultant-power-platform-at-sqli-4363260504,Data Analyst,2026-03-18T02:32:14.263736
Business Analyst – Sales Efficiency,Société Générale,"Casablanca, Casablanca-Settat, Maroc",2026-03-12,https://ma.linkedin.com/jobs/view/business-analyst-%E2%80%93-sales-efficiency-at-societe-generale-4384871609,Data Analyst,2026-03-18T02:32:14.265735
Business Analyst,JESA S.A,"Casablanca, Casablanca-Settat, Maroc",2026-03-16,https://ma.linkedin.com/jobs/view/business-analyst-at-jesa-s-a-4386323354,Data Analyst,2026-03-18T02:32:14.266733
Métrologue (H/F) - GROUPE MECACHROME,AEROCONTACT.COM,"Tanger, Tanger-Tétouan-Al Hoceïma, Maroc",2026-03-12,https://ma.linkedin.com/jobs/view/m%C3%A9trologue-h-f-groupe-mecachrome-at-aerocontact-4382373896,Data Analyst,2026-03-18T02:32:27.574286
System Admin,LAWAZEM | لوازم,Maroc,2026-03-16,https://ma.linkedin.com/jobs/view/system-admin-at-lawazem-%D9%84%D9%88%D8%A7%D8%B2%D9%85-4386320264,Data Analyst,2026-03-18T02:32:27.574286
Home Data Collection Associate (Remote),Re-Lyticx,"Agadir, Souss-Massa, Maroc",2026-03-14,https://ma.linkedin.com/jobs/view/home-data-collection-associate-remote-at-re-lyticx-4385822711,Data Analyst,2026-03-18T02:32:27.576255
Junior Brand Manager L'Oréal Paris,L'Oréal,Maroc,2026-03-13,https://ma.linkedin.com/jobs/view/junior-brand-manager-l-or%C3%A9al-paris-at-l-or%C3%A9al-4385369991,Data Analyst,2026-03-18T02:32:27.576255
Administrateur IT,AXA Assurance Maroc,"Méchouar de Casablanca, Casablanca-Settat, Maroc",2026-03-16,https://ma.linkedin.com/jobs/view/administrateur-it-at-axa-assurance-maroc-4386352723,Data Analyst,2026-03-18T02:32:27.576255
Chargé(e) d’Accueil F/H,"Matys, A Cegid Company","Rabat, Rabat-Salé-Kénitra, Maroc",2026-03-17,https://ma.linkedin.com/jobs/view/charg%C3%A9-e-d%E2%80%99accueil-f-h-at-matys-4343898604,Data Analyst,2026-03-18T02:32:27.577243
IT Desktop and Network Support (Dispatch) AG M,BRILLIANT COMPUTERS CITADEL  AND INFORMATION TECHNOLOGY,"Agadir, Souss-Massa, Maroc",2026-03-17,https://ma.linkedin.com/jobs/view/it-desktop-and-network-support-dispatch-ag-m-at-brilliant-computers-citadel-and-information-technology-4385903201,Data Analyst,2026-03-18T02:32:27.577243
Senior AI Engineer / AI Solutions Architect,Waggners Talent,"Casablanca-Settat, Maroc",2026-03-16,https://ma.linkedin.com/jobs/view/senior-ai-engineer-ai-solutions-architect-at-waggners-talent-4384045041,AI Engineer,2026-03-18T02:34:15.725932
Engineer I,Marriott International,"Taghazout, Souss-Massa, Maroc",2026-03-13,https://ma.linkedin.com/jobs/view/engineer-i-at-marriott-international-4384296154,NLP Engineer,2026-03-18T02:34:53.414294
Ingénieur SecOps,Docaposte Maroc,"Casablanca-Settat, Maroc",2026-03-12,https://ma.linkedin.com/jobs/view/ing%C3%A9nieur-secops-at-docaposte-maroc-4383008520,NLP Engineer,2026-03-18T02:34:53.415294
Ingénieur N1 – Réflectométrie (H/F),Intelcia Tech,"Casablanca-Settat, Maroc",2026-03-17,https://ma.linkedin.com/jobs/view/ing%C3%A9nieur-n1-%E2%80%93-r%C3%A9flectom%C3%A9trie-h-f-at-intelcia-tech-4386744438,NLP Engineer,2026-03-18T02:34:53.415294
CBS - Postdoctoral Fellow in Biochemical and Bioprocess Engineering,UM6P - University Mohammed VI Polytechnic,Maroc,2026-03-15,https://ma.linkedin.com/jobs/view/cbs-postdoctoral-fellow-in-biochemical-and-bioprocess-engineering-at-um6p-university-mohammed-vi-polytechnic-4386012492,NLP Engineer,2026-03-18T02:34:53.416291
Ingénieur Structuration Pre-Trade,Société Générale,"Casablanca, Casablanca-Settat, Maroc",2026-03-11,https://ma.linkedin.com/jobs/view/ing%C3%A9nieur-structuration-pre-trade-at-societe-generale-4382567675,NLP Engineer,2026-03-18T02:34:53.416291
Ingénieur IAM & SSO,ALTEN MAROC,"Rabat, Rabat-Salé-Kénitra, Maroc",2026-03-16,https://ma.linkedin.com/jobs/view/ing%C3%A9nieur-iam-sso-at-alten-maroc-4384070092,NLP Engineer,2026-03-18T02:34:53.416291
Ingénieur poste de travail N2,Inetum,"Méchouar de Casablanca, Casablanca-Settat, Maroc",2026-03-12,https://ma.linkedin.com/jobs/view/ing%C3%A9nieur-poste-de-travail-n2-at-inetum-4118597105,NLP Engineer,2026-03-18T02:34:53.417290
Ingénieur organisation F/H - SAFRAN AIRCRAFT ENGINES,AEROCONTACT.COM,"Nouacer, Marrakech-Safi, Maroc",2026-03-16,https://ma.linkedin.com/jobs/view/ing%C3%A9nieur-organisation-f-h-safran-aircraft-engines-at-aerocontact-4386309293,NLP Engineer,2026-03-18T02:34:53.417290
Engineering Technicien-8,Aptiv,"Tanger, Tanger-Tétouan-Al Hoceïma, Maroc",2026-03-17,https://ma.linkedin.com/jobs/view/engineering-technicien-8-at-aptiv-4386905583,NLP Engineer,2026-03-18T02:34:53.417290
Ingénieur organisation F/H - SAFRAN AIRCRAFT ENGINES,AEROCONTACT.COM,"Nouacer, Marrakech-Safi, Maroc",2026-03-17,https://ma.linkedin.com/jobs/view/ing%C3%A9nieur-organisation-f-h-safran-aircraft-engines-at-aerocontact-4384890603,NLP Engineer,2026-03-18T02:34:53.418290
Ingénieur Structuration Post Trade,Société Générale,"Casablanca, Casablanca-Settat, Maroc",2026-03-11,https://ma.linkedin.com/jobs/view/ing%C3%A9nieur-structuration-post-trade-at-societe-generale-4382585077,NLP Engineer,2026-03-18T02:34:53.418290
Ingénieur Workplace N3,Inetum,"Méchouar de Casablanca, Casablanca-Settat, Maroc",2026-03-12,https://ma.linkedin.com/jobs/view/ing%C3%A9nieur-workplace-n3-at-inetum-4176561326,NLP Engineer,2026-03-18T02:34:53.418290
Ingénieur IAM & SSO,ALTEN,"Rabat, Rabat-Salé-Kénitra, Maroc",2026-03-16,https://ma.linkedin.com/jobs/view/ing%C3%A9nieur-iam-sso-at-alten-4384069101,NLP Engineer,2026-03-18T02:34:53.418290
Ingénieur Technico-fonctionnel « Gestion des temps »,Inetum,"Méchouar de Casablanca, Casablanca-Settat, Maroc",2026-03-12,https://ma.linkedin.com/jobs/view/ing%C3%A9nieur-technico-fonctionnel-%C2%AB-gestion-des-temps-%C2%BB-at-inetum-4157929266,NLP Engineer,2026-03-18T02:34:53.419290
Ingénieur SAV Radiologie,Robert & Partners,Casablanca et périphérie,2026-03-17,https://ma.linkedin.com/jobs/view/ing%C3%A9nieur-sav-radiologie-at-robert-partners-4385691688,NLP Engineer,2026-03-18T02:34:53.419290
Ingénieur SysOps N3,Confidentiel,Casablanca et périphérie,2026-03-12,https://ma.linkedin.com/jobs/view/ing%C3%A9nieur-sysops-n3-at-confidentiel-4384546938,NLP Engineer,2026-03-18T02:34:53.419290
Cloud DevOps / MLOps Engineer (AWS & GCP),Inetum,"Méchouar de Casablanca, Casablanca-Settat, Maroc",2026-03-12,https://ma.linkedin.com/jobs/view/cloud-devops-mlops-engineer-aws-gcp-at-inetum-4344298862,MLOps Engineer,2026-03-18T02:36:10.803761
Consultante / Consultant Power BI Senior,Capgemini,"Casablanca, Casablanca-Settat, Maroc",2026-03-13,https://ma.linkedin.com/jobs/view/consultante-consultant-power-bi-senior-at-capgemini-4385145711,Business Intelligence,2026-03-18T02:36:50.394980
Big Data & Power BI Technical Lead,Bravent,Maroc,2026-03-13,https://ma.linkedin.com/jobs/view/big-data-power-bi-technical-lead-at-bravent-4384269142,Business Intelligence,2026-03-18T02:36:50.395980
Sales Executive - US market (Entry-level),Marcus Evans Group,Casablanca et périphérie,2026-03-16,https://ma.linkedin.com/jobs/view/sales-executive-us-market-entry-level-at-marcus-evans-group-4386538358,Business Intelligence,2026-03-18T02:36:50.396980
Investment Professional - North Africa - DFI Program,CrossBoundary Group,"Casablanca, Casablanca-Settat, Maroc",2026-03-13,https://ma.linkedin.com/jobs/view/investment-professional-north-africa-dfi-program-at-crossboundary-group-4385328884,Business Intelligence,2026-03-18T02:36:50.396980
IT L1 Support,APM Terminals,Tanger et périphérie,2026-03-11,https://ma.linkedin.com/jobs/view/it-l1-support-at-apm-terminals-4384387618,Business Intelligence,2026-03-18T02:36:50.399980
Consultant EPM Finance (F/H),VISEO,"Casablanca, Casablanca-Settat, Maroc",2026-03-17,https://ma.linkedin.com/jobs/view/consultant-epm-finance-f-h-at-viseo-4375780335,Business Intelligence,2026-03-18T02:36:50.399980
Manager Regulatory Affairs Maghreb,Philip Morris International,"Casablanca, Casablanca-Settat, Maroc",2026-03-16,https://ma.linkedin.com/jobs/view/manager-regulatory-affairs-maghreb-at-philip-morris-international-4386084699,Business Intelligence,2026-03-18T02:36:50.399980
F&O Supply Chain Management Consultant,sa.global,Maroc,2026-03-13,https://ma.linkedin.com/jobs/view/f-o-supply-chain-management-consultant-at-sa-global-4215909470,Business Intelligence,2026-03-18T02:36:50.400980
E2E Planning Master Data Manager,Pfizer,"Casablanca, Casablanca-Settat, Maroc",2026-03-16,https://ma.linkedin.com/jobs/view/e2e-planning-master-data-manager-at-pfizer-4386368119,Business Intelligence,2026-03-18T02:36:50.400980
BC Financials Management Consultant,sa.global,Maroc,2026-03-13,https://ma.linkedin.com/jobs/view/bc-financials-management-consultant-at-sa-global-4215913125,Business Intelligence,2026-03-18T02:36:50.401980
"Cloud Solution Architect - Power Platform, Power BI",Concentrix,"Agadir, Souss-Massa, Maroc",2026-03-13,https://ma.linkedin.com/jobs/view/cloud-solution-architect-power-platform-power-bi-at-concentrix-4373448351,Business Intelligence,2026-03-18T02:36:50.402981
IS CX Solution Architect for Artificial Intelligence,ABB,Maroc,2026-03-18,https://ma.linkedin.com/jobs/view/is-cx-solution-architect-for-artificial-intelligence-at-abb-4386910445,Business Intelligence,2026-03-18T02:36:50.403988
Security Business Partner,APM Terminals,Tanger et périphérie,2026-03-12,https://ma.linkedin.com/jobs/view/security-business-partner-at-apm-terminals-4384864060,Business Intelligence,2026-03-18T02:36:50.403988
Business Analyst (Relocation to Portugal),Aubay Portugal,Maroc,2026-03-11,https://ma.linkedin.com/jobs/view/business-analyst-relocation-to-portugal-at-aubay-portugal-4384333236,BI Analyst,2026-03-18T02:37:31.932031
Business Analyst - Telco Campaign,TELUS Digital,"Casablanca-Settat, Maroc",2026-03-11,https://ma.linkedin.com/jobs/view/business-analyst-telco-campaign-at-telus-digital-4384338395,BI Analyst,2026-03-18T02:37:31.932031
Business Analyste (F/H),Sofrecom Maroc,Rabat et périphérie,2026-03-11,https://ma.linkedin.com/jobs/view/business-analyste-f-h-at-sofrecom-maroc-4384311436,BI Analyst,2026-03-18T02:37:31.932031
🚀 Agile Business Analyst Technique | Casablanca (Hybride),01TEK,"Casablanca, Casablanca-Settat, Maroc",2026-03-17,https://ma.linkedin.com/jobs/view/%F0%9F%9A%80-agile-business-analyst-technique-casablanca-hybride-at-01tek-4386761275,BI Analyst,2026-03-18T02:37:31.932031
Business Analyst – Engineering Inspection Services,BROME Consulting & Technology,"Casablanca, Casablanca-Settat, Maroc",2026-03-17,https://ma.linkedin.com/jobs/view/business-analyst-%E2%80%93-engineering-inspection-services-at-brome-consulting-technology-4386918592,BI Analyst,2026-03-18T02:37:31.932031
Business Analyst – Outbound Communications,BROME Consulting & Technology,"Casablanca, Casablanca-Settat, Maroc",2026-03-17,https://ma.linkedin.com/jobs/view/business-analyst-%E2%80%93-outbound-communications-at-brome-consulting-technology-4386922456,BI Analyst,2026-03-18T02:37:31.932031
Business Analyst - Cross Asset Regulation Team,Société Générale,"Casablanca, Casablanca-Settat, Maroc",2026-03-12,https://ma.linkedin.com/jobs/view/business-analyst-cross-asset-regulation-team-at-societe-generale-4384849053,BI Analyst,2026-03-18T02:37:31.932031
ECS EMEA - Business Transformation Analyst,Arrow Electronics,"Casablanca, Casablanca-Settat, Maroc",2026-03-17,https://ma.linkedin.com/jobs/view/ecs-emea-business-transformation-analyst-at-arrow-electronics-4340141381,BI Analyst,2026-03-18T02:37:31.932031
ECS EMEA - Business Transformation Analyst,Arrow Electronics,"Casablanca, Casablanca-Settat, Maroc",2026-03-13,https://ma.linkedin.com/jobs/view/ecs-emea-business-transformation-analyst-at-arrow-electronics-4367156706,BI Analyst,2026-03-18T02:37:31.932031
Data Architect,Capgemini,"Casablanca, Casablanca-Settat, Maroc",2026-03-13,https://ma.linkedin.com/jobs/view/data-architect-at-capgemini-4383163294,Data Architect,2026-03-18T02:38:09.635312
Senior Data Architect / Expert,DXC Technology Morocco,Rabat et périphérie,2026-03-13,https://ma.linkedin.com/jobs/view/senior-data-architect-expert-at-dxc-technology-morocco-4385147913,Data Architect,2026-03-18T02:38:09.636311
Architecte Cloud DATA/BIG DATA (F/H),Sofrecom Maroc,Casablanca et périphérie,2026-03-16,https://ma.linkedin.com/jobs/view/architecte-cloud-data-big-data-f-h-at-sofrecom-maroc-4386322364,Data Architect,2026-03-18T02:38:09.636311
Head of  BOS Enterprise Architecture,Ericsson,Casablanca et périphérie,2026-03-13,https://ma.linkedin.com/jobs/view/head-of-bos-enterprise-architecture-at-ericsson-4384218328,Data Architect,2026-03-18T02:38:09.638310
Fullstack Developer (Vue/.Net) - Fully Remote (Morocco),Journi,"Marrakech, Marrakech-Safi, Maroc",2026-03-16,https://ma.linkedin.com/jobs/view/fullstack-developer-vue-net-fully-remote-morocco-at-journi-4382214646,Software Engineer,2026-03-18T02:38:48.986550
Ingénieur Etudes et Développement C#/.Net,Société Générale,"Casablanca, Casablanca-Settat, Maroc",2026-03-11,https://ma.linkedin.com/jobs/view/ing%C3%A9nieur-etudes-et-d%C3%A9veloppement-c%23-net-at-societe-generale-4382587028,Software Engineer,2026-03-18T02:38:48.990592
Fullstack Java/Angular - Sénior,MAROC FER,"Méchouar de Casablanca, Casablanca-Settat, Maroc",2026-03-16,https://ma.linkedin.com/jobs/view/fullstack-java-angular-s%C3%A9nior-at-maroc-fer-4386381254,Software Engineer,2026-03-18T02:38:48.992592
Stagiaire PHP (F/H),Sofrecom Maroc,Casablanca et périphérie,2026-03-12,https://ma.linkedin.com/jobs/view/stagiaire-php-f-h-at-sofrecom-maroc-4384810780,Software Engineer,2026-03-18T02:38:48.992592
Fullstack Java/Angular - Sénior,Inetum,"Méchouar de Casablanca, Casablanca-Settat, Maroc",2026-03-16,https://ma.linkedin.com/jobs/view/fullstack-java-angular-s%C3%A9nior-at-inetum-4386338791,Software Engineer,2026-03-18T02:38:48.992592
C++ Developer & Tester,ALTEN MAROC,"Rabat, Rabat-Salé-Kénitra, Maroc",2026-03-13,https://ma.linkedin.com/jobs/view/c%2B%2B-developer-tester-at-alten-maroc-4378916599,Software Engineer,2026-03-18T02:38:48.994593
Développement Back-End Java / Reactive Spring Expérimenté,ALTEN,"Rabat, Rabat-Salé-Kénitra, Maroc",2026-03-12,https://ma.linkedin.com/jobs/view/d%C3%A9veloppement-back-end-java-reactive-spring-exp%C3%A9riment%C3%A9-at-alten-4382785949,Software Engineer,2026-03-18T02:38:48.994593
Test Automation Engineer - .NET SaaS ERP on AWS,Myfactory,"Casablanca, Casablanca-Settat, Maroc",2026-03-16,https://ma.linkedin.com/jobs/view/test-automation-engineer-net-saas-erp-on-aws-at-myfactory-international-gmbh-4386502458,Software Engineer,2026-03-18T02:38:48.995593
Test Automation Engineer - .NET SaaS ERP on AWS,Forterro,"Casablanca, Casablanca-Settat, Maroc",2026-03-13,https://ma.linkedin.com/jobs/view/test-automation-engineer-net-saas-erp-on-aws-at-forterro-4386376045,Software Engineer,2026-03-18T02:38:48.995593
C++ Developer and Tester,ALTEN MAROC,"Rabat, Rabat-Salé-Kénitra, Maroc",2026-03-13,https://ma.linkedin.com/jobs/view/c%2B%2B-developer-and-tester-at-alten-maroc-4378182516,Software Engineer,2026-03-18T02:38:48.996595
Test Automation Engineer - .NET SaaS ERP on AWS,Abas Ibérica,"Casablanca, Casablanca-Settat, Maroc",2026-03-16,https://ma.linkedin.com/jobs/view/test-automation-engineer-net-saas-erp-on-aws-at-abas-ib%C3%A9rica-4386529931,Software Engineer,2026-03-18T02:38:48.997592
Java Technical Expert,SQLI,"Rabat, Rabat-Salé-Kénitra, Maroc",2026-03-13,https://ma.linkedin.com/jobs/view/java-technical-expert-at-sqli-4385333921,Software Engineer,2026-03-18T02:38:48.997592
Senior Test Automation Engineer — .NET SaaS ERP on AWS,Forterro,"Casablanca, Casablanca-Settat, Maroc",2026-03-13,https://ma.linkedin.com/jobs/view/senior-test-automation-engineer-%E2%80%94-net-saas-erp-on-aws-at-forterro-4386374103,Software Engineer,2026-03-18T02:38:48.998592
Software Asset Manager,Orange Business,"Hssaine, Rabat-Salé-Kénitra, Maroc",2026-03-17,https://ma.linkedin.com/jobs/view/software-asset-manager-at-orange-business-4369818960,Software Engineer,2026-03-18T02:38:48.998592
Fullstack Java/Angular - Sénior,Inetum,"Méchouar de Casablanca, Casablanca-Settat, Maroc",2026-03-16,https://ma.linkedin.com/jobs/view/fullstack-java-angular-s%C3%A9nior-at-inetum-4386339611,Software Engineer,2026-03-18T02:38:48.998592
Développement Back-End Java / Reactive Spring Expérimenté,ALTEN MAROC,"Rabat, Rabat-Salé-Kénitra, Maroc",2026-03-12,https://ma.linkedin.com/jobs/view/d%C3%A9veloppement-back-end-java-reactive-spring-exp%C3%A9riment%C3%A9-at-alten-maroc-4382788760,Software Engineer,2026-03-18T02:38:48.999555
Senior Test Automation Engineer — .NET SaaS ERP on AWS,Myfactory,"Casablanca, Casablanca-Settat, Maroc",2026-03-16,https://ma.linkedin.com/jobs/view/senior-test-automation-engineer-%E2%80%94-net-saas-erp-on-aws-at-myfactory-international-gmbh-4386503452,Software Engineer,2026-03-18T02:38:48.999555
Performance Test Engineer H/F  (Rabat/Casablanca),SQLI,"Rabat, Rabat-Salé-Kénitra, Maroc",2026-03-17,https://ma.linkedin.com/jobs/view/performance-test-engineer-h-f-rabat-casablanca-at-sqli-4361310862,Software Engineer,2026-03-18T02:38:49.000551
Test Automation Engineer – HiL Testing,Bertrandt Group,"Rabat, Rabat-Salé-Kénitra, Maroc",2026-03-13,https://ma.linkedin.com/jobs/view/test-automation-engineer-%E2%80%93-hil-testing-at-bertrandt-group-4383125835,Software Engineer,2026-03-18T02:38:49.001552
Ingénieur(e) Test de Performance - Gatling (Casa /Rabat),SQLI,"Méchouar de Casablanca, Casablanca-Settat, Maroc",2026-03-12,https://ma.linkedin.com/jobs/view/ing%C3%A9nieur-e-test-de-performance-gatling-casa-rabat-at-sqli-4384813335,Software Engineer,2026-03-18T02:38:49.002550
Senior .NET Developer & Integration Specialist – ERP (myfactory),Forterro,Casablanca et périphérie,2026-03-13,https://ma.linkedin.com/jobs/view/senior-net-developer-integration-specialist-%E2%80%93-erp-myfactory-at-forterro-4385331412,Software Engineer,2026-03-18T02:38:49.002550
Senior Test Automation Engineer — .NET SaaS ERP on AWS,Abas Ibérica,"Casablanca, Casablanca-Settat, Maroc",2026-03-16,https://ma.linkedin.com/jobs/view/senior-test-automation-engineer-%E2%80%94-net-saas-erp-on-aws-at-abas-ib%C3%A9rica-4386546076,Software Engineer,2026-03-18T02:38:49.003550
Senior Backend Developer (T-Shaped),Yakeey,"Casablanca, Casablanca-Settat, Maroc",2026-03-13,https://ma.linkedin.com/jobs/view/senior-backend-developer-t-shaped-at-yakeey-4384253182,Software Engineer,2026-03-18T02:38:49.003550
Concepteur Développeur PHP Angular (F/H),Sofrecom Maroc,"Casablanca-Settat, Maroc",2026-03-11,https://ma.linkedin.com/jobs/view/concepteur-d%C3%A9veloppeur-php-angular-f-h-at-sofrecom-maroc-4384177703,Software Engineer,2026-03-18T02:38:49.004549
Senior Developer,BROME Consulting & Technology,"Casablanca, Casablanca-Settat, Maroc",2026-03-11,https://ma.linkedin.com/jobs/view/senior-developer-at-brome-consulting-technology-4384319636,Software Engineer,2026-03-18T02:38:49.005550
Développement Back-End Java / Reactive Spring Expérimenté,ALTEN,"Rabat, Rabat-Salé-Kénitra, Maroc",2026-03-12,https://ma.linkedin.com/jobs/view/d%C3%A9veloppement-back-end-java-reactive-spring-exp%C3%A9riment%C3%A9-at-alten-4382785949,Software Engineer,2026-03-18T02:38:49.005550
Test Automation Engineer - .NET SaaS ERP on AWS,Myfactory,"Casablanca, Casablanca-Settat, Maroc",2026-03-16,https://ma.linkedin.com/jobs/view/test-automation-engineer-net-saas-erp-on-aws-at-myfactory-international-gmbh-4386502458,Software Engineer,2026-03-18T02:38:49.006550
Test Automation Engineer - .NET SaaS ERP on AWS,Forterro,"Casablanca, Casablanca-Settat, Maroc",2026-03-13,https://ma.linkedin.com/jobs/view/test-automation-engineer-net-saas-erp-on-aws-at-forterro-4386376045,Software Engineer,2026-03-18T02:38:49.006550
C++ Developer and Tester,ALTEN MAROC,"Rabat, Rabat-Salé-Kénitra, Maroc",2026-03-13,https://ma.linkedin.com/jobs/view/c%2B%2B-developer-and-tester-at-alten-maroc-4378182516,Software Engineer,2026-03-18T02:38:49.007550
Test Automation Engineer - .NET SaaS ERP on AWS,Abas Ibérica,"Casablanca, Casablanca-Settat, Maroc",2026-03-16,https://ma.linkedin.com/jobs/view/test-automation-engineer-net-saas-erp-on-aws-at-abas-ib%C3%A9rica-4386529931,Software Engineer,2026-03-18T02:38:49.008549
Stagiaires Design & Expérience Utilisateur Développement Web & IT – Poste basé a Berrechid,MA LOGISTICS,"Berrechid, Casablanca-Settat, Maroc",2026-03-11,https://ma.linkedin.com/jobs/view/stagiaires-design-exp%C3%A9rience-utilisateur-d%C3%A9veloppement-web-it-%E2%80%93-poste-bas%C3%A9-a-berrechid-at-ma-logistics-4384378706,Software Engineer,2026-03-18T02:39:01.959382
Head of Technology,Pay10 Maroc,Casablanca et périphérie,2026-03-17,https://ma.linkedin.com/jobs/view/head-of-technology-at-pay10-maroc-4384449712,Software Engineer,2026-03-18T02:39:01.959382
Simulation Engineer,AVL,"Rabat, Rabat-Salé-Kénitra, Maroc",2026-03-17,https://ma.linkedin.com/jobs/view/simulation-engineer-at-avl-4385696748,Software Engineer,2026-03-18T02:39:01.961386
Stagiaire PFE - Développeur JAVA F/H,VISEO,Maroc,2026-03-17,https://ma.linkedin.com/jobs/view/stagiaire-pfe-d%C3%A9veloppeur-java-f-h-at-viseo-4375777322,Software Engineer,2026-03-18T02:39:01.961386
Software Engineering Internship - X Delivery,Boston Consulting Group (BCG),"Casablanca, Casablanca-Settat, Maroc",2026-03-12,https://ma.linkedin.com/jobs/view/software-engineering-internship-x-delivery-at-boston-consulting-group-bcg-4330606374,Software Engineer,2026-03-18T02:39:01.962427
Senior FullStack Developer (.NET & React),Onclusive,Rabat et périphérie,2026-03-16,https://ma.linkedin.com/jobs/view/senior-fullstack-developer-net-react-at-onclusive-4373948292,Software Developer,2026-03-18T02:39:28.055382
Senior ERP Developer  - Platform & Architecture Modernization,Forterro,"Casablanca, Casablanca-Settat, Maroc",2026-03-13,https://ma.linkedin.com/jobs/view/senior-erp-developer-platform-architecture-modernization-at-forterro-4386369317,Software Developer,2026-03-18T02:39:28.058381
Ingénieur d'études et développement C# / .NET,LOGIGROUP,Casablanca et périphérie,2026-03-16,https://ma.linkedin.com/jobs/view/ing%C3%A9nieur-d-%C3%A9tudes-et-d%C3%A9veloppement-c%23-net-at-logigroup-4384030932,Software Developer,2026-03-18T02:39:28.059383
Senior ERP Developer  - Platform & Architecture Modernization,Myfactory,"Casablanca, Casablanca-Settat, Maroc",2026-03-16,https://ma.linkedin.com/jobs/view/senior-erp-developer-platform-architecture-modernization-at-myfactory-international-gmbh-4386399572,Software Developer,2026-03-18T02:39:28.059383
Tech Lead Engineer,Y STRATEGIE,"Casablanca, Casablanca-Settat, Maroc",2026-03-13,https://ma.linkedin.com/jobs/view/tech-lead-engineer-at-y-strategie-4384264839,Software Developer,2026-03-18T02:39:28.060381
QA Automatisation (H/F),MyUnisoft,"Rabat, Rabat-Salé-Kénitra, Maroc",2026-03-16,https://ma.linkedin.com/jobs/view/qa-automatisation-h-f-at-myunisoft-4364956584,Software Developer,2026-03-18T02:39:28.061383
Expert technique en tests automatisés,GEC _ Global Experts Consulting,"Casablanca, Casablanca-Settat, Maroc",2026-03-13,https://ma.linkedin.com/jobs/view/expert-technique-en-tests-automatis%C3%A9s-at-gec-global-experts-consulting-4384250684,Software Developer,2026-03-18T02:39:28.061383
Expert technique en tests automatisés,GEC _ Global Experts Consulting,"Casablanca, Casablanca-Settat, Maroc",2026-03-13,https://ma.linkedin.com/jobs/view/expert-technique-en-tests-automatis%C3%A9s-at-gec-global-experts-consulting-4385355266,Software Developer,2026-03-18T02:39:28.062382
Senior FullStack Developer (.NET & React),Onclusive,Rabat et périphérie,2026-03-16,https://ma.linkedin.com/jobs/view/senior-fullstack-developer-net-react-at-onclusive-4373948292,Software Developer,2026-03-18T02:39:28.070047
Développeur Web - Stage PFE,SEGULA Technologies,"Méchouar de Casablanca, Casablanca-Settat, Maroc",2026-03-11,https://ma.linkedin.com/jobs/view/d%C3%A9veloppeur-web-stage-pfe-at-segula-technologies-4382581990,Software Developer,2026-03-18T02:39:41.714381
Développeur Python IA,Beelix Maroc,"Casablanca-Settat, Maroc",2026-03-17,https://ma.linkedin.com/jobs/view/d%C3%A9veloppeur-python-ia-at-beelix-maroc-4384706009,Software Developer,2026-03-18T02:39:41.715380
Développeur .Net/ Angular,SQLI,"Rabat, Rabat-Salé-Kénitra, Maroc",2026-03-16,https://ma.linkedin.com/jobs/view/d%C3%A9veloppeur-net-angular-at-sqli-4384051667,Software Developer,2026-03-18T02:39:41.715380
Développeur Full Stack Junior,Capgemini Engineering,"Casablanca, Casablanca-Settat, Maroc",2026-03-13,https://ma.linkedin.com/jobs/view/d%C3%A9veloppeur-full-stack-junior-at-capgemini-engineering-4385318057,Backend Developer,2026-03-18T02:40:08.242891
Node.JS Developer,Inetum,"Méchouar de Casablanca, Casablanca-Settat, Maroc",2026-03-12,https://ma.linkedin.com/jobs/view/node-js-developer-at-inetum-4337636798,Backend Developer,2026-03-18T02:40:08.242891
Back End Developer Node.Js (H/F),MyUnisoft,"Rabat, Rabat-Salé-Kénitra, Maroc",2026-03-16,https://ma.linkedin.com/jobs/view/back-end-developer-node-js-h-f-at-myunisoft-4373997687,Backend Developer,2026-03-18T02:40:08.243891
Développeur Fullstack Vue.js / Node.js (H/F),GO & DEV,"Rabat, Rabat-Salé-Kénitra, Maroc",2026-03-12,https://ma.linkedin.com/jobs/view/d%C3%A9veloppeur-fullstack-vue-js-node-js-h-f-at-go-dev-4383545622,Backend Developer,2026-03-18T02:40:08.244891
Full Stack Engineer,Publicis Global Delivery (PGD),"Préfecture de Casablanca, Casablanca-Settat, Maroc",2026-03-12,https://ma.linkedin.com/jobs/view/full-stack-engineer-at-publicis-global-delivery-pgd-4384598667,Backend Developer,2026-03-18T02:40:08.244891
Développeur Full Stack (Java/React),Confidential Jobs,"Rabat, Rabat-Salé-Kénitra, Maroc",2026-03-16,https://ma.linkedin.com/jobs/view/d%C3%A9veloppeur-full-stack-java-react-at-confidential-jobs-4384047156,Backend Developer,2026-03-18T02:40:08.245891
Développeur Full Stack Senior,Capgemini Engineering,"Casablanca, Casablanca-Settat, Maroc",2026-03-13,https://ma.linkedin.com/jobs/view/d%C3%A9veloppeur-full-stack-senior-at-capgemini-engineering-4385305480,Backend Developer,2026-03-18T02:40:08.245891
Développeur Fullstack Expérimenté Java / React,ALTEN,"Rabat, Rabat-Salé-Kénitra, Maroc",2026-03-17,https://ma.linkedin.com/jobs/view/d%C3%A9veloppeur-fullstack-exp%C3%A9riment%C3%A9-java-react-at-alten-4384458978,Backend Developer,2026-03-18T02:40:08.246891
Développeur Fullstack Java / ReactJS expérimenté ou senior,ALTEN,"Rabat, Rabat-Salé-Kénitra, Maroc",2026-03-17,https://ma.linkedin.com/jobs/view/d%C3%A9veloppeur-fullstack-java-reactjs-exp%C3%A9riment%C3%A9-ou-senior-at-alten-4384466582,Backend Developer,2026-03-18T02:40:08.246891
Développeur Fullstack Sénior - Java / React (H-F) Rabat - Casablanca,SQLI,"Rabat, Rabat-Salé-Kénitra, Maroc",2026-03-11,https://ma.linkedin.com/jobs/view/d%C3%A9veloppeur-fullstack-s%C3%A9nior-java-react-h-f-rabat-casablanca-at-sqli-4358510620,Backend Developer,2026-03-18T02:40:08.246891
Développeur Java - Angular (H/F),Inetum,"Méchouar de Casablanca, Casablanca-Settat, Maroc",2026-03-12,https://ma.linkedin.com/jobs/view/d%C3%A9veloppeur-java-angular-h-f-at-inetum-4121164223,Backend Developer,2026-03-18T02:40:08.246891
Senior Frontend Developer (T-Shaped),Yakeey,"Casablanca, Casablanca-Settat, Maroc",2026-03-13,https://ma.linkedin.com/jobs/view/senior-frontend-developer-t-shaped-at-yakeey-4383144191,Backend Developer,2026-03-18T02:40:08.247891
Concepteur Développeur Full-Stack (Java/DevOps),Sofrecom Maroc,"Casablanca-Settat, Maroc",2026-03-13,https://ma.linkedin.com/jobs/view/concepteur-d%C3%A9veloppeur-full-stack-java-devops-at-sofrecom-maroc-4385360069,Backend Developer,2026-03-18T02:40:08.247891
Développeur Senior Full Stack (Java/React) H/F,Devoteam,"Casablanca, Casablanca-Settat, Maroc",2026-03-17,https://ma.linkedin.com/jobs/view/d%C3%A9veloppeur-senior-full-stack-java-react-h-f-at-devoteam-4368217306,Backend Developer,2026-03-18T02:40:08.247891
Javascript Fullstack Engineer - Senior,Lumenalta,Maroc,2026-03-16,https://ma.linkedin.com/jobs/view/javascript-fullstack-engineer-senior-at-lumenalta-4386381686,Backend Developer,2026-03-18T02:40:08.248891
Développeur Fullstack Sénior – Java / Angular (Dominante Back-End),ALTEN MAROC,"Rabat, Rabat-Salé-Kénitra, Maroc",2026-03-11,https://ma.linkedin.com/jobs/view/d%C3%A9veloppeur-fullstack-s%C3%A9nior-%E2%80%93-java-angular-dominante-back-end-at-alten-maroc-4382871433,Backend Developer,2026-03-18T02:40:08.248891
Javascript Fullstack Engineer - Senior,Lumenalta,"Casablanca, Casablanca-Settat, Maroc",2026-03-16,https://ma.linkedin.com/jobs/view/javascript-fullstack-engineer-senior-at-lumenalta-4386387212,Backend Developer,2026-03-18T02:40:08.248891
Développeur Fullstack Senior Java/Angular,Inetum,"Méchouar de Casablanca, Casablanca-Settat, Maroc",2026-03-12,https://ma.linkedin.com/jobs/view/d%C3%A9veloppeur-fullstack-senior-java-angular-at-inetum-4240913588,Backend Developer,2026-03-18T02:40:08.248891
Développeur Fullstack Expérimenté Java / React,ALTEN MAROC,"Rabat, Rabat-Salé-Kénitra, Maroc",2026-03-17,https://ma.linkedin.com/jobs/view/d%C3%A9veloppeur-fullstack-exp%C3%A9riment%C3%A9-java-react-at-alten-maroc-4384461820,Backend Developer,2026-03-18T02:40:08.249891
Développeur Java/ JAHIA  H/F,Viveris,"Méchouar de Casablanca, Casablanca-Settat, Maroc",2026-03-16,https://ma.linkedin.com/jobs/view/d%C3%A9veloppeur-java-jahia-h-f-at-viveris-4386520958,Backend Developer,2026-03-18T02:40:08.249891
Javascript Fullstack Engineer - Tech Lead,Lumenalta,Maroc,2026-03-16,https://ma.linkedin.com/jobs/view/javascript-fullstack-engineer-tech-lead-at-lumenalta-4386399005,Backend Developer,2026-03-18T02:40:08.249891
Back-end Developer Ruby On Rails H/F,MyUnisoft,"Rabat, Rabat-Salé-Kénitra, Maroc",2026-03-16,https://ma.linkedin.com/jobs/view/back-end-developer-ruby-on-rails-h-f-at-myunisoft-4313415085,Backend Developer,2026-03-18T02:40:08.250891
Javascript Fullstack Engineer - Senior,Lumenalta,"Marrakech, Marrakech-Safi, Maroc",2026-03-16,https://ma.linkedin.com/jobs/view/javascript-fullstack-engineer-senior-at-lumenalta-4386381461,Backend Developer,2026-03-18T02:40:08.250891
Développeur Fullstack Java / Angular - expérimenté/Sénior,ALTEN MAROC,"Rabat, Rabat-Salé-Kénitra, Maroc",2026-03-16,https://ma.linkedin.com/jobs/view/d%C3%A9veloppeur-fullstack-java-angular-exp%C3%A9riment%C3%A9-s%C3%A9nior-at-alten-maroc-4384067019,Backend Developer,2026-03-18T02:40:08.250891
Développeur Fullstack Java / ReactJS expérimenté ou senior,ALTEN MAROC,"Rabat, Rabat-Salé-Kénitra, Maroc",2026-03-17,https://ma.linkedin.com/jobs/view/d%C3%A9veloppeur-fullstack-java-reactjs-exp%C3%A9riment%C3%A9-ou-senior-at-alten-maroc-4384475259,Backend Developer,2026-03-18T02:40:08.251891
Développeur Frontend React,VOID,"Casablanca-Settat, Maroc",2026-03-11,https://ma.linkedin.com/jobs/view/d%C3%A9veloppeur-frontend-react-at-void-4384354354,Frontend Developer,2026-03-18T02:40:46.047244
Ingénieur devops front end (F/H),Sofrecom Maroc,"Rabat, Rabat-Salé-Kénitra, Maroc",2026-03-16,https://ma.linkedin.com/jobs/view/ing%C3%A9nieur-devops-front-end-f-h-at-sofrecom-maroc-4386319551,Frontend Developer,2026-03-18T02:40:46.049241
Développeur Salesforce - F/H,Niji,"Casablanca, Casablanca-Settat, Maroc",2026-03-13,https://ma.linkedin.com/jobs/view/d%C3%A9veloppeur-salesforce-f-h-at-niji-4373139983,Web Developer,2026-03-18T02:42:03.418664
Consultant Technique Salesforce,Inetum,"Méchouar de Casablanca, Casablanca-Settat, Maroc",2026-03-12,https://ma.linkedin.com/jobs/view/consultant-technique-salesforce-at-inetum-4340195256,Web Developer,2026-03-18T02:42:03.418664
Senior Python Engineer – GenAI & DevOps Expert | Casablanca,01TEK,"Casablanca, Casablanca-Settat, Maroc",2026-03-17,https://ma.linkedin.com/jobs/view/senior-python-engineer-%E2%80%93-genai-devops-expert-casablanca-at-01tek-4386760387,Android Developer,2026-03-18T02:43:23.648090
Ingénieur DevOps,Capgemini Engineering,"Casablanca, Casablanca-Settat, Maroc",2026-03-13,https://ma.linkedin.com/jobs/view/ing%C3%A9nieur-devops-at-capgemini-engineering-4385300794,DevOps Engineer,2026-03-18T02:44:41.248269
DevOps Engineer– Cloud / Kubernetes / GCP  (F/H),CGI,"Casablanca, Casablanca-Settat, Maroc",2026-03-13,https://ma.linkedin.com/jobs/view/devops-engineer%E2%80%93-cloud-kubernetes-gcp-f-h-at-cgi-4385527924,DevOps Engineer,2026-03-18T02:44:41.248269
Ingénieur DevOps (F/H) - Rabat,Sofrecom Maroc,"Rabat, Rabat-Salé-Kénitra, Maroc",2026-03-11,https://ma.linkedin.com/jobs/view/ing%C3%A9nieur-devops-f-h-rabat-at-sofrecom-maroc-4384198746,DevOps Engineer,2026-03-18T02:44:41.248269
Ingénieur Cloud SYSOPS Azure,Inetum,"Méchouar de Casablanca, Casablanca-Settat, Maroc",2026-03-12,https://ma.linkedin.com/jobs/view/ing%C3%A9nieur-cloud-sysops-azure-at-inetum-4205097458,DevOps Engineer,2026-03-18T02:44:41.250268
INGENIEUR CLOUD SPECIALISE GCP,ManpowerGroup,"Casablanca-Settat, Maroc",2026-03-16,https://ma.linkedin.com/jobs/view/ingenieur-cloud-specialise-gcp-at-manpowergroup-4386368483,DevOps Engineer,2026-03-18T02:44:41.251271
Ingénieur Cloud Azure,Inetum,"Méchouar de Casablanca, Casablanca-Settat, Maroc",2026-03-12,https://ma.linkedin.com/jobs/view/ing%C3%A9nieur-cloud-azure-at-inetum-4354628740,DevOps Engineer,2026-03-18T02:44:41.251271
Expert/Senior DevOps GCP_ Hybride,SQLI,Casablanca et périphérie,2026-03-17,https://ma.linkedin.com/jobs/view/expert-senior-devops-gcp-hybride-at-sqli-4341221287,DevOps Engineer,2026-03-18T02:44:41.254270
Senior Test Automation Engineer — .NET SaaS ERP on AWS,Forterro,Casablanca et périphérie,2026-03-17,https://ma.linkedin.com/jobs/view/senior-test-automation-engineer-%E2%80%94-net-saas-erp-on-aws-at-forterro-4385910452,DevOps Engineer,2026-03-18T02:44:41.255270
SAP Hybris Commerce Cloud Developer,Arrow Electronics,"Casablanca, Casablanca-Settat, Maroc",2026-03-14,https://ma.linkedin.com/jobs/view/sap-hybris-commerce-cloud-developer-at-arrow-electronics-4367459836,DevOps Engineer,2026-03-18T02:44:41.255270
Ingénieur Système Ferroviaire - Train System (H/F),SEGULA Technologies,"Méchouar de Casablanca, Casablanca-Settat, Maroc",2026-03-16,https://ma.linkedin.com/jobs/view/ing%C3%A9nieur-syst%C3%A8me-ferroviaire-train-system-h-f-at-segula-technologies-4384071370,Cloud Engineer,2026-03-18T02:45:21.247507
Engineering Delivery Lead,GO & DEV,Casablanca et périphérie,2026-03-12,https://ma.linkedin.com/jobs/view/engineering-delivery-lead-at-go-dev-4383534860,Cloud Engineer,2026-03-18T02:45:21.257507
S-E-SE Test Technology,LEONI Maroc,"Berrechid, Casablanca-Settat, Maroc",2026-03-16,https://ma.linkedin.com/jobs/view/s-e-se-test-technology-at-leoni-morocco-4374381520,Cloud Engineer,2026-03-18T02:45:21.258501
CBS - Postdoctoral Positions in Process Systems Engineering,UM6P - University Mohammed VI Polytechnic,Maroc,2026-03-15,https://ma.linkedin.com/jobs/view/cbs-postdoctoral-positions-in-process-systems-engineering-at-um6p-university-mohammed-vi-polytechnic-4386019057,Cloud Engineer,2026-03-18T02:45:21.258501
Ingénieur Systèmes Automobile Hispanophone,Capgemini Engineering,"Casablanca-Settat, Maroc",2026-03-17,https://ma.linkedin.com/jobs/view/ing%C3%A9nieur-syst%C3%A8mes-automobile-hispanophone-at-capgemini-engineering-4384498709,Cloud Engineer,2026-03-18T02:45:21.260503
Developpeur(se) Delphi,"Matys, A Cegid Company","Casablanca, Casablanca-Settat, Maroc",2026-03-16,https://ma.linkedin.com/jobs/view/developpeur-se-delphi-at-matys-4376390728,Cloud Engineer,2026-03-18T02:45:21.261506
Coiffeur(se),Royal Mansour Marrakech,"Marrakech-Safi, Maroc",2026-03-11,https://ma.linkedin.com/jobs/view/coiffeur-se-at-royal-mansour-marrakech-4384180793,Cloud Engineer,2026-03-18T02:45:21.262503
Architecte Expérimenté Cloud F/H,Deloitte,"Méchouar de Casablanca, Casablanca-Settat, Maroc",2026-03-17,https://ma.linkedin.com/jobs/view/architecte-exp%C3%A9riment%C3%A9-cloud-f-h-at-deloitte-4386226312,Cloud Architect,2026-03-18T02:45:59.514710
Solutions Architect - Javascript,Lumenalta,Maroc,2026-03-16,https://ma.linkedin.com/jobs/view/solutions-architect-javascript-at-lumenalta-4386502201,Cloud Architect,2026-03-18T02:45:59.515709
Architecte Solution,Devoteam,"Casablanca, Casablanca-Settat, Maroc",2026-03-17,https://ma.linkedin.com/jobs/view/architecte-solution-at-devoteam-4367815435,Cloud Architect,2026-03-18T02:45:59.516710
Consultant Salesforce/Consultante Salesforce,Publicis Global Delivery (PGD),Casablanca et périphérie,2026-03-16,https://ma.linkedin.com/jobs/view/consultant-salesforce-consultante-salesforce-at-publicis-global-delivery-pgd-4386330660,Cloud Architect,2026-03-18T02:45:59.519710
Consultant Senior - Actuariat Risque Crédit F/H,KPMG au Maroc,"Méchouar de Casablanca, Casablanca-Settat, Maroc",2026-03-17,https://ma.linkedin.com/jobs/view/consultant-senior-actuariat-risque-cr%C3%A9dit-f-h-at-kpmg-au-maroc-4384709199,Platform Engineer,2026-03-18T02:47:13.683618
Senior Infrastructure Engineer - Networking,APM Terminals,Tanger et périphérie,2026-03-13,https://ma.linkedin.com/jobs/view/senior-infrastructure-engineer-networking-at-apm-terminals-4385388404,Infrastructure Engineer,2026-03-18T02:47:51.549433
Sales Engineer II - Service Providers,Infoblox,Maroc,2026-03-17,https://ma.linkedin.com/jobs/view/sales-engineer-ii-service-providers-at-infoblox-4357492966,Infrastructure Engineer,2026-03-18T02:47:51.553434
Ingénieur Cybersécurité - H/F,Groupe BBL,"Casablanca, Casablanca-Settat, Maroc",2026-03-13,https://ma.linkedin.com/jobs/view/ing%C3%A9nieur-cybers%C3%A9curit%C3%A9-h-f-at-groupe-bbl-4385351616,Cybersecurity Engineer,2026-03-18T02:49:06.525155
Operations Security (H/F),INTM Méditerranée,"Rabat-Salé-Kénitra, Maroc",2026-03-17,https://ma.linkedin.com/jobs/view/operations-security-h-f-at-intm-m%C3%A9diterran%C3%A9e-4386740947,Cybersecurity Engineer,2026-03-18T02:49:06.525155
Ingénieur en cybersécurité/Ingénieure en cybersécurité,Akkodis,Tanger et périphérie,2026-03-11,https://ma.linkedin.com/jobs/view/ing%C3%A9nieur-en-cybers%C3%A9curit%C3%A9-ing%C3%A9nieure-en-cybers%C3%A9curit%C3%A9-at-akkodis-4382876722,Cybersecurity Engineer,2026-03-18T02:49:06.526155
Team Leader SOC,Intelcia Tech,"Casablanca-Settat, Maroc",2026-03-12,https://ma.linkedin.com/jobs/view/team-leader-soc-at-intelcia-tech-4384877435,Cybersecurity Engineer,2026-03-18T02:49:06.527154
Ingénieur Cybersécurité H/F,COLAS DIGITAL SOLUTIONS,"Casablanca, Casablanca-Settat, Maroc",2026-03-12,https://ma.linkedin.com/jobs/view/ing%C3%A9nieur-cybers%C3%A9curit%C3%A9-h-f-at-colas-digital-solutions-4380276693,Cybersecurity Engineer,2026-03-18T02:49:06.527154
Cloud Security Expert,AXA Group Operations,"Salé, Rabat-Salé-Kénitra, Maroc",2026-03-12,https://ma.linkedin.com/jobs/view/cloud-security-expert-at-axa-group-operations-4384840402,Cybersecurity Engineer,2026-03-18T02:49:06.527154
Encryption Security Expert,AXA Group Operations,"Salé, Rabat-Salé-Kénitra, Maroc",2026-03-11,https://ma.linkedin.com/jobs/view/encryption-security-expert-at-axa-group-operations-4384307029,Cybersecurity Engineer,2026-03-18T02:49:06.528157
COLCOM - Postdoctoral Positions in IA for Cybersecurity and Quantum Cryptography,UM6P - University Mohammed VI Polytechnic,Maroc,2026-03-15,https://ma.linkedin.com/jobs/view/colcom-postdoctoral-positions-in-ia-for-cybersecurity-and-quantum-cryptography-at-um6p-university-mohammed-vi-polytechnic-4386008611,Cybersecurity Engineer,2026-03-18T02:49:06.528157
Expert en Gouvernance et Sécurité Active Directory (AD) et Entra ID,Orange Business,"Casablanca-Settat, Maroc",2026-03-16,https://ma.linkedin.com/jobs/view/expert-en-gouvernance-et-s%C3%A9curit%C3%A9-active-directory-ad-et-entra-id-at-orange-business-4367460283,Cybersecurity Engineer,2026-03-18T02:49:06.528157
Senior Security Engineer,Orange Business,"Casablanca-Settat, Maroc",2026-03-13,https://ma.linkedin.com/jobs/view/senior-security-engineer-at-orange-business-4384298327,Security Analyst,2026-03-18T02:49:44.259118
Compliance Analyst,Pay10 Maroc,Casablanca et périphérie,2026-03-12,https://ma.linkedin.com/jobs/view/compliance-analyst-at-pay10-maroc-4382753584,Security Analyst,2026-03-18T02:49:44.259118
Analyste SOC N2,PwC au Maroc,"Casablanca-Settat, Maroc",2026-03-16,https://ma.linkedin.com/jobs/view/analyste-soc-n2-at-pwc-au-maroc-4386334558,SOC Analyst,2026-03-18T02:51:41.050442
Customer Success Account Manager,"Kaspersky France and North, West & Central Africa","Casablanca-Settat, Maroc",2026-03-16,https://ma.linkedin.com/jobs/view/customer-success-account-manager-at-kaspersky-france-and-north-west-central-africa-4384982999,Information Security,2026-03-18T02:52:19.195631
Assistant IT Manager,Confidential,"Casablanca-Settat, Maroc",2026-03-11,https://ma.linkedin.com/jobs/view/assistant-it-manager-at-confidential-4382856233,Information Security,2026-03-18T02:52:19.195631
Account Manager,Midis Group,"Casablanca, Casablanca-Settat, Maroc",2026-03-14,https://ma.linkedin.com/jobs/view/account-manager-at-midis-group-4337743773,Information Security,2026-03-18T02:52:19.196636
Reservation Agent -Taghazout Bay Marriott Resort,Marriott International,"Taghazout, Souss-Massa, Maroc",2026-03-13,https://ma.linkedin.com/jobs/view/reservation-agent-taghazout-bay-marriott-resort-at-marriott-international-4384294313,Information Security,2026-03-18T02:52:19.196636
Accounts Receivable (comptabilité client) - Taghazout Bay Marriott Resort,Marriott International,"Taghazout, Souss-Massa, Maroc",2026-03-13,https://ma.linkedin.com/jobs/view/accounts-receivable-comptabilit%C3%A9-client-taghazout-bay-marriott-resort-at-marriott-international-4384277738,Information Security,2026-03-18T02:52:19.196636
General Cashier/Paymaster - Taghazout Bay Marriott Resort,Marriott International,"Taghazout, Souss-Massa, Maroc",2026-03-13,https://ma.linkedin.com/jobs/view/general-cashier-paymaster-taghazout-bay-marriott-resort-at-marriott-international-4384291330,Information Security,2026-03-18T02:52:19.197632
Income Auditor - Taghazout Bay Marriott Resort,Marriott International,"Taghazout, Souss-Massa, Maroc",2026-03-13,https://ma.linkedin.com/jobs/view/income-auditor-taghazout-bay-marriott-resort-at-marriott-international-4384290378,Information Security,2026-03-18T02:52:19.197632
Technicien de maintenance polyvalent - Taghazout Bay Marriott Resort,Marriott International,"Taghazout, Souss-Massa, Maroc",2026-03-13,https://ma.linkedin.com/jobs/view/technicien-de-maintenance-polyvalent-taghazout-bay-marriott-resort-at-marriott-international-4384295219,Information Security,2026-03-18T02:52:19.197632
Accounts Payable Clerk (comptabilité Fournisseur) - Taghazout Bay Marriott Resort,Marriott International,"Taghazout, Souss-Massa, Maroc",2026-03-13,https://ma.linkedin.com/jobs/view/accounts-payable-clerk-comptabilit%C3%A9-fournisseur-taghazout-bay-marriott-resort-at-marriott-international-4384295217,Information Security,2026-03-18T02:52:19.198631
Front Desk Agent - Taghazout Bay Marriott Resort,Marriott International,"Taghazout, Souss-Massa, Maroc",2026-03-13,https://ma.linkedin.com/jobs/view/front-desk-agent-taghazout-bay-marriott-resort-at-marriott-international-4384218101,Information Security,2026-03-18T02:52:19.198631
ASARI - Postdoctoral Fellow in Plant Nutrition and Fertilization,UM6P - University Mohammed VI Polytechnic,Maroc,2026-03-15,https://ma.linkedin.com/jobs/view/asari-postdoctoral-fellow-in-plant-nutrition-and-fertilization-at-um6p-university-mohammed-vi-polytechnic-4386018151,Information Security,2026-03-18T02:52:19.198631
Microsoft Teams Architect,Concentrix,Maroc,2026-03-11,https://ma.linkedin.com/jobs/view/microsoft-teams-architect-at-concentrix-4382514546,Information Security,2026-03-18T02:52:19.198631
Bellman / Bagagiste - Amanjena,Aman,"Marrakech, Marrakech-Safi, Maroc",2026-03-12,https://ma.linkedin.com/jobs/view/bellman-bagagiste-amanjena-at-aman-4374768236,Information Security,2026-03-18T02:52:19.199632
Administrateur Réseau N3,Inetum,"Méchouar de Casablanca, Casablanca-Settat, Maroc",2026-03-12,https://ma.linkedin.com/jobs/view/administrateur-r%C3%A9seau-n3-at-inetum-4243829294,Network Engineer,2026-03-18T02:52:56.946595
Administrateur Système & Réseaux / Référent MS 365 - H/F,Groupe BBL,"Casablanca, Casablanca-Settat, Maroc",2026-03-13,https://ma.linkedin.com/jobs/view/administrateur-syst%C3%A8me-r%C3%A9seaux-r%C3%A9f%C3%A9rent-ms-365-h-f-at-groupe-bbl-4385560915,Network Engineer,2026-03-18T02:52:56.946595
ADMINISTRATEUR SYSTEMES (H/F),Tessi,"Oujda, Oriental, Maroc",2026-03-13,https://ma.linkedin.com/jobs/view/administrateur-systemes-h-f-at-tessi-4385340234,System Administrator,2026-03-18T02:53:32.905429
IT Local H/F - Casablanca,HCLTech,Casablanca et périphérie,2026-03-13,https://ma.linkedin.com/jobs/view/it-local-h-f-casablanca-at-hcltech-4383131772,System Administrator,2026-03-18T02:53:32.905429
Administrateur AS400 / IBM i,AXONE,Rabat et périphérie,2026-03-11,https://ma.linkedin.com/jobs/view/administrateur-as400-ibm-i-at-axone-4384156921,System Administrator,2026-03-18T02:53:32.906428
Administrateur AS400 / IBM i,AXONE,"Rabat, Rabat-Salé-Kénitra, Maroc",2026-03-11,https://ma.linkedin.com/jobs/view/administrateur-as400-ibm-i-at-axone-4384181872,System Administrator,2026-03-18T02:53:32.906428
ServiceNow ITOM/CMDB Specialist,Inetum,"Méchouar de Casablanca, Casablanca-Settat, Maroc",2026-03-12,https://ma.linkedin.com/jobs/view/servicenow-itom-cmdb-specialist-at-inetum-4228967025,System Administrator,2026-03-18T02:53:32.906428
Commercial confirmé / Secteur IT,HR SKILLS MAROC,"Rabat, Rabat-Salé-Kénitra, Maroc",2026-03-17,https://ma.linkedin.com/jobs/view/commercial-confirm%C3%A9-secteur-it-at-hr-skills-maroc-4386739815,System Administrator,2026-03-18T02:53:32.907428
Technico-Commercial (H/F) – Secteur IT,HR SKILLS MAROC,"Rabat, Rabat-Salé-Kénitra, Maroc",2026-03-14,https://ma.linkedin.com/jobs/view/technico-commercial-h-f-%E2%80%93-secteur-it-at-hr-skills-maroc-4384621506,System Administrator,2026-03-18T02:53:32.907428
ServiceNow Expert admin,Amaris Consulting,"Casablanca, Casablanca-Settat, Maroc",2026-03-13,https://ma.linkedin.com/jobs/view/servicenow-expert-admin-at-amaris-consulting-4385504140,System Administrator,2026-03-18T02:53:32.907428
Ingénieur SI Sauvegarde & Stockage,IFCAR Solutions,"Rabat, Rabat-Salé-Kénitra, Maroc",2026-03-17,https://ma.linkedin.com/jobs/view/ing%C3%A9nieur-si-sauvegarde-stockage-at-ifcar-solutions-4382786012,System Administrator,2026-03-18T02:53:32.907428
Stagiaire en recrutement IT (F/H),Sofrecom Maroc,"Casablanca-Settat, Maroc",2026-03-16,https://ma.linkedin.com/jobs/view/stagiaire-en-recrutement-it-f-h-at-sofrecom-maroc-4386368713,System Administrator,2026-03-18T02:53:32.908430
AI Training Specialist,Alignerr,Maroc,2026-03-15,https://ma.linkedin.com/jobs/view/ai-training-specialist-at-alignerr-4386029495,System Administrator,2026-03-18T02:53:32.909428
ServiceNow Architect,Cnexia,Maroc,2026-03-13,https://ma.linkedin.com/jobs/view/servicenow-architect-at-cnexia-4383141057,System Administrator,2026-03-18T02:53:32.909428
Recruteur IT,TCrew,"Rabat, Rabat-Salé-Kénitra, Maroc",2026-03-16,https://ma.linkedin.com/jobs/view/recruteur-it-at-tcrew-4386328000,System Administrator,2026-03-18T02:53:32.910431
Vendeuse spécialisée – Magasin Informatique,OPENMARK,"Kénitra, Rabat-Salé-Kénitra, Maroc",2026-03-17,https://ma.linkedin.com/jobs/view/vendeuse-sp%C3%A9cialis%C3%A9e-%E2%80%93-magasin-informatique-at-openmark-4384473450,System Administrator,2026-03-18T02:53:32.910431
Administrateur Linux N3,MAROC FER,"Méchouar de Casablanca, Casablanca-Settat, Maroc",2026-03-17,https://ma.linkedin.com/jobs/view/administrateur-linux-n3-at-maroc-fer-4386932213,Linux Administrator,2026-03-18T02:54:10.662516
Administrateur Linux N3,Inetum,"Méchouar de Casablanca, Casablanca-Settat, Maroc",2026-03-17,https://ma.linkedin.com/jobs/view/administrateur-linux-n3-at-inetum-4386789586,Linux Administrator,2026-03-18T02:54:10.662516
IT Technician,TotalEnergies,Maroc,2026-03-13,https://ma.linkedin.com/jobs/view/it-technician-at-totalenergies-4385334373,IT Support,2026-03-18T02:54:52.656096
Technicien Support IT,Scalian,"Casablanca, Casablanca-Settat, Maroc",2026-03-14,https://ma.linkedin.com/jobs/view/technicien-support-it-at-scalian-4367605735,IT Support,2026-03-18T02:54:52.656096
Technicien de Proximité,MAROC FER,"Rabat, Rabat-Salé-Kénitra, Maroc",2026-03-13,https://ma.linkedin.com/jobs/view/technicien-de-proximit%C3%A9-at-maroc-fer-4383132662,IT Support,2026-03-18T02:54:52.657097
IT Desktop and Network Support (Dispatch) EL J,BRILLIANT COMPUTERS CITADEL  AND INFORMATION TECHNOLOGY,"El Jadida, Casablanca-Settat, Maroc",2026-03-17,https://ma.linkedin.com/jobs/view/it-desktop-and-network-support-dispatch-el-j-at-brilliant-computers-citadel-and-information-technology-4385690518,IT Support,2026-03-18T02:54:52.658100
IT Desktop and Network Support (Dispatch) Tang,BRILLIANT COMPUTERS CITADEL  AND INFORMATION TECHNOLOGY,Tanger et périphérie,2026-03-17,https://ma.linkedin.com/jobs/view/it-desktop-and-network-support-dispatch-tang-at-brilliant-computers-citadel-and-information-technology-4385686743,IT Support,2026-03-18T02:54:52.658100
IT Desktop and Network Support (Dispatch) CAS,BRILLIANT COMPUTERS CITADEL  AND INFORMATION TECHNOLOGY,Casablanca et périphérie,2026-03-17,https://ma.linkedin.com/jobs/view/it-desktop-and-network-support-dispatch-cas-at-brilliant-computers-citadel-and-information-technology-4385699381,IT Support,2026-03-18T02:54:52.658100
Technicien de Proximité,Inetum,"Rabat, Rabat-Salé-Kénitra, Maroc",2026-03-13,https://ma.linkedin.com/jobs/view/technicien-de-proximit%C3%A9-at-inetum-4385348747,IT Support,2026-03-18T02:54:52.659098
IT Desktop and Network Support (Dispatch) MRK,BRILLIANT COMPUTERS CITADEL  AND INFORMATION TECHNOLOGY,"arrondissement de Marrakech-Medina, Marrakech-Safi, Maroc",2026-03-17,https://ma.linkedin.com/jobs/view/it-desktop-and-network-support-dispatch-mrk-at-brilliant-computers-citadel-and-information-technology-4385690688,IT Support,2026-03-18T02:54:52.659098
IT Desktop and Network Support (Dispatch) RB,BRILLIANT COMPUTERS CITADEL  AND INFORMATION TECHNOLOGY,"Rabat, Rabat-Salé-Kénitra, Maroc",2026-03-17,https://ma.linkedin.com/jobs/view/it-desktop-and-network-support-dispatch-rb-at-brilliant-computers-citadel-and-information-technology-4385905327,IT Support,2026-03-18T02:54:52.659098
IT Desktop and Network Support (Dispatch) KEN,BRILLIANT COMPUTERS CITADEL  AND INFORMATION TECHNOLOGY,Rabat et périphérie,2026-03-17,https://ma.linkedin.com/jobs/view/it-desktop-and-network-support-dispatch-ken-at-brilliant-computers-citadel-and-information-technology-4385901343,IT Support,2026-03-18T02:54:52.659098
IT Technician,Hutchinson,"Casablanca-Settat, Maroc",2026-03-12,https://ma.linkedin.com/jobs/view/it-technician-at-hutchinson-4384576890,IT Support,2026-03-18T02:54:52.660098
IT Desktop and Network Support (Dispatch) Fes,BRILLIANT COMPUTERS CITADEL  AND INFORMATION TECHNOLOGY,"Boulemane, Fès-Meknès, Maroc",2026-03-17,https://ma.linkedin.com/jobs/view/it-desktop-and-network-support-dispatch-fes-at-brilliant-computers-citadel-and-information-technology-4385904183,IT Support,2026-03-18T02:54:52.660098
Technicien Support IT Niveaux 1 & 2 (H/F),ilem Group,Casablanca et périphérie,2026-03-13,https://ma.linkedin.com/jobs/view/technicien-support-it-niveaux-1-2-h-f-at-ilem-group-4364549341,IT Support,2026-03-18T02:54:52.662098
AVL is always looking for new talents - Apply now with a speculative application!,AVL,"Rabat, Rabat-Salé-Kénitra, Maroc",2026-03-17,https://ma.linkedin.com/jobs/view/avl-is-always-looking-for-new-talents-apply-now-with-a-speculative-application%21-at-avl-4385923157,IT Support,2026-03-18T02:54:52.663098
Service Desk Analyst (Germanophone),HCLTech,"Rabat, Rabat-Salé-Kénitra, Maroc",2026-03-17,https://ma.linkedin.com/jobs/view/service-desk-analyst-germanophone-at-hcltech-4385690416,IT Support,2026-03-18T02:54:52.663098
IT Local Lead,HCLTech,Casablanca et périphérie,2026-03-13,https://ma.linkedin.com/jobs/view/it-local-lead-at-hcltech-4383148105,IT Support,2026-03-18T02:54:52.663098
Service Desk Analyst (French & English),HCLTech,"Rabat, Rabat-Salé-Kénitra, Maroc",2026-03-17,https://ma.linkedin.com/jobs/view/service-desk-analyst-french-english-at-hcltech-4385697257,IT Support,2026-03-18T02:54:52.664098
Service Desk Analyst (Italophone),HCLTech,"Rabat, Rabat-Salé-Kénitra, Maroc",2026-03-17,https://ma.linkedin.com/jobs/view/service-desk-analyst-italophone-at-hcltech-4385686546,IT Support,2026-03-18T02:54:52.664098
Ingénieur Méthodes opérationnel,Scalian,Casablanca et périphérie,2026-03-14,https://ma.linkedin.com/jobs/view/ing%C3%A9nieur-m%C3%A9thodes-op%C3%A9rationnel-at-scalian-4367426935,IT Support,2026-03-18T02:54:52.665098
Incident Manager,Payment Center For Africa - PCA,Casablanca et périphérie,2026-03-11,https://ma.linkedin.com/jobs/view/incident-manager-at-payment-center-for-africa-pca-4384303481,IT Support,2026-03-18T02:54:52.665098
Frontline Support Specialist,Deliverect,"Casablanca, Casablanca-Settat, Maroc",2026-03-11,https://ma.linkedin.com/jobs/view/frontline-support-specialist-at-deliverect-4382861266,IT Support,2026-03-18T02:54:52.666098
Consultant Qualité / Data Quality Assurance,ALTEN MAROC,"Rabat, Rabat-Salé-Kénitra, Maroc",2026-03-16,https://ma.linkedin.com/jobs/view/consultant-qualit%C3%A9-data-quality-assurance-at-alten-maroc-4384048232,IT Support,2026-03-18T02:54:52.666098
TECHNICIEN HELPDESK BILINGUE,ManpowerGroup,Casablanca et périphérie,2026-03-12,https://ma.linkedin.com/jobs/view/technicien-helpdesk-bilingue-at-manpowergroup-4382997609,IT Support,2026-03-18T02:54:52.666098
Consultant ServiceNow (H/F),Devoteam,"Casablanca, Casablanca-Settat, Maroc",2026-03-14,https://ma.linkedin.com/jobs/view/consultant-servicenow-h-f-at-devoteam-4331595019,IT Support,2026-03-18T02:54:52.667098
Support Analyst Bilingue Français/Espagnol (H/F),Atos,Casablanca et périphérie,2026-03-11,https://ma.linkedin.com/jobs/view/support-analyst-bilingue-fran%C3%A7ais-espagnol-h-f-at-atos-4384154270,IT Support,2026-03-18T02:54:52.667098
Consultant ServiceNow  (H/F),Devoteam,"Rabat, Rabat-Salé-Kénitra, Maroc",2026-03-12,https://ma.linkedin.com/jobs/view/consultant-servicenow-h-f-at-devoteam-4330793435,IT Support,2026-03-18T02:54:52.668098
Comptable et Gestionnaire Opérationnel,igus Maroc,Casablanca et périphérie,2026-03-11,https://ma.linkedin.com/jobs/view/comptable-et-gestionnaire-op%C3%A9rationnel-at-igus-maroc-4384159228,IT Support,2026-03-18T02:54:52.668098
Area Manager ISE Maroc F/H - SAFRAN ELECTRICAL AND POWER MOROCCO SA,AEROCONTACT.COM,"Témara, Rabat-Salé-Kénitra, Maroc",2026-03-17,https://ma.linkedin.com/jobs/view/area-manager-ise-maroc-f-h-safran-electrical-and-power-morocco-sa-at-aerocontact-4384337910,IT Support,2026-03-18T02:54:52.669099
Technicien Helpdesk Hispanophone,Inetum,"Méchouar de Casablanca, Casablanca-Settat, Maroc",2026-03-12,https://ma.linkedin.com/jobs/view/technicien-helpdesk-hispanophone-at-inetum-4305603149,IT Support,2026-03-18T02:54:52.669099
Business Developer - Talent acquisition,TCrew,Rabat et périphérie,2026-03-11,https://ma.linkedin.com/jobs/view/business-developer-talent-acquisition-at-tcrew-4384198251,IT Support,2026-03-18T02:54:52.669099
Consultant(e) en Recrutement,Tessi,"Oujda, Oriental, Maroc",2026-03-13,https://ma.linkedin.com/jobs/view/consultant-e-en-recrutement-at-tessi-4385340605,IT Support,2026-03-18T02:54:52.670098
Consultant Qualité / Data Quality Assurance,ALTEN,"Rabat, Rabat-Salé-Kénitra, Maroc",2026-03-13,https://ma.linkedin.com/jobs/view/consultant-qualit%C3%A9-data-quality-assurance-at-alten-4383109009,IT Support,2026-03-18T02:54:52.670098
"Project Leader, Indirect Process & Technology",GE HealthCare,"Casablanca, Casablanca-Settat, Maroc",2026-03-16,https://ma.linkedin.com/jobs/view/project-leader-indirect-process-technology-at-ge-healthcare-4386339956,IT Support,2026-03-18T02:54:52.670098
Consultant S2P / O2C,VISEO,"Casablanca-Settat, Maroc",2026-03-12,https://ma.linkedin.com/jobs/view/consultant-s2p-o2c-at-viseo-4383533237,IT Support,2026-03-18T02:54:52.671098
IT Support Team Lead (German speaker),HCLTech,"Rabat, Rabat-Salé-Kénitra, Maroc",2026-03-17,https://ma.linkedin.com/jobs/view/it-support-team-lead-german-speaker-at-hcltech-4385689476,IT Support,2026-03-18T02:54:52.671098
Work-from-Home Customer Support – French Speaking,TalentPop App,"Rabat, Rabat-Salé-Kénitra, Maroc",2026-03-18,https://ma.linkedin.com/jobs/view/work-from-home-customer-support-%E2%80%93-french-speaking-at-talentpop-app-4384734222,IT Support,2026-03-18T02:54:52.672098
HRBP (F/H),SQLI,Rabat et périphérie,2026-03-16,https://ma.linkedin.com/jobs/view/hrbp-f-h-at-sqli-4384021527,IT Support,2026-03-18T02:54:52.673097
Work-from-Home Customer Support – French Speaking,TalentPop App,Maroc,2026-03-18,https://ma.linkedin.com/jobs/view/work-from-home-customer-support-%E2%80%93-french-speaking-at-talentpop-app-4384719947,IT Support,2026-03-18T02:54:52.673097
Consultant Workday (H/F),Inetum,"Méchouar de Casablanca, Casablanca-Settat, Maroc",2026-03-12,https://ma.linkedin.com/jobs/view/consultant-workday-h-f-at-inetum-4333020155,IT Support,2026-03-18T02:54:52.673097
Work-from-Home Customer Support – French Speaking,TalentPop App,"Marrakech, Marrakech-Safi, Maroc",2026-03-18,https://ma.linkedin.com/jobs/view/work-from-home-customer-support-%E2%80%93-french-speaking-at-talentpop-app-4384727721,IT Support,2026-03-18T02:54:52.674096
Senior IT/OT Engineer,APM Terminals,"Tanger, Tanger-Tétouan-Al Hoceïma, Maroc",2026-03-11,https://ma.linkedin.com/jobs/view/senior-it-ot-engineer-at-apm-terminals-4371446590,IT Support,2026-03-18T02:54:52.674096
Work-from-Home Customer Support – French Speaking,TalentPop App,"Méchouar de Casablanca, Casablanca-Settat, Maroc",2026-03-18,https://ma.linkedin.com/jobs/view/work-from-home-customer-support-%E2%80%93-french-speaking-at-talentpop-app-4384731404,IT Support,2026-03-18T02:54:52.674096
Account Run Lead ( ARL),DXC Technology Morocco,Casablanca et périphérie,2026-03-13,https://ma.linkedin.com/jobs/view/account-run-lead-arl-at-dxc-technology-morocco-4385157392,IT Support,2026-03-18T02:54:52.675096
SUPPLY CHAIN SUPPORT V,TE Connectivity,Maroc,2026-03-17,https://ma.linkedin.com/jobs/view/supply-chain-support-v-at-te-connectivity-4386965045,IT Support,2026-03-18T02:54:52.675096
French+English Bilingual Customer Service Representative,TalentPop App,"Rabat, Rabat-Salé-Kénitra, Maroc",2026-03-18,https://ma.linkedin.com/jobs/view/french%2Benglish-bilingual-customer-service-representative-at-talentpop-app-4384737205,IT Support,2026-03-18T02:54:52.675096
French-English Customer Support Associate,TalentPop App,"Méchouar de Casablanca, Casablanca-Settat, Maroc",2026-03-17,https://ma.linkedin.com/jobs/view/french-english-customer-support-associate-at-talentpop-app-4384405455,IT Support,2026-03-18T02:54:52.676096
French-English Customer Support Associate,TalentPop App,"Rabat, Rabat-Salé-Kénitra, Maroc",2026-03-17,https://ma.linkedin.com/jobs/view/french-english-customer-support-associate-at-talentpop-app-4384408279,IT Support,2026-03-18T02:54:52.676096
French+English Bilingual Customer Service Representative,TalentPop App,"Méchouar de Casablanca, Casablanca-Settat, Maroc",2026-03-18,https://ma.linkedin.com/jobs/view/french%2Benglish-bilingual-customer-service-representative-at-talentpop-app-4384723825,IT Support,2026-03-18T02:54:52.676096
SAP ABAP Developer,Cognitus,"Tanger, Tanger-Tétouan-Al Hoceïma, Maroc",2026-03-16,https://ma.linkedin.com/jobs/view/sap-abap-developer-at-cognitus-4386324972,IT Support,2026-03-18T02:54:52.677096
French-English Customer Support Associate,TalentPop App,"Marrakech, Marrakech-Safi, Maroc",2026-03-17,https://ma.linkedin.com/jobs/view/french-english-customer-support-associate-at-talentpop-app-4384405458,IT Support,2026-03-18T02:54:52.677096
Incident Manager,Payment Center For Africa - PCA,Casablanca et périphérie,2026-03-11,https://ma.linkedin.com/jobs/view/incident-manager-at-payment-center-for-africa-pca-4384303481,IT Support,2026-03-18T02:54:52.677096
Frontline Support Specialist,Deliverect,"Casablanca, Casablanca-Settat, Maroc",2026-03-11,https://ma.linkedin.com/jobs/view/frontline-support-specialist-at-deliverect-4382861266,IT Support,2026-03-18T02:54:52.678096
Consultant Qualité / Data Quality Assurance,ALTEN MAROC,"Rabat, Rabat-Salé-Kénitra, Maroc",2026-03-16,https://ma.linkedin.com/jobs/view/consultant-qualit%C3%A9-data-quality-assurance-at-alten-maroc-4384048232,IT Support,2026-03-18T02:54:52.678096
TECHNICIEN HELPDESK BILINGUE,ManpowerGroup,Casablanca et périphérie,2026-03-12,https://ma.linkedin.com/jobs/view/technicien-helpdesk-bilingue-at-manpowergroup-4382997609,IT Support,2026-03-18T02:54:52.678096
Consultant ServiceNow (H/F),Devoteam,"Casablanca, Casablanca-Settat, Maroc",2026-03-14,https://ma.linkedin.com/jobs/view/consultant-servicenow-h-f-at-devoteam-4331595019,IT Support,2026-03-18T02:54:52.678096
Support Analyst Bilingue Français/Espagnol (H/F),Atos,Casablanca et périphérie,2026-03-11,https://ma.linkedin.com/jobs/view/support-analyst-bilingue-fran%C3%A7ais-espagnol-h-f-at-atos-4384154270,IT Support,2026-03-18T02:54:52.679096
Consultant ServiceNow  (H/F),Devoteam,"Rabat, Rabat-Salé-Kénitra, Maroc",2026-03-12,https://ma.linkedin.com/jobs/view/consultant-servicenow-h-f-at-devoteam-4330793435,IT Support,2026-03-18T02:54:52.679096
Comptable et Gestionnaire Opérationnel,igus Maroc,Casablanca et périphérie,2026-03-11,https://ma.linkedin.com/jobs/view/comptable-et-gestionnaire-op%C3%A9rationnel-at-igus-maroc-4384159228,IT Support,2026-03-18T02:54:52.680096
Area Manager ISE Maroc F/H - SAFRAN ELECTRICAL AND POWER MOROCCO SA,AEROCONTACT.COM,"Témara, Rabat-Salé-Kénitra, Maroc",2026-03-17,https://ma.linkedin.com/jobs/view/area-manager-ise-maroc-f-h-safran-electrical-and-power-morocco-sa-at-aerocontact-4384337910,IT Support,2026-03-18T02:54:52.680096
PMO / Support Programme,Scalian,"Méchouar de Casablanca, Casablanca-Settat, Maroc",2026-03-12,https://ma.linkedin.com/jobs/view/pmo-support-programme-at-scalian-4384806650,IT Support,2026-03-18T02:55:05.121896
Servicio de Atención al Cliente (H/M),Atos,Casablanca et périphérie,2026-03-17,https://ma.linkedin.com/jobs/view/servicio-de-atenci%C3%B3n-al-cliente-h-m-at-atos-4382724565,IT Support,2026-03-18T02:55:05.137952
Team Leader IT,Consort Group,"Rabat, Rabat-Salé-Kénitra, Maroc",2026-03-17,https://ma.linkedin.com/jobs/view/team-leader-it-at-consort-group-4384494238,IT Support,2026-03-18T02:55:05.138952
PMO / Support Programme,Scalian,"Méchouar de Casablanca, Casablanca-Settat, Maroc",2026-03-12,https://ma.linkedin.com/jobs/view/pmo-support-programme-at-scalian-4384818114,IT Support,2026-03-18T02:55:05.138952
Technical Support Specialist,1840 & Company,"Rabat, Rabat-Salé-Kénitra, Maroc",2026-03-11,https://ma.linkedin.com/jobs/view/technical-support-specialist-at-1840-company-4374462086,IT Support,2026-03-18T02:55:05.138952
Consultant(e) N2,Consort Group,"Rabat, Rabat-Salé-Kénitra, Maroc",2026-03-16,https://ma.linkedin.com/jobs/view/consultant-e-n2-at-consort-group-4384042054,IT Support,2026-03-18T02:55:05.138952
Agent Support N1 (F/H),CGI,"arrondissement de Fès-Médina, Fès-Meknès, Maroc",2026-03-13,https://ma.linkedin.com/jobs/view/agent-support-n1-f-h-at-cgi-4385329370,IT Support,2026-03-18T02:55:05.139951
Administrateur ITSM,SII Group Morocco,"Tanger-Tétouan-Al Hoceïma, Maroc",2026-03-16,https://ma.linkedin.com/jobs/view/administrateur-itsm-at-sii-group-morocco-4384020687,IT Support,2026-03-18T02:55:05.139951
HO Production Technology Country,LEONI Maroc,"Berrechid, Casablanca-Settat, Maroc",2026-03-14,https://ma.linkedin.com/jobs/view/ho-production-technology-country-at-leoni-morocco-4374374929,System Engineer,2026-03-18T02:55:31.807212
Senior Database Administrator,Cnexia,"Rabat, Rabat-Salé-Kénitra, Maroc",2026-03-13,https://ma.linkedin.com/jobs/view/senior-database-administrator-at-cnexia-4383133545,Database Administrator,2026-03-18T02:56:11.837362
Administrateurs DBA,Inetum,"Méchouar de Casablanca, Casablanca-Settat, Maroc",2026-03-12,https://ma.linkedin.com/jobs/view/administrateurs-dba-at-inetum-4334805392,Database Administrator,2026-03-18T02:56:11.837362
Développeur PowerShell,CompSysCo (Ex TMS Algotex),Casablanca et périphérie,2026-03-17,https://ma.linkedin.com/jobs/view/d%C3%A9veloppeur-powershell-at-compsysco-ex-tms-algotex-4386768026,Database Administrator,2026-03-18T02:56:11.840397
Tech Lead Shopify F/H,VISEO,"Casablanca, Casablanca-Settat, Maroc",2026-03-17,https://ma.linkedin.com/jobs/view/tech-lead-shopify-f-h-at-viseo-4375768881,Database Administrator,2026-03-18T02:56:11.840397
Expert technique en tests automatisés,GEC _ Global Experts Consulting,"Casablanca, Casablanca-Settat, Maroc",2026-03-13,https://ma.linkedin.com/jobs/view/expert-technique-en-tests-automatis%C3%A9s-at-gec-global-experts-consulting-4384237885,Database Administrator,2026-03-18T02:56:11.856025
Expert technique en tests automatisés,GEC _ Global Experts Consulting,"Casablanca, Casablanca-Settat, Maroc",2026-03-13,https://ma.linkedin.com/jobs/view/expert-technique-en-tests-automatis%C3%A9s-at-gec-global-experts-consulting-4384247607,Database Administrator,2026-03-18T02:56:11.856025
Test / QA Technico fonctionnel Sénior,ALTEN MAROC,"Rabat, Rabat-Salé-Kénitra, Maroc",2026-03-11,https://ma.linkedin.com/jobs/view/test-qa-technico-fonctionnel-s%C3%A9nior-at-alten-maroc-4382592174,Database Administrator,2026-03-18T02:56:11.856025
Tech Lead Shopify F/H,VISEO,"Casablanca, Casablanca-Settat, Maroc",2026-03-17,https://ma.linkedin.com/jobs/view/tech-lead-shopify-f-h-at-viseo-4375768881,Database Administrator,2026-03-18T02:56:11.856025
Join Orange Morocco: Your Next Opportunity Awaits (H/F),Orange Maroc,"Casablanca-Settat, Maroc",2026-03-17,https://ma.linkedin.com/jobs/view/join-orange-morocco-your-next-opportunity-awaits-h-f-at-orange-maroc-4364234478,Database Administrator,2026-03-18T02:56:23.863653
Chargé(e) d’engagement et suivi budgétaire,LabelVie,Casablanca et périphérie,2026-03-16,https://ma.linkedin.com/jobs/view/charg%C3%A9-e-d%E2%80%99engagement-et-suivi-budg%C3%A9taire-at-labelvie-4384051669,Database Administrator,2026-03-18T02:56:23.864653
"Gestionnaire Middle Office International sur Rabat,Tanger et Casablanca",CREDIT DU MAROC,Casablanca et périphérie,2026-03-11,https://ma.linkedin.com/jobs/view/gestionnaire-middle-office-international-sur-rabat-tanger-et-casablanca-at-credit-du-maroc-4380253896,Database Administrator,2026-03-18T02:56:23.865608
ARABIC SUPPORT - Work From Home,TP,"Casablanca-Settat, Maroc",2026-03-17,https://ma.linkedin.com/jobs/view/arabic-support-work-from-home-at-tp-4386706577,Database Administrator,2026-03-18T02:56:23.865608
Exécutive Office,DXC Technology Morocco,Casablanca et périphérie,2026-03-13,https://ma.linkedin.com/jobs/view/ex%C3%A9cutive-office-at-dxc-technology-morocco-4385142983,Database Administrator,2026-03-18T02:56:23.866607
QA Automation Engineer,Highspring,Maroc,2026-03-16,https://ma.linkedin.com/jobs/view/qa-automation-engineer-at-highspring-4386385949,QA Engineer,2026-03-18T02:57:49.558626
Ingénieur Test & Validation Telecom,Inetum,"Méchouar de Casablanca, Casablanca-Settat, Maroc",2026-03-12,https://ma.linkedin.com/jobs/view/ing%C3%A9nieur-test-validation-telecom-at-inetum-4346052601,QA Engineer,2026-03-18T02:57:49.558626
Ingénieur QA Automation Playwright | Relocalisation en Espagne,Vortech PCI Group,"Casablanca, Casablanca-Settat, Maroc",2026-03-15,https://ma.linkedin.com/jobs/view/ing%C3%A9nieur-qa-automation-playwright-relocalisation-en-espagne-at-vortech-pci-group-4386040618,QA Engineer,2026-03-18T02:57:49.558626
Supplier Quality Engineer,Aptiv,Maroc,2026-03-12,https://ma.linkedin.com/jobs/view/supplier-quality-engineer-at-aptiv-4384837392,Test Engineer,2026-03-18T02:58:28.005718
Manufacturing Quality Engineer Meknes,Lear Corporation,"Meknès, Fès-Meknès, Maroc",2026-03-17,https://ma.linkedin.com/jobs/view/manufacturing-quality-engineer-meknes-at-lear-corporation-4385933941,Test Engineer,2026-03-18T02:58:28.006722
Manufacturing Quality Engineer,Lear Corporation,"Kénitra, Rabat-Salé-Kénitra, Maroc",2026-03-17,https://ma.linkedin.com/jobs/view/manufacturing-quality-engineer-at-lear-corporation-4386413329,Test Engineer,2026-03-18T02:58:28.008718
Advanced Quality Engineer,Lear Corporation,"Tanger, Tanger-Tétouan-Al Hoceïma, Maroc",2026-03-17,https://ma.linkedin.com/jobs/view/advanced-quality-engineer-at-lear-corporation-4386299772,Test Engineer,2026-03-18T02:58:28.012671
Test Automation QA Full Stack (Front/Back) Expérimenté,ALTEN MAROC,"Rabat, Rabat-Salé-Kénitra, Maroc",2026-03-13,https://ma.linkedin.com/jobs/view/test-automation-qa-full-stack-front-back-exp%C3%A9riment%C3%A9-at-alten-maroc-4383091684,Test Engineer,2026-03-18T02:58:28.017676
Test Automation QA Full Stack (Front/Back) Senior,ALTEN MAROC,"Rabat, Rabat-Salé-Kénitra, Maroc",2026-03-13,https://ma.linkedin.com/jobs/view/test-automation-qa-full-stack-front-back-senior-at-alten-maroc-4383106187,Test Engineer,2026-03-18T02:58:28.020716
Manufacturing Quality Engineer,Lear Corporation,"Kénitra, Rabat-Salé-Kénitra, Maroc",2026-03-17,https://ma.linkedin.com/jobs/view/manufacturing-quality-engineer-at-lear-corporation-4386413329,Test Engineer,2026-03-18T02:58:28.021713
Test Manager IT (QA),ALTEN,"Rabat, Rabat-Salé-Kénitra, Maroc",2026-03-17,https://ma.linkedin.com/jobs/view/test-manager-it-qa-at-alten-4384489194,Test Engineer,2026-03-18T02:58:41.935664
Mechanical Engineer - CAE Expert,MICLA Engineering & Design,"Tanger, Tanger-Tétouan-Al Hoceïma, Maroc",2026-03-12,https://ma.linkedin.com/jobs/view/mechanical-engineer-cae-expert-at-micla-engineering-design-4384883677,Test Engineer,2026-03-18T02:58:41.936663
Consultant Transformation (H/F),Banque Centrale Populaire - BCP,Casablanca et périphérie,2026-03-17,https://ma.linkedin.com/jobs/view/consultant-transformation-h-f-at-banque-centrale-populaire-bcp-4386752356,Test Engineer,2026-03-18T02:58:41.936663
Souscripteur,Atlantic Re,Casablanca et périphérie,2026-03-17,https://ma.linkedin.com/jobs/view/souscripteur-at-atlantic-re-4384458377,Test Engineer,2026-03-18T02:58:41.937664
Scrum Master,STATERA,"Rabat, Rabat-Salé-Kénitra, Maroc",2026-03-18,https://ma.linkedin.com/jobs/view/scrum-master-at-statera-4386992629,Test Engineer,2026-03-18T02:58:41.937664
PRODUCT ENGINEER,TE Connectivity,"Tanger, Tanger-Tétouan-Al Hoceïma, Maroc",2026-03-17,https://ma.linkedin.com/jobs/view/product-engineer-at-te-connectivity-4386781496,Test Engineer,2026-03-18T02:58:41.938627
Testeur Automaticien Confirmé,"Matys, A Cegid Company","Casablanca, Casablanca-Settat, Maroc",2026-03-11,https://ma.linkedin.com/jobs/view/testeur-automaticien-confirm%C3%A9-at-matys-4343774264,Automation Tester,2026-03-18T02:59:09.992316
UX / UI Designer,VOID,"Casablanca-Settat, Maroc",2026-03-11,https://ma.linkedin.com/jobs/view/ux-ui-designer-at-void-4384361236,UI Designer,2026-03-18T03:00:25.549317
Graphic Designer,Hilton,Rabat et périphérie,2026-03-13,https://ma.linkedin.com/jobs/view/graphic-designer-at-hilton-4385351431,Product Designer,2026-03-18T03:01:39.473430
Graphic Designer,SUN PHARMA,"Bouskoura, Casablanca-Settat, Maroc",2026-03-12,https://ma.linkedin.com/jobs/view/graphic-designer-at-sun-pharma-4384595909,Product Designer,2026-03-18T03:01:39.474434
Graphic Designer,kenzup,"Casablanca, Casablanca-Settat, Maroc",2026-03-16,https://ma.linkedin.com/jobs/view/graphic-designer-at-kenzup-4386519446,Product Designer,2026-03-18T03:01:39.474434
Graphic Designer,Slimstock,"Casablanca-Settat, Maroc",2026-03-11,https://ma.linkedin.com/jobs/view/graphic-designer-at-slimstock-4382867554,Product Designer,2026-03-18T03:01:39.474434
OFFRE DE STAGE PFE – Designer UI UX / Graphique,LuxTech,Casablanca et périphérie,2026-03-17,https://ma.linkedin.com/jobs/view/offre-de-stage-pfe-%E2%80%93-designer-ui-ux-graphique-at-luxtech-4384718670,Product Designer,2026-03-18T03:01:39.475436
Graphiste & Motion Designer,KRUSH AGENCY ⚡️,Casablanca et périphérie,2026-03-16,https://ma.linkedin.com/jobs/view/graphiste-motion-designer-at-krush-agency-%E2%9A%A1%EF%B8%8F-4384069477,Product Designer,2026-03-18T03:01:39.475436
"Senior Manager, Content, WAMA",The Coca-Cola Company,"Casablanca-Settat, Maroc",2026-03-16,https://ma.linkedin.com/jobs/view/senior-manager-content-wama-at-the-coca-cola-company-4386560121,Product Manager,2026-03-18T03:02:19.472474
"Senior Manager, Shopper, WAMA",The Coca-Cola Company,"Casablanca-Settat, Maroc",2026-03-17,https://ma.linkedin.com/jobs/view/senior-manager-shopper-wama-at-the-coca-cola-company-4386760314,Product Manager,2026-03-18T03:02:19.472474
"Senior Manager, Digital, WAMA",The Coca-Cola Company,"Casablanca-Settat, Maroc",2026-03-16,https://ma.linkedin.com/jobs/view/senior-manager-digital-wama-at-the-coca-cola-company-4386539864,Product Manager,2026-03-18T03:02:19.473477
"Senior Manager, Indicator Enablement",Save the Children Colombia,Maroc,2026-03-17,https://ma.linkedin.com/jobs/view/senior-manager-indicator-enablement-at-save-the-children-colombia-4386974792,Product Manager,2026-03-18T03:02:19.473477
"Senior Manager, Global Change-SCUS FMS Transition",Save the Children Colombia,Maroc,2026-03-12,https://ma.linkedin.com/jobs/view/senior-manager-global-change-scus-fms-transition-at-save-the-children-colombia-4385118694,Product Manager,2026-03-18T03:02:19.474477
"Senior Manager, QSE Ops, MOR",The Coca-Cola Company,"Casablanca-Settat, Maroc",2026-03-16,https://ma.linkedin.com/jobs/view/senior-manager-qse-ops-mor-at-the-coca-cola-company-4386551479,Product Manager,2026-03-18T03:02:19.475475
Brand Manager L'Oréal Dermatological Beauty,L'Oréal,Maroc,2026-03-13,https://ma.linkedin.com/jobs/view/brand-manager-l-or%C3%A9al-dermatological-beauty-at-l-or%C3%A9al-4385369990,Product Manager,2026-03-18T03:02:19.475475
Incident Manager Senior (F/H),CGI,"Casablanca, Casablanca-Settat, Maroc",2026-03-13,https://ma.linkedin.com/jobs/view/incident-manager-senior-f-h-at-cgi-4385549071,Product Manager,2026-03-18T03:02:19.475475
Senior Government Sales Manager (EMEA) - French Speaking,Innovatrics,"Casablanca, Casablanca-Settat, Maroc",2026-03-13,https://ma.linkedin.com/jobs/view/senior-government-sales-manager-emea-french-speaking-at-innovatrics-4383127892,Product Manager,2026-03-18T03:02:19.476475
Senior Key Account Manager,Abbott,"Casablanca, Casablanca-Settat, Maroc",2026-03-17,https://ma.linkedin.com/jobs/view/senior-key-account-manager-at-abbott-4383705264,Product Manager,2026-03-18T03:02:19.476475
Senior Delivery Manager - Implementation,McKinsey & Company,"Casablanca, Casablanca-Settat, Maroc",2026-03-17,https://ma.linkedin.com/jobs/view/senior-delivery-manager-implementation-at-mckinsey-company-4386777802,Product Manager,2026-03-18T03:02:19.476475
Manager Strategic Partners,Fever,"Casablanca, Casablanca-Settat, Maroc",2026-03-17,https://ma.linkedin.com/jobs/view/manager-strategic-partners-at-fever-4384488597,Product Manager,2026-03-18T03:02:19.476475
Senior / Sales Manager,Hyatt Regency Taghazout,"Taghazout, Souss-Massa, Maroc",2026-03-12,https://ma.linkedin.com/jobs/view/senior-sales-manager-at-hyatt-regency-taghazout-4382786017,Product Manager,2026-03-18T03:02:19.477475
BU QUALITY PROFESSIONAL -,OPmobility,"Tanger, Tanger-Tétouan-Al Hoceïma, Maroc",2026-03-12,https://ma.linkedin.com/jobs/view/bu-quality-professional-at-opmobility-4356751992,Product Manager,2026-03-18T03:02:19.477475
Marketing Manager Oncology & Specialty Care,GSK,"Casablanca, Casablanca-Settat, Maroc",2026-03-17,https://ma.linkedin.com/jobs/view/marketing-manager-oncology-specialty-care-at-gsk-4386507826,Product Manager,2026-03-18T03:02:19.477475
Senior / Sales Manager,Hyatt Regency,"Taghazout, Souss-Massa, Maroc",2026-03-12,https://ma.linkedin.com/jobs/view/senior-sales-manager-at-hyatt-regency-4384868393,Product Manager,2026-03-18T03:02:19.477475
"Senior Manager, Marketing Stills, Morocco",The Coca-Cola Company,"Casablanca-Settat, Maroc",2026-03-16,https://ma.linkedin.com/jobs/view/senior-manager-marketing-stills-morocco-at-the-coca-cola-company-4386557220,Product Manager,2026-03-18T03:02:19.478475
Trade Marketing Senior Manager,EQUATORIAL COCA-COLA BOTTLING COMPANY - MOROCCO,Casablanca et périphérie,2026-03-13,https://ma.linkedin.com/jobs/view/trade-marketing-senior-manager-at-equatorial-coca-cola-bottling-company-morocco-4385345718,Product Manager,2026-03-18T03:02:19.478475
📣 Marketing & Communication Manager - Casablanca | CDI | Temps plein | Sur site,Win Win Web,"Casablanca, Casablanca-Settat, Maroc",2026-03-16,https://ma.linkedin.com/jobs/view/%F0%9F%93%A3-marketing-communication-manager-casablanca-cdi-temps-plein-sur-site-at-win-win-web-4386079873,Product Manager,2026-03-18T03:02:19.478475
🚀 Growth & Marketing Manager – E-commerce,MyMarket.ma,Casablanca et périphérie,2026-03-13,https://ma.linkedin.com/jobs/view/%F0%9F%9A%80-growth-marketing-manager-%E2%80%93-e-commerce-at-mymarket-ma-4385588110,Product Manager,2026-03-18T03:02:19.479476
Inside Sales Manager,Arrow Electronics,"Casablanca, Casablanca-Settat, Maroc",2026-03-15,https://ma.linkedin.com/jobs/view/inside-sales-manager-at-arrow-electronics-4359714113,Product Manager,2026-03-18T03:02:19.479476
Senior Manager - Finance Business Partnering Member Finance,Save the Children Colombia,Maroc,2026-03-14,https://ma.linkedin.com/jobs/view/senior-manager-finance-business-partnering-member-finance-at-save-the-children-colombia-4385857113,Product Manager,2026-03-18T03:02:19.479476
Consultant chef de projet senior dans le domaine Moyens de paiement,GEC _ Global Experts Consulting,"Casablanca, Casablanca-Settat, Maroc",2026-03-13,https://ma.linkedin.com/jobs/view/consultant-chef-de-projet-senior-dans-le-domaine-moyens-de-paiement-at-gec-global-experts-consulting-4384239641,Product Manager,2026-03-18T03:02:19.479476
Services Channel Marketing Manager & AMSP Lead,Schneider Electric,Maroc,2026-03-16,https://ma.linkedin.com/jobs/view/services-channel-marketing-manager-amsp-lead-at-schneider-electric-4385264857,Product Manager,2026-03-18T03:02:19.480475
Chef de Projet AMOA (H/F),CFG Bank,"Casablanca, Casablanca-Settat, Maroc",2026-03-17,https://ma.linkedin.com/jobs/view/chef-de-projet-amoa-h-f-at-cfg-bank-4354460959,Project Manager,2026-03-18T03:02:57.997345
Organization & Transformation Project Manager,Ynexis Group,Casablanca et périphérie,2026-03-12,https://ma.linkedin.com/jobs/view/organization-transformation-project-manager-at-ynexis-group-4384596315,Project Manager,2026-03-18T03:02:57.998346
Chef de projet/Cheffe de projet,Attijariwafa bank,Casablanca et périphérie,2026-03-13,https://ma.linkedin.com/jobs/view/chef-de-projet-cheffe-de-projet-at-attijariwafa-bank-4385387067,Project Manager,2026-03-18T03:02:57.998346
Project Coordinator (Open to External Applicants),UNDP Careers,"Rabat, Rabat-Salé-Kénitra, Maroc",2026-03-13,https://ma.linkedin.com/jobs/view/project-coordinator-open-to-external-applicants-at-undp-careers-4385175093,Project Manager,2026-03-18T03:02:57.998346
Technical Project Manager with French Language,Innovatrics,"Casablanca, Casablanca-Settat, Maroc",2026-03-13,https://ma.linkedin.com/jobs/view/technical-project-manager-with-french-language-at-innovatrics-4385327958,Project Manager,2026-03-18T03:02:57.999346
Project Manager Télévente (H/F),Orange Maroc,"Casablanca-Settat, Maroc",2026-03-17,https://ma.linkedin.com/jobs/view/project-manager-t%C3%A9l%C3%A9vente-h-f-at-orange-maroc-4386764536,Project Manager,2026-03-18T03:02:57.999346
Chef de Projet,SQLI,"Casablanca, Casablanca-Settat, Maroc",2026-03-13,https://ma.linkedin.com/jobs/view/chef-de-projet-at-sqli-4359644333,Project Manager,2026-03-18T03:02:57.999346
Project Operations Support Coordinator,AVL,"Rabat, Rabat-Salé-Kénitra, Maroc",2026-03-13,https://ma.linkedin.com/jobs/view/project-operations-support-coordinator-at-avl-4384244493,Project Manager,2026-03-18T03:02:58.000345
Delivery Manager - Implementation,McKinsey & Company,"Casablanca, Casablanca-Settat, Maroc",2026-03-17,https://ma.linkedin.com/jobs/view/delivery-manager-implementation-at-mckinsey-company-4386787432,Project Manager,2026-03-18T03:02:58.001346
Manager de Projets Bancaires,CFG Bank,"Casablanca, Casablanca-Settat, Maroc",2026-03-13,https://ma.linkedin.com/jobs/view/manager-de-projets-bancaires-at-cfg-bank-4320744212,Project Manager,2026-03-18T03:02:58.001346
Chef de projet- Scrum Master,Inetum,"Méchouar de Casablanca, Casablanca-Settat, Maroc",2026-03-12,https://ma.linkedin.com/jobs/view/chef-de-projet-scrum-master-at-inetum-4121290694,Project Manager,2026-03-18T03:02:58.001346
CHEF DE PROJETS OPC/MOEX (H/F),SOCOTEC,"Méchouar de Casablanca, Casablanca-Settat, Maroc",2026-03-16,https://ma.linkedin.com/jobs/view/chef-de-projets-opc-moex-h-f-at-socotec-4375720091,Project Manager,2026-03-18T03:02:58.001346
Chef de Projet FTTH (H/F),SEGULA Technologies,"Méchouar de Casablanca, Casablanca-Settat, Maroc",2026-03-17,https://ma.linkedin.com/jobs/view/chef-de-projet-ftth-h-f-at-segula-technologies-4374295531,Project Manager,2026-03-18T03:02:58.002344
"Project Officer -Individual contractor
Job ID : 273915",Urban Resilience Hub by UN-Habitat's CRGP,"Rabat, Rabat-Salé-Kénitra, Maroc",2026-03-11,https://ma.linkedin.com/jobs/view/project-officer-individual-contractor%0Ajob-id-273915-at-urban-resilience-hub-by-un-habitat-s-crgp-4384126811,Project Manager,2026-03-18T03:02:58.002344
chef de projet matchmaking B2B,BoostCom Agency,"Mohammédia, Casablanca-Settat, Maroc",2026-03-13,https://ma.linkedin.com/jobs/view/chef-de-projet-matchmaking-b2b-at-boostcom-agency-4385338910,Project Manager,2026-03-18T03:02:58.002344
Program Leader,Aptiv,"Tanger, Tanger-Tétouan-Al Hoceïma, Maroc",2026-03-16,https://ma.linkedin.com/jobs/view/program-leader-at-aptiv-4358579585,Project Manager,2026-03-18T03:02:58.003344
Project Engineering Manager,JESA S.A,"Casablanca, Casablanca-Settat, Maroc",2026-03-16,https://ma.linkedin.com/jobs/view/project-engineering-manager-at-jesa-s-a-4334816701,Project Manager,2026-03-18T03:02:58.004344
Responsable de Travaux- Projet LGV,ALTEN MAROC,"Rabat, Rabat-Salé-Kénitra, Maroc",2026-03-13,https://ma.linkedin.com/jobs/view/responsable-de-travaux-projet-lgv-at-alten-maroc-4381705526,Project Manager,2026-03-18T03:02:58.004344
Transition Manager (H/F),Inetum,"Méchouar de Casablanca, Casablanca-Settat, Maroc",2026-03-12,https://ma.linkedin.com/jobs/view/transition-manager-h-f-at-inetum-4124566975,Project Manager,2026-03-18T03:02:58.004344
Chargé d'affaire implantation,ALTEN MAROC,"Rabat, Rabat-Salé-Kénitra, Maroc",2026-03-16,https://ma.linkedin.com/jobs/view/charg%C3%A9-d-affaire-implantation-at-alten-maroc-4384039562,Project Manager,2026-03-18T03:02:58.005344
Project Manager Engineer,TE Connectivity,"Tanger, Tanger-Tétouan-Al Hoceïma, Maroc",2026-03-17,https://ma.linkedin.com/jobs/view/project-manager-engineer-at-te-connectivity-4386783415,Project Manager,2026-03-18T03:02:58.005344
Program Manager IT,ALTEN MAROC,"Rabat, Rabat-Salé-Kénitra, Maroc",2026-03-17,https://ma.linkedin.com/jobs/view/program-manager-it-at-alten-maroc-4384491160,Project Manager,2026-03-18T03:02:58.005344
Chef de Projet Paiement Transverse Santé,BROME Consulting & Technology,"Casablanca, Casablanca-Settat, Maroc",2026-03-13,https://ma.linkedin.com/jobs/view/chef-de-projet-paiement-transverse-sant%C3%A9-at-brome-consulting-technology-4383153328,Project Manager,2026-03-18T03:02:58.006344
Program Manager IT,ALTEN,"Rabat, Rabat-Salé-Kénitra, Maroc",2026-03-17,https://ma.linkedin.com/jobs/view/program-manager-it-at-alten-4384479747,Project Manager,2026-03-18T03:02:58.006344
Window manager / Project Engineer,ALTEN MAROC,Tétouan et périphérie,2026-03-16,https://ma.linkedin.com/jobs/view/window-manager-project-engineer-at-alten-maroc-4384043244,Project Manager,2026-03-18T03:02:58.006344
Directeur de projet SAP,Inetum,"Méchouar de Casablanca, Casablanca-Settat, Maroc",2026-03-13,https://ma.linkedin.com/jobs/view/directeur-de-projet-sap-at-inetum-4375413089,Project Manager,2026-03-18T03:02:58.007344
Chef de projet Sage X3,Inetum,"Méchouar de Casablanca, Casablanca-Settat, Maroc",2026-03-12,https://ma.linkedin.com/jobs/view/chef-de-projet-sage-x3-at-inetum-4318251782,Project Manager,2026-03-18T03:02:58.007344
Responsable Planning – Planning Manager,SYSTRA Canada,"Rabat, Rabat-Salé-Kénitra, Maroc",2026-03-12,https://ma.linkedin.com/jobs/view/responsable-planning-%E2%80%93-planning-manager-at-systra-canada-4383927052,Project Manager,2026-03-18T03:02:58.007344
Responsable Projet Industriel Développement F/H - SAFRAN ELECTRONICS & DEFENSE MOROCCO,AEROCONTACT.COM,"Casablanca, Casablanca-Settat, Maroc",2026-03-18,https://ma.linkedin.com/jobs/view/responsable-projet-industriel-d%C3%A9veloppement-f-h-safran-electronics-defense-morocco-at-aerocontact-4387219233,Project Manager,2026-03-18T03:02:58.008344
Chef de projet AMOA / Monétique,Confidencial,Casablanca et périphérie,2026-03-17,https://ma.linkedin.com/jobs/view/chef-de-projet-amoa-mon%C3%A9tique-at-confidencial-4386905378,Project Manager,2026-03-18T03:02:58.008344
Chargé(e) de projet NPI et transfert H/F - GROUPE MECACHROME,AEROCONTACT.COM,"Tanger, Tanger-Tétouan-Al Hoceïma, Maroc",2026-03-16,https://ma.linkedin.com/jobs/view/charg%C3%A9-e-de-projet-npi-et-transfert-h-f-groupe-mecachrome-at-aerocontact-4383782882,Project Manager,2026-03-18T03:02:58.008344
Site Manager (Morocco),RINA,"Tanger, Tanger-Tétouan-Al Hoceïma, Maroc",2026-03-13,https://ma.linkedin.com/jobs/view/site-manager-morocco-at-rina-4384276790,Project Manager,2026-03-18T03:02:58.009344
Chef de projet SAP,Inetum,"Méchouar de Casablanca, Casablanca-Settat, Maroc",2026-03-12,https://ma.linkedin.com/jobs/view/chef-de-projet-sap-at-inetum-4126503080,Project Manager,2026-03-18T03:02:58.009344
ACI Daikin NL - Team manager en mission,Foundever,"Agdal Riyad, Rabat-Salé-Kénitra, Maroc",2026-03-17,https://ma.linkedin.com/jobs/view/aci-daikin-nl-team-manager-en-mission-at-foundever-4386797728,Project Manager,2026-03-18T03:02:58.010344
Site Performance & Contract Specialist,Tractafric Equipment,Casablanca et périphérie,2026-03-12,https://ma.linkedin.com/jobs/view/site-performance-contract-specialist-at-tractafric-equipment-4384804240,Project Manager,2026-03-18T03:02:58.010344
Engineering Manager,Hyatt Place Taghazout Bay,"Taghazout, Souss-Massa, Maroc",2026-03-12,https://ma.linkedin.com/jobs/view/engineering-manager-at-hyatt-place-taghazout-bay-4382769704,Project Manager,2026-03-18T03:02:58.011344
Construction Manager,Thameen Real Estate,"Rabat, Rabat-Salé-Kénitra, Maroc",2026-03-15,https://ma.linkedin.com/jobs/view/construction-manager-at-thameen-real-estate-4383685381,Project Manager,2026-03-18T03:02:58.011344
Workforce Management Specialist,Forterro,Casablanca et périphérie,2026-03-17,https://ma.linkedin.com/jobs/view/workforce-management-specialist-at-forterro-4381998539,Project Manager,2026-03-18T03:02:58.012344
"SAP HCM, Ariba or Technology Consultant",SAP,"Casablanca, Casablanca-Settat, Maroc",2026-03-13,https://ma.linkedin.com/jobs/view/sap-hcm-ariba-or-technology-consultant-at-sap-4314773611,Project Manager,2026-03-18T03:02:58.013344
Sub-system Manager,Alstom,"Fès, Fès-Meknès, Maroc",2026-03-11,https://ma.linkedin.com/jobs/view/sub-system-manager-at-alstom-4381604777,Project Manager,2026-03-18T03:02:58.013344
Mechanical & Electrical Inspector,SGS,Maroc,2026-03-12,https://ma.linkedin.com/jobs/view/mechanical-electrical-inspector-at-sgs-4383528754,Project Manager,2026-03-18T03:02:58.014344
Project Manager Engineer,TE Connectivity,"Tanger, Tanger-Tétouan-Al Hoceïma, Maroc",2026-03-17,https://ma.linkedin.com/jobs/view/project-manager-engineer-at-te-connectivity-4386783415,Project Manager,2026-03-18T03:02:58.015344
Program Manager IT,ALTEN MAROC,"Rabat, Rabat-Salé-Kénitra, Maroc",2026-03-17,https://ma.linkedin.com/jobs/view/program-manager-it-at-alten-maroc-4384491160,Project Manager,2026-03-18T03:02:58.015344
Chef de Projet Paiement Transverse Santé,BROME Consulting & Technology,"Casablanca, Casablanca-Settat, Maroc",2026-03-13,https://ma.linkedin.com/jobs/view/chef-de-projet-paiement-transverse-sant%C3%A9-at-brome-consulting-technology-4383153328,Project Manager,2026-03-18T03:02:58.016347
Program Manager IT,ALTEN,"Rabat, Rabat-Salé-Kénitra, Maroc",2026-03-17,https://ma.linkedin.com/jobs/view/program-manager-it-at-alten-4384479747,Project Manager,2026-03-18T03:02:58.016347
Window manager / Project Engineer,ALTEN MAROC,Tétouan et périphérie,2026-03-16,https://ma.linkedin.com/jobs/view/window-manager-project-engineer-at-alten-maroc-4384043244,Project Manager,2026-03-18T03:02:58.016347
Directeur de projet SAP,Inetum,"Méchouar de Casablanca, Casablanca-Settat, Maroc",2026-03-13,https://ma.linkedin.com/jobs/view/directeur-de-projet-sap-at-inetum-4375413089,Project Manager,2026-03-18T03:02:58.016347
Chef de projet Sage X3,Inetum,"Méchouar de Casablanca, Casablanca-Settat, Maroc",2026-03-12,https://ma.linkedin.com/jobs/view/chef-de-projet-sage-x3-at-inetum-4318251782,Project Manager,2026-03-18T03:02:58.017346
Responsable Planning – Planning Manager,SYSTRA Canada,"Rabat, Rabat-Salé-Kénitra, Maroc",2026-03-12,https://ma.linkedin.com/jobs/view/responsable-planning-%E2%80%93-planning-manager-at-systra-canada-4383927052,Project Manager,2026-03-18T03:02:58.018345
Responsable Projet Industriel Développement F/H - SAFRAN ELECTRONICS & DEFENSE MOROCCO,AEROCONTACT.COM,"Casablanca, Casablanca-Settat, Maroc",2026-03-18,https://ma.linkedin.com/jobs/view/responsable-projet-industriel-d%C3%A9veloppement-f-h-safran-electronics-defense-morocco-at-aerocontact-4387219233,Project Manager,2026-03-18T03:02:58.018345
PMO,Inetum,"Méchouar de Casablanca, Casablanca-Settat, Maroc",2026-03-12,https://ma.linkedin.com/jobs/view/pmo-at-inetum-4260244186,Project Manager,2026-03-18T03:03:10.495881
Planner,Ecolab,Casablanca et périphérie,2026-03-17,https://ma.linkedin.com/jobs/view/planner-at-ecolab-4384481647,Project Manager,2026-03-18T03:03:10.495881
Chef de Projet Expérience Client,BNP Paribas,"Méchouar de Casablanca, Casablanca-Settat, Maroc",2026-03-17,https://ma.linkedin.com/jobs/view/chef-de-projet-exp%C3%A9rience-client-at-bnp-paribas-4386906215,Project Manager,2026-03-18T03:03:10.495881
Responsable Supply Chain,Y STRATEGIE,"Casablanca, Casablanca-Settat, Maroc",2026-03-13,https://ma.linkedin.com/jobs/view/responsable-supply-chain-at-y-strategie-4384276144,Project Manager,2026-03-18T03:03:10.495881
IT Tech Team Lead,Cnexia,"Rabat, Rabat-Salé-Kénitra, Maroc",2026-03-12,https://ma.linkedin.com/jobs/view/it-tech-team-lead-at-cnexia-4384879673,Technical Lead,2026-03-18T03:04:16.085670
Technical Support Manager,Imou,Casablanca et périphérie,2026-03-12,https://ma.linkedin.com/jobs/view/technical-support-manager-at-imou-4343684477,Technical Lead,2026-03-18T03:04:16.085670
TEAM LEAD FACTURATION,ManpowerGroup,Casablanca et périphérie,2026-03-17,https://ma.linkedin.com/jobs/view/team-lead-facturation-at-manpowergroup-4380360498,Technical Lead,2026-03-18T03:04:16.086667
Senior Programmer,Calsina Carre Maghreb,Tanger et périphérie,2026-03-12,https://ma.linkedin.com/jobs/view/senior-programmer-at-calsina-carre-maghreb-4384801521,Technical Lead,2026-03-18T03:04:16.087668
Consultant Salesforce,MPH Solutions,"Rabat, Rabat-Salé-Kénitra, Maroc",2026-03-17,https://ma.linkedin.com/jobs/view/consultant-salesforce-at-mph-solutions-4386927283,Technical Lead,2026-03-18T03:04:16.088667
Customer Service Team Lead (GS),Hytech,Casablanca et périphérie,2026-03-17,https://ma.linkedin.com/jobs/view/customer-service-team-lead-gs-at-hytech-4385901254,Technical Lead,2026-03-18T03:04:16.088667
Développeur logiciel senior,IDEMIA Public Security,"Casablanca, Casablanca-Settat, Maroc",2026-03-11,https://ma.linkedin.com/jobs/view/d%C3%A9veloppeur-logiciel-senior-at-idemia-public-security-4384164211,Technical Lead,2026-03-18T03:04:16.089667
Technical Specialist Italian Speaking H/F - Sala Al jadida,HCLTech,"Rabat, Rabat-Salé-Kénitra, Maroc",2026-03-18,https://ma.linkedin.com/jobs/view/technical-specialist-italian-speaking-h-f-sala-al-jadida-at-hcltech-4386806541,Technical Lead,2026-03-18T03:04:16.089667
Fleet Technical Manager F/H - SAFRAN AIRCRAFT ENGINES,AEROCONTACT.COM,"Nouaceur, Casablanca-Settat, Maroc",2026-03-16,https://ma.linkedin.com/jobs/view/fleet-technical-manager-f-h-safran-aircraft-engines-at-aerocontact-4386512294,Technical Lead,2026-03-18T03:04:16.090667
Mid Market Account Executive (French speaker),Infobip,"Méchouar de Casablanca, Casablanca-Settat, Maroc",2026-03-12,https://ma.linkedin.com/jobs/view/mid-market-account-executive-french-speaker-at-infobip-4383504189,Technical Lead,2026-03-18T03:04:16.090667
Maintenance Supervisor   – Wiring harness brownfield/greenfield plant,PKC Group,"Kénitra, Rabat-Salé-Kénitra, Maroc",2026-03-13,https://ma.linkedin.com/jobs/view/maintenance-supervisor-%E2%80%93-wiring-harness-brownfield-greenfield-plant-at-pkc-group-4385366928,Technical Lead,2026-03-18T03:04:16.090667
Process Manager,Givaudan,"Casablanca, Casablanca-Settat, Maroc",2026-03-14,https://ma.linkedin.com/jobs/view/process-manager-at-givaudan-4367293218,Technical Lead,2026-03-18T03:04:16.091667
TECH LEAD,La Marocaine Vie,Casablanca et périphérie,2026-03-13,https://ma.linkedin.com/jobs/view/tech-lead-at-la-marocaine-vie-4383139863,Technical Lead,2026-03-18T03:04:16.091667
Technical Lead JAVA,INTELCIA,"Rabat, Rabat-Salé-Kénitra, Maroc",2026-03-17,https://ma.linkedin.com/jobs/view/technical-lead-java-at-intelcia-4385665833,Technical Lead,2026-03-18T03:04:16.092667
Applied Technical Solutions - Repair Lead Design Engineer,Siemens Energy,"Tanger, Tanger-Tétouan-Al Hoceïma, Maroc",2026-03-12,https://ma.linkedin.com/jobs/view/applied-technical-solutions-repair-lead-design-engineer-at-siemens-energy-4383265369,Technical Lead,2026-03-18T03:04:16.092667
Technical Lead (Java/React) (H/F),Devoteam,"Casablanca, Casablanca-Settat, Maroc",2026-03-13,https://ma.linkedin.com/jobs/view/technical-lead-java-react-h-f-at-devoteam-4374388741,Technical Lead,2026-03-18T03:04:16.092667
Subsystem Technical Leader Automobile - Tôlerie & Plastique,SEGULA Technologies,"Méchouar de Casablanca, Casablanca-Settat, Maroc",2026-03-11,https://ma.linkedin.com/jobs/view/subsystem-technical-leader-automobile-t%C3%B4lerie-plastique-at-segula-technologies-4351441543,Technical Lead,2026-03-18T03:04:16.093669
"Specialist, Analytical Research",Hikma Pharmaceuticals,"Casablanca, Casablanca-Settat, Maroc",2026-03-14,https://ma.linkedin.com/jobs/view/specialist-analytical-research-at-hikma-pharmaceuticals-4383649409,Technical Lead,2026-03-18T03:04:16.093669
Electrical Technician,Mondelēz International,"Méchouar de Casablanca, Casablanca-Settat, Maroc",2026-03-18,https://ma.linkedin.com/jobs/view/electrical-technician-at-mondel%C4%93z-international-4384762132,Technical Lead,2026-03-18T03:04:16.094673
Process SID Engineer/Specialist,JESA S.A,"Casablanca, Casablanca-Settat, Maroc",2026-03-14,https://ma.linkedin.com/jobs/view/process-sid-engineer-specialist-at-jesa-s-a-4334855990,Technical Lead,2026-03-18T03:04:16.094673
Technical Specialist (French & English) Speaking H/F - Sala Al jadida,HCLTech,"Rabat, Rabat-Salé-Kénitra, Maroc",2026-03-18,https://ma.linkedin.com/jobs/view/technical-specialist-french-english-speaking-h-f-sala-al-jadida-at-hcltech-4386806562,Technical Lead,2026-03-18T03:04:42.390109
[MAROC][CASABLANCA] Manager Technique Odoo H/F,Smile,"Casablanca, Casablanca-Settat, Maroc",2026-03-14,https://ma.linkedin.com/jobs/view/maroc-casablanca-manager-technique-odoo-h-f-at-smile-4275366055,Engineering Manager,2026-03-18T03:04:55.751170
Senior Lead Java - Spring,Adria Business & Technology,"Casablanca-Settat, Maroc",2026-03-12,https://ma.linkedin.com/jobs/view/senior-lead-java-spring-at-adria-business-technology-4383019015,Engineering Manager,2026-03-18T03:04:55.752171
Head of  BOS Integrated Services Hub 1,Ericsson,Casablanca et périphérie,2026-03-12,https://ma.linkedin.com/jobs/view/head-of-bos-integrated-services-hub-1-at-ericsson-4383535759,Engineering Manager,2026-03-18T03:04:55.752171
HV Senior Process Engineer,Aptiv,Maroc,2026-03-14,https://ma.linkedin.com/jobs/view/hv-senior-process-engineer-at-aptiv-4367329103,Engineering Manager,2026-03-18T03:04:55.754167
Senior Sales Engineer,Infoblox,Maroc,2026-03-13,https://ma.linkedin.com/jobs/view/senior-sales-engineer-at-infoblox-4373116844,Engineering Manager,2026-03-18T03:04:55.754167
Senior Process Engineer,Aptiv,Maroc,2026-03-13,https://ma.linkedin.com/jobs/view/senior-process-engineer-at-aptiv-4367324123,Engineering Manager,2026-03-18T03:04:55.755168
MANUFACTURING ENGINEER (Process),TE Connectivity,"Tanger, Tanger-Tétouan-Al Hoceïma, Maroc",2026-03-13,https://ma.linkedin.com/jobs/view/manufacturing-engineer-process-at-te-connectivity-4339179195,Engineering Manager,2026-03-18T03:04:55.755168
Manufacturing Process Engineer,TE Connectivity,"Tanger, Tanger-Tétouan-Al Hoceïma, Maroc",2026-03-13,https://ma.linkedin.com/jobs/view/manufacturing-process-engineer-at-te-connectivity-4385504194,Engineering Manager,2026-03-18T03:04:55.755168
Lead of Data Engineering - Theodo Maroc,Theodo,"Casablanca, Casablanca-Settat, Maroc",2026-03-13,https://ma.linkedin.com/jobs/view/lead-of-data-engineering-theodo-maroc-at-theodo-4385353295,Engineering Manager,2026-03-18T03:04:55.756170
Commissioning & Start-Up Engineer (Filtration / Process Systems),Pall Corporation,Maroc,2026-03-12,https://ma.linkedin.com/jobs/view/commissioning-start-up-engineer-filtration-process-systems-at-pall-corporation-4349474194,Engineering Manager,2026-03-18T03:04:55.757170
Supply Chain Process Engineer,Procter & Gamble,"Casablanca, Casablanca-Settat, Maroc",2026-03-12,https://ma.linkedin.com/jobs/view/supply-chain-process-engineer-at-procter-gamble-4383026689,Engineering Manager,2026-03-18T03:04:55.757170
Hardware engineer,ALTEN MAROC,"Rabat, Rabat-Salé-Kénitra, Maroc",2026-03-13,https://ma.linkedin.com/jobs/view/hardware-engineer-at-alten-maroc-4375958597,Hardware Engineer,2026-03-18T03:06:30.129867
Senior Hardware Engineer,ALTEN,"Rabat, Rabat-Salé-Kénitra, Maroc",2026-03-17,https://ma.linkedin.com/jobs/view/senior-hardware-engineer-at-alten-4384481669,Hardware Engineer,2026-03-18T03:06:30.130868
Senior Hardware Engineer,ALTEN MAROC,"Rabat, Rabat-Salé-Kénitra, Maroc",2026-03-17,https://ma.linkedin.com/jobs/view/senior-hardware-engineer-at-alten-maroc-4384481674,Hardware Engineer,2026-03-18T03:06:30.130868
Ingénieur moyens et outillages F/H - SAFRAN ELECTRONICS & DEFENSE MOROCCO,AEROCONTACT.COM,"Méchouar de Casablanca, Casablanca-Settat, Maroc",2026-03-17,https://ma.linkedin.com/jobs/view/ing%C3%A9nieur-moyens-et-outillages-f-h-safran-electronics-defense-morocco-at-aerocontact-4384346400,Hardware Engineer,2026-03-18T03:06:42.958356
Responsable Unité Autonome de Production F/H - SAFRAN ELECTRONICS & DEFENSE MOROCCO,AEROCONTACT.COM,"Casablanca, Casablanca-Settat, Maroc",2026-03-14,https://ma.linkedin.com/jobs/view/responsable-unit%C3%A9-autonome-de-production-f-h-safran-electronics-defense-morocco-at-aerocontact-4385875830,Hardware Engineer,2026-03-18T03:06:42.959356
Purchaser,Hirschmann Automotive,"Kénitra, Rabat-Salé-Kénitra, Maroc",2026-03-12,https://ma.linkedin.com/jobs/view/purchaser-at-hirschmann-automotive-4384598727,Hardware Engineer,2026-03-18T03:06:42.961354
Ingénieur automatisation,ALTEN MAROC,"Rabat, Rabat-Salé-Kénitra, Maroc",2026-03-16,https://ma.linkedin.com/jobs/view/ing%C3%A9nieur-automatisation-at-alten-maroc-4384027973,Robotics Engineer,2026-03-18T03:07:08.273796
Ingénieur automaticien,EPIK CONSULTING,"Mohammédia, Casablanca-Settat, Maroc",2026-03-17,https://ma.linkedin.com/jobs/view/ing%C3%A9nieur-automaticien-at-epik-consulting-4384482808,Robotics Engineer,2026-03-18T03:07:08.280793
Ingénieur Télécom N1 Junior - Audit & Contrôle Référentiels FTTH,Intelcia Tech,"Casablanca-Settat, Maroc",2026-03-17,https://ma.linkedin.com/jobs/view/ing%C3%A9nieur-t%C3%A9l%C3%A9com-n1-junior-audit-contr%C3%B4le-r%C3%A9f%C3%A9rentiels-ftth-at-intelcia-tech-4386734839,Robotics Engineer,2026-03-18T03:07:08.304793
Véhicule Homologation,SEGULA Technologies,"Méchouar de Casablanca, Casablanca-Settat, Maroc",2026-03-14,https://ma.linkedin.com/jobs/view/v%C3%A9hicule-homologation-at-segula-technologies-4383646742,Robotics Engineer,2026-03-18T03:07:20.288260
Operators,STMicroelectronics,"Bouskoura, Casablanca-Settat, Maroc",2026-03-14,https://ma.linkedin.com/jobs/view/operators-at-stmicroelectronics-4371870641,Robotics Engineer,2026-03-18T03:07:20.290258
Responsable d'Achat - Véhicules d'Occasions,AUTO24.africa,"Casablanca, Casablanca-Settat, Maroc",2026-03-13,https://ma.linkedin.com/jobs/view/responsable-d-achat-v%C3%A9hicules-d-occasions-at-auto24-africa-4385337586,Robotics Engineer,2026-03-18T03:07:20.292260
Chef des Ventes - Véhicules d'Occasions,AUTO24.africa,"Casablanca, Casablanca-Settat, Maroc",2026-03-13,https://ma.linkedin.com/jobs/view/chef-des-ventes-v%C3%A9hicules-d-occasions-at-auto24-africa-4385337474,Robotics Engineer,2026-03-18T03:07:20.294260
Stagiaire PFE - Informatique WEB DEV - Eleve Ingenieur  ( ref 10612 ),STMicroelectronics,"Bouskoura, Casablanca-Settat, Maroc",2026-03-17,https://ma.linkedin.com/jobs/view/stagiaire-pfe-informatique-web-dev-eleve-ingenieur-ref-10612-at-stmicroelectronics-4386725003,IT Engineer,2026-03-18T03:11:00.511393
Consultant Fonctionnel Sage 1000 (H/F),Inetum,"Méchouar de Casablanca, Casablanca-Settat, Maroc",2026-03-12,https://ma.linkedin.com/jobs/view/consultant-fonctionnel-sage-1000-h-f-at-inetum-4359986537,IT Consultant,2026-03-18T03:11:37.251168
Consultant Infrastructure Réseau (H/F),Devoteam,"Rabat, Rabat-Salé-Kénitra, Maroc",2026-03-17,https://ma.linkedin.com/jobs/view/consultant-infrastructure-r%C3%A9seau-h-f-at-devoteam-4345850798,IT Consultant,2026-03-18T03:11:37.252167
Consultant SIRH,Tractafric Equipment,"Casablanca-Settat, Maroc",2026-03-11,https://ma.linkedin.com/jobs/view/consultant-sirh-at-tractafric-equipment-4371018300,IT Consultant,2026-03-18T03:11:37.253167
Business Relationship Manager,Leyton,"Casablanca, Casablanca-Settat, Maroc",2026-03-17,https://ma.linkedin.com/jobs/view/business-relationship-manager-at-leyton-4321183692,IT Consultant,2026-03-18T03:11:37.254168
Stagiaire pré-embauche_Consultant Technico-Fonctionnel Microsoft Dynamics 365 CRM & Power Platform,Inetum,"Méchouar de Casablanca, Casablanca-Settat, Maroc",2026-03-12,https://ma.linkedin.com/jobs/view/stagiaire-pr%C3%A9-embauche-consultant-technico-fonctionnel-microsoft-dynamics-365-crm-power-platform-at-inetum-4346278270,IT Consultant,2026-03-18T03:11:37.257167
Anaplan Consultant - Morocco,Bedford Consulting,"Casablanca-Settat, Maroc",2026-03-12,https://ma.linkedin.com/jobs/view/anaplan-consultant-morocco-at-bedford-consulting-4364343332,IT Consultant,2026-03-18T03:11:37.257167
Expert Cloud,Inetum,"Méchouar de Casablanca, Casablanca-Settat, Maroc",2026-03-12,https://ma.linkedin.com/jobs/view/expert-cloud-at-inetum-4305584787,IT Consultant,2026-03-18T03:11:37.258165
Consultant Liferay,Inetum,"Méchouar de Casablanca, Casablanca-Settat, Maroc",2026-03-12,https://ma.linkedin.com/jobs/view/consultant-liferay-at-inetum-4346168439,IT Consultant,2026-03-18T03:11:37.260164
Consultant fonctionnel Dynamics 365 F&O,Inetum,"Méchouar de Casablanca, Casablanca-Settat, Maroc",2026-03-12,https://ma.linkedin.com/jobs/view/consultant-fonctionnel-dynamics-365-f-o-at-inetum-4335485721,IT Consultant,2026-03-18T03:11:37.260164
Consultant Expérimenté Oracle Cloud ERP,Deloitte,"Méchouar de Casablanca, Casablanca-Settat, Maroc",2026-03-13,https://ma.linkedin.com/jobs/view/consultant-exp%C3%A9riment%C3%A9-oracle-cloud-erp-at-deloitte-4331053493,IT Consultant,2026-03-18T03:11:37.262164
Consultant EPM ANAPLAN,Deloitte,"Méchouar de Casablanca, Casablanca-Settat, Maroc",2026-03-12,https://ma.linkedin.com/jobs/view/consultant-epm-anaplan-at-deloitte-4373351088,IT Consultant,2026-03-18T03:11:37.263164
Consultant technico‑fonctionnel WinDev,Forterro,Casablanca et périphérie,2026-03-16,https://ma.linkedin.com/jobs/view/consultant-technico%E2%80%91fonctionnel-windev-at-forterro-4386377301,IT Consultant,2026-03-18T03:11:37.264164
Consultant Commercial & Business Developer (Services IT & Conseil),ITCYBER HOSPITALITY,"Marrakech, Marrakech-Safi, Maroc",2026-03-17,https://ma.linkedin.com/jobs/view/consultant-commercial-business-developer-services-it-conseil-at-itcyber-hospitality-4350776266,IT Consultant,2026-03-18T03:11:37.265164
