[2026-03-22T02:23:10.002+0000] {processor.py:186} INFO - Started process (PID=165) to work on /opt/airflow/dags/job_scraping_dag.py
[2026-03-22T02:23:10.010+0000] {processor.py:914} INFO - Processing file /opt/airflow/dags/job_scraping_dag.py for tasks to queue
[2026-03-22T02:23:10.021+0000] {logging_mixin.py:190} INFO - [2026-03-22T02:23:10.020+0000] {dagbag.py:588} INFO - Filling up the DagBag from /opt/airflow/dags/job_scraping_dag.py
[2026-03-22T02:23:12.101+0000] {processor.py:925} INFO - DAG(s) 'daily_job_scraping' retrieved from /opt/airflow/dags/job_scraping_dag.py
[2026-03-22T02:23:12.720+0000] {logging_mixin.py:190} INFO - [2026-03-22T02:23:12.719+0000] {override.py:1911} INFO - Created Permission View: can read on DAG:daily_job_scraping
[2026-03-22T02:23:12.890+0000] {logging_mixin.py:190} INFO - [2026-03-22T02:23:12.890+0000] {override.py:1911} INFO - Created Permission View: can edit on DAG:daily_job_scraping
[2026-03-22T02:23:12.917+0000] {logging_mixin.py:190} INFO - [2026-03-22T02:23:12.917+0000] {override.py:1911} INFO - Created Permission View: can delete on DAG:daily_job_scraping
[2026-03-22T02:23:12.982+0000] {logging_mixin.py:190} INFO - [2026-03-22T02:23:12.981+0000] {override.py:1911} INFO - Created Permission View: menu access on DAG Run:daily_job_scraping
[2026-03-22T02:23:12.993+0000] {logging_mixin.py:190} INFO - [2026-03-22T02:23:12.993+0000] {override.py:1911} INFO - Created Permission View: can read on DAG Run:daily_job_scraping
[2026-03-22T02:23:13.004+0000] {logging_mixin.py:190} INFO - [2026-03-22T02:23:13.004+0000] {override.py:1911} INFO - Created Permission View: can create on DAG Run:daily_job_scraping
[2026-03-22T02:23:13.016+0000] {logging_mixin.py:190} INFO - [2026-03-22T02:23:13.015+0000] {override.py:1911} INFO - Created Permission View: can delete on DAG Run:daily_job_scraping
[2026-03-22T02:23:13.017+0000] {logging_mixin.py:190} INFO - [2026-03-22T02:23:13.016+0000] {dag.py:3239} INFO - Sync 1 DAGs
[2026-03-22T02:23:13.043+0000] {logging_mixin.py:190} INFO - [2026-03-22T02:23:13.043+0000] {dag.py:3262} INFO - Creating ORM DAG for daily_job_scraping
[2026-03-22T02:23:13.059+0000] {logging_mixin.py:190} INFO - [2026-03-22T02:23:13.059+0000] {dag.py:4180} INFO - Setting next_dagrun for daily_job_scraping to 2026-03-20 12:00:00+00:00, run_after=2026-03-21 12:00:00+00:00
[2026-03-22T02:23:13.088+0000] {processor.py:208} INFO - Processing /opt/airflow/dags/job_scraping_dag.py took 3.109 seconds
[2026-03-22T02:23:43.477+0000] {processor.py:186} INFO - Started process (PID=185) to work on /opt/airflow/dags/job_scraping_dag.py
[2026-03-22T02:23:43.494+0000] {processor.py:914} INFO - Processing file /opt/airflow/dags/job_scraping_dag.py for tasks to queue
[2026-03-22T02:23:43.528+0000] {logging_mixin.py:190} INFO - [2026-03-22T02:23:43.521+0000] {dagbag.py:588} INFO - Filling up the DagBag from /opt/airflow/dags/job_scraping_dag.py
[2026-03-22T02:23:49.799+0000] {processor.py:925} INFO - DAG(s) 'daily_job_scraping' retrieved from /opt/airflow/dags/job_scraping_dag.py
[2026-03-22T02:23:49.891+0000] {logging_mixin.py:190} INFO - [2026-03-22T02:23:49.887+0000] {dag.py:3239} INFO - Sync 1 DAGs
[2026-03-22T02:23:49.992+0000] {logging_mixin.py:190} INFO - [2026-03-22T02:23:49.991+0000] {dag.py:4180} INFO - Setting next_dagrun for daily_job_scraping to 2026-03-21 12:00:00+00:00, run_after=2026-03-22 12:00:00+00:00
[2026-03-22T02:23:50.081+0000] {processor.py:208} INFO - Processing /opt/airflow/dags/job_scraping_dag.py took 6.664 seconds
[2026-03-22T02:24:20.618+0000] {processor.py:186} INFO - Started process (PID=191) to work on /opt/airflow/dags/job_scraping_dag.py
[2026-03-22T02:24:20.624+0000] {processor.py:914} INFO - Processing file /opt/airflow/dags/job_scraping_dag.py for tasks to queue
[2026-03-22T02:24:20.650+0000] {logging_mixin.py:190} INFO - [2026-03-22T02:24:20.646+0000] {dagbag.py:588} INFO - Filling up the DagBag from /opt/airflow/dags/job_scraping_dag.py
[2026-03-22T02:24:31.353+0000] {processor.py:925} INFO - DAG(s) 'daily_job_scraping' retrieved from /opt/airflow/dags/job_scraping_dag.py
[2026-03-22T02:24:31.548+0000] {logging_mixin.py:190} INFO - [2026-03-22T02:24:31.547+0000] {dag.py:3239} INFO - Sync 1 DAGs
[2026-03-22T02:24:31.657+0000] {logging_mixin.py:190} INFO - [2026-03-22T02:24:31.656+0000] {dag.py:4180} INFO - Setting next_dagrun for daily_job_scraping to 2026-03-21 12:00:00+00:00, run_after=2026-03-22 12:00:00+00:00
[2026-03-22T02:24:31.967+0000] {processor.py:208} INFO - Processing /opt/airflow/dags/job_scraping_dag.py took 12.410 seconds
[2026-03-22T02:25:05.119+0000] {processor.py:186} INFO - Started process (PID=197) to work on /opt/airflow/dags/job_scraping_dag.py
[2026-03-22T02:25:05.139+0000] {processor.py:914} INFO - Processing file /opt/airflow/dags/job_scraping_dag.py for tasks to queue
[2026-03-22T02:25:05.412+0000] {logging_mixin.py:190} INFO - [2026-03-22T02:25:05.411+0000] {dagbag.py:588} INFO - Filling up the DagBag from /opt/airflow/dags/job_scraping_dag.py
[2026-03-22T02:25:11.213+0000] {processor.py:925} INFO - DAG(s) 'daily_job_scraping' retrieved from /opt/airflow/dags/job_scraping_dag.py
[2026-03-22T02:25:11.351+0000] {logging_mixin.py:190} INFO - [2026-03-22T02:25:11.350+0000] {dag.py:3239} INFO - Sync 1 DAGs
[2026-03-22T02:25:11.457+0000] {logging_mixin.py:190} INFO - [2026-03-22T02:25:11.456+0000] {dag.py:4180} INFO - Setting next_dagrun for daily_job_scraping to 2026-03-21 12:00:00+00:00, run_after=2026-03-22 12:00:00+00:00
[2026-03-22T02:25:11.560+0000] {processor.py:208} INFO - Processing /opt/airflow/dags/job_scraping_dag.py took 6.697 seconds
[2026-03-22T02:25:42.248+0000] {processor.py:186} INFO - Started process (PID=203) to work on /opt/airflow/dags/job_scraping_dag.py
[2026-03-22T02:25:42.252+0000] {processor.py:914} INFO - Processing file /opt/airflow/dags/job_scraping_dag.py for tasks to queue
[2026-03-22T02:25:42.258+0000] {logging_mixin.py:190} INFO - [2026-03-22T02:25:42.257+0000] {dagbag.py:588} INFO - Filling up the DagBag from /opt/airflow/dags/job_scraping_dag.py
[2026-03-22T02:25:44.389+0000] {processor.py:925} INFO - DAG(s) 'daily_job_scraping' retrieved from /opt/airflow/dags/job_scraping_dag.py
[2026-03-22T02:25:44.569+0000] {logging_mixin.py:190} INFO - [2026-03-22T02:25:44.566+0000] {dag.py:3239} INFO - Sync 1 DAGs
[2026-03-22T02:25:44.714+0000] {logging_mixin.py:190} INFO - [2026-03-22T02:25:44.713+0000] {dag.py:4180} INFO - Setting next_dagrun for daily_job_scraping to 2026-03-21 12:00:00+00:00, run_after=2026-03-22 12:00:00+00:00
[2026-03-22T02:25:44.803+0000] {processor.py:208} INFO - Processing /opt/airflow/dags/job_scraping_dag.py took 2.580 seconds
[2026-03-22T02:26:15.131+0000] {processor.py:186} INFO - Started process (PID=209) to work on /opt/airflow/dags/job_scraping_dag.py
[2026-03-22T02:26:15.135+0000] {processor.py:914} INFO - Processing file /opt/airflow/dags/job_scraping_dag.py for tasks to queue
[2026-03-22T02:26:15.144+0000] {logging_mixin.py:190} INFO - [2026-03-22T02:26:15.143+0000] {dagbag.py:588} INFO - Filling up the DagBag from /opt/airflow/dags/job_scraping_dag.py
[2026-03-22T02:26:17.005+0000] {processor.py:925} INFO - DAG(s) 'daily_job_scraping' retrieved from /opt/airflow/dags/job_scraping_dag.py
[2026-03-22T02:26:17.191+0000] {logging_mixin.py:190} INFO - [2026-03-22T02:26:17.190+0000] {dag.py:3239} INFO - Sync 1 DAGs
[2026-03-22T02:26:17.270+0000] {logging_mixin.py:190} INFO - [2026-03-22T02:26:17.269+0000] {dag.py:4180} INFO - Setting next_dagrun for daily_job_scraping to 2026-03-21 12:00:00+00:00, run_after=2026-03-22 12:00:00+00:00
[2026-03-22T02:26:17.358+0000] {processor.py:208} INFO - Processing /opt/airflow/dags/job_scraping_dag.py took 3.235 seconds
[2026-03-22T02:26:48.616+0000] {processor.py:186} INFO - Started process (PID=215) to work on /opt/airflow/dags/job_scraping_dag.py
[2026-03-22T02:26:48.618+0000] {processor.py:914} INFO - Processing file /opt/airflow/dags/job_scraping_dag.py for tasks to queue
[2026-03-22T02:26:48.700+0000] {logging_mixin.py:190} INFO - [2026-03-22T02:26:48.699+0000] {dagbag.py:588} INFO - Filling up the DagBag from /opt/airflow/dags/job_scraping_dag.py
[2026-03-22T02:26:55.766+0000] {processor.py:925} INFO - DAG(s) 'daily_job_scraping' retrieved from /opt/airflow/dags/job_scraping_dag.py
[2026-03-22T02:26:56.030+0000] {logging_mixin.py:190} INFO - [2026-03-22T02:26:56.029+0000] {dag.py:3239} INFO - Sync 1 DAGs
[2026-03-22T02:26:56.173+0000] {logging_mixin.py:190} INFO - [2026-03-22T02:26:56.173+0000] {dag.py:4180} INFO - Setting next_dagrun for daily_job_scraping to 2026-03-21 12:00:00+00:00, run_after=2026-03-22 12:00:00+00:00
[2026-03-22T02:26:56.295+0000] {processor.py:208} INFO - Processing /opt/airflow/dags/job_scraping_dag.py took 7.790 seconds
[2026-03-22T02:27:27.269+0000] {processor.py:186} INFO - Started process (PID=221) to work on /opt/airflow/dags/job_scraping_dag.py
[2026-03-22T02:27:27.272+0000] {processor.py:914} INFO - Processing file /opt/airflow/dags/job_scraping_dag.py for tasks to queue
[2026-03-22T02:27:27.287+0000] {logging_mixin.py:190} INFO - [2026-03-22T02:27:27.287+0000] {dagbag.py:588} INFO - Filling up the DagBag from /opt/airflow/dags/job_scraping_dag.py
[2026-03-22T02:27:29.326+0000] {processor.py:925} INFO - DAG(s) 'daily_job_scraping' retrieved from /opt/airflow/dags/job_scraping_dag.py
[2026-03-22T02:27:29.405+0000] {logging_mixin.py:190} INFO - [2026-03-22T02:27:29.404+0000] {dag.py:3239} INFO - Sync 1 DAGs
[2026-03-22T02:27:29.551+0000] {logging_mixin.py:190} INFO - [2026-03-22T02:27:29.550+0000] {dag.py:4180} INFO - Setting next_dagrun for daily_job_scraping to 2026-03-21 12:00:00+00:00, run_after=2026-03-22 12:00:00+00:00
[2026-03-22T02:27:29.673+0000] {processor.py:208} INFO - Processing /opt/airflow/dags/job_scraping_dag.py took 2.439 seconds
[2026-03-22T02:28:00.548+0000] {processor.py:186} INFO - Started process (PID=227) to work on /opt/airflow/dags/job_scraping_dag.py
[2026-03-22T02:28:00.553+0000] {processor.py:914} INFO - Processing file /opt/airflow/dags/job_scraping_dag.py for tasks to queue
[2026-03-22T02:28:00.592+0000] {logging_mixin.py:190} INFO - [2026-03-22T02:28:00.585+0000] {dagbag.py:588} INFO - Filling up the DagBag from /opt/airflow/dags/job_scraping_dag.py
[2026-03-22T02:28:02.966+0000] {processor.py:925} INFO - DAG(s) 'daily_job_scraping' retrieved from /opt/airflow/dags/job_scraping_dag.py
[2026-03-22T02:28:02.999+0000] {logging_mixin.py:190} INFO - [2026-03-22T02:28:02.998+0000] {dag.py:3239} INFO - Sync 1 DAGs
[2026-03-22T02:28:03.027+0000] {logging_mixin.py:190} INFO - [2026-03-22T02:28:03.027+0000] {dag.py:4180} INFO - Setting next_dagrun for daily_job_scraping to 2026-03-21 12:00:00+00:00, run_after=2026-03-22 12:00:00+00:00
[2026-03-22T02:28:03.051+0000] {processor.py:208} INFO - Processing /opt/airflow/dags/job_scraping_dag.py took 2.538 seconds
[2026-03-22T02:57:44.192+0000] {processor.py:186} INFO - Started process (PID=164) to work on /opt/airflow/dags/job_scraping_dag.py
[2026-03-22T02:57:44.194+0000] {processor.py:914} INFO - Processing file /opt/airflow/dags/job_scraping_dag.py for tasks to queue
[2026-03-22T02:57:44.199+0000] {logging_mixin.py:190} INFO - [2026-03-22T02:57:44.198+0000] {dagbag.py:588} INFO - Filling up the DagBag from /opt/airflow/dags/job_scraping_dag.py
[2026-03-22T02:57:46.773+0000] {processor.py:925} INFO - DAG(s) 'daily_job_scraping' retrieved from /opt/airflow/dags/job_scraping_dag.py
[2026-03-22T02:57:47.151+0000] {logging_mixin.py:190} INFO - [2026-03-22T02:57:47.150+0000] {override.py:1911} INFO - Created Permission View: can read on DAG:daily_job_scraping
[2026-03-22T02:57:47.166+0000] {logging_mixin.py:190} INFO - [2026-03-22T02:57:47.166+0000] {override.py:1911} INFO - Created Permission View: can delete on DAG:daily_job_scraping
[2026-03-22T02:57:47.181+0000] {logging_mixin.py:190} INFO - [2026-03-22T02:57:47.181+0000] {override.py:1911} INFO - Created Permission View: can edit on DAG:daily_job_scraping
[2026-03-22T02:57:47.192+0000] {logging_mixin.py:190} INFO - [2026-03-22T02:57:47.191+0000] {override.py:1911} INFO - Created Permission View: can create on DAG Run:daily_job_scraping
[2026-03-22T02:57:47.202+0000] {logging_mixin.py:190} INFO - [2026-03-22T02:57:47.201+0000] {override.py:1911} INFO - Created Permission View: can read on DAG Run:daily_job_scraping
[2026-03-22T02:57:47.213+0000] {logging_mixin.py:190} INFO - [2026-03-22T02:57:47.212+0000] {override.py:1911} INFO - Created Permission View: can delete on DAG Run:daily_job_scraping
[2026-03-22T02:57:47.221+0000] {logging_mixin.py:190} INFO - [2026-03-22T02:57:47.221+0000] {override.py:1911} INFO - Created Permission View: menu access on DAG Run:daily_job_scraping
[2026-03-22T02:57:47.222+0000] {logging_mixin.py:190} INFO - [2026-03-22T02:57:47.222+0000] {dag.py:3239} INFO - Sync 1 DAGs
[2026-03-22T02:57:47.240+0000] {logging_mixin.py:190} INFO - [2026-03-22T02:57:47.240+0000] {dag.py:3262} INFO - Creating ORM DAG for daily_job_scraping
[2026-03-22T02:57:47.255+0000] {logging_mixin.py:190} INFO - [2026-03-22T02:57:47.254+0000] {dag.py:4180} INFO - Setting next_dagrun for daily_job_scraping to 2026-03-20 12:00:00+00:00, run_after=2026-03-21 12:00:00+00:00
[2026-03-22T02:57:47.285+0000] {processor.py:208} INFO - Processing /opt/airflow/dags/job_scraping_dag.py took 3.107 seconds
[2026-03-22T02:58:18.176+0000] {processor.py:186} INFO - Started process (PID=184) to work on /opt/airflow/dags/job_scraping_dag.py
[2026-03-22T02:58:18.187+0000] {processor.py:914} INFO - Processing file /opt/airflow/dags/job_scraping_dag.py for tasks to queue
[2026-03-22T02:58:18.226+0000] {logging_mixin.py:190} INFO - [2026-03-22T02:58:18.225+0000] {dagbag.py:588} INFO - Filling up the DagBag from /opt/airflow/dags/job_scraping_dag.py
[2026-03-22T02:58:22.470+0000] {processor.py:925} INFO - DAG(s) 'daily_job_scraping' retrieved from /opt/airflow/dags/job_scraping_dag.py
[2026-03-22T02:58:22.606+0000] {logging_mixin.py:190} INFO - [2026-03-22T02:58:22.605+0000] {dag.py:3239} INFO - Sync 1 DAGs
[2026-03-22T02:58:22.693+0000] {logging_mixin.py:190} INFO - [2026-03-22T02:58:22.692+0000] {dag.py:4180} INFO - Setting next_dagrun for daily_job_scraping to 2026-03-21 12:00:00+00:00, run_after=2026-03-22 12:00:00+00:00
[2026-03-22T02:58:22.739+0000] {processor.py:208} INFO - Processing /opt/airflow/dags/job_scraping_dag.py took 4.586 seconds
[2026-03-22T02:58:53.105+0000] {processor.py:186} INFO - Started process (PID=190) to work on /opt/airflow/dags/job_scraping_dag.py
[2026-03-22T02:58:53.109+0000] {processor.py:914} INFO - Processing file /opt/airflow/dags/job_scraping_dag.py for tasks to queue
[2026-03-22T02:58:53.118+0000] {logging_mixin.py:190} INFO - [2026-03-22T02:58:53.117+0000] {dagbag.py:588} INFO - Filling up the DagBag from /opt/airflow/dags/job_scraping_dag.py
[2026-03-22T02:58:55.556+0000] {processor.py:925} INFO - DAG(s) 'daily_job_scraping' retrieved from /opt/airflow/dags/job_scraping_dag.py
[2026-03-22T02:58:55.688+0000] {logging_mixin.py:190} INFO - [2026-03-22T02:58:55.680+0000] {dag.py:3239} INFO - Sync 1 DAGs
[2026-03-22T02:58:55.790+0000] {logging_mixin.py:190} INFO - [2026-03-22T02:58:55.790+0000] {dag.py:4180} INFO - Setting next_dagrun for daily_job_scraping to 2026-03-21 12:00:00+00:00, run_after=2026-03-22 12:00:00+00:00
[2026-03-22T02:58:55.906+0000] {processor.py:208} INFO - Processing /opt/airflow/dags/job_scraping_dag.py took 2.842 seconds
[2026-03-22T02:59:26.522+0000] {processor.py:186} INFO - Started process (PID=196) to work on /opt/airflow/dags/job_scraping_dag.py
[2026-03-22T02:59:26.526+0000] {processor.py:914} INFO - Processing file /opt/airflow/dags/job_scraping_dag.py for tasks to queue
[2026-03-22T02:59:26.538+0000] {logging_mixin.py:190} INFO - [2026-03-22T02:59:26.533+0000] {dagbag.py:588} INFO - Filling up the DagBag from /opt/airflow/dags/job_scraping_dag.py
[2026-03-22T02:59:28.889+0000] {processor.py:925} INFO - DAG(s) 'daily_job_scraping' retrieved from /opt/airflow/dags/job_scraping_dag.py
[2026-03-22T02:59:28.987+0000] {logging_mixin.py:190} INFO - [2026-03-22T02:59:28.986+0000] {dag.py:3239} INFO - Sync 1 DAGs
[2026-03-22T02:59:29.137+0000] {logging_mixin.py:190} INFO - [2026-03-22T02:59:29.136+0000] {dag.py:4180} INFO - Setting next_dagrun for daily_job_scraping to 2026-03-21 12:00:00+00:00, run_after=2026-03-22 12:00:00+00:00
[2026-03-22T02:59:29.220+0000] {processor.py:208} INFO - Processing /opt/airflow/dags/job_scraping_dag.py took 2.717 seconds
[2026-03-22T03:00:00.969+0000] {processor.py:186} INFO - Started process (PID=206) to work on /opt/airflow/dags/job_scraping_dag.py
[2026-03-22T03:00:01.002+0000] {processor.py:914} INFO - Processing file /opt/airflow/dags/job_scraping_dag.py for tasks to queue
[2026-03-22T03:00:01.037+0000] {logging_mixin.py:190} INFO - [2026-03-22T03:00:01.036+0000] {dagbag.py:588} INFO - Filling up the DagBag from /opt/airflow/dags/job_scraping_dag.py
[2026-03-22T03:00:07.779+0000] {processor.py:925} INFO - DAG(s) 'daily_job_scraping' retrieved from /opt/airflow/dags/job_scraping_dag.py
[2026-03-22T03:00:07.891+0000] {logging_mixin.py:190} INFO - [2026-03-22T03:00:07.891+0000] {dag.py:3239} INFO - Sync 1 DAGs
[2026-03-22T03:00:08.148+0000] {logging_mixin.py:190} INFO - [2026-03-22T03:00:08.148+0000] {dag.py:4180} INFO - Setting next_dagrun for daily_job_scraping to 2026-03-21 12:00:00+00:00, run_after=2026-03-22 12:00:00+00:00
[2026-03-22T03:00:08.437+0000] {processor.py:208} INFO - Processing /opt/airflow/dags/job_scraping_dag.py took 8.678 seconds
[2026-03-22T03:00:39.108+0000] {processor.py:186} INFO - Started process (PID=222) to work on /opt/airflow/dags/job_scraping_dag.py
[2026-03-22T03:00:39.117+0000] {processor.py:914} INFO - Processing file /opt/airflow/dags/job_scraping_dag.py for tasks to queue
[2026-03-22T03:00:39.123+0000] {logging_mixin.py:190} INFO - [2026-03-22T03:00:39.122+0000] {dagbag.py:588} INFO - Filling up the DagBag from /opt/airflow/dags/job_scraping_dag.py
[2026-03-22T03:00:43.888+0000] {processor.py:925} INFO - DAG(s) 'daily_job_scraping' retrieved from /opt/airflow/dags/job_scraping_dag.py
[2026-03-22T03:00:44.338+0000] {logging_mixin.py:190} INFO - [2026-03-22T03:00:44.272+0000] {dag.py:3239} INFO - Sync 1 DAGs
[2026-03-22T03:00:44.692+0000] {logging_mixin.py:190} INFO - [2026-03-22T03:00:44.680+0000] {dag.py:4180} INFO - Setting next_dagrun for daily_job_scraping to 2026-03-21 12:00:00+00:00, run_after=2026-03-22 12:00:00+00:00
[2026-03-22T03:00:44.927+0000] {processor.py:208} INFO - Processing /opt/airflow/dags/job_scraping_dag.py took 5.858 seconds
[2026-03-22T03:01:15.565+0000] {processor.py:186} INFO - Started process (PID=228) to work on /opt/airflow/dags/job_scraping_dag.py
[2026-03-22T03:01:15.572+0000] {processor.py:914} INFO - Processing file /opt/airflow/dags/job_scraping_dag.py for tasks to queue
[2026-03-22T03:01:15.592+0000] {logging_mixin.py:190} INFO - [2026-03-22T03:01:15.591+0000] {dagbag.py:588} INFO - Filling up the DagBag from /opt/airflow/dags/job_scraping_dag.py
[2026-03-22T03:01:19.028+0000] {processor.py:925} INFO - DAG(s) 'daily_job_scraping' retrieved from /opt/airflow/dags/job_scraping_dag.py
[2026-03-22T03:01:19.120+0000] {logging_mixin.py:190} INFO - [2026-03-22T03:01:19.119+0000] {dag.py:3239} INFO - Sync 1 DAGs
[2026-03-22T03:01:19.275+0000] {logging_mixin.py:190} INFO - [2026-03-22T03:01:19.275+0000] {dag.py:4180} INFO - Setting next_dagrun for daily_job_scraping to 2026-03-21 12:00:00+00:00, run_after=2026-03-22 12:00:00+00:00
[2026-03-22T03:01:19.402+0000] {processor.py:208} INFO - Processing /opt/airflow/dags/job_scraping_dag.py took 3.868 seconds
[2026-03-22T03:01:49.906+0000] {processor.py:186} INFO - Started process (PID=234) to work on /opt/airflow/dags/job_scraping_dag.py
[2026-03-22T03:01:49.971+0000] {processor.py:914} INFO - Processing file /opt/airflow/dags/job_scraping_dag.py for tasks to queue
[2026-03-22T03:01:49.997+0000] {logging_mixin.py:190} INFO - [2026-03-22T03:01:49.991+0000] {dagbag.py:588} INFO - Filling up the DagBag from /opt/airflow/dags/job_scraping_dag.py
[2026-03-22T03:01:55.163+0000] {processor.py:925} INFO - DAG(s) 'daily_job_scraping' retrieved from /opt/airflow/dags/job_scraping_dag.py
[2026-03-22T03:01:55.323+0000] {logging_mixin.py:190} INFO - [2026-03-22T03:01:55.319+0000] {dag.py:3239} INFO - Sync 1 DAGs
[2026-03-22T03:01:55.448+0000] {logging_mixin.py:190} INFO - [2026-03-22T03:01:55.448+0000] {dag.py:4180} INFO - Setting next_dagrun for daily_job_scraping to 2026-03-21 12:00:00+00:00, run_after=2026-03-22 12:00:00+00:00
[2026-03-22T03:01:55.564+0000] {processor.py:208} INFO - Processing /opt/airflow/dags/job_scraping_dag.py took 5.716 seconds
[2026-03-22T03:02:26.447+0000] {processor.py:186} INFO - Started process (PID=240) to work on /opt/airflow/dags/job_scraping_dag.py
[2026-03-22T03:02:26.452+0000] {processor.py:914} INFO - Processing file /opt/airflow/dags/job_scraping_dag.py for tasks to queue
[2026-03-22T03:02:26.467+0000] {logging_mixin.py:190} INFO - [2026-03-22T03:02:26.466+0000] {dagbag.py:588} INFO - Filling up the DagBag from /opt/airflow/dags/job_scraping_dag.py
[2026-03-22T03:02:29.107+0000] {processor.py:925} INFO - DAG(s) 'daily_job_scraping' retrieved from /opt/airflow/dags/job_scraping_dag.py
[2026-03-22T03:02:29.263+0000] {logging_mixin.py:190} INFO - [2026-03-22T03:02:29.261+0000] {dag.py:3239} INFO - Sync 1 DAGs
[2026-03-22T03:02:29.375+0000] {logging_mixin.py:190} INFO - [2026-03-22T03:02:29.374+0000] {dag.py:4180} INFO - Setting next_dagrun for daily_job_scraping to 2026-03-21 12:00:00+00:00, run_after=2026-03-22 12:00:00+00:00
[2026-03-22T03:02:29.548+0000] {processor.py:208} INFO - Processing /opt/airflow/dags/job_scraping_dag.py took 4.261 seconds
[2026-03-22T03:03:01.170+0000] {processor.py:186} INFO - Started process (PID=246) to work on /opt/airflow/dags/job_scraping_dag.py
[2026-03-22T03:03:01.200+0000] {processor.py:914} INFO - Processing file /opt/airflow/dags/job_scraping_dag.py for tasks to queue
[2026-03-22T03:03:01.221+0000] {logging_mixin.py:190} INFO - [2026-03-22T03:03:01.220+0000] {dagbag.py:588} INFO - Filling up the DagBag from /opt/airflow/dags/job_scraping_dag.py
[2026-03-22T03:03:09.177+0000] {processor.py:925} INFO - DAG(s) 'daily_job_scraping' retrieved from /opt/airflow/dags/job_scraping_dag.py
[2026-03-22T03:03:09.525+0000] {logging_mixin.py:190} INFO - [2026-03-22T03:03:09.524+0000] {dag.py:3239} INFO - Sync 1 DAGs
[2026-03-22T03:03:09.758+0000] {logging_mixin.py:190} INFO - [2026-03-22T03:03:09.758+0000] {dag.py:4180} INFO - Setting next_dagrun for daily_job_scraping to 2026-03-21 12:00:00+00:00, run_after=2026-03-22 12:00:00+00:00
[2026-03-22T03:03:09.915+0000] {processor.py:208} INFO - Processing /opt/airflow/dags/job_scraping_dag.py took 8.815 seconds
[2026-03-22T03:03:40.859+0000] {processor.py:186} INFO - Started process (PID=252) to work on /opt/airflow/dags/job_scraping_dag.py
[2026-03-22T03:03:40.888+0000] {processor.py:914} INFO - Processing file /opt/airflow/dags/job_scraping_dag.py for tasks to queue
[2026-03-22T03:03:40.906+0000] {logging_mixin.py:190} INFO - [2026-03-22T03:03:40.905+0000] {dagbag.py:588} INFO - Filling up the DagBag from /opt/airflow/dags/job_scraping_dag.py
[2026-03-22T03:03:49.498+0000] {processor.py:925} INFO - DAG(s) 'daily_job_scraping' retrieved from /opt/airflow/dags/job_scraping_dag.py
[2026-03-22T03:03:49.793+0000] {logging_mixin.py:190} INFO - [2026-03-22T03:03:49.792+0000] {dag.py:3239} INFO - Sync 1 DAGs
[2026-03-22T03:03:50.155+0000] {logging_mixin.py:190} INFO - [2026-03-22T03:03:50.155+0000] {dag.py:4180} INFO - Setting next_dagrun for daily_job_scraping to 2026-03-21 12:00:00+00:00, run_after=2026-03-22 12:00:00+00:00
[2026-03-22T03:03:50.403+0000] {processor.py:208} INFO - Processing /opt/airflow/dags/job_scraping_dag.py took 9.602 seconds
[2026-03-22T03:04:21.656+0000] {processor.py:186} INFO - Started process (PID=258) to work on /opt/airflow/dags/job_scraping_dag.py
[2026-03-22T03:04:21.669+0000] {processor.py:914} INFO - Processing file /opt/airflow/dags/job_scraping_dag.py for tasks to queue
[2026-03-22T03:04:21.688+0000] {logging_mixin.py:190} INFO - [2026-03-22T03:04:21.687+0000] {dagbag.py:588} INFO - Filling up the DagBag from /opt/airflow/dags/job_scraping_dag.py
[2026-03-22T03:04:28.990+0000] {processor.py:925} INFO - DAG(s) 'daily_job_scraping' retrieved from /opt/airflow/dags/job_scraping_dag.py
[2026-03-22T03:04:29.509+0000] {logging_mixin.py:190} INFO - [2026-03-22T03:04:29.508+0000] {dag.py:3239} INFO - Sync 1 DAGs
[2026-03-22T03:04:29.753+0000] {logging_mixin.py:190} INFO - [2026-03-22T03:04:29.753+0000] {dag.py:4180} INFO - Setting next_dagrun for daily_job_scraping to 2026-03-21 12:00:00+00:00, run_after=2026-03-22 12:00:00+00:00
[2026-03-22T03:04:30.094+0000] {processor.py:208} INFO - Processing /opt/airflow/dags/job_scraping_dag.py took 9.484 seconds
[2026-03-22T03:05:02.186+0000] {processor.py:186} INFO - Started process (PID=264) to work on /opt/airflow/dags/job_scraping_dag.py
[2026-03-22T03:05:02.201+0000] {processor.py:914} INFO - Processing file /opt/airflow/dags/job_scraping_dag.py for tasks to queue
[2026-03-22T03:05:02.219+0000] {logging_mixin.py:190} INFO - [2026-03-22T03:05:02.218+0000] {dagbag.py:588} INFO - Filling up the DagBag from /opt/airflow/dags/job_scraping_dag.py
[2026-03-22T03:05:11.142+0000] {processor.py:925} INFO - DAG(s) 'daily_job_scraping' retrieved from /opt/airflow/dags/job_scraping_dag.py
[2026-03-22T03:05:11.559+0000] {logging_mixin.py:190} INFO - [2026-03-22T03:05:11.558+0000] {dag.py:3239} INFO - Sync 1 DAGs
[2026-03-22T03:05:11.812+0000] {logging_mixin.py:190} INFO - [2026-03-22T03:05:11.811+0000] {dag.py:4180} INFO - Setting next_dagrun for daily_job_scraping to 2026-03-21 12:00:00+00:00, run_after=2026-03-22 12:00:00+00:00
[2026-03-22T03:05:12.104+0000] {processor.py:208} INFO - Processing /opt/airflow/dags/job_scraping_dag.py took 10.069 seconds
[2026-03-22T03:05:43.477+0000] {processor.py:186} INFO - Started process (PID=270) to work on /opt/airflow/dags/job_scraping_dag.py
[2026-03-22T03:05:43.509+0000] {processor.py:914} INFO - Processing file /opt/airflow/dags/job_scraping_dag.py for tasks to queue
[2026-03-22T03:05:43.543+0000] {logging_mixin.py:190} INFO - [2026-03-22T03:05:43.542+0000] {dagbag.py:588} INFO - Filling up the DagBag from /opt/airflow/dags/job_scraping_dag.py
[2026-03-22T03:05:52.249+0000] {processor.py:925} INFO - DAG(s) 'daily_job_scraping' retrieved from /opt/airflow/dags/job_scraping_dag.py
[2026-03-22T03:05:52.968+0000] {logging_mixin.py:190} INFO - [2026-03-22T03:05:52.967+0000] {dag.py:3239} INFO - Sync 1 DAGs
[2026-03-22T03:05:53.333+0000] {logging_mixin.py:190} INFO - [2026-03-22T03:05:53.332+0000] {dag.py:4180} INFO - Setting next_dagrun for daily_job_scraping to 2026-03-21 12:00:00+00:00, run_after=2026-03-22 12:00:00+00:00
[2026-03-22T03:05:53.646+0000] {processor.py:208} INFO - Processing /opt/airflow/dags/job_scraping_dag.py took 11.353 seconds
[2026-03-22T03:06:24.883+0000] {processor.py:186} INFO - Started process (PID=276) to work on /opt/airflow/dags/job_scraping_dag.py
[2026-03-22T03:06:24.886+0000] {processor.py:914} INFO - Processing file /opt/airflow/dags/job_scraping_dag.py for tasks to queue
[2026-03-22T03:06:24.903+0000] {logging_mixin.py:190} INFO - [2026-03-22T03:06:24.902+0000] {dagbag.py:588} INFO - Filling up the DagBag from /opt/airflow/dags/job_scraping_dag.py
[2026-03-22T03:06:28.413+0000] {processor.py:925} INFO - DAG(s) 'daily_job_scraping' retrieved from /opt/airflow/dags/job_scraping_dag.py
[2026-03-22T03:06:28.654+0000] {logging_mixin.py:190} INFO - [2026-03-22T03:06:28.653+0000] {dag.py:3239} INFO - Sync 1 DAGs
[2026-03-22T03:06:28.790+0000] {logging_mixin.py:190} INFO - [2026-03-22T03:06:28.790+0000] {dag.py:4180} INFO - Setting next_dagrun for daily_job_scraping to 2026-03-21 12:00:00+00:00, run_after=2026-03-22 12:00:00+00:00
[2026-03-22T03:06:28.893+0000] {processor.py:208} INFO - Processing /opt/airflow/dags/job_scraping_dag.py took 4.049 seconds
[2026-03-22T03:07:00.548+0000] {processor.py:186} INFO - Started process (PID=286) to work on /opt/airflow/dags/job_scraping_dag.py
[2026-03-22T03:07:00.582+0000] {processor.py:914} INFO - Processing file /opt/airflow/dags/job_scraping_dag.py for tasks to queue
[2026-03-22T03:07:00.617+0000] {logging_mixin.py:190} INFO - [2026-03-22T03:07:00.616+0000] {dagbag.py:588} INFO - Filling up the DagBag from /opt/airflow/dags/job_scraping_dag.py
[2026-03-22T03:07:06.240+0000] {processor.py:925} INFO - DAG(s) 'daily_job_scraping' retrieved from /opt/airflow/dags/job_scraping_dag.py
[2026-03-22T03:07:06.432+0000] {logging_mixin.py:190} INFO - [2026-03-22T03:07:06.431+0000] {dag.py:3239} INFO - Sync 1 DAGs
[2026-03-22T03:07:06.551+0000] {logging_mixin.py:190} INFO - [2026-03-22T03:07:06.550+0000] {dag.py:4180} INFO - Setting next_dagrun for daily_job_scraping to 2026-03-21 12:00:00+00:00, run_after=2026-03-22 12:00:00+00:00
[2026-03-22T03:07:06.639+0000] {processor.py:208} INFO - Processing /opt/airflow/dags/job_scraping_dag.py took 6.157 seconds
[2026-03-22T03:07:37.357+0000] {processor.py:186} INFO - Started process (PID=292) to work on /opt/airflow/dags/job_scraping_dag.py
[2026-03-22T03:07:37.368+0000] {processor.py:914} INFO - Processing file /opt/airflow/dags/job_scraping_dag.py for tasks to queue
[2026-03-22T03:07:37.410+0000] {logging_mixin.py:190} INFO - [2026-03-22T03:07:37.409+0000] {dagbag.py:588} INFO - Filling up the DagBag from /opt/airflow/dags/job_scraping_dag.py
[2026-03-22T03:07:40.375+0000] {processor.py:925} INFO - DAG(s) 'daily_job_scraping' retrieved from /opt/airflow/dags/job_scraping_dag.py
[2026-03-22T03:07:40.528+0000] {logging_mixin.py:190} INFO - [2026-03-22T03:07:40.527+0000] {dag.py:3239} INFO - Sync 1 DAGs
[2026-03-22T03:07:40.646+0000] {logging_mixin.py:190} INFO - [2026-03-22T03:07:40.645+0000] {dag.py:4180} INFO - Setting next_dagrun for daily_job_scraping to 2026-03-21 12:00:00+00:00, run_after=2026-03-22 12:00:00+00:00
[2026-03-22T03:07:40.727+0000] {processor.py:208} INFO - Processing /opt/airflow/dags/job_scraping_dag.py took 3.400 seconds
[2026-03-22T03:08:11.426+0000] {processor.py:186} INFO - Started process (PID=298) to work on /opt/airflow/dags/job_scraping_dag.py
[2026-03-22T03:08:11.432+0000] {processor.py:914} INFO - Processing file /opt/airflow/dags/job_scraping_dag.py for tasks to queue
[2026-03-22T03:08:11.438+0000] {logging_mixin.py:190} INFO - [2026-03-22T03:08:11.438+0000] {dagbag.py:588} INFO - Filling up the DagBag from /opt/airflow/dags/job_scraping_dag.py
[2026-03-22T03:08:14.069+0000] {processor.py:925} INFO - DAG(s) 'daily_job_scraping' retrieved from /opt/airflow/dags/job_scraping_dag.py
[2026-03-22T03:08:14.126+0000] {logging_mixin.py:190} INFO - [2026-03-22T03:08:14.125+0000] {dag.py:3239} INFO - Sync 1 DAGs
[2026-03-22T03:08:14.188+0000] {logging_mixin.py:190} INFO - [2026-03-22T03:08:14.188+0000] {dag.py:4180} INFO - Setting next_dagrun for daily_job_scraping to 2026-03-21 12:00:00+00:00, run_after=2026-03-22 12:00:00+00:00
[2026-03-22T03:08:14.261+0000] {processor.py:208} INFO - Processing /opt/airflow/dags/job_scraping_dag.py took 2.855 seconds
[2026-03-22T03:08:44.787+0000] {processor.py:186} INFO - Started process (PID=308) to work on /opt/airflow/dags/job_scraping_dag.py
[2026-03-22T03:08:44.789+0000] {processor.py:914} INFO - Processing file /opt/airflow/dags/job_scraping_dag.py for tasks to queue
[2026-03-22T03:08:44.795+0000] {logging_mixin.py:190} INFO - [2026-03-22T03:08:44.794+0000] {dagbag.py:588} INFO - Filling up the DagBag from /opt/airflow/dags/job_scraping_dag.py
[2026-03-22T03:08:45.829+0000] {processor.py:925} INFO - DAG(s) 'daily_job_scraping' retrieved from /opt/airflow/dags/job_scraping_dag.py
[2026-03-22T03:08:45.863+0000] {logging_mixin.py:190} INFO - [2026-03-22T03:08:45.862+0000] {dag.py:3239} INFO - Sync 1 DAGs
[2026-03-22T03:08:45.886+0000] {logging_mixin.py:190} INFO - [2026-03-22T03:08:45.885+0000] {dag.py:4180} INFO - Setting next_dagrun for daily_job_scraping to 2026-03-21 12:00:00+00:00, run_after=2026-03-22 12:00:00+00:00
[2026-03-22T03:08:45.928+0000] {processor.py:208} INFO - Processing /opt/airflow/dags/job_scraping_dag.py took 1.160 seconds
[2026-03-22T03:09:16.109+0000] {processor.py:186} INFO - Started process (PID=314) to work on /opt/airflow/dags/job_scraping_dag.py
[2026-03-22T03:09:16.111+0000] {processor.py:914} INFO - Processing file /opt/airflow/dags/job_scraping_dag.py for tasks to queue
[2026-03-22T03:09:16.114+0000] {logging_mixin.py:190} INFO - [2026-03-22T03:09:16.114+0000] {dagbag.py:588} INFO - Filling up the DagBag from /opt/airflow/dags/job_scraping_dag.py
[2026-03-22T03:09:17.041+0000] {processor.py:925} INFO - DAG(s) 'daily_job_scraping' retrieved from /opt/airflow/dags/job_scraping_dag.py
[2026-03-22T03:09:17.072+0000] {logging_mixin.py:190} INFO - [2026-03-22T03:09:17.072+0000] {dag.py:3239} INFO - Sync 1 DAGs
[2026-03-22T03:09:17.096+0000] {logging_mixin.py:190} INFO - [2026-03-22T03:09:17.095+0000] {dag.py:4180} INFO - Setting next_dagrun for daily_job_scraping to 2026-03-21 12:00:00+00:00, run_after=2026-03-22 12:00:00+00:00
[2026-03-22T03:09:17.138+0000] {processor.py:208} INFO - Processing /opt/airflow/dags/job_scraping_dag.py took 1.037 seconds
[2026-03-22T03:09:47.561+0000] {processor.py:186} INFO - Started process (PID=320) to work on /opt/airflow/dags/job_scraping_dag.py
[2026-03-22T03:09:47.563+0000] {processor.py:914} INFO - Processing file /opt/airflow/dags/job_scraping_dag.py for tasks to queue
[2026-03-22T03:09:47.567+0000] {logging_mixin.py:190} INFO - [2026-03-22T03:09:47.566+0000] {dagbag.py:588} INFO - Filling up the DagBag from /opt/airflow/dags/job_scraping_dag.py
[2026-03-22T03:09:48.416+0000] {processor.py:925} INFO - DAG(s) 'daily_job_scraping' retrieved from /opt/airflow/dags/job_scraping_dag.py
[2026-03-22T03:09:48.466+0000] {logging_mixin.py:190} INFO - [2026-03-22T03:09:48.466+0000] {dag.py:3239} INFO - Sync 1 DAGs
[2026-03-22T03:09:48.504+0000] {logging_mixin.py:190} INFO - [2026-03-22T03:09:48.503+0000] {dag.py:4180} INFO - Setting next_dagrun for daily_job_scraping to 2026-03-21 12:00:00+00:00, run_after=2026-03-22 12:00:00+00:00
[2026-03-22T03:09:48.537+0000] {processor.py:208} INFO - Processing /opt/airflow/dags/job_scraping_dag.py took 0.987 seconds
[2026-03-22T03:10:19.085+0000] {processor.py:186} INFO - Started process (PID=326) to work on /opt/airflow/dags/job_scraping_dag.py
[2026-03-22T03:10:19.086+0000] {processor.py:914} INFO - Processing file /opt/airflow/dags/job_scraping_dag.py for tasks to queue
[2026-03-22T03:10:19.090+0000] {logging_mixin.py:190} INFO - [2026-03-22T03:10:19.089+0000] {dagbag.py:588} INFO - Filling up the DagBag from /opt/airflow/dags/job_scraping_dag.py
[2026-03-22T03:10:19.817+0000] {processor.py:925} INFO - DAG(s) 'daily_job_scraping' retrieved from /opt/airflow/dags/job_scraping_dag.py
[2026-03-22T03:10:19.867+0000] {logging_mixin.py:190} INFO - [2026-03-22T03:10:19.866+0000] {dag.py:3239} INFO - Sync 1 DAGs
[2026-03-22T03:10:19.999+0000] {logging_mixin.py:190} INFO - [2026-03-22T03:10:19.997+0000] {dag.py:4180} INFO - Setting next_dagrun for daily_job_scraping to 2026-03-21 12:00:00+00:00, run_after=2026-03-22 12:00:00+00:00
[2026-03-22T03:10:20.053+0000] {processor.py:208} INFO - Processing /opt/airflow/dags/job_scraping_dag.py took 0.976 seconds
[2026-03-22T03:10:50.479+0000] {processor.py:186} INFO - Started process (PID=332) to work on /opt/airflow/dags/job_scraping_dag.py
[2026-03-22T03:10:50.480+0000] {processor.py:914} INFO - Processing file /opt/airflow/dags/job_scraping_dag.py for tasks to queue
[2026-03-22T03:10:50.485+0000] {logging_mixin.py:190} INFO - [2026-03-22T03:10:50.484+0000] {dagbag.py:588} INFO - Filling up the DagBag from /opt/airflow/dags/job_scraping_dag.py
[2026-03-22T03:10:51.312+0000] {processor.py:925} INFO - DAG(s) 'daily_job_scraping' retrieved from /opt/airflow/dags/job_scraping_dag.py
[2026-03-22T03:10:51.379+0000] {logging_mixin.py:190} INFO - [2026-03-22T03:10:51.379+0000] {dag.py:3239} INFO - Sync 1 DAGs
[2026-03-22T03:10:51.406+0000] {logging_mixin.py:190} INFO - [2026-03-22T03:10:51.406+0000] {dag.py:4180} INFO - Setting next_dagrun for daily_job_scraping to 2026-03-21 12:00:00+00:00, run_after=2026-03-22 12:00:00+00:00
[2026-03-22T03:10:51.434+0000] {processor.py:208} INFO - Processing /opt/airflow/dags/job_scraping_dag.py took 0.964 seconds
[2026-03-22T03:11:21.904+0000] {processor.py:186} INFO - Started process (PID=338) to work on /opt/airflow/dags/job_scraping_dag.py
[2026-03-22T03:11:21.905+0000] {processor.py:914} INFO - Processing file /opt/airflow/dags/job_scraping_dag.py for tasks to queue
[2026-03-22T03:11:21.911+0000] {logging_mixin.py:190} INFO - [2026-03-22T03:11:21.910+0000] {dagbag.py:588} INFO - Filling up the DagBag from /opt/airflow/dags/job_scraping_dag.py
[2026-03-22T03:11:22.807+0000] {processor.py:925} INFO - DAG(s) 'daily_job_scraping' retrieved from /opt/airflow/dags/job_scraping_dag.py
[2026-03-22T03:11:22.838+0000] {logging_mixin.py:190} INFO - [2026-03-22T03:11:22.837+0000] {dag.py:3239} INFO - Sync 1 DAGs
[2026-03-22T03:11:22.861+0000] {logging_mixin.py:190} INFO - [2026-03-22T03:11:22.861+0000] {dag.py:4180} INFO - Setting next_dagrun for daily_job_scraping to 2026-03-21 12:00:00+00:00, run_after=2026-03-22 12:00:00+00:00
[2026-03-22T03:11:22.884+0000] {processor.py:208} INFO - Processing /opt/airflow/dags/job_scraping_dag.py took 0.995 seconds
[2026-03-22T03:11:53.374+0000] {processor.py:186} INFO - Started process (PID=344) to work on /opt/airflow/dags/job_scraping_dag.py
[2026-03-22T03:11:53.377+0000] {processor.py:914} INFO - Processing file /opt/airflow/dags/job_scraping_dag.py for tasks to queue
[2026-03-22T03:11:53.382+0000] {logging_mixin.py:190} INFO - [2026-03-22T03:11:53.381+0000] {dagbag.py:588} INFO - Filling up the DagBag from /opt/airflow/dags/job_scraping_dag.py
[2026-03-22T03:11:54.250+0000] {processor.py:925} INFO - DAG(s) 'daily_job_scraping' retrieved from /opt/airflow/dags/job_scraping_dag.py
[2026-03-22T03:11:54.279+0000] {logging_mixin.py:190} INFO - [2026-03-22T03:11:54.279+0000] {dag.py:3239} INFO - Sync 1 DAGs
[2026-03-22T03:11:54.301+0000] {logging_mixin.py:190} INFO - [2026-03-22T03:11:54.301+0000] {dag.py:4180} INFO - Setting next_dagrun for daily_job_scraping to 2026-03-21 12:00:00+00:00, run_after=2026-03-22 12:00:00+00:00
[2026-03-22T03:11:54.332+0000] {processor.py:208} INFO - Processing /opt/airflow/dags/job_scraping_dag.py took 0.973 seconds
[2026-03-22T03:12:24.762+0000] {processor.py:186} INFO - Started process (PID=350) to work on /opt/airflow/dags/job_scraping_dag.py
[2026-03-22T03:12:24.764+0000] {processor.py:914} INFO - Processing file /opt/airflow/dags/job_scraping_dag.py for tasks to queue
[2026-03-22T03:12:24.774+0000] {logging_mixin.py:190} INFO - [2026-03-22T03:12:24.773+0000] {dagbag.py:588} INFO - Filling up the DagBag from /opt/airflow/dags/job_scraping_dag.py
[2026-03-22T03:12:25.581+0000] {processor.py:925} INFO - DAG(s) 'daily_job_scraping' retrieved from /opt/airflow/dags/job_scraping_dag.py
[2026-03-22T03:12:25.620+0000] {logging_mixin.py:190} INFO - [2026-03-22T03:12:25.619+0000] {dag.py:3239} INFO - Sync 1 DAGs
[2026-03-22T03:12:25.654+0000] {logging_mixin.py:190} INFO - [2026-03-22T03:12:25.654+0000] {dag.py:4180} INFO - Setting next_dagrun for daily_job_scraping to 2026-03-21 12:00:00+00:00, run_after=2026-03-22 12:00:00+00:00
[2026-03-22T03:12:25.678+0000] {processor.py:208} INFO - Processing /opt/airflow/dags/job_scraping_dag.py took 0.927 seconds
[2026-03-22T03:12:56.213+0000] {processor.py:186} INFO - Started process (PID=356) to work on /opt/airflow/dags/job_scraping_dag.py
[2026-03-22T03:12:56.214+0000] {processor.py:914} INFO - Processing file /opt/airflow/dags/job_scraping_dag.py for tasks to queue
[2026-03-22T03:12:56.217+0000] {logging_mixin.py:190} INFO - [2026-03-22T03:12:56.217+0000] {dagbag.py:588} INFO - Filling up the DagBag from /opt/airflow/dags/job_scraping_dag.py
[2026-03-22T03:12:56.973+0000] {processor.py:925} INFO - DAG(s) 'daily_job_scraping' retrieved from /opt/airflow/dags/job_scraping_dag.py
[2026-03-22T03:12:57.005+0000] {logging_mixin.py:190} INFO - [2026-03-22T03:12:57.004+0000] {dag.py:3239} INFO - Sync 1 DAGs
[2026-03-22T03:12:57.030+0000] {logging_mixin.py:190} INFO - [2026-03-22T03:12:57.029+0000] {dag.py:4180} INFO - Setting next_dagrun for daily_job_scraping to 2026-03-21 12:00:00+00:00, run_after=2026-03-22 12:00:00+00:00
[2026-03-22T03:12:57.053+0000] {processor.py:208} INFO - Processing /opt/airflow/dags/job_scraping_dag.py took 0.848 seconds
[2026-03-22T03:13:27.513+0000] {processor.py:186} INFO - Started process (PID=362) to work on /opt/airflow/dags/job_scraping_dag.py
[2026-03-22T03:13:27.514+0000] {processor.py:914} INFO - Processing file /opt/airflow/dags/job_scraping_dag.py for tasks to queue
[2026-03-22T03:13:27.517+0000] {logging_mixin.py:190} INFO - [2026-03-22T03:13:27.517+0000] {dagbag.py:588} INFO - Filling up the DagBag from /opt/airflow/dags/job_scraping_dag.py
[2026-03-22T03:13:28.216+0000] {processor.py:925} INFO - DAG(s) 'daily_job_scraping' retrieved from /opt/airflow/dags/job_scraping_dag.py
[2026-03-22T03:13:28.261+0000] {logging_mixin.py:190} INFO - [2026-03-22T03:13:28.261+0000] {dag.py:3239} INFO - Sync 1 DAGs
[2026-03-22T03:13:28.285+0000] {logging_mixin.py:190} INFO - [2026-03-22T03:13:28.284+0000] {dag.py:4180} INFO - Setting next_dagrun for daily_job_scraping to 2026-03-21 12:00:00+00:00, run_after=2026-03-22 12:00:00+00:00
[2026-03-22T03:13:28.313+0000] {processor.py:208} INFO - Processing /opt/airflow/dags/job_scraping_dag.py took 0.809 seconds
[2026-03-22T03:13:58.826+0000] {processor.py:186} INFO - Started process (PID=368) to work on /opt/airflow/dags/job_scraping_dag.py
[2026-03-22T03:13:58.829+0000] {processor.py:914} INFO - Processing file /opt/airflow/dags/job_scraping_dag.py for tasks to queue
[2026-03-22T03:13:58.833+0000] {logging_mixin.py:190} INFO - [2026-03-22T03:13:58.832+0000] {dagbag.py:588} INFO - Filling up the DagBag from /opt/airflow/dags/job_scraping_dag.py
[2026-03-22T03:13:59.612+0000] {processor.py:925} INFO - DAG(s) 'daily_job_scraping' retrieved from /opt/airflow/dags/job_scraping_dag.py
[2026-03-22T03:13:59.641+0000] {logging_mixin.py:190} INFO - [2026-03-22T03:13:59.641+0000] {dag.py:3239} INFO - Sync 1 DAGs
[2026-03-22T03:13:59.665+0000] {logging_mixin.py:190} INFO - [2026-03-22T03:13:59.665+0000] {dag.py:4180} INFO - Setting next_dagrun for daily_job_scraping to 2026-03-21 12:00:00+00:00, run_after=2026-03-22 12:00:00+00:00
[2026-03-22T03:13:59.696+0000] {processor.py:208} INFO - Processing /opt/airflow/dags/job_scraping_dag.py took 0.880 seconds
[2026-03-22T03:14:29.789+0000] {processor.py:186} INFO - Started process (PID=374) to work on /opt/airflow/dags/job_scraping_dag.py
[2026-03-22T03:14:29.791+0000] {processor.py:914} INFO - Processing file /opt/airflow/dags/job_scraping_dag.py for tasks to queue
[2026-03-22T03:14:29.794+0000] {logging_mixin.py:190} INFO - [2026-03-22T03:14:29.794+0000] {dagbag.py:588} INFO - Filling up the DagBag from /opt/airflow/dags/job_scraping_dag.py
[2026-03-22T03:14:31.034+0000] {processor.py:925} INFO - DAG(s) 'daily_job_scraping' retrieved from /opt/airflow/dags/job_scraping_dag.py
[2026-03-22T03:14:31.082+0000] {logging_mixin.py:190} INFO - [2026-03-22T03:14:31.082+0000] {dag.py:3239} INFO - Sync 1 DAGs
[2026-03-22T03:14:31.109+0000] {logging_mixin.py:190} INFO - [2026-03-22T03:14:31.109+0000] {dag.py:4180} INFO - Setting next_dagrun for daily_job_scraping to 2026-03-21 12:00:00+00:00, run_after=2026-03-22 12:00:00+00:00
[2026-03-22T03:14:31.148+0000] {processor.py:208} INFO - Processing /opt/airflow/dags/job_scraping_dag.py took 1.367 seconds
[2026-03-22T03:15:01.692+0000] {processor.py:186} INFO - Started process (PID=380) to work on /opt/airflow/dags/job_scraping_dag.py
[2026-03-22T03:15:01.694+0000] {processor.py:914} INFO - Processing file /opt/airflow/dags/job_scraping_dag.py for tasks to queue
[2026-03-22T03:15:01.706+0000] {logging_mixin.py:190} INFO - [2026-03-22T03:15:01.705+0000] {dagbag.py:588} INFO - Filling up the DagBag from /opt/airflow/dags/job_scraping_dag.py
[2026-03-22T03:15:02.163+0000] {processor.py:925} INFO - DAG(s) 'daily_job_scraping' retrieved from /opt/airflow/dags/job_scraping_dag.py
[2026-03-22T03:15:02.245+0000] {logging_mixin.py:190} INFO - [2026-03-22T03:15:02.245+0000] {dag.py:3239} INFO - Sync 1 DAGs
[2026-03-22T03:15:02.281+0000] {logging_mixin.py:190} INFO - [2026-03-22T03:15:02.281+0000] {dag.py:4180} INFO - Setting next_dagrun for daily_job_scraping to 2026-03-21 12:00:00+00:00, run_after=2026-03-22 12:00:00+00:00
[2026-03-22T03:15:02.320+0000] {processor.py:208} INFO - Processing /opt/airflow/dags/job_scraping_dag.py took 1.738 seconds
[2026-03-22T03:15:33.033+0000] {processor.py:186} INFO - Started process (PID=386) to work on /opt/airflow/dags/job_scraping_dag.py
[2026-03-22T03:15:33.038+0000] {processor.py:914} INFO - Processing file /opt/airflow/dags/job_scraping_dag.py for tasks to queue
[2026-03-22T03:15:33.043+0000] {logging_mixin.py:190} INFO - [2026-03-22T03:15:33.042+0000] {dagbag.py:588} INFO - Filling up the DagBag from /opt/airflow/dags/job_scraping_dag.py
[2026-03-22T03:15:34.637+0000] {processor.py:925} INFO - DAG(s) 'daily_job_scraping' retrieved from /opt/airflow/dags/job_scraping_dag.py
[2026-03-22T03:15:34.682+0000] {logging_mixin.py:190} INFO - [2026-03-22T03:15:34.682+0000] {dag.py:3239} INFO - Sync 1 DAGs
[2026-03-22T03:15:34.718+0000] {logging_mixin.py:190} INFO - [2026-03-22T03:15:34.718+0000] {dag.py:4180} INFO - Setting next_dagrun for daily_job_scraping to 2026-03-21 12:00:00+00:00, run_after=2026-03-22 12:00:00+00:00
[2026-03-22T03:15:34.749+0000] {processor.py:208} INFO - Processing /opt/airflow/dags/job_scraping_dag.py took 1.758 seconds
[2026-03-22T03:16:05.213+0000] {processor.py:186} INFO - Started process (PID=392) to work on /opt/airflow/dags/job_scraping_dag.py
[2026-03-22T03:16:05.215+0000] {processor.py:914} INFO - Processing file /opt/airflow/dags/job_scraping_dag.py for tasks to queue
[2026-03-22T03:16:05.220+0000] {logging_mixin.py:190} INFO - [2026-03-22T03:16:05.219+0000] {dagbag.py:588} INFO - Filling up the DagBag from /opt/airflow/dags/job_scraping_dag.py
[2026-03-22T03:16:06.271+0000] {processor.py:925} INFO - DAG(s) 'daily_job_scraping' retrieved from /opt/airflow/dags/job_scraping_dag.py
[2026-03-22T03:16:06.304+0000] {logging_mixin.py:190} INFO - [2026-03-22T03:16:06.303+0000] {dag.py:3239} INFO - Sync 1 DAGs
[2026-03-22T03:16:06.331+0000] {logging_mixin.py:190} INFO - [2026-03-22T03:16:06.331+0000] {dag.py:4180} INFO - Setting next_dagrun for daily_job_scraping to 2026-03-21 12:00:00+00:00, run_after=2026-03-22 12:00:00+00:00
[2026-03-22T03:16:06.355+0000] {processor.py:208} INFO - Processing /opt/airflow/dags/job_scraping_dag.py took 1.157 seconds
[2026-03-22T03:16:36.684+0000] {processor.py:186} INFO - Started process (PID=398) to work on /opt/airflow/dags/job_scraping_dag.py
[2026-03-22T03:16:36.686+0000] {processor.py:914} INFO - Processing file /opt/airflow/dags/job_scraping_dag.py for tasks to queue
[2026-03-22T03:16:36.691+0000] {logging_mixin.py:190} INFO - [2026-03-22T03:16:36.690+0000] {dagbag.py:588} INFO - Filling up the DagBag from /opt/airflow/dags/job_scraping_dag.py
[2026-03-22T03:16:37.542+0000] {processor.py:925} INFO - DAG(s) 'daily_job_scraping' retrieved from /opt/airflow/dags/job_scraping_dag.py
[2026-03-22T03:16:37.580+0000] {logging_mixin.py:190} INFO - [2026-03-22T03:16:37.579+0000] {dag.py:3239} INFO - Sync 1 DAGs
[2026-03-22T03:16:37.609+0000] {logging_mixin.py:190} INFO - [2026-03-22T03:16:37.609+0000] {dag.py:4180} INFO - Setting next_dagrun for daily_job_scraping to 2026-03-21 12:00:00+00:00, run_after=2026-03-22 12:00:00+00:00
[2026-03-22T03:16:37.631+0000] {processor.py:208} INFO - Processing /opt/airflow/dags/job_scraping_dag.py took 0.965 seconds
[2026-03-22T03:17:08.084+0000] {processor.py:186} INFO - Started process (PID=404) to work on /opt/airflow/dags/job_scraping_dag.py
[2026-03-22T03:17:08.086+0000] {processor.py:914} INFO - Processing file /opt/airflow/dags/job_scraping_dag.py for tasks to queue
[2026-03-22T03:17:08.090+0000] {logging_mixin.py:190} INFO - [2026-03-22T03:17:08.090+0000] {dagbag.py:588} INFO - Filling up the DagBag from /opt/airflow/dags/job_scraping_dag.py
[2026-03-22T03:17:08.886+0000] {processor.py:925} INFO - DAG(s) 'daily_job_scraping' retrieved from /opt/airflow/dags/job_scraping_dag.py
[2026-03-22T03:17:08.927+0000] {logging_mixin.py:190} INFO - [2026-03-22T03:17:08.927+0000] {dag.py:3239} INFO - Sync 1 DAGs
[2026-03-22T03:17:08.958+0000] {logging_mixin.py:190} INFO - [2026-03-22T03:17:08.957+0000] {dag.py:4180} INFO - Setting next_dagrun for daily_job_scraping to 2026-03-21 12:00:00+00:00, run_after=2026-03-22 12:00:00+00:00
[2026-03-22T03:17:08.981+0000] {processor.py:208} INFO - Processing /opt/airflow/dags/job_scraping_dag.py took 0.921 seconds
[2026-03-22T03:17:39.555+0000] {processor.py:186} INFO - Started process (PID=410) to work on /opt/airflow/dags/job_scraping_dag.py
[2026-03-22T03:17:39.557+0000] {processor.py:914} INFO - Processing file /opt/airflow/dags/job_scraping_dag.py for tasks to queue
[2026-03-22T03:17:39.562+0000] {logging_mixin.py:190} INFO - [2026-03-22T03:17:39.562+0000] {dagbag.py:588} INFO - Filling up the DagBag from /opt/airflow/dags/job_scraping_dag.py
[2026-03-22T03:17:40.500+0000] {processor.py:925} INFO - DAG(s) 'daily_job_scraping' retrieved from /opt/airflow/dags/job_scraping_dag.py
[2026-03-22T03:17:40.536+0000] {logging_mixin.py:190} INFO - [2026-03-22T03:17:40.535+0000] {dag.py:3239} INFO - Sync 1 DAGs
[2026-03-22T03:17:40.567+0000] {logging_mixin.py:190} INFO - [2026-03-22T03:17:40.566+0000] {dag.py:4180} INFO - Setting next_dagrun for daily_job_scraping to 2026-03-21 12:00:00+00:00, run_after=2026-03-22 12:00:00+00:00
[2026-03-22T03:17:40.593+0000] {processor.py:208} INFO - Processing /opt/airflow/dags/job_scraping_dag.py took 1.054 seconds
[2026-03-22T03:18:10.957+0000] {processor.py:186} INFO - Started process (PID=416) to work on /opt/airflow/dags/job_scraping_dag.py
[2026-03-22T03:18:10.960+0000] {processor.py:914} INFO - Processing file /opt/airflow/dags/job_scraping_dag.py for tasks to queue
[2026-03-22T03:18:10.965+0000] {logging_mixin.py:190} INFO - [2026-03-22T03:18:10.964+0000] {dagbag.py:588} INFO - Filling up the DagBag from /opt/airflow/dags/job_scraping_dag.py
[2026-03-22T03:18:12.142+0000] {processor.py:925} INFO - DAG(s) 'daily_job_scraping' retrieved from /opt/airflow/dags/job_scraping_dag.py
[2026-03-22T03:18:12.183+0000] {logging_mixin.py:190} INFO - [2026-03-22T03:18:12.183+0000] {dag.py:3239} INFO - Sync 1 DAGs
[2026-03-22T03:18:12.213+0000] {logging_mixin.py:190} INFO - [2026-03-22T03:18:12.212+0000] {dag.py:4180} INFO - Setting next_dagrun for daily_job_scraping to 2026-03-21 12:00:00+00:00, run_after=2026-03-22 12:00:00+00:00
[2026-03-22T03:18:12.251+0000] {processor.py:208} INFO - Processing /opt/airflow/dags/job_scraping_dag.py took 1.309 seconds
[2026-03-22T03:18:42.796+0000] {processor.py:186} INFO - Started process (PID=422) to work on /opt/airflow/dags/job_scraping_dag.py
[2026-03-22T03:18:42.810+0000] {processor.py:914} INFO - Processing file /opt/airflow/dags/job_scraping_dag.py for tasks to queue
[2026-03-22T03:18:42.817+0000] {logging_mixin.py:190} INFO - [2026-03-22T03:18:42.816+0000] {dagbag.py:588} INFO - Filling up the DagBag from /opt/airflow/dags/job_scraping_dag.py
[2026-03-22T03:18:43.640+0000] {processor.py:925} INFO - DAG(s) 'daily_job_scraping' retrieved from /opt/airflow/dags/job_scraping_dag.py
[2026-03-22T03:18:43.694+0000] {logging_mixin.py:190} INFO - [2026-03-22T03:18:43.693+0000] {dag.py:3239} INFO - Sync 1 DAGs
[2026-03-22T03:18:43.741+0000] {logging_mixin.py:190} INFO - [2026-03-22T03:18:43.740+0000] {dag.py:4180} INFO - Setting next_dagrun for daily_job_scraping to 2026-03-21 12:00:00+00:00, run_after=2026-03-22 12:00:00+00:00
[2026-03-22T03:18:43.778+0000] {processor.py:208} INFO - Processing /opt/airflow/dags/job_scraping_dag.py took 1.000 seconds
[2026-03-22T03:19:14.214+0000] {processor.py:186} INFO - Started process (PID=428) to work on /opt/airflow/dags/job_scraping_dag.py
[2026-03-22T03:19:14.215+0000] {processor.py:914} INFO - Processing file /opt/airflow/dags/job_scraping_dag.py for tasks to queue
[2026-03-22T03:19:14.218+0000] {logging_mixin.py:190} INFO - [2026-03-22T03:19:14.218+0000] {dagbag.py:588} INFO - Filling up the DagBag from /opt/airflow/dags/job_scraping_dag.py
[2026-03-22T03:19:15.127+0000] {processor.py:925} INFO - DAG(s) 'daily_job_scraping' retrieved from /opt/airflow/dags/job_scraping_dag.py
[2026-03-22T03:19:15.162+0000] {logging_mixin.py:190} INFO - [2026-03-22T03:19:15.161+0000] {dag.py:3239} INFO - Sync 1 DAGs
[2026-03-22T03:19:15.188+0000] {logging_mixin.py:190} INFO - [2026-03-22T03:19:15.188+0000] {dag.py:4180} INFO - Setting next_dagrun for daily_job_scraping to 2026-03-21 12:00:00+00:00, run_after=2026-03-22 12:00:00+00:00
[2026-03-22T03:19:15.236+0000] {processor.py:208} INFO - Processing /opt/airflow/dags/job_scraping_dag.py took 1.032 seconds
[2026-03-22T03:19:45.926+0000] {processor.py:186} INFO - Started process (PID=434) to work on /opt/airflow/dags/job_scraping_dag.py
[2026-03-22T03:19:45.927+0000] {processor.py:914} INFO - Processing file /opt/airflow/dags/job_scraping_dag.py for tasks to queue
[2026-03-22T03:19:45.933+0000] {logging_mixin.py:190} INFO - [2026-03-22T03:19:45.933+0000] {dagbag.py:588} INFO - Filling up the DagBag from /opt/airflow/dags/job_scraping_dag.py
[2026-03-22T03:19:46.955+0000] {processor.py:925} INFO - DAG(s) 'daily_job_scraping' retrieved from /opt/airflow/dags/job_scraping_dag.py
[2026-03-22T03:19:46.990+0000] {logging_mixin.py:190} INFO - [2026-03-22T03:19:46.990+0000] {dag.py:3239} INFO - Sync 1 DAGs
[2026-03-22T03:19:47.035+0000] {logging_mixin.py:190} INFO - [2026-03-22T03:19:47.035+0000] {dag.py:4180} INFO - Setting next_dagrun for daily_job_scraping to 2026-03-21 12:00:00+00:00, run_after=2026-03-22 12:00:00+00:00
[2026-03-22T03:19:47.066+0000] {processor.py:208} INFO - Processing /opt/airflow/dags/job_scraping_dag.py took 1.148 seconds
[2026-03-22T03:20:17.549+0000] {processor.py:186} INFO - Started process (PID=440) to work on /opt/airflow/dags/job_scraping_dag.py
[2026-03-22T03:20:17.551+0000] {processor.py:914} INFO - Processing file /opt/airflow/dags/job_scraping_dag.py for tasks to queue
[2026-03-22T03:20:17.565+0000] {logging_mixin.py:190} INFO - [2026-03-22T03:20:17.564+0000] {dagbag.py:588} INFO - Filling up the DagBag from /opt/airflow/dags/job_scraping_dag.py
[2026-03-22T03:20:20.119+0000] {processor.py:925} INFO - DAG(s) 'daily_job_scraping' retrieved from /opt/airflow/dags/job_scraping_dag.py
[2026-03-22T03:20:20.159+0000] {logging_mixin.py:190} INFO - [2026-03-22T03:20:20.158+0000] {dag.py:3239} INFO - Sync 1 DAGs
[2026-03-22T03:20:20.203+0000] {logging_mixin.py:190} INFO - [2026-03-22T03:20:20.203+0000] {dag.py:4180} INFO - Setting next_dagrun for daily_job_scraping to 2026-03-21 12:00:00+00:00, run_after=2026-03-22 12:00:00+00:00
[2026-03-22T03:20:20.256+0000] {processor.py:208} INFO - Processing /opt/airflow/dags/job_scraping_dag.py took 2.731 seconds
[2026-03-22T03:20:51.077+0000] {processor.py:186} INFO - Started process (PID=446) to work on /opt/airflow/dags/job_scraping_dag.py
[2026-03-22T03:20:51.079+0000] {processor.py:914} INFO - Processing file /opt/airflow/dags/job_scraping_dag.py for tasks to queue
[2026-03-22T03:20:51.087+0000] {logging_mixin.py:190} INFO - [2026-03-22T03:20:51.086+0000] {dagbag.py:588} INFO - Filling up the DagBag from /opt/airflow/dags/job_scraping_dag.py
[2026-03-22T03:20:52.094+0000] {processor.py:925} INFO - DAG(s) 'daily_job_scraping' retrieved from /opt/airflow/dags/job_scraping_dag.py
[2026-03-22T03:20:52.166+0000] {logging_mixin.py:190} INFO - [2026-03-22T03:20:52.166+0000] {dag.py:3239} INFO - Sync 1 DAGs
[2026-03-22T03:20:52.210+0000] {logging_mixin.py:190} INFO - [2026-03-22T03:20:52.209+0000] {dag.py:4180} INFO - Setting next_dagrun for daily_job_scraping to 2026-03-21 12:00:00+00:00, run_after=2026-03-22 12:00:00+00:00
[2026-03-22T03:20:52.231+0000] {processor.py:208} INFO - Processing /opt/airflow/dags/job_scraping_dag.py took 1.170 seconds
[2026-03-22T03:21:22.688+0000] {processor.py:186} INFO - Started process (PID=452) to work on /opt/airflow/dags/job_scraping_dag.py
[2026-03-22T03:21:22.690+0000] {processor.py:914} INFO - Processing file /opt/airflow/dags/job_scraping_dag.py for tasks to queue
[2026-03-22T03:21:22.693+0000] {logging_mixin.py:190} INFO - [2026-03-22T03:21:22.693+0000] {dagbag.py:588} INFO - Filling up the DagBag from /opt/airflow/dags/job_scraping_dag.py
[2026-03-22T03:21:24.007+0000] {processor.py:925} INFO - DAG(s) 'daily_job_scraping' retrieved from /opt/airflow/dags/job_scraping_dag.py
[2026-03-22T03:21:24.045+0000] {logging_mixin.py:190} INFO - [2026-03-22T03:21:24.044+0000] {dag.py:3239} INFO - Sync 1 DAGs
[2026-03-22T03:21:24.076+0000] {logging_mixin.py:190} INFO - [2026-03-22T03:21:24.075+0000] {dag.py:4180} INFO - Setting next_dagrun for daily_job_scraping to 2026-03-21 12:00:00+00:00, run_after=2026-03-22 12:00:00+00:00
[2026-03-22T03:21:24.099+0000] {processor.py:208} INFO - Processing /opt/airflow/dags/job_scraping_dag.py took 1.427 seconds
[2026-03-22T03:21:54.263+0000] {processor.py:186} INFO - Started process (PID=458) to work on /opt/airflow/dags/job_scraping_dag.py
[2026-03-22T03:21:54.271+0000] {processor.py:914} INFO - Processing file /opt/airflow/dags/job_scraping_dag.py for tasks to queue
[2026-03-22T03:21:54.276+0000] {logging_mixin.py:190} INFO - [2026-03-22T03:21:54.276+0000] {dagbag.py:588} INFO - Filling up the DagBag from /opt/airflow/dags/job_scraping_dag.py
[2026-03-22T03:21:55.499+0000] {processor.py:925} INFO - DAG(s) 'daily_job_scraping' retrieved from /opt/airflow/dags/job_scraping_dag.py
[2026-03-22T03:21:55.542+0000] {logging_mixin.py:190} INFO - [2026-03-22T03:21:55.541+0000] {dag.py:3239} INFO - Sync 1 DAGs
[2026-03-22T03:21:55.577+0000] {logging_mixin.py:190} INFO - [2026-03-22T03:21:55.576+0000] {dag.py:4180} INFO - Setting next_dagrun for daily_job_scraping to 2026-03-21 12:00:00+00:00, run_after=2026-03-22 12:00:00+00:00
[2026-03-22T03:21:55.599+0000] {processor.py:208} INFO - Processing /opt/airflow/dags/job_scraping_dag.py took 1.360 seconds
[2026-03-22T03:22:26.028+0000] {processor.py:186} INFO - Started process (PID=464) to work on /opt/airflow/dags/job_scraping_dag.py
[2026-03-22T03:22:26.030+0000] {processor.py:914} INFO - Processing file /opt/airflow/dags/job_scraping_dag.py for tasks to queue
[2026-03-22T03:22:26.036+0000] {logging_mixin.py:190} INFO - [2026-03-22T03:22:26.036+0000] {dagbag.py:588} INFO - Filling up the DagBag from /opt/airflow/dags/job_scraping_dag.py
[2026-03-22T03:22:26.973+0000] {processor.py:925} INFO - DAG(s) 'daily_job_scraping' retrieved from /opt/airflow/dags/job_scraping_dag.py
[2026-03-22T03:22:27.011+0000] {logging_mixin.py:190} INFO - [2026-03-22T03:22:27.011+0000] {dag.py:3239} INFO - Sync 1 DAGs
[2026-03-22T03:22:27.039+0000] {logging_mixin.py:190} INFO - [2026-03-22T03:22:27.039+0000] {dag.py:4180} INFO - Setting next_dagrun for daily_job_scraping to 2026-03-21 12:00:00+00:00, run_after=2026-03-22 12:00:00+00:00
[2026-03-22T03:22:27.061+0000] {processor.py:208} INFO - Processing /opt/airflow/dags/job_scraping_dag.py took 1.046 seconds
[2026-03-22T03:22:57.472+0000] {processor.py:186} INFO - Started process (PID=470) to work on /opt/airflow/dags/job_scraping_dag.py
[2026-03-22T03:22:57.474+0000] {processor.py:914} INFO - Processing file /opt/airflow/dags/job_scraping_dag.py for tasks to queue
[2026-03-22T03:22:57.477+0000] {logging_mixin.py:190} INFO - [2026-03-22T03:22:57.477+0000] {dagbag.py:588} INFO - Filling up the DagBag from /opt/airflow/dags/job_scraping_dag.py
[2026-03-22T03:22:58.208+0000] {processor.py:925} INFO - DAG(s) 'daily_job_scraping' retrieved from /opt/airflow/dags/job_scraping_dag.py
[2026-03-22T03:22:58.240+0000] {logging_mixin.py:190} INFO - [2026-03-22T03:22:58.240+0000] {dag.py:3239} INFO - Sync 1 DAGs
[2026-03-22T03:22:58.265+0000] {logging_mixin.py:190} INFO - [2026-03-22T03:22:58.265+0000] {dag.py:4180} INFO - Setting next_dagrun for daily_job_scraping to 2026-03-21 12:00:00+00:00, run_after=2026-03-22 12:00:00+00:00
[2026-03-22T03:22:58.296+0000] {processor.py:208} INFO - Processing /opt/airflow/dags/job_scraping_dag.py took 0.832 seconds
[2026-03-22T03:23:28.728+0000] {processor.py:186} INFO - Started process (PID=476) to work on /opt/airflow/dags/job_scraping_dag.py
[2026-03-22T03:23:28.729+0000] {processor.py:914} INFO - Processing file /opt/airflow/dags/job_scraping_dag.py for tasks to queue
[2026-03-22T03:23:28.735+0000] {logging_mixin.py:190} INFO - [2026-03-22T03:23:28.735+0000] {dagbag.py:588} INFO - Filling up the DagBag from /opt/airflow/dags/job_scraping_dag.py
[2026-03-22T03:23:29.504+0000] {processor.py:925} INFO - DAG(s) 'daily_job_scraping' retrieved from /opt/airflow/dags/job_scraping_dag.py
[2026-03-22T03:23:29.546+0000] {logging_mixin.py:190} INFO - [2026-03-22T03:23:29.545+0000] {dag.py:3239} INFO - Sync 1 DAGs
[2026-03-22T03:23:29.572+0000] {logging_mixin.py:190} INFO - [2026-03-22T03:23:29.572+0000] {dag.py:4180} INFO - Setting next_dagrun for daily_job_scraping to 2026-03-21 12:00:00+00:00, run_after=2026-03-22 12:00:00+00:00
[2026-03-22T03:23:29.594+0000] {processor.py:208} INFO - Processing /opt/airflow/dags/job_scraping_dag.py took 0.875 seconds
[2026-03-22T03:24:00.029+0000] {processor.py:186} INFO - Started process (PID=482) to work on /opt/airflow/dags/job_scraping_dag.py
[2026-03-22T03:24:00.031+0000] {processor.py:914} INFO - Processing file /opt/airflow/dags/job_scraping_dag.py for tasks to queue
[2026-03-22T03:24:00.034+0000] {logging_mixin.py:190} INFO - [2026-03-22T03:24:00.034+0000] {dagbag.py:588} INFO - Filling up the DagBag from /opt/airflow/dags/job_scraping_dag.py
[2026-03-22T03:24:00.821+0000] {processor.py:925} INFO - DAG(s) 'daily_job_scraping' retrieved from /opt/airflow/dags/job_scraping_dag.py
[2026-03-22T03:24:00.866+0000] {logging_mixin.py:190} INFO - [2026-03-22T03:24:00.865+0000] {dag.py:3239} INFO - Sync 1 DAGs
[2026-03-22T03:24:00.897+0000] {logging_mixin.py:190} INFO - [2026-03-22T03:24:00.897+0000] {dag.py:4180} INFO - Setting next_dagrun for daily_job_scraping to 2026-03-21 12:00:00+00:00, run_after=2026-03-22 12:00:00+00:00
[2026-03-22T03:24:00.921+0000] {processor.py:208} INFO - Processing /opt/airflow/dags/job_scraping_dag.py took 0.900 seconds
[2026-03-22T03:24:31.479+0000] {processor.py:186} INFO - Started process (PID=488) to work on /opt/airflow/dags/job_scraping_dag.py
[2026-03-22T03:24:31.485+0000] {processor.py:914} INFO - Processing file /opt/airflow/dags/job_scraping_dag.py for tasks to queue
[2026-03-22T03:24:31.489+0000] {logging_mixin.py:190} INFO - [2026-03-22T03:24:31.489+0000] {dagbag.py:588} INFO - Filling up the DagBag from /opt/airflow/dags/job_scraping_dag.py
[2026-03-22T03:24:32.425+0000] {processor.py:925} INFO - DAG(s) 'daily_job_scraping' retrieved from /opt/airflow/dags/job_scraping_dag.py
[2026-03-22T03:24:32.459+0000] {logging_mixin.py:190} INFO - [2026-03-22T03:24:32.458+0000] {dag.py:3239} INFO - Sync 1 DAGs
[2026-03-22T03:24:32.486+0000] {logging_mixin.py:190} INFO - [2026-03-22T03:24:32.485+0000] {dag.py:4180} INFO - Setting next_dagrun for daily_job_scraping to 2026-03-21 12:00:00+00:00, run_after=2026-03-22 12:00:00+00:00
[2026-03-22T03:24:32.510+0000] {processor.py:208} INFO - Processing /opt/airflow/dags/job_scraping_dag.py took 1.041 seconds
[2026-03-22T03:25:02.938+0000] {processor.py:186} INFO - Started process (PID=494) to work on /opt/airflow/dags/job_scraping_dag.py
[2026-03-22T03:25:02.940+0000] {processor.py:914} INFO - Processing file /opt/airflow/dags/job_scraping_dag.py for tasks to queue
[2026-03-22T03:25:02.943+0000] {logging_mixin.py:190} INFO - [2026-03-22T03:25:02.943+0000] {dagbag.py:588} INFO - Filling up the DagBag from /opt/airflow/dags/job_scraping_dag.py
[2026-03-22T03:25:03.786+0000] {processor.py:925} INFO - DAG(s) 'daily_job_scraping' retrieved from /opt/airflow/dags/job_scraping_dag.py
[2026-03-22T03:25:03.838+0000] {logging_mixin.py:190} INFO - [2026-03-22T03:25:03.837+0000] {dag.py:3239} INFO - Sync 1 DAGs
[2026-03-22T03:25:03.888+0000] {logging_mixin.py:190} INFO - [2026-03-22T03:25:03.887+0000] {dag.py:4180} INFO - Setting next_dagrun for daily_job_scraping to 2026-03-21 12:00:00+00:00, run_after=2026-03-22 12:00:00+00:00
[2026-03-22T03:25:03.930+0000] {processor.py:208} INFO - Processing /opt/airflow/dags/job_scraping_dag.py took 1.000 seconds
[2026-03-22T03:25:34.630+0000] {processor.py:186} INFO - Started process (PID=500) to work on /opt/airflow/dags/job_scraping_dag.py
[2026-03-22T03:25:34.632+0000] {processor.py:914} INFO - Processing file /opt/airflow/dags/job_scraping_dag.py for tasks to queue
[2026-03-22T03:25:34.635+0000] {logging_mixin.py:190} INFO - [2026-03-22T03:25:34.634+0000] {dagbag.py:588} INFO - Filling up the DagBag from /opt/airflow/dags/job_scraping_dag.py
[2026-03-22T03:25:35.426+0000] {processor.py:925} INFO - DAG(s) 'daily_job_scraping' retrieved from /opt/airflow/dags/job_scraping_dag.py
[2026-03-22T03:25:35.459+0000] {logging_mixin.py:190} INFO - [2026-03-22T03:25:35.458+0000] {dag.py:3239} INFO - Sync 1 DAGs
[2026-03-22T03:25:35.487+0000] {logging_mixin.py:190} INFO - [2026-03-22T03:25:35.487+0000] {dag.py:4180} INFO - Setting next_dagrun for daily_job_scraping to 2026-03-21 12:00:00+00:00, run_after=2026-03-22 12:00:00+00:00
[2026-03-22T03:25:35.510+0000] {processor.py:208} INFO - Processing /opt/airflow/dags/job_scraping_dag.py took 0.891 seconds
[2026-03-22T03:26:06.154+0000] {processor.py:186} INFO - Started process (PID=506) to work on /opt/airflow/dags/job_scraping_dag.py
[2026-03-22T03:26:06.162+0000] {processor.py:914} INFO - Processing file /opt/airflow/dags/job_scraping_dag.py for tasks to queue
[2026-03-22T03:26:06.171+0000] {logging_mixin.py:190} INFO - [2026-03-22T03:26:06.171+0000] {dagbag.py:588} INFO - Filling up the DagBag from /opt/airflow/dags/job_scraping_dag.py
[2026-03-22T03:26:07.588+0000] {processor.py:925} INFO - DAG(s) 'daily_job_scraping' retrieved from /opt/airflow/dags/job_scraping_dag.py
[2026-03-22T03:26:07.623+0000] {logging_mixin.py:190} INFO - [2026-03-22T03:26:07.622+0000] {dag.py:3239} INFO - Sync 1 DAGs
[2026-03-22T03:26:07.650+0000] {logging_mixin.py:190} INFO - [2026-03-22T03:26:07.650+0000] {dag.py:4180} INFO - Setting next_dagrun for daily_job_scraping to 2026-03-21 12:00:00+00:00, run_after=2026-03-22 12:00:00+00:00
[2026-03-22T03:26:07.674+0000] {processor.py:208} INFO - Processing /opt/airflow/dags/job_scraping_dag.py took 1.530 seconds
[2026-03-22T03:26:37.827+0000] {processor.py:186} INFO - Started process (PID=512) to work on /opt/airflow/dags/job_scraping_dag.py
[2026-03-22T03:26:37.828+0000] {processor.py:914} INFO - Processing file /opt/airflow/dags/job_scraping_dag.py for tasks to queue
[2026-03-22T03:26:37.833+0000] {logging_mixin.py:190} INFO - [2026-03-22T03:26:37.832+0000] {dagbag.py:588} INFO - Filling up the DagBag from /opt/airflow/dags/job_scraping_dag.py
[2026-03-22T03:26:38.643+0000] {processor.py:925} INFO - DAG(s) 'daily_job_scraping' retrieved from /opt/airflow/dags/job_scraping_dag.py
[2026-03-22T03:26:38.688+0000] {logging_mixin.py:190} INFO - [2026-03-22T03:26:38.687+0000] {dag.py:3239} INFO - Sync 1 DAGs
[2026-03-22T03:26:38.720+0000] {logging_mixin.py:190} INFO - [2026-03-22T03:26:38.720+0000] {dag.py:4180} INFO - Setting next_dagrun for daily_job_scraping to 2026-03-21 12:00:00+00:00, run_after=2026-03-22 12:00:00+00:00
[2026-03-22T03:26:38.747+0000] {processor.py:208} INFO - Processing /opt/airflow/dags/job_scraping_dag.py took 0.935 seconds
[2026-03-22T03:27:09.250+0000] {processor.py:186} INFO - Started process (PID=518) to work on /opt/airflow/dags/job_scraping_dag.py
[2026-03-22T03:27:09.253+0000] {processor.py:914} INFO - Processing file /opt/airflow/dags/job_scraping_dag.py for tasks to queue
[2026-03-22T03:27:09.258+0000] {logging_mixin.py:190} INFO - [2026-03-22T03:27:09.258+0000] {dagbag.py:588} INFO - Filling up the DagBag from /opt/airflow/dags/job_scraping_dag.py
[2026-03-22T03:27:10.023+0000] {processor.py:925} INFO - DAG(s) 'daily_job_scraping' retrieved from /opt/airflow/dags/job_scraping_dag.py
[2026-03-22T03:27:10.056+0000] {logging_mixin.py:190} INFO - [2026-03-22T03:27:10.056+0000] {dag.py:3239} INFO - Sync 1 DAGs
[2026-03-22T03:27:10.089+0000] {logging_mixin.py:190} INFO - [2026-03-22T03:27:10.089+0000] {dag.py:4180} INFO - Setting next_dagrun for daily_job_scraping to 2026-03-21 12:00:00+00:00, run_after=2026-03-22 12:00:00+00:00
[2026-03-22T03:27:10.116+0000] {processor.py:208} INFO - Processing /opt/airflow/dags/job_scraping_dag.py took 0.886 seconds
[2026-03-22T03:27:40.625+0000] {processor.py:186} INFO - Started process (PID=524) to work on /opt/airflow/dags/job_scraping_dag.py
[2026-03-22T03:27:40.626+0000] {processor.py:914} INFO - Processing file /opt/airflow/dags/job_scraping_dag.py for tasks to queue
[2026-03-22T03:27:40.629+0000] {logging_mixin.py:190} INFO - [2026-03-22T03:27:40.629+0000] {dagbag.py:588} INFO - Filling up the DagBag from /opt/airflow/dags/job_scraping_dag.py
[2026-03-22T03:27:41.395+0000] {logging_mixin.py:190} INFO - [2026-03-22T03:27:41.388+0000] {dagbag.py:387} ERROR - Failed to import: /opt/airflow/dags/job_scraping_dag.py
Traceback (most recent call last):
  File "/home/airflow/.local/lib/python3.11/site-packages/airflow/models/dagbag.py", line 383, in parse
    loader.exec_module(new_module)
  File "<frozen importlib._bootstrap_external>", line 940, in exec_module
  File "<frozen importlib._bootstrap>", line 241, in _call_with_frames_removed
  File "/opt/airflow/dags/job_scraping_dag.py", line 23, in <module>
    from db                 import push_to_postgres, get_stats
ImportError: cannot import name 'push_to_postgres' from 'db' (/opt/airflow/scrapers/db.py)
[2026-03-22T03:27:41.398+0000] {processor.py:927} WARNING - No viable dags retrieved from /opt/airflow/dags/job_scraping_dag.py
[2026-03-22T03:27:41.433+0000] {processor.py:208} INFO - Processing /opt/airflow/dags/job_scraping_dag.py took 0.821 seconds
[2026-03-22T03:28:11.978+0000] {processor.py:186} INFO - Started process (PID=530) to work on /opt/airflow/dags/job_scraping_dag.py
[2026-03-22T03:28:11.980+0000] {processor.py:914} INFO - Processing file /opt/airflow/dags/job_scraping_dag.py for tasks to queue
[2026-03-22T03:28:11.986+0000] {logging_mixin.py:190} INFO - [2026-03-22T03:28:11.985+0000] {dagbag.py:588} INFO - Filling up the DagBag from /opt/airflow/dags/job_scraping_dag.py
[2026-03-22T03:28:13.236+0000] {processor.py:925} INFO - DAG(s) 'daily_job_scraping' retrieved from /opt/airflow/dags/job_scraping_dag.py
[2026-03-22T03:28:13.274+0000] {logging_mixin.py:190} INFO - [2026-03-22T03:28:13.273+0000] {dag.py:3239} INFO - Sync 1 DAGs
[2026-03-22T03:28:13.308+0000] {logging_mixin.py:190} INFO - [2026-03-22T03:28:13.307+0000] {dag.py:4180} INFO - Setting next_dagrun for daily_job_scraping to 2026-03-21 12:00:00+00:00, run_after=2026-03-22 12:00:00+00:00
[2026-03-22T03:28:13.340+0000] {processor.py:208} INFO - Processing /opt/airflow/dags/job_scraping_dag.py took 1.375 seconds
[2026-03-22T03:28:43.485+0000] {processor.py:186} INFO - Started process (PID=536) to work on /opt/airflow/dags/job_scraping_dag.py
[2026-03-22T03:28:43.488+0000] {processor.py:914} INFO - Processing file /opt/airflow/dags/job_scraping_dag.py for tasks to queue
[2026-03-22T03:28:43.494+0000] {logging_mixin.py:190} INFO - [2026-03-22T03:28:43.493+0000] {dagbag.py:588} INFO - Filling up the DagBag from /opt/airflow/dags/job_scraping_dag.py
[2026-03-22T03:28:44.597+0000] {processor.py:925} INFO - DAG(s) 'daily_job_scraping' retrieved from /opt/airflow/dags/job_scraping_dag.py
[2026-03-22T03:28:44.668+0000] {logging_mixin.py:190} INFO - [2026-03-22T03:28:44.667+0000] {dag.py:3239} INFO - Sync 1 DAGs
[2026-03-22T03:28:44.716+0000] {logging_mixin.py:190} INFO - [2026-03-22T03:28:44.715+0000] {dag.py:4180} INFO - Setting next_dagrun for daily_job_scraping to 2026-03-21 12:00:00+00:00, run_after=2026-03-22 12:00:00+00:00
[2026-03-22T03:28:44.780+0000] {processor.py:208} INFO - Processing /opt/airflow/dags/job_scraping_dag.py took 1.308 seconds
[2026-03-22T03:29:14.939+0000] {processor.py:186} INFO - Started process (PID=542) to work on /opt/airflow/dags/job_scraping_dag.py
[2026-03-22T03:29:14.940+0000] {processor.py:914} INFO - Processing file /opt/airflow/dags/job_scraping_dag.py for tasks to queue
[2026-03-22T03:29:14.944+0000] {logging_mixin.py:190} INFO - [2026-03-22T03:29:14.943+0000] {dagbag.py:588} INFO - Filling up the DagBag from /opt/airflow/dags/job_scraping_dag.py
[2026-03-22T03:29:15.713+0000] {processor.py:925} INFO - DAG(s) 'daily_job_scraping' retrieved from /opt/airflow/dags/job_scraping_dag.py
[2026-03-22T03:29:15.751+0000] {logging_mixin.py:190} INFO - [2026-03-22T03:29:15.750+0000] {dag.py:3239} INFO - Sync 1 DAGs
[2026-03-22T03:29:15.792+0000] {logging_mixin.py:190} INFO - [2026-03-22T03:29:15.791+0000] {dag.py:4180} INFO - Setting next_dagrun for daily_job_scraping to 2026-03-21 12:00:00+00:00, run_after=2026-03-22 12:00:00+00:00
[2026-03-22T03:29:15.818+0000] {processor.py:208} INFO - Processing /opt/airflow/dags/job_scraping_dag.py took 0.888 seconds
[2026-03-22T03:29:46.573+0000] {processor.py:186} INFO - Started process (PID=548) to work on /opt/airflow/dags/job_scraping_dag.py
[2026-03-22T03:29:46.605+0000] {processor.py:914} INFO - Processing file /opt/airflow/dags/job_scraping_dag.py for tasks to queue
[2026-03-22T03:29:46.634+0000] {logging_mixin.py:190} INFO - [2026-03-22T03:29:46.633+0000] {dagbag.py:588} INFO - Filling up the DagBag from /opt/airflow/dags/job_scraping_dag.py
[2026-03-22T03:29:48.106+0000] {processor.py:925} INFO - DAG(s) 'daily_job_scraping' retrieved from /opt/airflow/dags/job_scraping_dag.py
[2026-03-22T03:29:48.158+0000] {logging_mixin.py:190} INFO - [2026-03-22T03:29:48.158+0000] {dag.py:3239} INFO - Sync 1 DAGs
[2026-03-22T03:29:48.196+0000] {logging_mixin.py:190} INFO - [2026-03-22T03:29:48.196+0000] {dag.py:4180} INFO - Setting next_dagrun for daily_job_scraping to 2026-03-21 12:00:00+00:00, run_after=2026-03-22 12:00:00+00:00
[2026-03-22T03:29:48.280+0000] {processor.py:208} INFO - Processing /opt/airflow/dags/job_scraping_dag.py took 1.727 seconds
[2026-03-22T03:30:18.833+0000] {processor.py:186} INFO - Started process (PID=554) to work on /opt/airflow/dags/job_scraping_dag.py
[2026-03-22T03:30:18.835+0000] {processor.py:914} INFO - Processing file /opt/airflow/dags/job_scraping_dag.py for tasks to queue
[2026-03-22T03:30:18.840+0000] {logging_mixin.py:190} INFO - [2026-03-22T03:30:18.839+0000] {dagbag.py:588} INFO - Filling up the DagBag from /opt/airflow/dags/job_scraping_dag.py
[2026-03-22T03:30:19.581+0000] {processor.py:925} INFO - DAG(s) 'daily_job_scraping' retrieved from /opt/airflow/dags/job_scraping_dag.py
[2026-03-22T03:30:19.612+0000] {logging_mixin.py:190} INFO - [2026-03-22T03:30:19.611+0000] {dag.py:3239} INFO - Sync 1 DAGs
[2026-03-22T03:30:19.636+0000] {logging_mixin.py:190} INFO - [2026-03-22T03:30:19.636+0000] {dag.py:4180} INFO - Setting next_dagrun for daily_job_scraping to 2026-03-21 12:00:00+00:00, run_after=2026-03-22 12:00:00+00:00
[2026-03-22T03:30:19.665+0000] {processor.py:208} INFO - Processing /opt/airflow/dags/job_scraping_dag.py took 0.841 seconds
[2026-03-22T03:30:50.201+0000] {processor.py:186} INFO - Started process (PID=560) to work on /opt/airflow/dags/job_scraping_dag.py
[2026-03-22T03:30:50.202+0000] {processor.py:914} INFO - Processing file /opt/airflow/dags/job_scraping_dag.py for tasks to queue
[2026-03-22T03:30:50.206+0000] {logging_mixin.py:190} INFO - [2026-03-22T03:30:50.205+0000] {dagbag.py:588} INFO - Filling up the DagBag from /opt/airflow/dags/job_scraping_dag.py
[2026-03-22T03:30:50.965+0000] {processor.py:925} INFO - DAG(s) 'daily_job_scraping' retrieved from /opt/airflow/dags/job_scraping_dag.py
[2026-03-22T03:30:50.996+0000] {logging_mixin.py:190} INFO - [2026-03-22T03:30:50.995+0000] {dag.py:3239} INFO - Sync 1 DAGs
[2026-03-22T03:30:51.020+0000] {logging_mixin.py:190} INFO - [2026-03-22T03:30:51.020+0000] {dag.py:4180} INFO - Setting next_dagrun for daily_job_scraping to 2026-03-21 12:00:00+00:00, run_after=2026-03-22 12:00:00+00:00
[2026-03-22T03:30:51.049+0000] {processor.py:208} INFO - Processing /opt/airflow/dags/job_scraping_dag.py took 0.857 seconds
[2026-03-22T03:31:21.538+0000] {processor.py:186} INFO - Started process (PID=566) to work on /opt/airflow/dags/job_scraping_dag.py
[2026-03-22T03:31:21.539+0000] {processor.py:914} INFO - Processing file /opt/airflow/dags/job_scraping_dag.py for tasks to queue
[2026-03-22T03:31:21.543+0000] {logging_mixin.py:190} INFO - [2026-03-22T03:31:21.542+0000] {dagbag.py:588} INFO - Filling up the DagBag from /opt/airflow/dags/job_scraping_dag.py
[2026-03-22T03:31:22.257+0000] {processor.py:925} INFO - DAG(s) 'daily_job_scraping' retrieved from /opt/airflow/dags/job_scraping_dag.py
[2026-03-22T03:31:22.301+0000] {logging_mixin.py:190} INFO - [2026-03-22T03:31:22.301+0000] {dag.py:3239} INFO - Sync 1 DAGs
[2026-03-22T03:31:22.336+0000] {logging_mixin.py:190} INFO - [2026-03-22T03:31:22.335+0000] {dag.py:4180} INFO - Setting next_dagrun for daily_job_scraping to 2026-03-21 12:00:00+00:00, run_after=2026-03-22 12:00:00+00:00
[2026-03-22T03:31:22.379+0000] {processor.py:208} INFO - Processing /opt/airflow/dags/job_scraping_dag.py took 0.850 seconds
[2026-03-22T03:31:52.825+0000] {processor.py:186} INFO - Started process (PID=572) to work on /opt/airflow/dags/job_scraping_dag.py
[2026-03-22T03:31:52.827+0000] {processor.py:914} INFO - Processing file /opt/airflow/dags/job_scraping_dag.py for tasks to queue
[2026-03-22T03:31:52.839+0000] {logging_mixin.py:190} INFO - [2026-03-22T03:31:52.839+0000] {dagbag.py:588} INFO - Filling up the DagBag from /opt/airflow/dags/job_scraping_dag.py
[2026-03-22T03:31:53.676+0000] {processor.py:925} INFO - DAG(s) 'daily_job_scraping' retrieved from /opt/airflow/dags/job_scraping_dag.py
[2026-03-22T03:31:53.740+0000] {logging_mixin.py:190} INFO - [2026-03-22T03:31:53.739+0000] {dag.py:3239} INFO - Sync 1 DAGs
[2026-03-22T03:31:53.770+0000] {logging_mixin.py:190} INFO - [2026-03-22T03:31:53.769+0000] {dag.py:4180} INFO - Setting next_dagrun for daily_job_scraping to 2026-03-21 12:00:00+00:00, run_after=2026-03-22 12:00:00+00:00
[2026-03-22T03:31:53.794+0000] {processor.py:208} INFO - Processing /opt/airflow/dags/job_scraping_dag.py took 0.979 seconds
[2026-03-22T03:32:24.259+0000] {processor.py:186} INFO - Started process (PID=578) to work on /opt/airflow/dags/job_scraping_dag.py
[2026-03-22T03:32:24.261+0000] {processor.py:914} INFO - Processing file /opt/airflow/dags/job_scraping_dag.py for tasks to queue
[2026-03-22T03:32:24.268+0000] {logging_mixin.py:190} INFO - [2026-03-22T03:32:24.268+0000] {dagbag.py:588} INFO - Filling up the DagBag from /opt/airflow/dags/job_scraping_dag.py
[2026-03-22T03:32:24.724+0000] {processor.py:925} INFO - DAG(s) 'daily_job_scraping' retrieved from /opt/airflow/dags/job_scraping_dag.py
[2026-03-22T03:32:24.777+0000] {logging_mixin.py:190} INFO - [2026-03-22T03:32:24.776+0000] {dag.py:3239} INFO - Sync 1 DAGs
[2026-03-22T03:32:24.830+0000] {logging_mixin.py:190} INFO - [2026-03-22T03:32:24.829+0000] {dag.py:4180} INFO - Setting next_dagrun for daily_job_scraping to 2026-03-21 12:00:00+00:00, run_after=2026-03-22 12:00:00+00:00
[2026-03-22T03:32:24.917+0000] {processor.py:208} INFO - Processing /opt/airflow/dags/job_scraping_dag.py took 1.757 seconds
[2026-03-22T03:32:55.279+0000] {processor.py:186} INFO - Started process (PID=584) to work on /opt/airflow/dags/job_scraping_dag.py
[2026-03-22T03:32:55.281+0000] {processor.py:914} INFO - Processing file /opt/airflow/dags/job_scraping_dag.py for tasks to queue
[2026-03-22T03:32:55.284+0000] {logging_mixin.py:190} INFO - [2026-03-22T03:32:55.283+0000] {dagbag.py:588} INFO - Filling up the DagBag from /opt/airflow/dags/job_scraping_dag.py
[2026-03-22T03:32:56.203+0000] {processor.py:925} INFO - DAG(s) 'daily_job_scraping' retrieved from /opt/airflow/dags/job_scraping_dag.py
[2026-03-22T03:32:56.244+0000] {logging_mixin.py:190} INFO - [2026-03-22T03:32:56.243+0000] {dag.py:3239} INFO - Sync 1 DAGs
[2026-03-22T03:32:56.285+0000] {logging_mixin.py:190} INFO - [2026-03-22T03:32:56.284+0000] {dag.py:4180} INFO - Setting next_dagrun for daily_job_scraping to 2026-03-21 12:00:00+00:00, run_after=2026-03-22 12:00:00+00:00
[2026-03-22T03:32:56.320+0000] {processor.py:208} INFO - Processing /opt/airflow/dags/job_scraping_dag.py took 1.050 seconds
[2026-03-22T03:33:26.869+0000] {processor.py:186} INFO - Started process (PID=590) to work on /opt/airflow/dags/job_scraping_dag.py
[2026-03-22T03:33:26.871+0000] {processor.py:914} INFO - Processing file /opt/airflow/dags/job_scraping_dag.py for tasks to queue
[2026-03-22T03:33:26.874+0000] {logging_mixin.py:190} INFO - [2026-03-22T03:33:26.874+0000] {dagbag.py:588} INFO - Filling up the DagBag from /opt/airflow/dags/job_scraping_dag.py
[2026-03-22T03:33:22.141+0000] {processor.py:925} INFO - DAG(s) 'daily_job_scraping' retrieved from /opt/airflow/dags/job_scraping_dag.py
[2026-03-22T03:33:22.186+0000] {logging_mixin.py:190} INFO - [2026-03-22T03:33:22.185+0000] {dag.py:3239} INFO - Sync 1 DAGs
[2026-03-22T03:33:22.216+0000] {logging_mixin.py:190} INFO - [2026-03-22T03:33:22.216+0000] {dag.py:4180} INFO - Setting next_dagrun for daily_job_scraping to 2026-03-21 12:00:00+00:00, run_after=2026-03-22 12:00:00+00:00
[2026-03-22T03:33:22.249+0000] {processor.py:208} INFO - Processing /opt/airflow/dags/job_scraping_dag.py took 1.302 seconds
[2026-03-22T03:33:52.366+0000] {processor.py:186} INFO - Started process (PID=596) to work on /opt/airflow/dags/job_scraping_dag.py
[2026-03-22T03:33:52.368+0000] {processor.py:914} INFO - Processing file /opt/airflow/dags/job_scraping_dag.py for tasks to queue
[2026-03-22T03:33:52.371+0000] {logging_mixin.py:190} INFO - [2026-03-22T03:33:52.371+0000] {dagbag.py:588} INFO - Filling up the DagBag from /opt/airflow/dags/job_scraping_dag.py
[2026-03-22T03:33:53.207+0000] {processor.py:925} INFO - DAG(s) 'daily_job_scraping' retrieved from /opt/airflow/dags/job_scraping_dag.py
[2026-03-22T03:33:53.262+0000] {logging_mixin.py:190} INFO - [2026-03-22T03:33:53.261+0000] {dag.py:3239} INFO - Sync 1 DAGs
[2026-03-22T03:33:53.302+0000] {logging_mixin.py:190} INFO - [2026-03-22T03:33:53.302+0000] {dag.py:4180} INFO - Setting next_dagrun for daily_job_scraping to 2026-03-21 12:00:00+00:00, run_after=2026-03-22 12:00:00+00:00
[2026-03-22T03:33:53.332+0000] {processor.py:208} INFO - Processing /opt/airflow/dags/job_scraping_dag.py took 0.975 seconds
[2026-03-22T03:34:24.139+0000] {processor.py:186} INFO - Started process (PID=602) to work on /opt/airflow/dags/job_scraping_dag.py
[2026-03-22T03:34:24.147+0000] {processor.py:914} INFO - Processing file /opt/airflow/dags/job_scraping_dag.py for tasks to queue
[2026-03-22T03:34:24.157+0000] {logging_mixin.py:190} INFO - [2026-03-22T03:34:24.156+0000] {dagbag.py:588} INFO - Filling up the DagBag from /opt/airflow/dags/job_scraping_dag.py
[2026-03-22T03:34:26.950+0000] {processor.py:925} INFO - DAG(s) 'daily_job_scraping' retrieved from /opt/airflow/dags/job_scraping_dag.py
[2026-03-22T03:34:27.038+0000] {logging_mixin.py:190} INFO - [2026-03-22T03:34:27.038+0000] {dag.py:3239} INFO - Sync 1 DAGs
[2026-03-22T03:34:27.137+0000] {logging_mixin.py:190} INFO - [2026-03-22T03:34:27.137+0000] {dag.py:4180} INFO - Setting next_dagrun for daily_job_scraping to 2026-03-21 12:00:00+00:00, run_after=2026-03-22 12:00:00+00:00
[2026-03-22T03:34:27.192+0000] {processor.py:208} INFO - Processing /opt/airflow/dags/job_scraping_dag.py took 3.074 seconds
[2026-03-22T03:34:58.557+0000] {processor.py:186} INFO - Started process (PID=608) to work on /opt/airflow/dags/job_scraping_dag.py
[2026-03-22T03:34:58.610+0000] {processor.py:914} INFO - Processing file /opt/airflow/dags/job_scraping_dag.py for tasks to queue
[2026-03-22T03:34:58.618+0000] {logging_mixin.py:190} INFO - [2026-03-22T03:34:58.617+0000] {dagbag.py:588} INFO - Filling up the DagBag from /opt/airflow/dags/job_scraping_dag.py
[2026-03-22T03:35:00.034+0000] {processor.py:925} INFO - DAG(s) 'daily_job_scraping' retrieved from /opt/airflow/dags/job_scraping_dag.py
[2026-03-22T03:35:00.067+0000] {logging_mixin.py:190} INFO - [2026-03-22T03:35:00.067+0000] {dag.py:3239} INFO - Sync 1 DAGs
[2026-03-22T03:35:00.096+0000] {logging_mixin.py:190} INFO - [2026-03-22T03:35:00.096+0000] {dag.py:4180} INFO - Setting next_dagrun for daily_job_scraping to 2026-03-21 12:00:00+00:00, run_after=2026-03-22 12:00:00+00:00
[2026-03-22T03:35:00.129+0000] {processor.py:208} INFO - Processing /opt/airflow/dags/job_scraping_dag.py took 1.600 seconds
[2026-03-22T03:35:30.533+0000] {processor.py:186} INFO - Started process (PID=614) to work on /opt/airflow/dags/job_scraping_dag.py
[2026-03-22T03:35:30.534+0000] {processor.py:914} INFO - Processing file /opt/airflow/dags/job_scraping_dag.py for tasks to queue
[2026-03-22T03:35:30.538+0000] {logging_mixin.py:190} INFO - [2026-03-22T03:35:30.538+0000] {dagbag.py:588} INFO - Filling up the DagBag from /opt/airflow/dags/job_scraping_dag.py
[2026-03-22T03:35:31.440+0000] {processor.py:925} INFO - DAG(s) 'daily_job_scraping' retrieved from /opt/airflow/dags/job_scraping_dag.py
[2026-03-22T03:35:31.489+0000] {logging_mixin.py:190} INFO - [2026-03-22T03:35:31.489+0000] {dag.py:3239} INFO - Sync 1 DAGs
[2026-03-22T03:35:31.524+0000] {logging_mixin.py:190} INFO - [2026-03-22T03:35:31.524+0000] {dag.py:4180} INFO - Setting next_dagrun for daily_job_scraping to 2026-03-21 12:00:00+00:00, run_after=2026-03-22 12:00:00+00:00
[2026-03-22T03:35:31.546+0000] {processor.py:208} INFO - Processing /opt/airflow/dags/job_scraping_dag.py took 1.020 seconds
[2026-03-22T03:36:02.029+0000] {processor.py:186} INFO - Started process (PID=620) to work on /opt/airflow/dags/job_scraping_dag.py
[2026-03-22T03:36:02.031+0000] {processor.py:914} INFO - Processing file /opt/airflow/dags/job_scraping_dag.py for tasks to queue
[2026-03-22T03:36:02.034+0000] {logging_mixin.py:190} INFO - [2026-03-22T03:36:02.034+0000] {dagbag.py:588} INFO - Filling up the DagBag from /opt/airflow/dags/job_scraping_dag.py
[2026-03-22T03:36:03.791+0000] {processor.py:925} INFO - DAG(s) 'daily_job_scraping' retrieved from /opt/airflow/dags/job_scraping_dag.py
[2026-03-22T03:36:03.836+0000] {logging_mixin.py:190} INFO - [2026-03-22T03:36:03.836+0000] {dag.py:3239} INFO - Sync 1 DAGs
[2026-03-22T03:36:03.880+0000] {logging_mixin.py:190} INFO - [2026-03-22T03:36:03.879+0000] {dag.py:4180} INFO - Setting next_dagrun for daily_job_scraping to 2026-03-21 12:00:00+00:00, run_after=2026-03-22 12:00:00+00:00
[2026-03-22T03:36:03.926+0000] {processor.py:208} INFO - Processing /opt/airflow/dags/job_scraping_dag.py took 1.907 seconds
[2026-03-22T03:36:34.534+0000] {processor.py:186} INFO - Started process (PID=626) to work on /opt/airflow/dags/job_scraping_dag.py
[2026-03-22T03:36:34.536+0000] {processor.py:914} INFO - Processing file /opt/airflow/dags/job_scraping_dag.py for tasks to queue
[2026-03-22T03:36:34.540+0000] {logging_mixin.py:190} INFO - [2026-03-22T03:36:34.539+0000] {dagbag.py:588} INFO - Filling up the DagBag from /opt/airflow/dags/job_scraping_dag.py
[2026-03-22T03:36:35.392+0000] {processor.py:925} INFO - DAG(s) 'daily_job_scraping' retrieved from /opt/airflow/dags/job_scraping_dag.py
[2026-03-22T03:36:35.439+0000] {logging_mixin.py:190} INFO - [2026-03-22T03:36:35.438+0000] {dag.py:3239} INFO - Sync 1 DAGs
[2026-03-22T03:36:35.513+0000] {logging_mixin.py:190} INFO - [2026-03-22T03:36:35.513+0000] {dag.py:4180} INFO - Setting next_dagrun for daily_job_scraping to 2026-03-21 12:00:00+00:00, run_after=2026-03-22 12:00:00+00:00
[2026-03-22T03:36:35.586+0000] {processor.py:208} INFO - Processing /opt/airflow/dags/job_scraping_dag.py took 1.061 seconds
[2026-03-22T03:37:06.152+0000] {processor.py:186} INFO - Started process (PID=632) to work on /opt/airflow/dags/job_scraping_dag.py
[2026-03-22T03:37:06.204+0000] {processor.py:914} INFO - Processing file /opt/airflow/dags/job_scraping_dag.py for tasks to queue
[2026-03-22T03:37:06.212+0000] {logging_mixin.py:190} INFO - [2026-03-22T03:37:06.211+0000] {dagbag.py:588} INFO - Filling up the DagBag from /opt/airflow/dags/job_scraping_dag.py
[2026-03-22T03:37:10.569+0000] {processor.py:925} INFO - DAG(s) 'daily_job_scraping' retrieved from /opt/airflow/dags/job_scraping_dag.py
[2026-03-22T03:37:10.616+0000] {logging_mixin.py:190} INFO - [2026-03-22T03:37:10.616+0000] {dag.py:3239} INFO - Sync 1 DAGs
[2026-03-22T03:37:10.651+0000] {logging_mixin.py:190} INFO - [2026-03-22T03:37:10.650+0000] {dag.py:4180} INFO - Setting next_dagrun for daily_job_scraping to 2026-03-21 12:00:00+00:00, run_after=2026-03-22 12:00:00+00:00
[2026-03-22T03:37:10.699+0000] {processor.py:208} INFO - Processing /opt/airflow/dags/job_scraping_dag.py took 4.571 seconds
[2026-03-22T03:37:40.987+0000] {processor.py:186} INFO - Started process (PID=638) to work on /opt/airflow/dags/job_scraping_dag.py
[2026-03-22T03:37:40.989+0000] {processor.py:914} INFO - Processing file /opt/airflow/dags/job_scraping_dag.py for tasks to queue
[2026-03-22T03:37:40.993+0000] {logging_mixin.py:190} INFO - [2026-03-22T03:37:40.992+0000] {dagbag.py:588} INFO - Filling up the DagBag from /opt/airflow/dags/job_scraping_dag.py
[2026-03-22T03:37:42.036+0000] {processor.py:925} INFO - DAG(s) 'daily_job_scraping' retrieved from /opt/airflow/dags/job_scraping_dag.py
[2026-03-22T03:37:42.093+0000] {logging_mixin.py:190} INFO - [2026-03-22T03:37:42.092+0000] {dag.py:3239} INFO - Sync 1 DAGs
[2026-03-22T03:37:42.129+0000] {logging_mixin.py:190} INFO - [2026-03-22T03:37:42.128+0000] {dag.py:4180} INFO - Setting next_dagrun for daily_job_scraping to 2026-03-21 12:00:00+00:00, run_after=2026-03-22 12:00:00+00:00
[2026-03-22T03:37:42.156+0000] {processor.py:208} INFO - Processing /opt/airflow/dags/job_scraping_dag.py took 1.178 seconds
[2026-03-22T03:38:12.599+0000] {processor.py:186} INFO - Started process (PID=644) to work on /opt/airflow/dags/job_scraping_dag.py
[2026-03-22T03:38:12.601+0000] {processor.py:914} INFO - Processing file /opt/airflow/dags/job_scraping_dag.py for tasks to queue
[2026-03-22T03:38:12.606+0000] {logging_mixin.py:190} INFO - [2026-03-22T03:38:12.606+0000] {dagbag.py:588} INFO - Filling up the DagBag from /opt/airflow/dags/job_scraping_dag.py
[2026-03-22T03:38:13.748+0000] {processor.py:925} INFO - DAG(s) 'daily_job_scraping' retrieved from /opt/airflow/dags/job_scraping_dag.py
[2026-03-22T03:38:13.782+0000] {logging_mixin.py:190} INFO - [2026-03-22T03:38:13.782+0000] {dag.py:3239} INFO - Sync 1 DAGs
[2026-03-22T03:38:13.807+0000] {logging_mixin.py:190} INFO - [2026-03-22T03:38:13.806+0000] {dag.py:4180} INFO - Setting next_dagrun for daily_job_scraping to 2026-03-21 12:00:00+00:00, run_after=2026-03-22 12:00:00+00:00
[2026-03-22T03:38:13.837+0000] {processor.py:208} INFO - Processing /opt/airflow/dags/job_scraping_dag.py took 1.252 seconds
[2026-03-22T03:38:43.982+0000] {processor.py:186} INFO - Started process (PID=650) to work on /opt/airflow/dags/job_scraping_dag.py
[2026-03-22T03:38:43.984+0000] {processor.py:914} INFO - Processing file /opt/airflow/dags/job_scraping_dag.py for tasks to queue
[2026-03-22T03:38:43.987+0000] {logging_mixin.py:190} INFO - [2026-03-22T03:38:43.986+0000] {dagbag.py:588} INFO - Filling up the DagBag from /opt/airflow/dags/job_scraping_dag.py
[2026-03-22T03:38:45.188+0000] {processor.py:925} INFO - DAG(s) 'daily_job_scraping' retrieved from /opt/airflow/dags/job_scraping_dag.py
[2026-03-22T03:38:45.237+0000] {logging_mixin.py:190} INFO - [2026-03-22T03:38:45.236+0000] {dag.py:3239} INFO - Sync 1 DAGs
[2026-03-22T03:38:45.261+0000] {logging_mixin.py:190} INFO - [2026-03-22T03:38:45.261+0000] {dag.py:4180} INFO - Setting next_dagrun for daily_job_scraping to 2026-03-21 12:00:00+00:00, run_after=2026-03-22 12:00:00+00:00
[2026-03-22T03:38:45.293+0000] {processor.py:208} INFO - Processing /opt/airflow/dags/job_scraping_dag.py took 1.319 seconds
[2026-03-22T03:39:15.722+0000] {processor.py:186} INFO - Started process (PID=656) to work on /opt/airflow/dags/job_scraping_dag.py
[2026-03-22T03:39:15.724+0000] {processor.py:914} INFO - Processing file /opt/airflow/dags/job_scraping_dag.py for tasks to queue
[2026-03-22T03:39:15.727+0000] {logging_mixin.py:190} INFO - [2026-03-22T03:39:15.727+0000] {dagbag.py:588} INFO - Filling up the DagBag from /opt/airflow/dags/job_scraping_dag.py
[2026-03-22T03:39:16.535+0000] {processor.py:925} INFO - DAG(s) 'daily_job_scraping' retrieved from /opt/airflow/dags/job_scraping_dag.py
[2026-03-22T03:39:16.566+0000] {logging_mixin.py:190} INFO - [2026-03-22T03:39:16.565+0000] {dag.py:3239} INFO - Sync 1 DAGs
[2026-03-22T03:39:16.590+0000] {logging_mixin.py:190} INFO - [2026-03-22T03:39:16.590+0000] {dag.py:4180} INFO - Setting next_dagrun for daily_job_scraping to 2026-03-21 12:00:00+00:00, run_after=2026-03-22 12:00:00+00:00
[2026-03-22T03:39:16.615+0000] {processor.py:208} INFO - Processing /opt/airflow/dags/job_scraping_dag.py took 0.903 seconds
[2026-03-22T03:39:47.133+0000] {processor.py:186} INFO - Started process (PID=662) to work on /opt/airflow/dags/job_scraping_dag.py
[2026-03-22T03:39:47.136+0000] {processor.py:914} INFO - Processing file /opt/airflow/dags/job_scraping_dag.py for tasks to queue
[2026-03-22T03:39:47.139+0000] {logging_mixin.py:190} INFO - [2026-03-22T03:39:47.139+0000] {dagbag.py:588} INFO - Filling up the DagBag from /opt/airflow/dags/job_scraping_dag.py
[2026-03-22T03:39:47.985+0000] {processor.py:925} INFO - DAG(s) 'daily_job_scraping' retrieved from /opt/airflow/dags/job_scraping_dag.py
[2026-03-22T03:39:48.026+0000] {logging_mixin.py:190} INFO - [2026-03-22T03:39:48.025+0000] {dag.py:3239} INFO - Sync 1 DAGs
[2026-03-22T03:39:48.055+0000] {logging_mixin.py:190} INFO - [2026-03-22T03:39:48.055+0000] {dag.py:4180} INFO - Setting next_dagrun for daily_job_scraping to 2026-03-21 12:00:00+00:00, run_after=2026-03-22 12:00:00+00:00
[2026-03-22T03:39:48.080+0000] {processor.py:208} INFO - Processing /opt/airflow/dags/job_scraping_dag.py took 0.955 seconds
[2026-03-22T03:40:18.605+0000] {processor.py:186} INFO - Started process (PID=668) to work on /opt/airflow/dags/job_scraping_dag.py
[2026-03-22T03:40:18.606+0000] {processor.py:914} INFO - Processing file /opt/airflow/dags/job_scraping_dag.py for tasks to queue
[2026-03-22T03:40:18.616+0000] {logging_mixin.py:190} INFO - [2026-03-22T03:40:18.615+0000] {dagbag.py:588} INFO - Filling up the DagBag from /opt/airflow/dags/job_scraping_dag.py
[2026-03-22T03:40:19.557+0000] {processor.py:925} INFO - DAG(s) 'daily_job_scraping' retrieved from /opt/airflow/dags/job_scraping_dag.py
[2026-03-22T03:40:19.594+0000] {logging_mixin.py:190} INFO - [2026-03-22T03:40:19.593+0000] {dag.py:3239} INFO - Sync 1 DAGs
[2026-03-22T03:40:19.620+0000] {logging_mixin.py:190} INFO - [2026-03-22T03:40:19.619+0000] {dag.py:4180} INFO - Setting next_dagrun for daily_job_scraping to 2026-03-21 12:00:00+00:00, run_after=2026-03-22 12:00:00+00:00
[2026-03-22T03:40:19.656+0000] {processor.py:208} INFO - Processing /opt/airflow/dags/job_scraping_dag.py took 1.085 seconds
[2026-03-22T03:40:50.151+0000] {processor.py:186} INFO - Started process (PID=674) to work on /opt/airflow/dags/job_scraping_dag.py
[2026-03-22T03:40:50.153+0000] {processor.py:914} INFO - Processing file /opt/airflow/dags/job_scraping_dag.py for tasks to queue
[2026-03-22T03:40:50.156+0000] {logging_mixin.py:190} INFO - [2026-03-22T03:40:50.156+0000] {dagbag.py:588} INFO - Filling up the DagBag from /opt/airflow/dags/job_scraping_dag.py
[2026-03-22T03:40:50.996+0000] {processor.py:925} INFO - DAG(s) 'daily_job_scraping' retrieved from /opt/airflow/dags/job_scraping_dag.py
[2026-03-22T03:40:51.027+0000] {logging_mixin.py:190} INFO - [2026-03-22T03:40:51.026+0000] {dag.py:3239} INFO - Sync 1 DAGs
[2026-03-22T03:40:51.053+0000] {logging_mixin.py:190} INFO - [2026-03-22T03:40:51.053+0000] {dag.py:4180} INFO - Setting next_dagrun for daily_job_scraping to 2026-03-21 12:00:00+00:00, run_after=2026-03-22 12:00:00+00:00
[2026-03-22T03:40:51.075+0000] {processor.py:208} INFO - Processing /opt/airflow/dags/job_scraping_dag.py took 0.933 seconds
[2026-03-22T03:41:21.582+0000] {processor.py:186} INFO - Started process (PID=680) to work on /opt/airflow/dags/job_scraping_dag.py
[2026-03-22T03:41:21.584+0000] {processor.py:914} INFO - Processing file /opt/airflow/dags/job_scraping_dag.py for tasks to queue
[2026-03-22T03:41:21.587+0000] {logging_mixin.py:190} INFO - [2026-03-22T03:41:21.587+0000] {dagbag.py:588} INFO - Filling up the DagBag from /opt/airflow/dags/job_scraping_dag.py
[2026-03-22T03:41:22.403+0000] {processor.py:925} INFO - DAG(s) 'daily_job_scraping' retrieved from /opt/airflow/dags/job_scraping_dag.py
[2026-03-22T03:41:22.433+0000] {logging_mixin.py:190} INFO - [2026-03-22T03:41:22.432+0000] {dag.py:3239} INFO - Sync 1 DAGs
[2026-03-22T03:41:22.455+0000] {logging_mixin.py:190} INFO - [2026-03-22T03:41:22.455+0000] {dag.py:4180} INFO - Setting next_dagrun for daily_job_scraping to 2026-03-21 12:00:00+00:00, run_after=2026-03-22 12:00:00+00:00
[2026-03-22T03:41:22.479+0000] {processor.py:208} INFO - Processing /opt/airflow/dags/job_scraping_dag.py took 0.905 seconds
[2026-03-22T03:41:52.989+0000] {processor.py:186} INFO - Started process (PID=686) to work on /opt/airflow/dags/job_scraping_dag.py
[2026-03-22T03:41:52.994+0000] {processor.py:914} INFO - Processing file /opt/airflow/dags/job_scraping_dag.py for tasks to queue
[2026-03-22T03:41:53.006+0000] {logging_mixin.py:190} INFO - [2026-03-22T03:41:53.005+0000] {dagbag.py:588} INFO - Filling up the DagBag from /opt/airflow/dags/job_scraping_dag.py
[2026-03-22T03:41:53.713+0000] {processor.py:925} INFO - DAG(s) 'daily_job_scraping' retrieved from /opt/airflow/dags/job_scraping_dag.py
[2026-03-22T03:41:53.745+0000] {logging_mixin.py:190} INFO - [2026-03-22T03:41:53.745+0000] {dag.py:3239} INFO - Sync 1 DAGs
[2026-03-22T03:41:53.771+0000] {logging_mixin.py:190} INFO - [2026-03-22T03:41:53.770+0000] {dag.py:4180} INFO - Setting next_dagrun for daily_job_scraping to 2026-03-21 12:00:00+00:00, run_after=2026-03-22 12:00:00+00:00
[2026-03-22T03:41:53.795+0000] {processor.py:208} INFO - Processing /opt/airflow/dags/job_scraping_dag.py took 0.821 seconds
[2026-03-22T03:42:24.293+0000] {processor.py:186} INFO - Started process (PID=692) to work on /opt/airflow/dags/job_scraping_dag.py
[2026-03-22T03:42:24.295+0000] {processor.py:914} INFO - Processing file /opt/airflow/dags/job_scraping_dag.py for tasks to queue
[2026-03-22T03:42:24.299+0000] {logging_mixin.py:190} INFO - [2026-03-22T03:42:24.298+0000] {dagbag.py:588} INFO - Filling up the DagBag from /opt/airflow/dags/job_scraping_dag.py
[2026-03-22T03:42:25.189+0000] {processor.py:925} INFO - DAG(s) 'daily_job_scraping' retrieved from /opt/airflow/dags/job_scraping_dag.py
[2026-03-22T03:42:25.232+0000] {logging_mixin.py:190} INFO - [2026-03-22T03:42:25.232+0000] {dag.py:3239} INFO - Sync 1 DAGs
[2026-03-22T03:42:25.265+0000] {logging_mixin.py:190} INFO - [2026-03-22T03:42:25.265+0000] {dag.py:4180} INFO - Setting next_dagrun for daily_job_scraping to 2026-03-21 12:00:00+00:00, run_after=2026-03-22 12:00:00+00:00
[2026-03-22T03:42:25.295+0000] {processor.py:208} INFO - Processing /opt/airflow/dags/job_scraping_dag.py took 1.021 seconds
[2026-03-22T03:42:55.890+0000] {processor.py:186} INFO - Started process (PID=698) to work on /opt/airflow/dags/job_scraping_dag.py
[2026-03-22T03:42:55.891+0000] {processor.py:914} INFO - Processing file /opt/airflow/dags/job_scraping_dag.py for tasks to queue
[2026-03-22T03:42:55.898+0000] {logging_mixin.py:190} INFO - [2026-03-22T03:42:55.897+0000] {dagbag.py:588} INFO - Filling up the DagBag from /opt/airflow/dags/job_scraping_dag.py
[2026-03-22T03:42:56.824+0000] {processor.py:925} INFO - DAG(s) 'daily_job_scraping' retrieved from /opt/airflow/dags/job_scraping_dag.py
[2026-03-22T03:42:56.855+0000] {logging_mixin.py:190} INFO - [2026-03-22T03:42:56.854+0000] {dag.py:3239} INFO - Sync 1 DAGs
[2026-03-22T03:42:56.882+0000] {logging_mixin.py:190} INFO - [2026-03-22T03:42:56.881+0000] {dag.py:4180} INFO - Setting next_dagrun for daily_job_scraping to 2026-03-21 12:00:00+00:00, run_after=2026-03-22 12:00:00+00:00
[2026-03-22T03:42:56.905+0000] {processor.py:208} INFO - Processing /opt/airflow/dags/job_scraping_dag.py took 1.023 seconds
[2026-03-22T03:43:27.491+0000] {processor.py:186} INFO - Started process (PID=704) to work on /opt/airflow/dags/job_scraping_dag.py
[2026-03-22T03:43:27.493+0000] {processor.py:914} INFO - Processing file /opt/airflow/dags/job_scraping_dag.py for tasks to queue
[2026-03-22T03:43:27.496+0000] {logging_mixin.py:190} INFO - [2026-03-22T03:43:27.495+0000] {dagbag.py:588} INFO - Filling up the DagBag from /opt/airflow/dags/job_scraping_dag.py
[2026-03-22T03:43:28.211+0000] {processor.py:925} INFO - DAG(s) 'daily_job_scraping' retrieved from /opt/airflow/dags/job_scraping_dag.py
[2026-03-22T03:43:28.242+0000] {logging_mixin.py:190} INFO - [2026-03-22T03:43:28.241+0000] {dag.py:3239} INFO - Sync 1 DAGs
[2026-03-22T03:43:28.265+0000] {logging_mixin.py:190} INFO - [2026-03-22T03:43:28.265+0000] {dag.py:4180} INFO - Setting next_dagrun for daily_job_scraping to 2026-03-21 12:00:00+00:00, run_after=2026-03-22 12:00:00+00:00
[2026-03-22T03:43:28.310+0000] {processor.py:208} INFO - Processing /opt/airflow/dags/job_scraping_dag.py took 0.826 seconds
[2026-03-22T03:45:13.400+0000] {processor.py:186} INFO - Started process (PID=164) to work on /opt/airflow/dags/job_scraping_dag.py
[2026-03-22T03:45:13.405+0000] {processor.py:914} INFO - Processing file /opt/airflow/dags/job_scraping_dag.py for tasks to queue
[2026-03-22T03:45:13.431+0000] {logging_mixin.py:190} INFO - [2026-03-22T03:45:13.426+0000] {dagbag.py:588} INFO - Filling up the DagBag from /opt/airflow/dags/job_scraping_dag.py
[2026-03-22T03:45:18.522+0000] {processor.py:925} INFO - DAG(s) 'daily_job_scraping' retrieved from /opt/airflow/dags/job_scraping_dag.py
[2026-03-22T03:45:18.601+0000] {logging_mixin.py:190} INFO - [2026-03-22T03:45:18.600+0000] {dag.py:3239} INFO - Sync 1 DAGs
[2026-03-22T03:45:18.662+0000] {logging_mixin.py:190} INFO - [2026-03-22T03:45:18.662+0000] {dag.py:4180} INFO - Setting next_dagrun for daily_job_scraping to 2026-03-21 12:00:00+00:00, run_after=2026-03-22 12:00:00+00:00
[2026-03-22T03:45:18.708+0000] {processor.py:208} INFO - Processing /opt/airflow/dags/job_scraping_dag.py took 5.352 seconds
[2026-03-22T03:45:49.302+0000] {processor.py:186} INFO - Started process (PID=170) to work on /opt/airflow/dags/job_scraping_dag.py
[2026-03-22T03:45:49.307+0000] {processor.py:914} INFO - Processing file /opt/airflow/dags/job_scraping_dag.py for tasks to queue
[2026-03-22T03:45:49.319+0000] {logging_mixin.py:190} INFO - [2026-03-22T03:45:49.318+0000] {dagbag.py:588} INFO - Filling up the DagBag from /opt/airflow/dags/job_scraping_dag.py
[2026-03-22T03:45:50.757+0000] {processor.py:925} INFO - DAG(s) 'daily_job_scraping' retrieved from /opt/airflow/dags/job_scraping_dag.py
[2026-03-22T03:45:50.809+0000] {logging_mixin.py:190} INFO - [2026-03-22T03:45:50.809+0000] {dag.py:3239} INFO - Sync 1 DAGs
[2026-03-22T03:45:50.895+0000] {logging_mixin.py:190} INFO - [2026-03-22T03:45:50.894+0000] {dag.py:4180} INFO - Setting next_dagrun for daily_job_scraping to 2026-03-21 12:00:00+00:00, run_after=2026-03-22 12:00:00+00:00
[2026-03-22T03:45:50.924+0000] {processor.py:208} INFO - Processing /opt/airflow/dags/job_scraping_dag.py took 1.653 seconds
[2026-03-22T03:46:21.412+0000] {processor.py:186} INFO - Started process (PID=176) to work on /opt/airflow/dags/job_scraping_dag.py
[2026-03-22T03:46:21.413+0000] {processor.py:914} INFO - Processing file /opt/airflow/dags/job_scraping_dag.py for tasks to queue
[2026-03-22T03:46:21.416+0000] {logging_mixin.py:190} INFO - [2026-03-22T03:46:21.416+0000] {dagbag.py:588} INFO - Filling up the DagBag from /opt/airflow/dags/job_scraping_dag.py
[2026-03-22T03:46:22.556+0000] {processor.py:925} INFO - DAG(s) 'daily_job_scraping' retrieved from /opt/airflow/dags/job_scraping_dag.py
[2026-03-22T03:46:22.615+0000] {logging_mixin.py:190} INFO - [2026-03-22T03:46:22.615+0000] {dag.py:3239} INFO - Sync 1 DAGs
[2026-03-22T03:46:22.699+0000] {logging_mixin.py:190} INFO - [2026-03-22T03:46:22.698+0000] {dag.py:4180} INFO - Setting next_dagrun for daily_job_scraping to 2026-03-21 12:00:00+00:00, run_after=2026-03-22 12:00:00+00:00
[2026-03-22T03:46:22.729+0000] {processor.py:208} INFO - Processing /opt/airflow/dags/job_scraping_dag.py took 1.327 seconds
[2026-03-22T03:46:52.871+0000] {processor.py:186} INFO - Started process (PID=184) to work on /opt/airflow/dags/job_scraping_dag.py
[2026-03-22T03:46:52.885+0000] {processor.py:914} INFO - Processing file /opt/airflow/dags/job_scraping_dag.py for tasks to queue
[2026-03-22T03:46:52.918+0000] {logging_mixin.py:190} INFO - [2026-03-22T03:46:52.916+0000] {dagbag.py:588} INFO - Filling up the DagBag from /opt/airflow/dags/job_scraping_dag.py
[2026-03-22T03:46:54.854+0000] {processor.py:925} INFO - DAG(s) 'daily_job_scraping' retrieved from /opt/airflow/dags/job_scraping_dag.py
[2026-03-22T03:46:54.966+0000] {logging_mixin.py:190} INFO - [2026-03-22T03:46:54.966+0000] {dag.py:3239} INFO - Sync 1 DAGs
[2026-03-22T03:46:55.068+0000] {logging_mixin.py:190} INFO - [2026-03-22T03:46:55.067+0000] {dag.py:4180} INFO - Setting next_dagrun for daily_job_scraping to 2026-03-21 12:00:00+00:00, run_after=2026-03-22 12:00:00+00:00
[2026-03-22T03:46:55.113+0000] {processor.py:208} INFO - Processing /opt/airflow/dags/job_scraping_dag.py took 2.857 seconds
[2026-03-22T03:47:25.452+0000] {processor.py:186} INFO - Started process (PID=202) to work on /opt/airflow/dags/job_scraping_dag.py
[2026-03-22T03:47:25.455+0000] {processor.py:914} INFO - Processing file /opt/airflow/dags/job_scraping_dag.py for tasks to queue
[2026-03-22T03:47:25.461+0000] {logging_mixin.py:190} INFO - [2026-03-22T03:47:25.460+0000] {dagbag.py:588} INFO - Filling up the DagBag from /opt/airflow/dags/job_scraping_dag.py
[2026-03-22T03:47:29.172+0000] {processor.py:925} INFO - DAG(s) 'daily_job_scraping' retrieved from /opt/airflow/dags/job_scraping_dag.py
[2026-03-22T03:47:29.317+0000] {logging_mixin.py:190} INFO - [2026-03-22T03:47:29.316+0000] {dag.py:3239} INFO - Sync 1 DAGs
[2026-03-22T03:47:29.428+0000] {logging_mixin.py:190} INFO - [2026-03-22T03:47:29.428+0000] {dag.py:4180} INFO - Setting next_dagrun for daily_job_scraping to 2026-03-21 12:00:00+00:00, run_after=2026-03-22 12:00:00+00:00
[2026-03-22T03:47:29.611+0000] {processor.py:208} INFO - Processing /opt/airflow/dags/job_scraping_dag.py took 4.180 seconds
[2026-03-22T03:48:00.714+0000] {processor.py:186} INFO - Started process (PID=208) to work on /opt/airflow/dags/job_scraping_dag.py
[2026-03-22T03:48:00.729+0000] {processor.py:914} INFO - Processing file /opt/airflow/dags/job_scraping_dag.py for tasks to queue
[2026-03-22T03:48:00.737+0000] {logging_mixin.py:190} INFO - [2026-03-22T03:48:00.735+0000] {dagbag.py:588} INFO - Filling up the DagBag from /opt/airflow/dags/job_scraping_dag.py
[2026-03-22T03:48:03.806+0000] {processor.py:925} INFO - DAG(s) 'daily_job_scraping' retrieved from /opt/airflow/dags/job_scraping_dag.py
[2026-03-22T03:48:03.906+0000] {logging_mixin.py:190} INFO - [2026-03-22T03:48:03.905+0000] {dag.py:3239} INFO - Sync 1 DAGs
[2026-03-22T03:48:04.022+0000] {logging_mixin.py:190} INFO - [2026-03-22T03:48:04.022+0000] {dag.py:4180} INFO - Setting next_dagrun for daily_job_scraping to 2026-03-21 12:00:00+00:00, run_after=2026-03-22 12:00:00+00:00
[2026-03-22T03:48:04.086+0000] {processor.py:208} INFO - Processing /opt/airflow/dags/job_scraping_dag.py took 3.405 seconds
[2026-03-22T03:48:34.915+0000] {processor.py:186} INFO - Started process (PID=214) to work on /opt/airflow/dags/job_scraping_dag.py
[2026-03-22T03:48:34.924+0000] {processor.py:914} INFO - Processing file /opt/airflow/dags/job_scraping_dag.py for tasks to queue
[2026-03-22T03:48:34.937+0000] {logging_mixin.py:190} INFO - [2026-03-22T03:48:34.937+0000] {dagbag.py:588} INFO - Filling up the DagBag from /opt/airflow/dags/job_scraping_dag.py
[2026-03-22T03:48:37.324+0000] {processor.py:925} INFO - DAG(s) 'daily_job_scraping' retrieved from /opt/airflow/dags/job_scraping_dag.py
[2026-03-22T03:48:37.413+0000] {logging_mixin.py:190} INFO - [2026-03-22T03:48:37.413+0000] {dag.py:3239} INFO - Sync 1 DAGs
[2026-03-22T03:48:37.500+0000] {logging_mixin.py:190} INFO - [2026-03-22T03:48:37.500+0000] {dag.py:4180} INFO - Setting next_dagrun for daily_job_scraping to 2026-03-21 12:00:00+00:00, run_after=2026-03-22 12:00:00+00:00
[2026-03-22T03:48:37.587+0000] {processor.py:208} INFO - Processing /opt/airflow/dags/job_scraping_dag.py took 2.711 seconds
[2026-03-22T03:49:07.911+0000] {processor.py:186} INFO - Started process (PID=220) to work on /opt/airflow/dags/job_scraping_dag.py
[2026-03-22T03:49:07.915+0000] {processor.py:914} INFO - Processing file /opt/airflow/dags/job_scraping_dag.py for tasks to queue
[2026-03-22T03:49:07.926+0000] {logging_mixin.py:190} INFO - [2026-03-22T03:49:07.925+0000] {dagbag.py:588} INFO - Filling up the DagBag from /opt/airflow/dags/job_scraping_dag.py
[2026-03-22T03:49:10.907+0000] {processor.py:925} INFO - DAG(s) 'daily_job_scraping' retrieved from /opt/airflow/dags/job_scraping_dag.py
[2026-03-22T03:49:11.004+0000] {logging_mixin.py:190} INFO - [2026-03-22T03:49:11.003+0000] {dag.py:3239} INFO - Sync 1 DAGs
[2026-03-22T03:49:11.088+0000] {logging_mixin.py:190} INFO - [2026-03-22T03:49:11.088+0000] {dag.py:4180} INFO - Setting next_dagrun for daily_job_scraping to 2026-03-21 12:00:00+00:00, run_after=2026-03-22 12:00:00+00:00
[2026-03-22T03:49:11.177+0000] {processor.py:208} INFO - Processing /opt/airflow/dags/job_scraping_dag.py took 3.297 seconds
[2026-03-22T03:49:41.763+0000] {processor.py:186} INFO - Started process (PID=226) to work on /opt/airflow/dags/job_scraping_dag.py
[2026-03-22T03:49:41.772+0000] {processor.py:914} INFO - Processing file /opt/airflow/dags/job_scraping_dag.py for tasks to queue
[2026-03-22T03:49:41.790+0000] {logging_mixin.py:190} INFO - [2026-03-22T03:49:41.789+0000] {dagbag.py:588} INFO - Filling up the DagBag from /opt/airflow/dags/job_scraping_dag.py
[2026-03-22T03:49:45.186+0000] {processor.py:925} INFO - DAG(s) 'daily_job_scraping' retrieved from /opt/airflow/dags/job_scraping_dag.py
[2026-03-22T03:49:45.282+0000] {logging_mixin.py:190} INFO - [2026-03-22T03:49:45.282+0000] {dag.py:3239} INFO - Sync 1 DAGs
[2026-03-22T03:49:45.423+0000] {logging_mixin.py:190} INFO - [2026-03-22T03:49:45.423+0000] {dag.py:4180} INFO - Setting next_dagrun for daily_job_scraping to 2026-03-21 12:00:00+00:00, run_after=2026-03-22 12:00:00+00:00
[2026-03-22T03:49:45.638+0000] {processor.py:208} INFO - Processing /opt/airflow/dags/job_scraping_dag.py took 3.902 seconds
[2026-03-22T03:50:16.025+0000] {processor.py:186} INFO - Started process (PID=232) to work on /opt/airflow/dags/job_scraping_dag.py
[2026-03-22T03:50:16.028+0000] {processor.py:914} INFO - Processing file /opt/airflow/dags/job_scraping_dag.py for tasks to queue
[2026-03-22T03:50:16.047+0000] {logging_mixin.py:190} INFO - [2026-03-22T03:50:16.042+0000] {dagbag.py:588} INFO - Filling up the DagBag from /opt/airflow/dags/job_scraping_dag.py
[2026-03-22T03:50:18.680+0000] {processor.py:925} INFO - DAG(s) 'daily_job_scraping' retrieved from /opt/airflow/dags/job_scraping_dag.py
[2026-03-22T03:50:18.836+0000] {logging_mixin.py:190} INFO - [2026-03-22T03:50:18.835+0000] {dag.py:3239} INFO - Sync 1 DAGs
[2026-03-22T03:50:18.939+0000] {logging_mixin.py:190} INFO - [2026-03-22T03:50:18.939+0000] {dag.py:4180} INFO - Setting next_dagrun for daily_job_scraping to 2026-03-21 12:00:00+00:00, run_after=2026-03-22 12:00:00+00:00
[2026-03-22T03:50:19.007+0000] {processor.py:208} INFO - Processing /opt/airflow/dags/job_scraping_dag.py took 3.016 seconds
[2026-03-22T03:50:49.627+0000] {processor.py:186} INFO - Started process (PID=242) to work on /opt/airflow/dags/job_scraping_dag.py
[2026-03-22T03:50:49.629+0000] {processor.py:914} INFO - Processing file /opt/airflow/dags/job_scraping_dag.py for tasks to queue
[2026-03-22T03:50:49.634+0000] {logging_mixin.py:190} INFO - [2026-03-22T03:50:49.633+0000] {dagbag.py:588} INFO - Filling up the DagBag from /opt/airflow/dags/job_scraping_dag.py
[2026-03-22T03:50:50.405+0000] {processor.py:925} INFO - DAG(s) 'daily_job_scraping' retrieved from /opt/airflow/dags/job_scraping_dag.py
[2026-03-22T03:50:50.451+0000] {logging_mixin.py:190} INFO - [2026-03-22T03:50:50.450+0000] {dag.py:3239} INFO - Sync 1 DAGs
[2026-03-22T03:50:50.487+0000] {logging_mixin.py:190} INFO - [2026-03-22T03:50:50.486+0000] {dag.py:4180} INFO - Setting next_dagrun for daily_job_scraping to 2026-03-21 12:00:00+00:00, run_after=2026-03-22 12:00:00+00:00
[2026-03-22T03:50:50.509+0000] {processor.py:208} INFO - Processing /opt/airflow/dags/job_scraping_dag.py took 0.891 seconds
[2026-03-22T03:51:20.943+0000] {processor.py:186} INFO - Started process (PID=248) to work on /opt/airflow/dags/job_scraping_dag.py
[2026-03-22T03:51:20.944+0000] {processor.py:914} INFO - Processing file /opt/airflow/dags/job_scraping_dag.py for tasks to queue
[2026-03-22T03:51:20.948+0000] {logging_mixin.py:190} INFO - [2026-03-22T03:51:20.947+0000] {dagbag.py:588} INFO - Filling up the DagBag from /opt/airflow/dags/job_scraping_dag.py
[2026-03-22T03:51:21.705+0000] {processor.py:925} INFO - DAG(s) 'daily_job_scraping' retrieved from /opt/airflow/dags/job_scraping_dag.py
[2026-03-22T03:51:21.754+0000] {logging_mixin.py:190} INFO - [2026-03-22T03:51:21.753+0000] {dag.py:3239} INFO - Sync 1 DAGs
[2026-03-22T03:51:21.787+0000] {logging_mixin.py:190} INFO - [2026-03-22T03:51:21.786+0000] {dag.py:4180} INFO - Setting next_dagrun for daily_job_scraping to 2026-03-21 12:00:00+00:00, run_after=2026-03-22 12:00:00+00:00
[2026-03-22T03:51:21.819+0000] {processor.py:208} INFO - Processing /opt/airflow/dags/job_scraping_dag.py took 0.887 seconds
[2026-03-22T03:51:52.379+0000] {processor.py:186} INFO - Started process (PID=254) to work on /opt/airflow/dags/job_scraping_dag.py
[2026-03-22T03:51:52.380+0000] {processor.py:914} INFO - Processing file /opt/airflow/dags/job_scraping_dag.py for tasks to queue
[2026-03-22T03:51:52.384+0000] {logging_mixin.py:190} INFO - [2026-03-22T03:51:52.383+0000] {dagbag.py:588} INFO - Filling up the DagBag from /opt/airflow/dags/job_scraping_dag.py
[2026-03-22T03:51:53.152+0000] {processor.py:925} INFO - DAG(s) 'daily_job_scraping' retrieved from /opt/airflow/dags/job_scraping_dag.py
[2026-03-22T03:51:53.180+0000] {logging_mixin.py:190} INFO - [2026-03-22T03:51:53.180+0000] {dag.py:3239} INFO - Sync 1 DAGs
[2026-03-22T03:51:53.202+0000] {logging_mixin.py:190} INFO - [2026-03-22T03:51:53.202+0000] {dag.py:4180} INFO - Setting next_dagrun for daily_job_scraping to 2026-03-21 12:00:00+00:00, run_after=2026-03-22 12:00:00+00:00
[2026-03-22T03:51:53.235+0000] {processor.py:208} INFO - Processing /opt/airflow/dags/job_scraping_dag.py took 0.863 seconds
[2026-03-22T03:52:23.706+0000] {processor.py:186} INFO - Started process (PID=260) to work on /opt/airflow/dags/job_scraping_dag.py
[2026-03-22T03:52:23.708+0000] {processor.py:914} INFO - Processing file /opt/airflow/dags/job_scraping_dag.py for tasks to queue
[2026-03-22T03:52:23.713+0000] {logging_mixin.py:190} INFO - [2026-03-22T03:52:23.712+0000] {dagbag.py:588} INFO - Filling up the DagBag from /opt/airflow/dags/job_scraping_dag.py
[2026-03-22T03:52:24.578+0000] {processor.py:925} INFO - DAG(s) 'daily_job_scraping' retrieved from /opt/airflow/dags/job_scraping_dag.py
[2026-03-22T03:52:24.611+0000] {logging_mixin.py:190} INFO - [2026-03-22T03:52:24.611+0000] {dag.py:3239} INFO - Sync 1 DAGs
[2026-03-22T03:52:24.637+0000] {logging_mixin.py:190} INFO - [2026-03-22T03:52:24.636+0000] {dag.py:4180} INFO - Setting next_dagrun for daily_job_scraping to 2026-03-21 12:00:00+00:00, run_after=2026-03-22 12:00:00+00:00
[2026-03-22T03:52:24.657+0000] {processor.py:208} INFO - Processing /opt/airflow/dags/job_scraping_dag.py took 0.960 seconds
[2026-03-22T03:52:55.117+0000] {processor.py:186} INFO - Started process (PID=266) to work on /opt/airflow/dags/job_scraping_dag.py
[2026-03-22T03:52:55.119+0000] {processor.py:914} INFO - Processing file /opt/airflow/dags/job_scraping_dag.py for tasks to queue
[2026-03-22T03:52:55.124+0000] {logging_mixin.py:190} INFO - [2026-03-22T03:52:55.123+0000] {dagbag.py:588} INFO - Filling up the DagBag from /opt/airflow/dags/job_scraping_dag.py
[2026-03-22T03:52:56.313+0000] {processor.py:925} INFO - DAG(s) 'daily_job_scraping' retrieved from /opt/airflow/dags/job_scraping_dag.py
[2026-03-22T03:52:56.359+0000] {logging_mixin.py:190} INFO - [2026-03-22T03:52:56.358+0000] {dag.py:3239} INFO - Sync 1 DAGs
[2026-03-22T03:52:56.398+0000] {logging_mixin.py:190} INFO - [2026-03-22T03:52:56.398+0000] {dag.py:4180} INFO - Setting next_dagrun for daily_job_scraping to 2026-03-21 12:00:00+00:00, run_after=2026-03-22 12:00:00+00:00
[2026-03-22T03:52:56.435+0000] {processor.py:208} INFO - Processing /opt/airflow/dags/job_scraping_dag.py took 1.328 seconds
[2026-03-22T03:53:26.964+0000] {processor.py:186} INFO - Started process (PID=272) to work on /opt/airflow/dags/job_scraping_dag.py
[2026-03-22T03:53:26.966+0000] {processor.py:914} INFO - Processing file /opt/airflow/dags/job_scraping_dag.py for tasks to queue
[2026-03-22T03:53:26.970+0000] {logging_mixin.py:190} INFO - [2026-03-22T03:53:26.969+0000] {dagbag.py:588} INFO - Filling up the DagBag from /opt/airflow/dags/job_scraping_dag.py
[2026-03-22T03:53:27.684+0000] {processor.py:925} INFO - DAG(s) 'daily_job_scraping' retrieved from /opt/airflow/dags/job_scraping_dag.py
[2026-03-22T03:53:27.715+0000] {logging_mixin.py:190} INFO - [2026-03-22T03:53:27.715+0000] {dag.py:3239} INFO - Sync 1 DAGs
[2026-03-22T03:53:27.738+0000] {logging_mixin.py:190} INFO - [2026-03-22T03:53:27.737+0000] {dag.py:4180} INFO - Setting next_dagrun for daily_job_scraping to 2026-03-21 12:00:00+00:00, run_after=2026-03-22 12:00:00+00:00
[2026-03-22T03:53:27.767+0000] {processor.py:208} INFO - Processing /opt/airflow/dags/job_scraping_dag.py took 0.812 seconds
[2026-03-22T03:53:57.884+0000] {processor.py:186} INFO - Started process (PID=278) to work on /opt/airflow/dags/job_scraping_dag.py
[2026-03-22T03:53:57.885+0000] {processor.py:914} INFO - Processing file /opt/airflow/dags/job_scraping_dag.py for tasks to queue
[2026-03-22T03:53:57.889+0000] {logging_mixin.py:190} INFO - [2026-03-22T03:53:57.888+0000] {dagbag.py:588} INFO - Filling up the DagBag from /opt/airflow/dags/job_scraping_dag.py
[2026-03-22T03:53:58.593+0000] {processor.py:925} INFO - DAG(s) 'daily_job_scraping' retrieved from /opt/airflow/dags/job_scraping_dag.py
[2026-03-22T03:53:58.624+0000] {logging_mixin.py:190} INFO - [2026-03-22T03:53:58.624+0000] {dag.py:3239} INFO - Sync 1 DAGs
[2026-03-22T03:53:58.647+0000] {logging_mixin.py:190} INFO - [2026-03-22T03:53:58.647+0000] {dag.py:4180} INFO - Setting next_dagrun for daily_job_scraping to 2026-03-21 12:00:00+00:00, run_after=2026-03-22 12:00:00+00:00
[2026-03-22T03:53:58.669+0000] {processor.py:208} INFO - Processing /opt/airflow/dags/job_scraping_dag.py took 0.795 seconds
[2026-03-22T03:54:29.082+0000] {processor.py:186} INFO - Started process (PID=284) to work on /opt/airflow/dags/job_scraping_dag.py
[2026-03-22T03:54:29.084+0000] {processor.py:914} INFO - Processing file /opt/airflow/dags/job_scraping_dag.py for tasks to queue
[2026-03-22T03:54:29.087+0000] {logging_mixin.py:190} INFO - [2026-03-22T03:54:29.087+0000] {dagbag.py:588} INFO - Filling up the DagBag from /opt/airflow/dags/job_scraping_dag.py
[2026-03-22T03:54:29.816+0000] {processor.py:925} INFO - DAG(s) 'daily_job_scraping' retrieved from /opt/airflow/dags/job_scraping_dag.py
[2026-03-22T03:54:29.851+0000] {logging_mixin.py:190} INFO - [2026-03-22T03:54:29.850+0000] {dag.py:3239} INFO - Sync 1 DAGs
[2026-03-22T03:54:29.880+0000] {logging_mixin.py:190} INFO - [2026-03-22T03:54:29.880+0000] {dag.py:4180} INFO - Setting next_dagrun for daily_job_scraping to 2026-03-21 12:00:00+00:00, run_after=2026-03-22 12:00:00+00:00
[2026-03-22T03:54:29.910+0000] {processor.py:208} INFO - Processing /opt/airflow/dags/job_scraping_dag.py took 0.838 seconds
[2026-03-22T03:55:00.023+0000] {processor.py:186} INFO - Started process (PID=290) to work on /opt/airflow/dags/job_scraping_dag.py
[2026-03-22T03:55:00.025+0000] {processor.py:914} INFO - Processing file /opt/airflow/dags/job_scraping_dag.py for tasks to queue
[2026-03-22T03:55:00.028+0000] {logging_mixin.py:190} INFO - [2026-03-22T03:55:00.028+0000] {dagbag.py:588} INFO - Filling up the DagBag from /opt/airflow/dags/job_scraping_dag.py
[2026-03-22T03:55:00.733+0000] {processor.py:925} INFO - DAG(s) 'daily_job_scraping' retrieved from /opt/airflow/dags/job_scraping_dag.py
[2026-03-22T03:55:00.765+0000] {logging_mixin.py:190} INFO - [2026-03-22T03:55:00.764+0000] {dag.py:3239} INFO - Sync 1 DAGs
[2026-03-22T03:55:00.789+0000] {logging_mixin.py:190} INFO - [2026-03-22T03:55:00.788+0000] {dag.py:4180} INFO - Setting next_dagrun for daily_job_scraping to 2026-03-21 12:00:00+00:00, run_after=2026-03-22 12:00:00+00:00
[2026-03-22T03:55:00.823+0000] {processor.py:208} INFO - Processing /opt/airflow/dags/job_scraping_dag.py took 0.808 seconds
[2026-03-22T03:55:31.436+0000] {processor.py:186} INFO - Started process (PID=296) to work on /opt/airflow/dags/job_scraping_dag.py
[2026-03-22T03:55:31.438+0000] {processor.py:914} INFO - Processing file /opt/airflow/dags/job_scraping_dag.py for tasks to queue
[2026-03-22T03:55:31.441+0000] {logging_mixin.py:190} INFO - [2026-03-22T03:55:31.441+0000] {dagbag.py:588} INFO - Filling up the DagBag from /opt/airflow/dags/job_scraping_dag.py
[2026-03-22T03:55:32.135+0000] {processor.py:925} INFO - DAG(s) 'daily_job_scraping' retrieved from /opt/airflow/dags/job_scraping_dag.py
[2026-03-22T03:55:32.165+0000] {logging_mixin.py:190} INFO - [2026-03-22T03:55:32.165+0000] {dag.py:3239} INFO - Sync 1 DAGs
[2026-03-22T03:55:32.188+0000] {logging_mixin.py:190} INFO - [2026-03-22T03:55:32.188+0000] {dag.py:4180} INFO - Setting next_dagrun for daily_job_scraping to 2026-03-21 12:00:00+00:00, run_after=2026-03-22 12:00:00+00:00
[2026-03-22T03:55:32.222+0000] {processor.py:208} INFO - Processing /opt/airflow/dags/job_scraping_dag.py took 0.793 seconds
[2026-03-22T03:56:02.753+0000] {processor.py:186} INFO - Started process (PID=302) to work on /opt/airflow/dags/job_scraping_dag.py
[2026-03-22T03:56:02.755+0000] {processor.py:914} INFO - Processing file /opt/airflow/dags/job_scraping_dag.py for tasks to queue
[2026-03-22T03:56:02.759+0000] {logging_mixin.py:190} INFO - [2026-03-22T03:56:02.759+0000] {dagbag.py:588} INFO - Filling up the DagBag from /opt/airflow/dags/job_scraping_dag.py
[2026-03-22T03:56:02.950+0000] {processor.py:925} INFO - DAG(s) 'daily_job_scraping' retrieved from /opt/airflow/dags/job_scraping_dag.py
[2026-03-22T03:56:02.432+0000] {logging_mixin.py:190} INFO - [2026-03-22T03:56:02.431+0000] {dag.py:3239} INFO - Sync 1 DAGs
[2026-03-22T03:56:02.479+0000] {logging_mixin.py:190} INFO - [2026-03-22T03:56:02.479+0000] {dag.py:4180} INFO - Setting next_dagrun for daily_job_scraping to 2026-03-21 12:00:00+00:00, run_after=2026-03-22 12:00:00+00:00
[2026-03-22T03:56:02.512+0000] {processor.py:208} INFO - Processing /opt/airflow/dags/job_scraping_dag.py took 0.829 seconds
[2026-03-22T03:56:33.064+0000] {processor.py:186} INFO - Started process (PID=308) to work on /opt/airflow/dags/job_scraping_dag.py
[2026-03-22T03:56:33.066+0000] {processor.py:914} INFO - Processing file /opt/airflow/dags/job_scraping_dag.py for tasks to queue
[2026-03-22T03:56:33.069+0000] {logging_mixin.py:190} INFO - [2026-03-22T03:56:33.069+0000] {dagbag.py:588} INFO - Filling up the DagBag from /opt/airflow/dags/job_scraping_dag.py
[2026-03-22T03:56:33.830+0000] {processor.py:925} INFO - DAG(s) 'daily_job_scraping' retrieved from /opt/airflow/dags/job_scraping_dag.py
[2026-03-22T03:56:33.872+0000] {logging_mixin.py:190} INFO - [2026-03-22T03:56:33.872+0000] {dag.py:3239} INFO - Sync 1 DAGs
[2026-03-22T03:56:33.914+0000] {logging_mixin.py:190} INFO - [2026-03-22T03:56:33.913+0000] {dag.py:4180} INFO - Setting next_dagrun for daily_job_scraping to 2026-03-21 12:00:00+00:00, run_after=2026-03-22 12:00:00+00:00
[2026-03-22T03:56:33.944+0000] {processor.py:208} INFO - Processing /opt/airflow/dags/job_scraping_dag.py took 0.888 seconds
[2026-03-22T03:57:04.470+0000] {processor.py:186} INFO - Started process (PID=314) to work on /opt/airflow/dags/job_scraping_dag.py
[2026-03-22T03:57:04.472+0000] {processor.py:914} INFO - Processing file /opt/airflow/dags/job_scraping_dag.py for tasks to queue
[2026-03-22T03:57:04.475+0000] {logging_mixin.py:190} INFO - [2026-03-22T03:57:04.475+0000] {dagbag.py:588} INFO - Filling up the DagBag from /opt/airflow/dags/job_scraping_dag.py
[2026-03-22T03:57:05.257+0000] {processor.py:925} INFO - DAG(s) 'daily_job_scraping' retrieved from /opt/airflow/dags/job_scraping_dag.py
[2026-03-22T03:57:05.308+0000] {logging_mixin.py:190} INFO - [2026-03-22T03:57:05.307+0000] {dag.py:3239} INFO - Sync 1 DAGs
[2026-03-22T03:57:05.349+0000] {logging_mixin.py:190} INFO - [2026-03-22T03:57:05.348+0000] {dag.py:4180} INFO - Setting next_dagrun for daily_job_scraping to 2026-03-21 12:00:00+00:00, run_after=2026-03-22 12:00:00+00:00
[2026-03-22T03:57:05.389+0000] {processor.py:208} INFO - Processing /opt/airflow/dags/job_scraping_dag.py took 0.927 seconds
[2026-03-22T03:57:35.996+0000] {processor.py:186} INFO - Started process (PID=320) to work on /opt/airflow/dags/job_scraping_dag.py
[2026-03-22T03:57:35.997+0000] {processor.py:914} INFO - Processing file /opt/airflow/dags/job_scraping_dag.py for tasks to queue
[2026-03-22T03:57:36.001+0000] {logging_mixin.py:190} INFO - [2026-03-22T03:57:36.000+0000] {dagbag.py:588} INFO - Filling up the DagBag from /opt/airflow/dags/job_scraping_dag.py
[2026-03-22T03:57:36.686+0000] {processor.py:925} INFO - DAG(s) 'daily_job_scraping' retrieved from /opt/airflow/dags/job_scraping_dag.py
[2026-03-22T03:57:36.716+0000] {logging_mixin.py:190} INFO - [2026-03-22T03:57:36.716+0000] {dag.py:3239} INFO - Sync 1 DAGs
[2026-03-22T03:57:36.740+0000] {logging_mixin.py:190} INFO - [2026-03-22T03:57:36.739+0000] {dag.py:4180} INFO - Setting next_dagrun for daily_job_scraping to 2026-03-21 12:00:00+00:00, run_after=2026-03-22 12:00:00+00:00
[2026-03-22T03:57:36.764+0000] {processor.py:208} INFO - Processing /opt/airflow/dags/job_scraping_dag.py took 0.777 seconds
[2026-03-22T03:58:07.290+0000] {processor.py:186} INFO - Started process (PID=326) to work on /opt/airflow/dags/job_scraping_dag.py
[2026-03-22T03:58:07.293+0000] {processor.py:914} INFO - Processing file /opt/airflow/dags/job_scraping_dag.py for tasks to queue
[2026-03-22T03:58:07.297+0000] {logging_mixin.py:190} INFO - [2026-03-22T03:58:07.297+0000] {dagbag.py:588} INFO - Filling up the DagBag from /opt/airflow/dags/job_scraping_dag.py
[2026-03-22T03:58:08.337+0000] {processor.py:925} INFO - DAG(s) 'daily_job_scraping' retrieved from /opt/airflow/dags/job_scraping_dag.py
[2026-03-22T03:58:08.383+0000] {logging_mixin.py:190} INFO - [2026-03-22T03:58:08.382+0000] {dag.py:3239} INFO - Sync 1 DAGs
[2026-03-22T03:58:08.432+0000] {logging_mixin.py:190} INFO - [2026-03-22T03:58:08.432+0000] {dag.py:4180} INFO - Setting next_dagrun for daily_job_scraping to 2026-03-21 12:00:00+00:00, run_after=2026-03-22 12:00:00+00:00
[2026-03-22T03:58:08.464+0000] {processor.py:208} INFO - Processing /opt/airflow/dags/job_scraping_dag.py took 1.192 seconds
[2026-03-22T03:58:38.843+0000] {processor.py:186} INFO - Started process (PID=332) to work on /opt/airflow/dags/job_scraping_dag.py
[2026-03-22T03:58:38.845+0000] {processor.py:914} INFO - Processing file /opt/airflow/dags/job_scraping_dag.py for tasks to queue
[2026-03-22T03:58:38.849+0000] {logging_mixin.py:190} INFO - [2026-03-22T03:58:38.849+0000] {dagbag.py:588} INFO - Filling up the DagBag from /opt/airflow/dags/job_scraping_dag.py
[2026-03-22T03:58:39.553+0000] {processor.py:925} INFO - DAG(s) 'daily_job_scraping' retrieved from /opt/airflow/dags/job_scraping_dag.py
[2026-03-22T03:58:39.584+0000] {logging_mixin.py:190} INFO - [2026-03-22T03:58:39.583+0000] {dag.py:3239} INFO - Sync 1 DAGs
[2026-03-22T03:58:39.608+0000] {logging_mixin.py:190} INFO - [2026-03-22T03:58:39.607+0000] {dag.py:4180} INFO - Setting next_dagrun for daily_job_scraping to 2026-03-21 12:00:00+00:00, run_after=2026-03-22 12:00:00+00:00
[2026-03-22T03:58:39.637+0000] {processor.py:208} INFO - Processing /opt/airflow/dags/job_scraping_dag.py took 0.802 seconds
[2026-03-22T03:59:10.203+0000] {processor.py:186} INFO - Started process (PID=338) to work on /opt/airflow/dags/job_scraping_dag.py
[2026-03-22T03:59:10.204+0000] {processor.py:914} INFO - Processing file /opt/airflow/dags/job_scraping_dag.py for tasks to queue
[2026-03-22T03:59:10.208+0000] {logging_mixin.py:190} INFO - [2026-03-22T03:59:10.207+0000] {dagbag.py:588} INFO - Filling up the DagBag from /opt/airflow/dags/job_scraping_dag.py
[2026-03-22T03:59:11.582+0000] {processor.py:925} INFO - DAG(s) 'daily_job_scraping' retrieved from /opt/airflow/dags/job_scraping_dag.py
[2026-03-22T03:59:11.662+0000] {logging_mixin.py:190} INFO - [2026-03-22T03:59:11.660+0000] {dag.py:3239} INFO - Sync 1 DAGs
[2026-03-22T03:59:11.720+0000] {logging_mixin.py:190} INFO - [2026-03-22T03:59:11.719+0000] {dag.py:4180} INFO - Setting next_dagrun for daily_job_scraping to 2026-03-21 12:00:00+00:00, run_after=2026-03-22 12:00:00+00:00
[2026-03-22T03:59:11.773+0000] {processor.py:208} INFO - Processing /opt/airflow/dags/job_scraping_dag.py took 1.579 seconds
[2026-03-22T03:59:41.928+0000] {processor.py:186} INFO - Started process (PID=344) to work on /opt/airflow/dags/job_scraping_dag.py
[2026-03-22T03:59:41.929+0000] {processor.py:914} INFO - Processing file /opt/airflow/dags/job_scraping_dag.py for tasks to queue
[2026-03-22T03:59:41.935+0000] {logging_mixin.py:190} INFO - [2026-03-22T03:59:41.934+0000] {dagbag.py:588} INFO - Filling up the DagBag from /opt/airflow/dags/job_scraping_dag.py
[2026-03-22T03:59:42.867+0000] {processor.py:925} INFO - DAG(s) 'daily_job_scraping' retrieved from /opt/airflow/dags/job_scraping_dag.py
[2026-03-22T03:59:42.917+0000] {logging_mixin.py:190} INFO - [2026-03-22T03:59:42.916+0000] {dag.py:3239} INFO - Sync 1 DAGs
[2026-03-22T03:59:42.949+0000] {logging_mixin.py:190} INFO - [2026-03-22T03:59:42.949+0000] {dag.py:4180} INFO - Setting next_dagrun for daily_job_scraping to 2026-03-21 12:00:00+00:00, run_after=2026-03-22 12:00:00+00:00
[2026-03-22T03:59:42.981+0000] {processor.py:208} INFO - Processing /opt/airflow/dags/job_scraping_dag.py took 1.062 seconds
[2026-03-22T04:00:13.599+0000] {processor.py:186} INFO - Started process (PID=350) to work on /opt/airflow/dags/job_scraping_dag.py
[2026-03-22T04:00:13.600+0000] {processor.py:914} INFO - Processing file /opt/airflow/dags/job_scraping_dag.py for tasks to queue
[2026-03-22T04:00:13.603+0000] {logging_mixin.py:190} INFO - [2026-03-22T04:00:13.603+0000] {dagbag.py:588} INFO - Filling up the DagBag from /opt/airflow/dags/job_scraping_dag.py
[2026-03-22T04:00:14.300+0000] {processor.py:925} INFO - DAG(s) 'daily_job_scraping' retrieved from /opt/airflow/dags/job_scraping_dag.py
[2026-03-22T04:00:14.338+0000] {logging_mixin.py:190} INFO - [2026-03-22T04:00:14.337+0000] {dag.py:3239} INFO - Sync 1 DAGs
[2026-03-22T04:00:14.378+0000] {logging_mixin.py:190} INFO - [2026-03-22T04:00:14.378+0000] {dag.py:4180} INFO - Setting next_dagrun for daily_job_scraping to 2026-03-21 12:00:00+00:00, run_after=2026-03-22 12:00:00+00:00
[2026-03-22T04:00:14.431+0000] {processor.py:208} INFO - Processing /opt/airflow/dags/job_scraping_dag.py took 0.840 seconds
[2026-03-22T04:00:45.069+0000] {processor.py:186} INFO - Started process (PID=356) to work on /opt/airflow/dags/job_scraping_dag.py
[2026-03-22T04:00:45.071+0000] {processor.py:914} INFO - Processing file /opt/airflow/dags/job_scraping_dag.py for tasks to queue
[2026-03-22T04:00:45.075+0000] {logging_mixin.py:190} INFO - [2026-03-22T04:00:45.074+0000] {dagbag.py:588} INFO - Filling up the DagBag from /opt/airflow/dags/job_scraping_dag.py
[2026-03-22T04:00:45.857+0000] {processor.py:925} INFO - DAG(s) 'daily_job_scraping' retrieved from /opt/airflow/dags/job_scraping_dag.py
[2026-03-22T04:00:45.895+0000] {logging_mixin.py:190} INFO - [2026-03-22T04:00:45.895+0000] {dag.py:3239} INFO - Sync 1 DAGs
[2026-03-22T04:00:45.938+0000] {logging_mixin.py:190} INFO - [2026-03-22T04:00:45.936+0000] {dag.py:4180} INFO - Setting next_dagrun for daily_job_scraping to 2026-03-21 12:00:00+00:00, run_after=2026-03-22 12:00:00+00:00
[2026-03-22T04:00:45.971+0000] {processor.py:208} INFO - Processing /opt/airflow/dags/job_scraping_dag.py took 0.912 seconds
[2026-03-22T04:01:16.509+0000] {processor.py:186} INFO - Started process (PID=362) to work on /opt/airflow/dags/job_scraping_dag.py
[2026-03-22T04:01:16.510+0000] {processor.py:914} INFO - Processing file /opt/airflow/dags/job_scraping_dag.py for tasks to queue
[2026-03-22T04:01:16.513+0000] {logging_mixin.py:190} INFO - [2026-03-22T04:01:16.513+0000] {dagbag.py:588} INFO - Filling up the DagBag from /opt/airflow/dags/job_scraping_dag.py
[2026-03-22T04:01:17.353+0000] {processor.py:925} INFO - DAG(s) 'daily_job_scraping' retrieved from /opt/airflow/dags/job_scraping_dag.py
[2026-03-22T04:01:17.409+0000] {logging_mixin.py:190} INFO - [2026-03-22T04:01:17.409+0000] {dag.py:3239} INFO - Sync 1 DAGs
[2026-03-22T04:01:17.436+0000] {logging_mixin.py:190} INFO - [2026-03-22T04:01:17.436+0000] {dag.py:4180} INFO - Setting next_dagrun for daily_job_scraping to 2026-03-21 12:00:00+00:00, run_after=2026-03-22 12:00:00+00:00
[2026-03-22T04:01:17.458+0000] {processor.py:208} INFO - Processing /opt/airflow/dags/job_scraping_dag.py took 0.957 seconds
[2026-03-22T04:01:48.052+0000] {processor.py:186} INFO - Started process (PID=368) to work on /opt/airflow/dags/job_scraping_dag.py
[2026-03-22T04:01:48.053+0000] {processor.py:914} INFO - Processing file /opt/airflow/dags/job_scraping_dag.py for tasks to queue
[2026-03-22T04:01:48.057+0000] {logging_mixin.py:190} INFO - [2026-03-22T04:01:48.057+0000] {dagbag.py:588} INFO - Filling up the DagBag from /opt/airflow/dags/job_scraping_dag.py
[2026-03-22T04:01:48.758+0000] {processor.py:925} INFO - DAG(s) 'daily_job_scraping' retrieved from /opt/airflow/dags/job_scraping_dag.py
[2026-03-22T04:01:48.789+0000] {logging_mixin.py:190} INFO - [2026-03-22T04:01:48.788+0000] {dag.py:3239} INFO - Sync 1 DAGs
[2026-03-22T04:01:48.811+0000] {logging_mixin.py:190} INFO - [2026-03-22T04:01:48.811+0000] {dag.py:4180} INFO - Setting next_dagrun for daily_job_scraping to 2026-03-21 12:00:00+00:00, run_after=2026-03-22 12:00:00+00:00
[2026-03-22T04:01:48.837+0000] {processor.py:208} INFO - Processing /opt/airflow/dags/job_scraping_dag.py took 0.792 seconds
[2026-03-22T04:02:19.346+0000] {processor.py:186} INFO - Started process (PID=374) to work on /opt/airflow/dags/job_scraping_dag.py
[2026-03-22T04:02:19.348+0000] {processor.py:914} INFO - Processing file /opt/airflow/dags/job_scraping_dag.py for tasks to queue
[2026-03-22T04:02:19.351+0000] {logging_mixin.py:190} INFO - [2026-03-22T04:02:19.351+0000] {dagbag.py:588} INFO - Filling up the DagBag from /opt/airflow/dags/job_scraping_dag.py
[2026-03-22T04:02:19.233+0000] {processor.py:925} INFO - DAG(s) 'daily_job_scraping' retrieved from /opt/airflow/dags/job_scraping_dag.py
[2026-03-22T04:02:19.275+0000] {logging_mixin.py:190} INFO - [2026-03-22T04:02:19.275+0000] {dag.py:3239} INFO - Sync 1 DAGs
[2026-03-22T04:02:19.323+0000] {logging_mixin.py:190} INFO - [2026-03-22T04:02:19.323+0000] {dag.py:4180} INFO - Setting next_dagrun for daily_job_scraping to 2026-03-21 12:00:00+00:00, run_after=2026-03-22 12:00:00+00:00
[2026-03-22T04:02:19.353+0000] {processor.py:208} INFO - Processing /opt/airflow/dags/job_scraping_dag.py took 1.056 seconds
[2026-03-22T04:02:49.824+0000] {processor.py:186} INFO - Started process (PID=380) to work on /opt/airflow/dags/job_scraping_dag.py
[2026-03-22T04:02:49.825+0000] {processor.py:914} INFO - Processing file /opt/airflow/dags/job_scraping_dag.py for tasks to queue
[2026-03-22T04:02:49.828+0000] {logging_mixin.py:190} INFO - [2026-03-22T04:02:49.828+0000] {dagbag.py:588} INFO - Filling up the DagBag from /opt/airflow/dags/job_scraping_dag.py
[2026-03-22T04:02:50.599+0000] {processor.py:925} INFO - DAG(s) 'daily_job_scraping' retrieved from /opt/airflow/dags/job_scraping_dag.py
[2026-03-22T04:02:50.635+0000] {logging_mixin.py:190} INFO - [2026-03-22T04:02:50.634+0000] {dag.py:3239} INFO - Sync 1 DAGs
[2026-03-22T04:02:50.662+0000] {logging_mixin.py:190} INFO - [2026-03-22T04:02:50.662+0000] {dag.py:4180} INFO - Setting next_dagrun for daily_job_scraping to 2026-03-21 12:00:00+00:00, run_after=2026-03-22 12:00:00+00:00
[2026-03-22T04:02:50.686+0000] {processor.py:208} INFO - Processing /opt/airflow/dags/job_scraping_dag.py took 0.870 seconds
[2026-03-22T04:03:21.101+0000] {processor.py:186} INFO - Started process (PID=386) to work on /opt/airflow/dags/job_scraping_dag.py
[2026-03-22T04:03:21.102+0000] {processor.py:914} INFO - Processing file /opt/airflow/dags/job_scraping_dag.py for tasks to queue
[2026-03-22T04:03:21.106+0000] {logging_mixin.py:190} INFO - [2026-03-22T04:03:21.105+0000] {dagbag.py:588} INFO - Filling up the DagBag from /opt/airflow/dags/job_scraping_dag.py
[2026-03-22T04:03:21.953+0000] {processor.py:925} INFO - DAG(s) 'daily_job_scraping' retrieved from /opt/airflow/dags/job_scraping_dag.py
[2026-03-22T04:03:22.003+0000] {logging_mixin.py:190} INFO - [2026-03-22T04:03:22.002+0000] {dag.py:3239} INFO - Sync 1 DAGs
[2026-03-22T04:03:22.031+0000] {logging_mixin.py:190} INFO - [2026-03-22T04:03:22.031+0000] {dag.py:4180} INFO - Setting next_dagrun for daily_job_scraping to 2026-03-21 12:00:00+00:00, run_after=2026-03-22 12:00:00+00:00
[2026-03-22T04:03:22.055+0000] {processor.py:208} INFO - Processing /opt/airflow/dags/job_scraping_dag.py took 0.964 seconds
[2026-03-22T04:03:52.422+0000] {processor.py:186} INFO - Started process (PID=392) to work on /opt/airflow/dags/job_scraping_dag.py
[2026-03-22T04:03:52.424+0000] {processor.py:914} INFO - Processing file /opt/airflow/dags/job_scraping_dag.py for tasks to queue
[2026-03-22T04:03:52.427+0000] {logging_mixin.py:190} INFO - [2026-03-22T04:03:52.427+0000] {dagbag.py:588} INFO - Filling up the DagBag from /opt/airflow/dags/job_scraping_dag.py
[2026-03-22T04:03:53.252+0000] {processor.py:925} INFO - DAG(s) 'daily_job_scraping' retrieved from /opt/airflow/dags/job_scraping_dag.py
[2026-03-22T04:03:53.286+0000] {logging_mixin.py:190} INFO - [2026-03-22T04:03:53.285+0000] {dag.py:3239} INFO - Sync 1 DAGs
[2026-03-22T04:03:53.310+0000] {logging_mixin.py:190} INFO - [2026-03-22T04:03:53.310+0000] {dag.py:4180} INFO - Setting next_dagrun for daily_job_scraping to 2026-03-21 12:00:00+00:00, run_after=2026-03-22 12:00:00+00:00
[2026-03-22T04:03:53.339+0000] {processor.py:208} INFO - Processing /opt/airflow/dags/job_scraping_dag.py took 0.927 seconds
[2026-03-22T04:04:23.968+0000] {processor.py:186} INFO - Started process (PID=398) to work on /opt/airflow/dags/job_scraping_dag.py
[2026-03-22T04:04:23.970+0000] {processor.py:914} INFO - Processing file /opt/airflow/dags/job_scraping_dag.py for tasks to queue
[2026-03-22T04:04:23.973+0000] {logging_mixin.py:190} INFO - [2026-03-22T04:04:23.973+0000] {dagbag.py:588} INFO - Filling up the DagBag from /opt/airflow/dags/job_scraping_dag.py
[2026-03-22T04:04:24.767+0000] {processor.py:925} INFO - DAG(s) 'daily_job_scraping' retrieved from /opt/airflow/dags/job_scraping_dag.py
[2026-03-22T04:04:24.800+0000] {logging_mixin.py:190} INFO - [2026-03-22T04:04:24.800+0000] {dag.py:3239} INFO - Sync 1 DAGs
[2026-03-22T04:04:24.823+0000] {logging_mixin.py:190} INFO - [2026-03-22T04:04:24.823+0000] {dag.py:4180} INFO - Setting next_dagrun for daily_job_scraping to 2026-03-21 12:00:00+00:00, run_after=2026-03-22 12:00:00+00:00
[2026-03-22T04:04:24.847+0000] {processor.py:208} INFO - Processing /opt/airflow/dags/job_scraping_dag.py took 0.887 seconds
[2026-03-22T04:04:55.426+0000] {processor.py:186} INFO - Started process (PID=404) to work on /opt/airflow/dags/job_scraping_dag.py
[2026-03-22T04:04:55.428+0000] {processor.py:914} INFO - Processing file /opt/airflow/dags/job_scraping_dag.py for tasks to queue
[2026-03-22T04:04:55.433+0000] {logging_mixin.py:190} INFO - [2026-03-22T04:04:55.433+0000] {dagbag.py:588} INFO - Filling up the DagBag from /opt/airflow/dags/job_scraping_dag.py
[2026-03-22T04:04:56.211+0000] {processor.py:925} INFO - DAG(s) 'daily_job_scraping' retrieved from /opt/airflow/dags/job_scraping_dag.py
[2026-03-22T04:04:56.241+0000] {logging_mixin.py:190} INFO - [2026-03-22T04:04:56.241+0000] {dag.py:3239} INFO - Sync 1 DAGs
[2026-03-22T04:04:56.266+0000] {logging_mixin.py:190} INFO - [2026-03-22T04:04:56.265+0000] {dag.py:4180} INFO - Setting next_dagrun for daily_job_scraping to 2026-03-21 12:00:00+00:00, run_after=2026-03-22 12:00:00+00:00
[2026-03-22T04:04:56.295+0000] {processor.py:208} INFO - Processing /opt/airflow/dags/job_scraping_dag.py took 0.879 seconds
[2026-03-22T04:05:26.944+0000] {processor.py:186} INFO - Started process (PID=410) to work on /opt/airflow/dags/job_scraping_dag.py
[2026-03-22T04:05:26.945+0000] {processor.py:914} INFO - Processing file /opt/airflow/dags/job_scraping_dag.py for tasks to queue
[2026-03-22T04:05:26.949+0000] {logging_mixin.py:190} INFO - [2026-03-22T04:05:26.949+0000] {dagbag.py:588} INFO - Filling up the DagBag from /opt/airflow/dags/job_scraping_dag.py
[2026-03-22T04:05:28.136+0000] {processor.py:925} INFO - DAG(s) 'daily_job_scraping' retrieved from /opt/airflow/dags/job_scraping_dag.py
[2026-03-22T04:05:28.172+0000] {logging_mixin.py:190} INFO - [2026-03-22T04:05:28.171+0000] {dag.py:3239} INFO - Sync 1 DAGs
[2026-03-22T04:05:28.199+0000] {logging_mixin.py:190} INFO - [2026-03-22T04:05:28.198+0000] {dag.py:4180} INFO - Setting next_dagrun for daily_job_scraping to 2026-03-21 12:00:00+00:00, run_after=2026-03-22 12:00:00+00:00
[2026-03-22T04:05:28.225+0000] {processor.py:208} INFO - Processing /opt/airflow/dags/job_scraping_dag.py took 1.289 seconds
[2026-03-22T04:05:58.358+0000] {processor.py:186} INFO - Started process (PID=416) to work on /opt/airflow/dags/job_scraping_dag.py
[2026-03-22T04:05:58.360+0000] {processor.py:914} INFO - Processing file /opt/airflow/dags/job_scraping_dag.py for tasks to queue
[2026-03-22T04:05:58.363+0000] {logging_mixin.py:190} INFO - [2026-03-22T04:05:58.363+0000] {dagbag.py:588} INFO - Filling up the DagBag from /opt/airflow/dags/job_scraping_dag.py
[2026-03-22T04:06:00.893+0000] {processor.py:925} INFO - DAG(s) 'daily_job_scraping' retrieved from /opt/airflow/dags/job_scraping_dag.py
[2026-03-22T04:06:00.968+0000] {logging_mixin.py:190} INFO - [2026-03-22T04:06:00.967+0000] {dag.py:3239} INFO - Sync 1 DAGs
[2026-03-22T04:06:01.037+0000] {logging_mixin.py:190} INFO - [2026-03-22T04:06:01.036+0000] {dag.py:4180} INFO - Setting next_dagrun for daily_job_scraping to 2026-03-21 12:00:00+00:00, run_after=2026-03-22 12:00:00+00:00
[2026-03-22T04:06:01.115+0000] {processor.py:208} INFO - Processing /opt/airflow/dags/job_scraping_dag.py took 2.767 seconds
[2026-03-22T04:06:31.434+0000] {processor.py:186} INFO - Started process (PID=436) to work on /opt/airflow/dags/job_scraping_dag.py
[2026-03-22T04:06:31.441+0000] {processor.py:914} INFO - Processing file /opt/airflow/dags/job_scraping_dag.py for tasks to queue
[2026-03-22T04:06:31.449+0000] {logging_mixin.py:190} INFO - [2026-03-22T04:06:31.448+0000] {dagbag.py:588} INFO - Filling up the DagBag from /opt/airflow/dags/job_scraping_dag.py
[2026-03-22T04:06:33.879+0000] {processor.py:925} INFO - DAG(s) 'daily_job_scraping' retrieved from /opt/airflow/dags/job_scraping_dag.py
[2026-03-22T04:06:33.983+0000] {logging_mixin.py:190} INFO - [2026-03-22T04:06:33.982+0000] {dag.py:3239} INFO - Sync 1 DAGs
[2026-03-22T04:06:34.071+0000] {logging_mixin.py:190} INFO - [2026-03-22T04:06:34.070+0000] {dag.py:4180} INFO - Setting next_dagrun for daily_job_scraping to 2026-03-21 12:00:00+00:00, run_after=2026-03-22 12:00:00+00:00
[2026-03-22T04:06:34.161+0000] {processor.py:208} INFO - Processing /opt/airflow/dags/job_scraping_dag.py took 2.750 seconds
[2026-03-22T04:07:05.242+0000] {processor.py:186} INFO - Started process (PID=442) to work on /opt/airflow/dags/job_scraping_dag.py
[2026-03-22T04:07:05.251+0000] {processor.py:914} INFO - Processing file /opt/airflow/dags/job_scraping_dag.py for tasks to queue
[2026-03-22T04:07:05.271+0000] {logging_mixin.py:190} INFO - [2026-03-22T04:07:05.270+0000] {dagbag.py:588} INFO - Filling up the DagBag from /opt/airflow/dags/job_scraping_dag.py
[2026-03-22T04:07:07.794+0000] {processor.py:925} INFO - DAG(s) 'daily_job_scraping' retrieved from /opt/airflow/dags/job_scraping_dag.py
[2026-03-22T04:07:07.867+0000] {logging_mixin.py:190} INFO - [2026-03-22T04:07:07.867+0000] {dag.py:3239} INFO - Sync 1 DAGs
[2026-03-22T04:07:07.930+0000] {logging_mixin.py:190} INFO - [2026-03-22T04:07:07.929+0000] {dag.py:4180} INFO - Setting next_dagrun for daily_job_scraping to 2026-03-21 12:00:00+00:00, run_after=2026-03-22 12:00:00+00:00
[2026-03-22T04:07:08.028+0000] {processor.py:208} INFO - Processing /opt/airflow/dags/job_scraping_dag.py took 2.902 seconds
[2026-03-22T04:07:38.671+0000] {processor.py:186} INFO - Started process (PID=448) to work on /opt/airflow/dags/job_scraping_dag.py
[2026-03-22T04:07:38.676+0000] {processor.py:914} INFO - Processing file /opt/airflow/dags/job_scraping_dag.py for tasks to queue
[2026-03-22T04:07:38.755+0000] {logging_mixin.py:190} INFO - [2026-03-22T04:07:38.743+0000] {dagbag.py:588} INFO - Filling up the DagBag from /opt/airflow/dags/job_scraping_dag.py
[2026-03-22T04:07:42.901+0000] {processor.py:925} INFO - DAG(s) 'daily_job_scraping' retrieved from /opt/airflow/dags/job_scraping_dag.py
[2026-03-22T04:07:43.001+0000] {logging_mixin.py:190} INFO - [2026-03-22T04:07:42.998+0000] {dag.py:3239} INFO - Sync 1 DAGs
[2026-03-22T04:07:43.091+0000] {logging_mixin.py:190} INFO - [2026-03-22T04:07:43.091+0000] {dag.py:4180} INFO - Setting next_dagrun for daily_job_scraping to 2026-03-21 12:00:00+00:00, run_after=2026-03-22 12:00:00+00:00
[2026-03-22T04:07:43.206+0000] {processor.py:208} INFO - Processing /opt/airflow/dags/job_scraping_dag.py took 4.566 seconds
[2026-03-22T04:08:13.912+0000] {processor.py:186} INFO - Started process (PID=454) to work on /opt/airflow/dags/job_scraping_dag.py
[2026-03-22T04:08:13.922+0000] {processor.py:914} INFO - Processing file /opt/airflow/dags/job_scraping_dag.py for tasks to queue
[2026-03-22T04:08:14.021+0000] {logging_mixin.py:190} INFO - [2026-03-22T04:08:14.020+0000] {dagbag.py:588} INFO - Filling up the DagBag from /opt/airflow/dags/job_scraping_dag.py
[2026-03-22T04:08:16.381+0000] {processor.py:925} INFO - DAG(s) 'daily_job_scraping' retrieved from /opt/airflow/dags/job_scraping_dag.py
[2026-03-22T04:08:16.461+0000] {logging_mixin.py:190} INFO - [2026-03-22T04:08:16.460+0000] {dag.py:3239} INFO - Sync 1 DAGs
[2026-03-22T04:08:16.522+0000] {logging_mixin.py:190} INFO - [2026-03-22T04:08:16.521+0000] {dag.py:4180} INFO - Setting next_dagrun for daily_job_scraping to 2026-03-21 12:00:00+00:00, run_after=2026-03-22 12:00:00+00:00
[2026-03-22T04:08:16.570+0000] {processor.py:208} INFO - Processing /opt/airflow/dags/job_scraping_dag.py took 2.685 seconds
[2026-03-22T04:08:47.192+0000] {processor.py:186} INFO - Started process (PID=460) to work on /opt/airflow/dags/job_scraping_dag.py
[2026-03-22T04:08:47.199+0000] {processor.py:914} INFO - Processing file /opt/airflow/dags/job_scraping_dag.py for tasks to queue
[2026-03-22T04:08:47.209+0000] {logging_mixin.py:190} INFO - [2026-03-22T04:08:47.208+0000] {dagbag.py:588} INFO - Filling up the DagBag from /opt/airflow/dags/job_scraping_dag.py
[2026-03-22T04:08:49.744+0000] {processor.py:925} INFO - DAG(s) 'daily_job_scraping' retrieved from /opt/airflow/dags/job_scraping_dag.py
[2026-03-22T04:08:49.868+0000] {logging_mixin.py:190} INFO - [2026-03-22T04:08:49.867+0000] {dag.py:3239} INFO - Sync 1 DAGs
[2026-03-22T04:08:49.963+0000] {logging_mixin.py:190} INFO - [2026-03-22T04:08:49.962+0000] {dag.py:4180} INFO - Setting next_dagrun for daily_job_scraping to 2026-03-21 12:00:00+00:00, run_after=2026-03-22 12:00:00+00:00
[2026-03-22T04:08:50.053+0000] {processor.py:208} INFO - Processing /opt/airflow/dags/job_scraping_dag.py took 2.898 seconds
[2026-03-22T04:09:20.559+0000] {processor.py:186} INFO - Started process (PID=470) to work on /opt/airflow/dags/job_scraping_dag.py
[2026-03-22T04:09:20.560+0000] {processor.py:914} INFO - Processing file /opt/airflow/dags/job_scraping_dag.py for tasks to queue
[2026-03-22T04:09:20.564+0000] {logging_mixin.py:190} INFO - [2026-03-22T04:09:20.563+0000] {dagbag.py:588} INFO - Filling up the DagBag from /opt/airflow/dags/job_scraping_dag.py
[2026-03-22T04:09:21.252+0000] {processor.py:925} INFO - DAG(s) 'daily_job_scraping' retrieved from /opt/airflow/dags/job_scraping_dag.py
[2026-03-22T04:09:21.282+0000] {logging_mixin.py:190} INFO - [2026-03-22T04:09:21.282+0000] {dag.py:3239} INFO - Sync 1 DAGs
[2026-03-22T04:09:21.306+0000] {logging_mixin.py:190} INFO - [2026-03-22T04:09:21.306+0000] {dag.py:4180} INFO - Setting next_dagrun for daily_job_scraping to 2026-03-21 12:00:00+00:00, run_after=2026-03-22 12:00:00+00:00
[2026-03-22T04:09:21.328+0000] {processor.py:208} INFO - Processing /opt/airflow/dags/job_scraping_dag.py took 0.777 seconds
[2026-03-22T04:09:51.801+0000] {processor.py:186} INFO - Started process (PID=476) to work on /opt/airflow/dags/job_scraping_dag.py
[2026-03-22T04:09:51.803+0000] {processor.py:914} INFO - Processing file /opt/airflow/dags/job_scraping_dag.py for tasks to queue
[2026-03-22T04:09:51.806+0000] {logging_mixin.py:190} INFO - [2026-03-22T04:09:51.806+0000] {dagbag.py:588} INFO - Filling up the DagBag from /opt/airflow/dags/job_scraping_dag.py
[2026-03-22T04:09:52.489+0000] {processor.py:925} INFO - DAG(s) 'daily_job_scraping' retrieved from /opt/airflow/dags/job_scraping_dag.py
[2026-03-22T04:09:52.523+0000] {logging_mixin.py:190} INFO - [2026-03-22T04:09:52.522+0000] {dag.py:3239} INFO - Sync 1 DAGs
[2026-03-22T04:09:52.546+0000] {logging_mixin.py:190} INFO - [2026-03-22T04:09:52.546+0000] {dag.py:4180} INFO - Setting next_dagrun for daily_job_scraping to 2026-03-21 12:00:00+00:00, run_after=2026-03-22 12:00:00+00:00
[2026-03-22T04:09:52.571+0000] {processor.py:208} INFO - Processing /opt/airflow/dags/job_scraping_dag.py took 0.778 seconds
[2026-03-22T04:10:23.296+0000] {processor.py:186} INFO - Started process (PID=482) to work on /opt/airflow/dags/job_scraping_dag.py
[2026-03-22T04:10:23.297+0000] {processor.py:914} INFO - Processing file /opt/airflow/dags/job_scraping_dag.py for tasks to queue
[2026-03-22T04:10:23.301+0000] {logging_mixin.py:190} INFO - [2026-03-22T04:10:23.301+0000] {dagbag.py:588} INFO - Filling up the DagBag from /opt/airflow/dags/job_scraping_dag.py
[2026-03-22T04:10:24.003+0000] {processor.py:925} INFO - DAG(s) 'daily_job_scraping' retrieved from /opt/airflow/dags/job_scraping_dag.py
[2026-03-22T04:10:24.033+0000] {logging_mixin.py:190} INFO - [2026-03-22T04:10:24.033+0000] {dag.py:3239} INFO - Sync 1 DAGs
[2026-03-22T04:10:24.057+0000] {logging_mixin.py:190} INFO - [2026-03-22T04:10:24.057+0000] {dag.py:4180} INFO - Setting next_dagrun for daily_job_scraping to 2026-03-21 12:00:00+00:00, run_after=2026-03-22 12:00:00+00:00
[2026-03-22T04:10:24.080+0000] {processor.py:208} INFO - Processing /opt/airflow/dags/job_scraping_dag.py took 0.795 seconds
[2026-03-22T04:10:54.565+0000] {processor.py:186} INFO - Started process (PID=488) to work on /opt/airflow/dags/job_scraping_dag.py
[2026-03-22T04:10:54.567+0000] {processor.py:914} INFO - Processing file /opt/airflow/dags/job_scraping_dag.py for tasks to queue
[2026-03-22T04:10:54.572+0000] {logging_mixin.py:190} INFO - [2026-03-22T04:10:54.571+0000] {dagbag.py:588} INFO - Filling up the DagBag from /opt/airflow/dags/job_scraping_dag.py
[2026-03-22T04:10:55.447+0000] {processor.py:925} INFO - DAG(s) 'daily_job_scraping' retrieved from /opt/airflow/dags/job_scraping_dag.py
[2026-03-22T04:10:55.488+0000] {logging_mixin.py:190} INFO - [2026-03-22T04:10:55.487+0000] {dag.py:3239} INFO - Sync 1 DAGs
[2026-03-22T04:10:55.513+0000] {logging_mixin.py:190} INFO - [2026-03-22T04:10:55.513+0000] {dag.py:4180} INFO - Setting next_dagrun for daily_job_scraping to 2026-03-21 12:00:00+00:00, run_after=2026-03-22 12:00:00+00:00
[2026-03-22T04:10:55.536+0000] {processor.py:208} INFO - Processing /opt/airflow/dags/job_scraping_dag.py took 0.987 seconds
[2026-03-22T04:11:25.989+0000] {processor.py:186} INFO - Started process (PID=494) to work on /opt/airflow/dags/job_scraping_dag.py
[2026-03-22T04:11:25.991+0000] {processor.py:914} INFO - Processing file /opt/airflow/dags/job_scraping_dag.py for tasks to queue
[2026-03-22T04:11:25.995+0000] {logging_mixin.py:190} INFO - [2026-03-22T04:11:25.994+0000] {dagbag.py:588} INFO - Filling up the DagBag from /opt/airflow/dags/job_scraping_dag.py
[2026-03-22T04:11:26.689+0000] {processor.py:925} INFO - DAG(s) 'daily_job_scraping' retrieved from /opt/airflow/dags/job_scraping_dag.py
[2026-03-22T04:11:26.719+0000] {logging_mixin.py:190} INFO - [2026-03-22T04:11:26.718+0000] {dag.py:3239} INFO - Sync 1 DAGs
[2026-03-22T04:11:26.742+0000] {logging_mixin.py:190} INFO - [2026-03-22T04:11:26.741+0000] {dag.py:4180} INFO - Setting next_dagrun for daily_job_scraping to 2026-03-21 12:00:00+00:00, run_after=2026-03-22 12:00:00+00:00
[2026-03-22T04:11:26.776+0000] {processor.py:208} INFO - Processing /opt/airflow/dags/job_scraping_dag.py took 0.806 seconds
[2026-03-22T04:11:57.305+0000] {processor.py:186} INFO - Started process (PID=500) to work on /opt/airflow/dags/job_scraping_dag.py
[2026-03-22T04:11:57.307+0000] {processor.py:914} INFO - Processing file /opt/airflow/dags/job_scraping_dag.py for tasks to queue
[2026-03-22T04:11:57.314+0000] {logging_mixin.py:190} INFO - [2026-03-22T04:11:57.313+0000] {dagbag.py:588} INFO - Filling up the DagBag from /opt/airflow/dags/job_scraping_dag.py
[2026-03-22T04:11:58.111+0000] {processor.py:925} INFO - DAG(s) 'daily_job_scraping' retrieved from /opt/airflow/dags/job_scraping_dag.py
[2026-03-22T04:11:58.141+0000] {logging_mixin.py:190} INFO - [2026-03-22T04:11:58.141+0000] {dag.py:3239} INFO - Sync 1 DAGs
[2026-03-22T04:11:58.166+0000] {logging_mixin.py:190} INFO - [2026-03-22T04:11:58.166+0000] {dag.py:4180} INFO - Setting next_dagrun for daily_job_scraping to 2026-03-21 12:00:00+00:00, run_after=2026-03-22 12:00:00+00:00
[2026-03-22T04:11:58.200+0000] {processor.py:208} INFO - Processing /opt/airflow/dags/job_scraping_dag.py took 0.906 seconds
[2026-03-22T04:12:28.745+0000] {processor.py:186} INFO - Started process (PID=506) to work on /opt/airflow/dags/job_scraping_dag.py
[2026-03-22T04:12:28.747+0000] {processor.py:914} INFO - Processing file /opt/airflow/dags/job_scraping_dag.py for tasks to queue
[2026-03-22T04:12:28.750+0000] {logging_mixin.py:190} INFO - [2026-03-22T04:12:28.749+0000] {dagbag.py:588} INFO - Filling up the DagBag from /opt/airflow/dags/job_scraping_dag.py
[2026-03-22T04:12:29.470+0000] {processor.py:925} INFO - DAG(s) 'daily_job_scraping' retrieved from /opt/airflow/dags/job_scraping_dag.py
[2026-03-22T04:12:29.500+0000] {logging_mixin.py:190} INFO - [2026-03-22T04:12:29.499+0000] {dag.py:3239} INFO - Sync 1 DAGs
[2026-03-22T04:12:29.523+0000] {logging_mixin.py:190} INFO - [2026-03-22T04:12:29.523+0000] {dag.py:4180} INFO - Setting next_dagrun for daily_job_scraping to 2026-03-21 12:00:00+00:00, run_after=2026-03-22 12:00:00+00:00
[2026-03-22T04:12:29.549+0000] {processor.py:208} INFO - Processing /opt/airflow/dags/job_scraping_dag.py took 0.815 seconds
[2026-03-22T04:13:00.047+0000] {processor.py:186} INFO - Started process (PID=512) to work on /opt/airflow/dags/job_scraping_dag.py
[2026-03-22T04:13:00.048+0000] {processor.py:914} INFO - Processing file /opt/airflow/dags/job_scraping_dag.py for tasks to queue
[2026-03-22T04:13:00.052+0000] {logging_mixin.py:190} INFO - [2026-03-22T04:13:00.052+0000] {dagbag.py:588} INFO - Filling up the DagBag from /opt/airflow/dags/job_scraping_dag.py
[2026-03-22T04:13:00.750+0000] {processor.py:925} INFO - DAG(s) 'daily_job_scraping' retrieved from /opt/airflow/dags/job_scraping_dag.py
[2026-03-22T04:13:00.781+0000] {logging_mixin.py:190} INFO - [2026-03-22T04:13:00.781+0000] {dag.py:3239} INFO - Sync 1 DAGs
[2026-03-22T04:13:00.805+0000] {logging_mixin.py:190} INFO - [2026-03-22T04:13:00.805+0000] {dag.py:4180} INFO - Setting next_dagrun for daily_job_scraping to 2026-03-21 12:00:00+00:00, run_after=2026-03-22 12:00:00+00:00
[2026-03-22T04:13:00.829+0000] {processor.py:208} INFO - Processing /opt/airflow/dags/job_scraping_dag.py took 0.791 seconds
[2026-03-22T04:13:31.322+0000] {processor.py:186} INFO - Started process (PID=518) to work on /opt/airflow/dags/job_scraping_dag.py
[2026-03-22T04:13:31.325+0000] {processor.py:914} INFO - Processing file /opt/airflow/dags/job_scraping_dag.py for tasks to queue
[2026-03-22T04:13:31.330+0000] {logging_mixin.py:190} INFO - [2026-03-22T04:13:31.329+0000] {dagbag.py:588} INFO - Filling up the DagBag from /opt/airflow/dags/job_scraping_dag.py
[2026-03-22T04:13:32.080+0000] {processor.py:925} INFO - DAG(s) 'daily_job_scraping' retrieved from /opt/airflow/dags/job_scraping_dag.py
[2026-03-22T04:13:32.109+0000] {logging_mixin.py:190} INFO - [2026-03-22T04:13:32.109+0000] {dag.py:3239} INFO - Sync 1 DAGs
[2026-03-22T04:13:32.132+0000] {logging_mixin.py:190} INFO - [2026-03-22T04:13:32.132+0000] {dag.py:4180} INFO - Setting next_dagrun for daily_job_scraping to 2026-03-21 12:00:00+00:00, run_after=2026-03-22 12:00:00+00:00
[2026-03-22T04:13:32.162+0000] {processor.py:208} INFO - Processing /opt/airflow/dags/job_scraping_dag.py took 0.851 seconds
[2026-03-22T04:14:02.658+0000] {processor.py:186} INFO - Started process (PID=524) to work on /opt/airflow/dags/job_scraping_dag.py
[2026-03-22T04:14:02.660+0000] {processor.py:914} INFO - Processing file /opt/airflow/dags/job_scraping_dag.py for tasks to queue
[2026-03-22T04:14:02.663+0000] {logging_mixin.py:190} INFO - [2026-03-22T04:14:02.663+0000] {dagbag.py:588} INFO - Filling up the DagBag from /opt/airflow/dags/job_scraping_dag.py
[2026-03-22T04:14:03.357+0000] {processor.py:925} INFO - DAG(s) 'daily_job_scraping' retrieved from /opt/airflow/dags/job_scraping_dag.py
[2026-03-22T04:14:03.388+0000] {logging_mixin.py:190} INFO - [2026-03-22T04:14:03.388+0000] {dag.py:3239} INFO - Sync 1 DAGs
[2026-03-22T04:14:03.410+0000] {logging_mixin.py:190} INFO - [2026-03-22T04:14:03.410+0000] {dag.py:4180} INFO - Setting next_dagrun for daily_job_scraping to 2026-03-21 12:00:00+00:00, run_after=2026-03-22 12:00:00+00:00
[2026-03-22T04:14:03.435+0000] {processor.py:208} INFO - Processing /opt/airflow/dags/job_scraping_dag.py took 0.785 seconds
[2026-03-22T04:14:33.551+0000] {processor.py:186} INFO - Started process (PID=530) to work on /opt/airflow/dags/job_scraping_dag.py
[2026-03-22T04:14:33.553+0000] {processor.py:914} INFO - Processing file /opt/airflow/dags/job_scraping_dag.py for tasks to queue
[2026-03-22T04:14:33.558+0000] {logging_mixin.py:190} INFO - [2026-03-22T04:14:33.557+0000] {dagbag.py:588} INFO - Filling up the DagBag from /opt/airflow/dags/job_scraping_dag.py
[2026-03-22T04:14:34.362+0000] {processor.py:925} INFO - DAG(s) 'daily_job_scraping' retrieved from /opt/airflow/dags/job_scraping_dag.py
[2026-03-22T04:14:34.394+0000] {logging_mixin.py:190} INFO - [2026-03-22T04:14:34.393+0000] {dag.py:3239} INFO - Sync 1 DAGs
[2026-03-22T04:14:34.417+0000] {logging_mixin.py:190} INFO - [2026-03-22T04:14:34.417+0000] {dag.py:4180} INFO - Setting next_dagrun for daily_job_scraping to 2026-03-21 12:00:00+00:00, run_after=2026-03-22 12:00:00+00:00
[2026-03-22T04:14:34.442+0000] {processor.py:208} INFO - Processing /opt/airflow/dags/job_scraping_dag.py took 0.910 seconds
[2026-03-22T04:15:05.022+0000] {processor.py:186} INFO - Started process (PID=536) to work on /opt/airflow/dags/job_scraping_dag.py
[2026-03-22T04:15:05.024+0000] {processor.py:914} INFO - Processing file /opt/airflow/dags/job_scraping_dag.py for tasks to queue
[2026-03-22T04:15:05.044+0000] {logging_mixin.py:190} INFO - [2026-03-22T04:15:05.042+0000] {dagbag.py:588} INFO - Filling up the DagBag from /opt/airflow/dags/job_scraping_dag.py
[2026-03-22T04:15:06.092+0000] {processor.py:925} INFO - DAG(s) 'daily_job_scraping' retrieved from /opt/airflow/dags/job_scraping_dag.py
[2026-03-22T04:15:06.142+0000] {logging_mixin.py:190} INFO - [2026-03-22T04:15:06.142+0000] {dag.py:3239} INFO - Sync 1 DAGs
[2026-03-22T04:15:06.173+0000] {logging_mixin.py:190} INFO - [2026-03-22T04:15:06.172+0000] {dag.py:4180} INFO - Setting next_dagrun for daily_job_scraping to 2026-03-21 12:00:00+00:00, run_after=2026-03-22 12:00:00+00:00
[2026-03-22T04:15:06.206+0000] {processor.py:208} INFO - Processing /opt/airflow/dags/job_scraping_dag.py took 1.208 seconds
[2026-03-22T04:15:36.445+0000] {processor.py:186} INFO - Started process (PID=542) to work on /opt/airflow/dags/job_scraping_dag.py
[2026-03-22T04:15:36.446+0000] {processor.py:914} INFO - Processing file /opt/airflow/dags/job_scraping_dag.py for tasks to queue
[2026-03-22T04:15:36.450+0000] {logging_mixin.py:190} INFO - [2026-03-22T04:15:36.449+0000] {dagbag.py:588} INFO - Filling up the DagBag from /opt/airflow/dags/job_scraping_dag.py
[2026-03-22T04:15:37.156+0000] {processor.py:925} INFO - DAG(s) 'daily_job_scraping' retrieved from /opt/airflow/dags/job_scraping_dag.py
[2026-03-22T04:15:37.188+0000] {logging_mixin.py:190} INFO - [2026-03-22T04:15:37.188+0000] {dag.py:3239} INFO - Sync 1 DAGs
[2026-03-22T04:15:37.214+0000] {logging_mixin.py:190} INFO - [2026-03-22T04:15:37.214+0000] {dag.py:4180} INFO - Setting next_dagrun for daily_job_scraping to 2026-03-21 12:00:00+00:00, run_after=2026-03-22 12:00:00+00:00
[2026-03-22T04:15:37.244+0000] {processor.py:208} INFO - Processing /opt/airflow/dags/job_scraping_dag.py took 0.807 seconds
[2026-03-22T04:16:07.747+0000] {processor.py:186} INFO - Started process (PID=548) to work on /opt/airflow/dags/job_scraping_dag.py
[2026-03-22T04:16:07.749+0000] {processor.py:914} INFO - Processing file /opt/airflow/dags/job_scraping_dag.py for tasks to queue
[2026-03-22T04:16:07.752+0000] {logging_mixin.py:190} INFO - [2026-03-22T04:16:07.752+0000] {dagbag.py:588} INFO - Filling up the DagBag from /opt/airflow/dags/job_scraping_dag.py
[2026-03-22T04:16:08.448+0000] {processor.py:925} INFO - DAG(s) 'daily_job_scraping' retrieved from /opt/airflow/dags/job_scraping_dag.py
[2026-03-22T04:16:08.482+0000] {logging_mixin.py:190} INFO - [2026-03-22T04:16:08.481+0000] {dag.py:3239} INFO - Sync 1 DAGs
[2026-03-22T04:16:08.505+0000] {logging_mixin.py:190} INFO - [2026-03-22T04:16:08.505+0000] {dag.py:4180} INFO - Setting next_dagrun for daily_job_scraping to 2026-03-21 12:00:00+00:00, run_after=2026-03-22 12:00:00+00:00
[2026-03-22T04:16:08.530+0000] {processor.py:208} INFO - Processing /opt/airflow/dags/job_scraping_dag.py took 0.792 seconds
[2026-03-22T04:16:39.074+0000] {processor.py:186} INFO - Started process (PID=554) to work on /opt/airflow/dags/job_scraping_dag.py
[2026-03-22T04:16:39.076+0000] {processor.py:914} INFO - Processing file /opt/airflow/dags/job_scraping_dag.py for tasks to queue
[2026-03-22T04:16:39.079+0000] {logging_mixin.py:190} INFO - [2026-03-22T04:16:39.079+0000] {dagbag.py:588} INFO - Filling up the DagBag from /opt/airflow/dags/job_scraping_dag.py
[2026-03-22T04:16:39.767+0000] {processor.py:925} INFO - DAG(s) 'daily_job_scraping' retrieved from /opt/airflow/dags/job_scraping_dag.py
[2026-03-22T04:16:39.797+0000] {logging_mixin.py:190} INFO - [2026-03-22T04:16:39.797+0000] {dag.py:3239} INFO - Sync 1 DAGs
[2026-03-22T04:16:39.822+0000] {logging_mixin.py:190} INFO - [2026-03-22T04:16:39.822+0000] {dag.py:4180} INFO - Setting next_dagrun for daily_job_scraping to 2026-03-21 12:00:00+00:00, run_after=2026-03-22 12:00:00+00:00
[2026-03-22T04:16:39.848+0000] {processor.py:208} INFO - Processing /opt/airflow/dags/job_scraping_dag.py took 0.782 seconds
[2026-03-22T04:17:10.425+0000] {processor.py:186} INFO - Started process (PID=560) to work on /opt/airflow/dags/job_scraping_dag.py
[2026-03-22T04:17:10.427+0000] {processor.py:914} INFO - Processing file /opt/airflow/dags/job_scraping_dag.py for tasks to queue
[2026-03-22T04:17:10.430+0000] {logging_mixin.py:190} INFO - [2026-03-22T04:17:10.430+0000] {dagbag.py:588} INFO - Filling up the DagBag from /opt/airflow/dags/job_scraping_dag.py
[2026-03-22T04:17:11.244+0000] {processor.py:925} INFO - DAG(s) 'daily_job_scraping' retrieved from /opt/airflow/dags/job_scraping_dag.py
[2026-03-22T04:17:11.280+0000] {logging_mixin.py:190} INFO - [2026-03-22T04:17:11.280+0000] {dag.py:3239} INFO - Sync 1 DAGs
[2026-03-22T04:17:11.308+0000] {logging_mixin.py:190} INFO - [2026-03-22T04:17:11.308+0000] {dag.py:4180} INFO - Setting next_dagrun for daily_job_scraping to 2026-03-21 12:00:00+00:00, run_after=2026-03-22 12:00:00+00:00
[2026-03-22T04:17:11.335+0000] {processor.py:208} INFO - Processing /opt/airflow/dags/job_scraping_dag.py took 0.920 seconds
[2026-03-22T04:17:41.876+0000] {processor.py:186} INFO - Started process (PID=566) to work on /opt/airflow/dags/job_scraping_dag.py
[2026-03-22T04:17:41.880+0000] {processor.py:914} INFO - Processing file /opt/airflow/dags/job_scraping_dag.py for tasks to queue
[2026-03-22T04:17:41.884+0000] {logging_mixin.py:190} INFO - [2026-03-22T04:17:41.884+0000] {dagbag.py:588} INFO - Filling up the DagBag from /opt/airflow/dags/job_scraping_dag.py
[2026-03-22T04:17:42.563+0000] {processor.py:925} INFO - DAG(s) 'daily_job_scraping' retrieved from /opt/airflow/dags/job_scraping_dag.py
[2026-03-22T04:17:42.593+0000] {logging_mixin.py:190} INFO - [2026-03-22T04:17:42.593+0000] {dag.py:3239} INFO - Sync 1 DAGs
[2026-03-22T04:17:42.617+0000] {logging_mixin.py:190} INFO - [2026-03-22T04:17:42.617+0000] {dag.py:4180} INFO - Setting next_dagrun for daily_job_scraping to 2026-03-21 12:00:00+00:00, run_after=2026-03-22 12:00:00+00:00
[2026-03-22T04:17:42.641+0000] {processor.py:208} INFO - Processing /opt/airflow/dags/job_scraping_dag.py took 0.780 seconds
[2026-03-22T04:18:13.145+0000] {processor.py:186} INFO - Started process (PID=572) to work on /opt/airflow/dags/job_scraping_dag.py
[2026-03-22T04:18:13.147+0000] {processor.py:914} INFO - Processing file /opt/airflow/dags/job_scraping_dag.py for tasks to queue
[2026-03-22T04:18:13.150+0000] {logging_mixin.py:190} INFO - [2026-03-22T04:18:13.150+0000] {dagbag.py:588} INFO - Filling up the DagBag from /opt/airflow/dags/job_scraping_dag.py
[2026-03-22T04:18:13.842+0000] {processor.py:925} INFO - DAG(s) 'daily_job_scraping' retrieved from /opt/airflow/dags/job_scraping_dag.py
[2026-03-22T04:18:13.877+0000] {logging_mixin.py:190} INFO - [2026-03-22T04:18:13.876+0000] {dag.py:3239} INFO - Sync 1 DAGs
[2026-03-22T04:18:13.901+0000] {logging_mixin.py:190} INFO - [2026-03-22T04:18:13.901+0000] {dag.py:4180} INFO - Setting next_dagrun for daily_job_scraping to 2026-03-21 12:00:00+00:00, run_after=2026-03-22 12:00:00+00:00
[2026-03-22T04:18:13.926+0000] {processor.py:208} INFO - Processing /opt/airflow/dags/job_scraping_dag.py took 0.789 seconds
[2026-03-22T04:18:44.210+0000] {processor.py:186} INFO - Started process (PID=578) to work on /opt/airflow/dags/job_scraping_dag.py
[2026-03-22T04:18:44.212+0000] {processor.py:914} INFO - Processing file /opt/airflow/dags/job_scraping_dag.py for tasks to queue
[2026-03-22T04:18:44.215+0000] {logging_mixin.py:190} INFO - [2026-03-22T04:18:44.215+0000] {dagbag.py:588} INFO - Filling up the DagBag from /opt/airflow/dags/job_scraping_dag.py
[2026-03-22T04:18:44.961+0000] {processor.py:925} INFO - DAG(s) 'daily_job_scraping' retrieved from /opt/airflow/dags/job_scraping_dag.py
[2026-03-22T04:18:45.002+0000] {logging_mixin.py:190} INFO - [2026-03-22T04:18:45.002+0000] {dag.py:3239} INFO - Sync 1 DAGs
[2026-03-22T04:18:45.025+0000] {logging_mixin.py:190} INFO - [2026-03-22T04:18:45.025+0000] {dag.py:4180} INFO - Setting next_dagrun for daily_job_scraping to 2026-03-21 12:00:00+00:00, run_after=2026-03-22 12:00:00+00:00
[2026-03-22T04:18:45.051+0000] {processor.py:208} INFO - Processing /opt/airflow/dags/job_scraping_dag.py took 0.849 seconds
[2026-03-22T04:19:15.593+0000] {processor.py:186} INFO - Started process (PID=584) to work on /opt/airflow/dags/job_scraping_dag.py
[2026-03-22T04:19:15.595+0000] {processor.py:914} INFO - Processing file /opt/airflow/dags/job_scraping_dag.py for tasks to queue
[2026-03-22T04:19:15.598+0000] {logging_mixin.py:190} INFO - [2026-03-22T04:19:15.598+0000] {dagbag.py:588} INFO - Filling up the DagBag from /opt/airflow/dags/job_scraping_dag.py
[2026-03-22T04:19:16.301+0000] {processor.py:925} INFO - DAG(s) 'daily_job_scraping' retrieved from /opt/airflow/dags/job_scraping_dag.py
[2026-03-22T04:19:16.331+0000] {logging_mixin.py:190} INFO - [2026-03-22T04:19:16.330+0000] {dag.py:3239} INFO - Sync 1 DAGs
[2026-03-22T04:19:16.354+0000] {logging_mixin.py:190} INFO - [2026-03-22T04:19:16.354+0000] {dag.py:4180} INFO - Setting next_dagrun for daily_job_scraping to 2026-03-21 12:00:00+00:00, run_after=2026-03-22 12:00:00+00:00
[2026-03-22T04:19:16.376+0000] {processor.py:208} INFO - Processing /opt/airflow/dags/job_scraping_dag.py took 0.794 seconds
[2026-03-22T04:19:47.012+0000] {processor.py:186} INFO - Started process (PID=590) to work on /opt/airflow/dags/job_scraping_dag.py
[2026-03-22T04:19:47.014+0000] {processor.py:914} INFO - Processing file /opt/airflow/dags/job_scraping_dag.py for tasks to queue
[2026-03-22T04:19:47.017+0000] {logging_mixin.py:190} INFO - [2026-03-22T04:19:47.017+0000] {dagbag.py:588} INFO - Filling up the DagBag from /opt/airflow/dags/job_scraping_dag.py
[2026-03-22T04:19:47.697+0000] {processor.py:925} INFO - DAG(s) 'daily_job_scraping' retrieved from /opt/airflow/dags/job_scraping_dag.py
[2026-03-22T04:19:47.748+0000] {logging_mixin.py:190} INFO - [2026-03-22T04:19:47.747+0000] {dag.py:3239} INFO - Sync 1 DAGs
[2026-03-22T04:19:47.776+0000] {logging_mixin.py:190} INFO - [2026-03-22T04:19:47.776+0000] {dag.py:4180} INFO - Setting next_dagrun for daily_job_scraping to 2026-03-21 12:00:00+00:00, run_after=2026-03-22 12:00:00+00:00
[2026-03-22T04:19:47.800+0000] {processor.py:208} INFO - Processing /opt/airflow/dags/job_scraping_dag.py took 0.796 seconds
[2026-03-22T04:20:18.407+0000] {processor.py:186} INFO - Started process (PID=596) to work on /opt/airflow/dags/job_scraping_dag.py
[2026-03-22T04:20:18.409+0000] {processor.py:914} INFO - Processing file /opt/airflow/dags/job_scraping_dag.py for tasks to queue
[2026-03-22T04:20:18.412+0000] {logging_mixin.py:190} INFO - [2026-03-22T04:20:18.412+0000] {dagbag.py:588} INFO - Filling up the DagBag from /opt/airflow/dags/job_scraping_dag.py
[2026-03-22T04:20:19.094+0000] {processor.py:925} INFO - DAG(s) 'daily_job_scraping' retrieved from /opt/airflow/dags/job_scraping_dag.py
[2026-03-22T04:20:19.122+0000] {logging_mixin.py:190} INFO - [2026-03-22T04:20:19.122+0000] {dag.py:3239} INFO - Sync 1 DAGs
[2026-03-22T04:20:19.148+0000] {logging_mixin.py:190} INFO - [2026-03-22T04:20:19.147+0000] {dag.py:4180} INFO - Setting next_dagrun for daily_job_scraping to 2026-03-21 12:00:00+00:00, run_after=2026-03-22 12:00:00+00:00
[2026-03-22T04:20:19.171+0000] {processor.py:208} INFO - Processing /opt/airflow/dags/job_scraping_dag.py took 0.774 seconds
[2026-03-22T04:20:49.350+0000] {processor.py:186} INFO - Started process (PID=602) to work on /opt/airflow/dags/job_scraping_dag.py
[2026-03-22T04:20:49.352+0000] {processor.py:914} INFO - Processing file /opt/airflow/dags/job_scraping_dag.py for tasks to queue
[2026-03-22T04:20:49.355+0000] {logging_mixin.py:190} INFO - [2026-03-22T04:20:49.355+0000] {dagbag.py:588} INFO - Filling up the DagBag from /opt/airflow/dags/job_scraping_dag.py
[2026-03-22T04:20:50.022+0000] {processor.py:925} INFO - DAG(s) 'daily_job_scraping' retrieved from /opt/airflow/dags/job_scraping_dag.py
[2026-03-22T04:20:50.052+0000] {logging_mixin.py:190} INFO - [2026-03-22T04:20:50.052+0000] {dag.py:3239} INFO - Sync 1 DAGs
[2026-03-22T04:20:50.074+0000] {logging_mixin.py:190} INFO - [2026-03-22T04:20:50.074+0000] {dag.py:4180} INFO - Setting next_dagrun for daily_job_scraping to 2026-03-21 12:00:00+00:00, run_after=2026-03-22 12:00:00+00:00
[2026-03-22T04:20:50.102+0000] {processor.py:208} INFO - Processing /opt/airflow/dags/job_scraping_dag.py took 0.760 seconds
[2026-03-22T04:21:20.600+0000] {processor.py:186} INFO - Started process (PID=608) to work on /opt/airflow/dags/job_scraping_dag.py
[2026-03-22T04:21:20.602+0000] {processor.py:914} INFO - Processing file /opt/airflow/dags/job_scraping_dag.py for tasks to queue
[2026-03-22T04:21:20.606+0000] {logging_mixin.py:190} INFO - [2026-03-22T04:21:20.605+0000] {dagbag.py:588} INFO - Filling up the DagBag from /opt/airflow/dags/job_scraping_dag.py
[2026-03-22T04:21:21.280+0000] {processor.py:925} INFO - DAG(s) 'daily_job_scraping' retrieved from /opt/airflow/dags/job_scraping_dag.py
[2026-03-22T04:21:21.309+0000] {logging_mixin.py:190} INFO - [2026-03-22T04:21:21.309+0000] {dag.py:3239} INFO - Sync 1 DAGs
[2026-03-22T04:21:21.331+0000] {logging_mixin.py:190} INFO - [2026-03-22T04:21:21.331+0000] {dag.py:4180} INFO - Setting next_dagrun for daily_job_scraping to 2026-03-21 12:00:00+00:00, run_after=2026-03-22 12:00:00+00:00
[2026-03-22T04:21:21.355+0000] {processor.py:208} INFO - Processing /opt/airflow/dags/job_scraping_dag.py took 0.763 seconds
[2026-03-22T04:21:51.673+0000] {processor.py:186} INFO - Started process (PID=614) to work on /opt/airflow/dags/job_scraping_dag.py
[2026-03-22T04:21:51.675+0000] {processor.py:914} INFO - Processing file /opt/airflow/dags/job_scraping_dag.py for tasks to queue
[2026-03-22T04:21:51.678+0000] {logging_mixin.py:190} INFO - [2026-03-22T04:21:51.678+0000] {dagbag.py:588} INFO - Filling up the DagBag from /opt/airflow/dags/job_scraping_dag.py
[2026-03-22T04:21:52.356+0000] {processor.py:925} INFO - DAG(s) 'daily_job_scraping' retrieved from /opt/airflow/dags/job_scraping_dag.py
[2026-03-22T04:21:52.387+0000] {logging_mixin.py:190} INFO - [2026-03-22T04:21:52.386+0000] {dag.py:3239} INFO - Sync 1 DAGs
[2026-03-22T04:21:52.409+0000] {logging_mixin.py:190} INFO - [2026-03-22T04:21:52.409+0000] {dag.py:4180} INFO - Setting next_dagrun for daily_job_scraping to 2026-03-21 12:00:00+00:00, run_after=2026-03-22 12:00:00+00:00
[2026-03-22T04:21:52.431+0000] {processor.py:208} INFO - Processing /opt/airflow/dags/job_scraping_dag.py took 0.769 seconds
[2026-03-22T04:22:22.892+0000] {processor.py:186} INFO - Started process (PID=620) to work on /opt/airflow/dags/job_scraping_dag.py
[2026-03-22T04:22:22.895+0000] {processor.py:914} INFO - Processing file /opt/airflow/dags/job_scraping_dag.py for tasks to queue
[2026-03-22T04:22:22.899+0000] {logging_mixin.py:190} INFO - [2026-03-22T04:22:22.898+0000] {dagbag.py:588} INFO - Filling up the DagBag from /opt/airflow/dags/job_scraping_dag.py
[2026-03-22T04:22:23.627+0000] {processor.py:925} INFO - DAG(s) 'daily_job_scraping' retrieved from /opt/airflow/dags/job_scraping_dag.py
[2026-03-22T04:22:23.657+0000] {logging_mixin.py:190} INFO - [2026-03-22T04:22:23.656+0000] {dag.py:3239} INFO - Sync 1 DAGs
[2026-03-22T04:22:23.680+0000] {logging_mixin.py:190} INFO - [2026-03-22T04:22:23.680+0000] {dag.py:4180} INFO - Setting next_dagrun for daily_job_scraping to 2026-03-21 12:00:00+00:00, run_after=2026-03-22 12:00:00+00:00
[2026-03-22T04:22:23.709+0000] {processor.py:208} INFO - Processing /opt/airflow/dags/job_scraping_dag.py took 0.825 seconds
[2026-03-22T04:22:53.806+0000] {processor.py:186} INFO - Started process (PID=626) to work on /opt/airflow/dags/job_scraping_dag.py
[2026-03-22T04:22:53.808+0000] {processor.py:914} INFO - Processing file /opt/airflow/dags/job_scraping_dag.py for tasks to queue
[2026-03-22T04:22:53.812+0000] {logging_mixin.py:190} INFO - [2026-03-22T04:22:53.811+0000] {dagbag.py:588} INFO - Filling up the DagBag from /opt/airflow/dags/job_scraping_dag.py
[2026-03-22T04:22:54.583+0000] {processor.py:925} INFO - DAG(s) 'daily_job_scraping' retrieved from /opt/airflow/dags/job_scraping_dag.py
[2026-03-22T04:22:54.614+0000] {logging_mixin.py:190} INFO - [2026-03-22T04:22:54.613+0000] {dag.py:3239} INFO - Sync 1 DAGs
[2026-03-22T04:22:54.641+0000] {logging_mixin.py:190} INFO - [2026-03-22T04:22:54.641+0000] {dag.py:4180} INFO - Setting next_dagrun for daily_job_scraping to 2026-03-21 12:00:00+00:00, run_after=2026-03-22 12:00:00+00:00
[2026-03-22T04:22:54.663+0000] {processor.py:208} INFO - Processing /opt/airflow/dags/job_scraping_dag.py took 0.869 seconds
[2026-03-22T04:23:25.081+0000] {processor.py:186} INFO - Started process (PID=632) to work on /opt/airflow/dags/job_scraping_dag.py
[2026-03-22T04:23:25.082+0000] {processor.py:914} INFO - Processing file /opt/airflow/dags/job_scraping_dag.py for tasks to queue
[2026-03-22T04:23:25.086+0000] {logging_mixin.py:190} INFO - [2026-03-22T04:23:25.085+0000] {dagbag.py:588} INFO - Filling up the DagBag from /opt/airflow/dags/job_scraping_dag.py
[2026-03-22T04:23:25.829+0000] {processor.py:925} INFO - DAG(s) 'daily_job_scraping' retrieved from /opt/airflow/dags/job_scraping_dag.py
[2026-03-22T04:23:25.863+0000] {logging_mixin.py:190} INFO - [2026-03-22T04:23:25.863+0000] {dag.py:3239} INFO - Sync 1 DAGs
[2026-03-22T04:23:25.894+0000] {logging_mixin.py:190} INFO - [2026-03-22T04:23:25.894+0000] {dag.py:4180} INFO - Setting next_dagrun for daily_job_scraping to 2026-03-21 12:00:00+00:00, run_after=2026-03-22 12:00:00+00:00
[2026-03-22T04:23:25.928+0000] {processor.py:208} INFO - Processing /opt/airflow/dags/job_scraping_dag.py took 0.857 seconds
[2026-03-22T04:23:56.206+0000] {processor.py:186} INFO - Started process (PID=638) to work on /opt/airflow/dags/job_scraping_dag.py
[2026-03-22T04:23:56.207+0000] {processor.py:914} INFO - Processing file /opt/airflow/dags/job_scraping_dag.py for tasks to queue
[2026-03-22T04:23:56.210+0000] {logging_mixin.py:190} INFO - [2026-03-22T04:23:56.210+0000] {dagbag.py:588} INFO - Filling up the DagBag from /opt/airflow/dags/job_scraping_dag.py
[2026-03-22T04:23:56.891+0000] {processor.py:925} INFO - DAG(s) 'daily_job_scraping' retrieved from /opt/airflow/dags/job_scraping_dag.py
[2026-03-22T04:23:56.921+0000] {logging_mixin.py:190} INFO - [2026-03-22T04:23:56.921+0000] {dag.py:3239} INFO - Sync 1 DAGs
[2026-03-22T04:23:56.943+0000] {logging_mixin.py:190} INFO - [2026-03-22T04:23:56.943+0000] {dag.py:4180} INFO - Setting next_dagrun for daily_job_scraping to 2026-03-21 12:00:00+00:00, run_after=2026-03-22 12:00:00+00:00
[2026-03-22T04:23:56.972+0000] {processor.py:208} INFO - Processing /opt/airflow/dags/job_scraping_dag.py took 0.775 seconds
[2026-03-22T04:24:27.526+0000] {processor.py:186} INFO - Started process (PID=644) to work on /opt/airflow/dags/job_scraping_dag.py
[2026-03-22T04:24:27.529+0000] {processor.py:914} INFO - Processing file /opt/airflow/dags/job_scraping_dag.py for tasks to queue
[2026-03-22T04:24:27.533+0000] {logging_mixin.py:190} INFO - [2026-03-22T04:24:27.532+0000] {dagbag.py:588} INFO - Filling up the DagBag from /opt/airflow/dags/job_scraping_dag.py
[2026-03-22T04:24:28.358+0000] {processor.py:925} INFO - DAG(s) 'daily_job_scraping' retrieved from /opt/airflow/dags/job_scraping_dag.py
[2026-03-22T04:24:28.393+0000] {logging_mixin.py:190} INFO - [2026-03-22T04:24:28.392+0000] {dag.py:3239} INFO - Sync 1 DAGs
[2026-03-22T04:24:28.414+0000] {logging_mixin.py:190} INFO - [2026-03-22T04:24:28.414+0000] {dag.py:4180} INFO - Setting next_dagrun for daily_job_scraping to 2026-03-21 12:00:00+00:00, run_after=2026-03-22 12:00:00+00:00
[2026-03-22T04:24:28.433+0000] {processor.py:208} INFO - Processing /opt/airflow/dags/job_scraping_dag.py took 0.921 seconds
[2026-03-22T04:24:59.049+0000] {processor.py:186} INFO - Started process (PID=650) to work on /opt/airflow/dags/job_scraping_dag.py
[2026-03-22T04:24:59.051+0000] {processor.py:914} INFO - Processing file /opt/airflow/dags/job_scraping_dag.py for tasks to queue
[2026-03-22T04:24:59.054+0000] {logging_mixin.py:190} INFO - [2026-03-22T04:24:59.053+0000] {dagbag.py:588} INFO - Filling up the DagBag from /opt/airflow/dags/job_scraping_dag.py
[2026-03-22T04:24:59.743+0000] {processor.py:925} INFO - DAG(s) 'daily_job_scraping' retrieved from /opt/airflow/dags/job_scraping_dag.py
[2026-03-22T04:24:59.777+0000] {logging_mixin.py:190} INFO - [2026-03-22T04:24:59.776+0000] {dag.py:3239} INFO - Sync 1 DAGs
[2026-03-22T04:24:59.804+0000] {logging_mixin.py:190} INFO - [2026-03-22T04:24:59.804+0000] {dag.py:4180} INFO - Setting next_dagrun for daily_job_scraping to 2026-03-21 12:00:00+00:00, run_after=2026-03-22 12:00:00+00:00
[2026-03-22T04:24:59.829+0000] {processor.py:208} INFO - Processing /opt/airflow/dags/job_scraping_dag.py took 0.788 seconds
[2026-03-22T04:25:30.289+0000] {processor.py:186} INFO - Started process (PID=656) to work on /opt/airflow/dags/job_scraping_dag.py
[2026-03-22T04:25:30.291+0000] {processor.py:914} INFO - Processing file /opt/airflow/dags/job_scraping_dag.py for tasks to queue
[2026-03-22T04:25:30.294+0000] {logging_mixin.py:190} INFO - [2026-03-22T04:25:30.294+0000] {dagbag.py:588} INFO - Filling up the DagBag from /opt/airflow/dags/job_scraping_dag.py
[2026-03-22T04:25:31.092+0000] {processor.py:925} INFO - DAG(s) 'daily_job_scraping' retrieved from /opt/airflow/dags/job_scraping_dag.py
[2026-03-22T04:25:31.139+0000] {logging_mixin.py:190} INFO - [2026-03-22T04:25:31.138+0000] {dag.py:3239} INFO - Sync 1 DAGs
[2026-03-22T04:25:31.175+0000] {logging_mixin.py:190} INFO - [2026-03-22T04:25:31.174+0000] {dag.py:4180} INFO - Setting next_dagrun for daily_job_scraping to 2026-03-21 12:00:00+00:00, run_after=2026-03-22 12:00:00+00:00
[2026-03-22T04:25:31.206+0000] {processor.py:208} INFO - Processing /opt/airflow/dags/job_scraping_dag.py took 0.925 seconds
[2026-03-22T04:26:01.736+0000] {processor.py:186} INFO - Started process (PID=662) to work on /opt/airflow/dags/job_scraping_dag.py
[2026-03-22T04:26:01.739+0000] {processor.py:914} INFO - Processing file /opt/airflow/dags/job_scraping_dag.py for tasks to queue
[2026-03-22T04:26:01.743+0000] {logging_mixin.py:190} INFO - [2026-03-22T04:26:01.742+0000] {dagbag.py:588} INFO - Filling up the DagBag from /opt/airflow/dags/job_scraping_dag.py
[2026-03-22T04:26:02.441+0000] {processor.py:925} INFO - DAG(s) 'daily_job_scraping' retrieved from /opt/airflow/dags/job_scraping_dag.py
[2026-03-22T04:26:02.473+0000] {logging_mixin.py:190} INFO - [2026-03-22T04:26:02.473+0000] {dag.py:3239} INFO - Sync 1 DAGs
[2026-03-22T04:26:02.497+0000] {logging_mixin.py:190} INFO - [2026-03-22T04:26:02.496+0000] {dag.py:4180} INFO - Setting next_dagrun for daily_job_scraping to 2026-03-21 12:00:00+00:00, run_after=2026-03-22 12:00:00+00:00
[2026-03-22T04:26:02.526+0000] {processor.py:208} INFO - Processing /opt/airflow/dags/job_scraping_dag.py took 0.801 seconds
[2026-03-22T04:26:33.203+0000] {processor.py:186} INFO - Started process (PID=668) to work on /opt/airflow/dags/job_scraping_dag.py
[2026-03-22T04:26:33.204+0000] {processor.py:914} INFO - Processing file /opt/airflow/dags/job_scraping_dag.py for tasks to queue
[2026-03-22T04:26:33.209+0000] {logging_mixin.py:190} INFO - [2026-03-22T04:26:33.208+0000] {dagbag.py:588} INFO - Filling up the DagBag from /opt/airflow/dags/job_scraping_dag.py
[2026-03-22T04:26:33.931+0000] {processor.py:925} INFO - DAG(s) 'daily_job_scraping' retrieved from /opt/airflow/dags/job_scraping_dag.py
[2026-03-22T04:26:33.962+0000] {logging_mixin.py:190} INFO - [2026-03-22T04:26:33.962+0000] {dag.py:3239} INFO - Sync 1 DAGs
[2026-03-22T04:26:33.987+0000] {logging_mixin.py:190} INFO - [2026-03-22T04:26:33.987+0000] {dag.py:4180} INFO - Setting next_dagrun for daily_job_scraping to 2026-03-21 12:00:00+00:00, run_after=2026-03-22 12:00:00+00:00
[2026-03-22T04:26:34.018+0000] {processor.py:208} INFO - Processing /opt/airflow/dags/job_scraping_dag.py took 0.826 seconds
[2026-03-22T04:27:04.540+0000] {processor.py:186} INFO - Started process (PID=674) to work on /opt/airflow/dags/job_scraping_dag.py
[2026-03-22T04:27:04.541+0000] {processor.py:914} INFO - Processing file /opt/airflow/dags/job_scraping_dag.py for tasks to queue
[2026-03-22T04:27:04.544+0000] {logging_mixin.py:190} INFO - [2026-03-22T04:27:04.544+0000] {dagbag.py:588} INFO - Filling up the DagBag from /opt/airflow/dags/job_scraping_dag.py
[2026-03-22T04:27:05.232+0000] {processor.py:925} INFO - DAG(s) 'daily_job_scraping' retrieved from /opt/airflow/dags/job_scraping_dag.py
[2026-03-22T04:27:05.270+0000] {logging_mixin.py:190} INFO - [2026-03-22T04:27:05.270+0000] {dag.py:3239} INFO - Sync 1 DAGs
[2026-03-22T04:27:05.297+0000] {logging_mixin.py:190} INFO - [2026-03-22T04:27:05.296+0000] {dag.py:4180} INFO - Setting next_dagrun for daily_job_scraping to 2026-03-21 12:00:00+00:00, run_after=2026-03-22 12:00:00+00:00
[2026-03-22T04:27:05.329+0000] {processor.py:208} INFO - Processing /opt/airflow/dags/job_scraping_dag.py took 0.798 seconds
[2026-03-22T04:27:35.925+0000] {processor.py:186} INFO - Started process (PID=680) to work on /opt/airflow/dags/job_scraping_dag.py
[2026-03-22T04:27:35.927+0000] {processor.py:914} INFO - Processing file /opt/airflow/dags/job_scraping_dag.py for tasks to queue
[2026-03-22T04:27:35.930+0000] {logging_mixin.py:190} INFO - [2026-03-22T04:27:35.929+0000] {dagbag.py:588} INFO - Filling up the DagBag from /opt/airflow/dags/job_scraping_dag.py
[2026-03-22T04:27:36.676+0000] {processor.py:925} INFO - DAG(s) 'daily_job_scraping' retrieved from /opt/airflow/dags/job_scraping_dag.py
[2026-03-22T04:27:36.707+0000] {logging_mixin.py:190} INFO - [2026-03-22T04:27:36.706+0000] {dag.py:3239} INFO - Sync 1 DAGs
[2026-03-22T04:27:36.731+0000] {logging_mixin.py:190} INFO - [2026-03-22T04:27:36.731+0000] {dag.py:4180} INFO - Setting next_dagrun for daily_job_scraping to 2026-03-21 12:00:00+00:00, run_after=2026-03-22 12:00:00+00:00
[2026-03-22T04:27:36.755+0000] {processor.py:208} INFO - Processing /opt/airflow/dags/job_scraping_dag.py took 0.839 seconds
[2026-03-22T04:28:07.187+0000] {processor.py:186} INFO - Started process (PID=686) to work on /opt/airflow/dags/job_scraping_dag.py
[2026-03-22T04:28:07.189+0000] {processor.py:914} INFO - Processing file /opt/airflow/dags/job_scraping_dag.py for tasks to queue
[2026-03-22T04:28:07.193+0000] {logging_mixin.py:190} INFO - [2026-03-22T04:28:07.192+0000] {dagbag.py:588} INFO - Filling up the DagBag from /opt/airflow/dags/job_scraping_dag.py
[2026-03-22T04:28:08.090+0000] {processor.py:925} INFO - DAG(s) 'daily_job_scraping' retrieved from /opt/airflow/dags/job_scraping_dag.py
[2026-03-22T04:28:08.142+0000] {logging_mixin.py:190} INFO - [2026-03-22T04:28:08.142+0000] {dag.py:3239} INFO - Sync 1 DAGs
[2026-03-22T04:28:08.184+0000] {logging_mixin.py:190} INFO - [2026-03-22T04:28:08.183+0000] {dag.py:4180} INFO - Setting next_dagrun for daily_job_scraping to 2026-03-21 12:00:00+00:00, run_after=2026-03-22 12:00:00+00:00
[2026-03-22T04:28:08.216+0000] {processor.py:208} INFO - Processing /opt/airflow/dags/job_scraping_dag.py took 1.044 seconds
[2026-03-22T04:28:38.681+0000] {processor.py:186} INFO - Started process (PID=692) to work on /opt/airflow/dags/job_scraping_dag.py
[2026-03-22T04:28:38.683+0000] {processor.py:914} INFO - Processing file /opt/airflow/dags/job_scraping_dag.py for tasks to queue
[2026-03-22T04:28:38.687+0000] {logging_mixin.py:190} INFO - [2026-03-22T04:28:38.687+0000] {dagbag.py:588} INFO - Filling up the DagBag from /opt/airflow/dags/job_scraping_dag.py
[2026-03-22T04:28:39.400+0000] {processor.py:925} INFO - DAG(s) 'daily_job_scraping' retrieved from /opt/airflow/dags/job_scraping_dag.py
[2026-03-22T04:28:39.432+0000] {logging_mixin.py:190} INFO - [2026-03-22T04:28:39.432+0000] {dag.py:3239} INFO - Sync 1 DAGs
[2026-03-22T04:28:39.456+0000] {logging_mixin.py:190} INFO - [2026-03-22T04:28:39.456+0000] {dag.py:4180} INFO - Setting next_dagrun for daily_job_scraping to 2026-03-21 12:00:00+00:00, run_after=2026-03-22 12:00:00+00:00
[2026-03-22T04:28:39.479+0000] {processor.py:208} INFO - Processing /opt/airflow/dags/job_scraping_dag.py took 0.808 seconds
[2026-03-22T04:29:09.996+0000] {processor.py:186} INFO - Started process (PID=698) to work on /opt/airflow/dags/job_scraping_dag.py
[2026-03-22T04:29:09.997+0000] {processor.py:914} INFO - Processing file /opt/airflow/dags/job_scraping_dag.py for tasks to queue
[2026-03-22T04:29:10.001+0000] {logging_mixin.py:190} INFO - [2026-03-22T04:29:10.000+0000] {dagbag.py:588} INFO - Filling up the DagBag from /opt/airflow/dags/job_scraping_dag.py
[2026-03-22T04:29:10.701+0000] {processor.py:925} INFO - DAG(s) 'daily_job_scraping' retrieved from /opt/airflow/dags/job_scraping_dag.py
[2026-03-22T04:29:10.735+0000] {logging_mixin.py:190} INFO - [2026-03-22T04:29:10.734+0000] {dag.py:3239} INFO - Sync 1 DAGs
[2026-03-22T04:29:10.757+0000] {logging_mixin.py:190} INFO - [2026-03-22T04:29:10.757+0000] {dag.py:4180} INFO - Setting next_dagrun for daily_job_scraping to 2026-03-21 12:00:00+00:00, run_after=2026-03-22 12:00:00+00:00
[2026-03-22T04:29:10.780+0000] {processor.py:208} INFO - Processing /opt/airflow/dags/job_scraping_dag.py took 0.792 seconds
[2026-03-22T04:29:41.243+0000] {processor.py:186} INFO - Started process (PID=704) to work on /opt/airflow/dags/job_scraping_dag.py
[2026-03-22T04:29:41.245+0000] {processor.py:914} INFO - Processing file /opt/airflow/dags/job_scraping_dag.py for tasks to queue
[2026-03-22T04:29:41.248+0000] {logging_mixin.py:190} INFO - [2026-03-22T04:29:41.248+0000] {dagbag.py:588} INFO - Filling up the DagBag from /opt/airflow/dags/job_scraping_dag.py
[2026-03-22T04:29:41.942+0000] {processor.py:925} INFO - DAG(s) 'daily_job_scraping' retrieved from /opt/airflow/dags/job_scraping_dag.py
[2026-03-22T04:29:41.971+0000] {logging_mixin.py:190} INFO - [2026-03-22T04:29:41.971+0000] {dag.py:3239} INFO - Sync 1 DAGs
[2026-03-22T04:29:41.993+0000] {logging_mixin.py:190} INFO - [2026-03-22T04:29:41.993+0000] {dag.py:4180} INFO - Setting next_dagrun for daily_job_scraping to 2026-03-21 12:00:00+00:00, run_after=2026-03-22 12:00:00+00:00
[2026-03-22T04:29:42.025+0000] {processor.py:208} INFO - Processing /opt/airflow/dags/job_scraping_dag.py took 0.792 seconds
[2026-03-22T04:30:12.576+0000] {processor.py:186} INFO - Started process (PID=710) to work on /opt/airflow/dags/job_scraping_dag.py
[2026-03-22T04:30:12.577+0000] {processor.py:914} INFO - Processing file /opt/airflow/dags/job_scraping_dag.py for tasks to queue
[2026-03-22T04:30:12.581+0000] {logging_mixin.py:190} INFO - [2026-03-22T04:30:12.580+0000] {dagbag.py:588} INFO - Filling up the DagBag from /opt/airflow/dags/job_scraping_dag.py
[2026-03-22T04:30:13.261+0000] {processor.py:925} INFO - DAG(s) 'daily_job_scraping' retrieved from /opt/airflow/dags/job_scraping_dag.py
[2026-03-22T04:30:13.294+0000] {logging_mixin.py:190} INFO - [2026-03-22T04:30:13.293+0000] {dag.py:3239} INFO - Sync 1 DAGs
[2026-03-22T04:30:13.319+0000] {logging_mixin.py:190} INFO - [2026-03-22T04:30:13.319+0000] {dag.py:4180} INFO - Setting next_dagrun for daily_job_scraping to 2026-03-21 12:00:00+00:00, run_after=2026-03-22 12:00:00+00:00
[2026-03-22T04:30:13.347+0000] {processor.py:208} INFO - Processing /opt/airflow/dags/job_scraping_dag.py took 0.782 seconds
[2026-03-22T04:30:44.008+0000] {processor.py:186} INFO - Started process (PID=716) to work on /opt/airflow/dags/job_scraping_dag.py
[2026-03-22T04:30:44.009+0000] {processor.py:914} INFO - Processing file /opt/airflow/dags/job_scraping_dag.py for tasks to queue
[2026-03-22T04:30:44.013+0000] {logging_mixin.py:190} INFO - [2026-03-22T04:30:44.013+0000] {dagbag.py:588} INFO - Filling up the DagBag from /opt/airflow/dags/job_scraping_dag.py
[2026-03-22T04:30:44.692+0000] {processor.py:925} INFO - DAG(s) 'daily_job_scraping' retrieved from /opt/airflow/dags/job_scraping_dag.py
[2026-03-22T04:30:44.722+0000] {logging_mixin.py:190} INFO - [2026-03-22T04:30:44.722+0000] {dag.py:3239} INFO - Sync 1 DAGs
[2026-03-22T04:30:44.745+0000] {logging_mixin.py:190} INFO - [2026-03-22T04:30:44.745+0000] {dag.py:4180} INFO - Setting next_dagrun for daily_job_scraping to 2026-03-21 12:00:00+00:00, run_after=2026-03-22 12:00:00+00:00
[2026-03-22T04:30:44.774+0000] {processor.py:208} INFO - Processing /opt/airflow/dags/job_scraping_dag.py took 0.775 seconds
[2026-03-22T04:31:15.385+0000] {processor.py:186} INFO - Started process (PID=722) to work on /opt/airflow/dags/job_scraping_dag.py
[2026-03-22T04:31:15.387+0000] {processor.py:914} INFO - Processing file /opt/airflow/dags/job_scraping_dag.py for tasks to queue
[2026-03-22T04:31:15.390+0000] {logging_mixin.py:190} INFO - [2026-03-22T04:31:15.390+0000] {dagbag.py:588} INFO - Filling up the DagBag from /opt/airflow/dags/job_scraping_dag.py
[2026-03-22T04:31:16.109+0000] {processor.py:925} INFO - DAG(s) 'daily_job_scraping' retrieved from /opt/airflow/dags/job_scraping_dag.py
[2026-03-22T04:31:16.140+0000] {logging_mixin.py:190} INFO - [2026-03-22T04:31:16.139+0000] {dag.py:3239} INFO - Sync 1 DAGs
[2026-03-22T04:31:16.161+0000] {logging_mixin.py:190} INFO - [2026-03-22T04:31:16.161+0000] {dag.py:4180} INFO - Setting next_dagrun for daily_job_scraping to 2026-03-21 12:00:00+00:00, run_after=2026-03-22 12:00:00+00:00
[2026-03-22T04:31:16.197+0000] {processor.py:208} INFO - Processing /opt/airflow/dags/job_scraping_dag.py took 0.819 seconds
[2026-03-22T04:31:46.312+0000] {processor.py:186} INFO - Started process (PID=728) to work on /opt/airflow/dags/job_scraping_dag.py
[2026-03-22T04:31:46.313+0000] {processor.py:914} INFO - Processing file /opt/airflow/dags/job_scraping_dag.py for tasks to queue
[2026-03-22T04:31:46.317+0000] {logging_mixin.py:190} INFO - [2026-03-22T04:31:46.316+0000] {dagbag.py:588} INFO - Filling up the DagBag from /opt/airflow/dags/job_scraping_dag.py
[2026-03-22T04:31:47.485+0000] {processor.py:925} INFO - DAG(s) 'daily_job_scraping' retrieved from /opt/airflow/dags/job_scraping_dag.py
[2026-03-22T04:31:47.518+0000] {logging_mixin.py:190} INFO - [2026-03-22T04:31:47.517+0000] {dag.py:3239} INFO - Sync 1 DAGs
[2026-03-22T04:31:47.543+0000] {logging_mixin.py:190} INFO - [2026-03-22T04:31:47.543+0000] {dag.py:4180} INFO - Setting next_dagrun for daily_job_scraping to 2026-03-21 12:00:00+00:00, run_after=2026-03-22 12:00:00+00:00
[2026-03-22T04:31:47.565+0000] {processor.py:208} INFO - Processing /opt/airflow/dags/job_scraping_dag.py took 1.261 seconds
[2026-03-22T04:32:17.799+0000] {processor.py:186} INFO - Started process (PID=734) to work on /opt/airflow/dags/job_scraping_dag.py
[2026-03-22T04:32:17.800+0000] {processor.py:914} INFO - Processing file /opt/airflow/dags/job_scraping_dag.py for tasks to queue
[2026-03-22T04:32:17.803+0000] {logging_mixin.py:190} INFO - [2026-03-22T04:32:17.803+0000] {dagbag.py:588} INFO - Filling up the DagBag from /opt/airflow/dags/job_scraping_dag.py
[2026-03-22T04:32:18.487+0000] {processor.py:925} INFO - DAG(s) 'daily_job_scraping' retrieved from /opt/airflow/dags/job_scraping_dag.py
[2026-03-22T04:32:18.517+0000] {logging_mixin.py:190} INFO - [2026-03-22T04:32:18.516+0000] {dag.py:3239} INFO - Sync 1 DAGs
[2026-03-22T04:32:18.542+0000] {logging_mixin.py:190} INFO - [2026-03-22T04:32:18.541+0000] {dag.py:4180} INFO - Setting next_dagrun for daily_job_scraping to 2026-03-21 12:00:00+00:00, run_after=2026-03-22 12:00:00+00:00
[2026-03-22T04:32:18.573+0000] {processor.py:208} INFO - Processing /opt/airflow/dags/job_scraping_dag.py took 0.782 seconds
[2026-03-22T04:32:49.092+0000] {processor.py:186} INFO - Started process (PID=740) to work on /opt/airflow/dags/job_scraping_dag.py
[2026-03-22T04:32:49.094+0000] {processor.py:914} INFO - Processing file /opt/airflow/dags/job_scraping_dag.py for tasks to queue
[2026-03-22T04:32:49.097+0000] {logging_mixin.py:190} INFO - [2026-03-22T04:32:49.097+0000] {dagbag.py:588} INFO - Filling up the DagBag from /opt/airflow/dags/job_scraping_dag.py
[2026-03-22T04:32:49.796+0000] {processor.py:925} INFO - DAG(s) 'daily_job_scraping' retrieved from /opt/airflow/dags/job_scraping_dag.py
[2026-03-22T04:32:49.827+0000] {logging_mixin.py:190} INFO - [2026-03-22T04:32:49.826+0000] {dag.py:3239} INFO - Sync 1 DAGs
[2026-03-22T04:32:49.851+0000] {logging_mixin.py:190} INFO - [2026-03-22T04:32:49.850+0000] {dag.py:4180} INFO - Setting next_dagrun for daily_job_scraping to 2026-03-21 12:00:00+00:00, run_after=2026-03-22 12:00:00+00:00
[2026-03-22T04:32:49.882+0000] {processor.py:208} INFO - Processing /opt/airflow/dags/job_scraping_dag.py took 0.798 seconds
[2026-03-22T04:33:20.405+0000] {processor.py:186} INFO - Started process (PID=746) to work on /opt/airflow/dags/job_scraping_dag.py
[2026-03-22T04:33:20.406+0000] {processor.py:914} INFO - Processing file /opt/airflow/dags/job_scraping_dag.py for tasks to queue
[2026-03-22T04:33:20.410+0000] {logging_mixin.py:190} INFO - [2026-03-22T04:33:20.409+0000] {dagbag.py:588} INFO - Filling up the DagBag from /opt/airflow/dags/job_scraping_dag.py
[2026-03-22T04:33:21.085+0000] {processor.py:925} INFO - DAG(s) 'daily_job_scraping' retrieved from /opt/airflow/dags/job_scraping_dag.py
[2026-03-22T04:33:21.118+0000] {logging_mixin.py:190} INFO - [2026-03-22T04:33:21.117+0000] {dag.py:3239} INFO - Sync 1 DAGs
[2026-03-22T04:33:21.141+0000] {logging_mixin.py:190} INFO - [2026-03-22T04:33:21.141+0000] {dag.py:4180} INFO - Setting next_dagrun for daily_job_scraping to 2026-03-21 12:00:00+00:00, run_after=2026-03-22 12:00:00+00:00
[2026-03-22T04:33:21.164+0000] {processor.py:208} INFO - Processing /opt/airflow/dags/job_scraping_dag.py took 0.768 seconds
[2026-03-22T04:33:51.276+0000] {processor.py:186} INFO - Started process (PID=752) to work on /opt/airflow/dags/job_scraping_dag.py
[2026-03-22T04:33:51.278+0000] {processor.py:914} INFO - Processing file /opt/airflow/dags/job_scraping_dag.py for tasks to queue
[2026-03-22T04:33:51.281+0000] {logging_mixin.py:190} INFO - [2026-03-22T04:33:51.281+0000] {dagbag.py:588} INFO - Filling up the DagBag from /opt/airflow/dags/job_scraping_dag.py
[2026-03-22T04:33:51.993+0000] {processor.py:925} INFO - DAG(s) 'daily_job_scraping' retrieved from /opt/airflow/dags/job_scraping_dag.py
[2026-03-22T04:33:52.026+0000] {logging_mixin.py:190} INFO - [2026-03-22T04:33:52.026+0000] {dag.py:3239} INFO - Sync 1 DAGs
[2026-03-22T04:33:52.053+0000] {logging_mixin.py:190} INFO - [2026-03-22T04:33:52.053+0000] {dag.py:4180} INFO - Setting next_dagrun for daily_job_scraping to 2026-03-21 12:00:00+00:00, run_after=2026-03-22 12:00:00+00:00
[2026-03-22T04:33:52.076+0000] {processor.py:208} INFO - Processing /opt/airflow/dags/job_scraping_dag.py took 0.807 seconds
[2026-03-22T04:34:22.577+0000] {processor.py:186} INFO - Started process (PID=758) to work on /opt/airflow/dags/job_scraping_dag.py
[2026-03-22T04:34:22.579+0000] {processor.py:914} INFO - Processing file /opt/airflow/dags/job_scraping_dag.py for tasks to queue
[2026-03-22T04:34:22.582+0000] {logging_mixin.py:190} INFO - [2026-03-22T04:34:22.581+0000] {dagbag.py:588} INFO - Filling up the DagBag from /opt/airflow/dags/job_scraping_dag.py
[2026-03-22T04:34:23.260+0000] {processor.py:925} INFO - DAG(s) 'daily_job_scraping' retrieved from /opt/airflow/dags/job_scraping_dag.py
[2026-03-22T04:34:23.289+0000] {logging_mixin.py:190} INFO - [2026-03-22T04:34:23.288+0000] {dag.py:3239} INFO - Sync 1 DAGs
[2026-03-22T04:34:23.311+0000] {logging_mixin.py:190} INFO - [2026-03-22T04:34:23.311+0000] {dag.py:4180} INFO - Setting next_dagrun for daily_job_scraping to 2026-03-21 12:00:00+00:00, run_after=2026-03-22 12:00:00+00:00
[2026-03-22T04:34:23.339+0000] {processor.py:208} INFO - Processing /opt/airflow/dags/job_scraping_dag.py took 0.770 seconds
[2026-03-22T04:34:53.619+0000] {processor.py:186} INFO - Started process (PID=764) to work on /opt/airflow/dags/job_scraping_dag.py
[2026-03-22T04:34:53.621+0000] {processor.py:914} INFO - Processing file /opt/airflow/dags/job_scraping_dag.py for tasks to queue
[2026-03-22T04:34:53.624+0000] {logging_mixin.py:190} INFO - [2026-03-22T04:34:53.624+0000] {dagbag.py:588} INFO - Filling up the DagBag from /opt/airflow/dags/job_scraping_dag.py
[2026-03-22T04:34:54.427+0000] {processor.py:925} INFO - DAG(s) 'daily_job_scraping' retrieved from /opt/airflow/dags/job_scraping_dag.py
[2026-03-22T04:34:54.460+0000] {logging_mixin.py:190} INFO - [2026-03-22T04:34:54.459+0000] {dag.py:3239} INFO - Sync 1 DAGs
[2026-03-22T04:34:54.484+0000] {logging_mixin.py:190} INFO - [2026-03-22T04:34:54.483+0000] {dag.py:4180} INFO - Setting next_dagrun for daily_job_scraping to 2026-03-21 12:00:00+00:00, run_after=2026-03-22 12:00:00+00:00
[2026-03-22T04:34:54.512+0000] {processor.py:208} INFO - Processing /opt/airflow/dags/job_scraping_dag.py took 0.905 seconds
[2026-03-22T04:35:25.049+0000] {processor.py:186} INFO - Started process (PID=770) to work on /opt/airflow/dags/job_scraping_dag.py
[2026-03-22T04:35:25.051+0000] {processor.py:914} INFO - Processing file /opt/airflow/dags/job_scraping_dag.py for tasks to queue
[2026-03-22T04:35:25.057+0000] {logging_mixin.py:190} INFO - [2026-03-22T04:35:25.056+0000] {dagbag.py:588} INFO - Filling up the DagBag from /opt/airflow/dags/job_scraping_dag.py
[2026-03-22T04:35:25.816+0000] {processor.py:925} INFO - DAG(s) 'daily_job_scraping' retrieved from /opt/airflow/dags/job_scraping_dag.py
[2026-03-22T04:35:25.846+0000] {logging_mixin.py:190} INFO - [2026-03-22T04:35:25.846+0000] {dag.py:3239} INFO - Sync 1 DAGs
[2026-03-22T04:35:25.881+0000] {logging_mixin.py:190} INFO - [2026-03-22T04:35:25.881+0000] {dag.py:4180} INFO - Setting next_dagrun for daily_job_scraping to 2026-03-21 12:00:00+00:00, run_after=2026-03-22 12:00:00+00:00
[2026-03-22T04:35:25.903+0000] {processor.py:208} INFO - Processing /opt/airflow/dags/job_scraping_dag.py took 0.866 seconds
[2026-03-22T04:35:56.511+0000] {processor.py:186} INFO - Started process (PID=776) to work on /opt/airflow/dags/job_scraping_dag.py
[2026-03-22T04:35:56.513+0000] {processor.py:914} INFO - Processing file /opt/airflow/dags/job_scraping_dag.py for tasks to queue
[2026-03-22T04:35:56.516+0000] {logging_mixin.py:190} INFO - [2026-03-22T04:35:56.515+0000] {dagbag.py:588} INFO - Filling up the DagBag from /opt/airflow/dags/job_scraping_dag.py
[2026-03-22T04:35:57.176+0000] {processor.py:925} INFO - DAG(s) 'daily_job_scraping' retrieved from /opt/airflow/dags/job_scraping_dag.py
[2026-03-22T04:35:57.208+0000] {logging_mixin.py:190} INFO - [2026-03-22T04:35:57.207+0000] {dag.py:3239} INFO - Sync 1 DAGs
[2026-03-22T04:35:57.234+0000] {logging_mixin.py:190} INFO - [2026-03-22T04:35:57.234+0000] {dag.py:4180} INFO - Setting next_dagrun for daily_job_scraping to 2026-03-21 12:00:00+00:00, run_after=2026-03-22 12:00:00+00:00
[2026-03-22T04:35:57.265+0000] {processor.py:208} INFO - Processing /opt/airflow/dags/job_scraping_dag.py took 0.762 seconds
[2026-03-22T04:36:27.875+0000] {processor.py:186} INFO - Started process (PID=782) to work on /opt/airflow/dags/job_scraping_dag.py
[2026-03-22T04:36:27.877+0000] {processor.py:914} INFO - Processing file /opt/airflow/dags/job_scraping_dag.py for tasks to queue
[2026-03-22T04:36:27.880+0000] {logging_mixin.py:190} INFO - [2026-03-22T04:36:27.879+0000] {dagbag.py:588} INFO - Filling up the DagBag from /opt/airflow/dags/job_scraping_dag.py
[2026-03-22T04:36:28.617+0000] {processor.py:925} INFO - DAG(s) 'daily_job_scraping' retrieved from /opt/airflow/dags/job_scraping_dag.py
[2026-03-22T04:36:28.646+0000] {logging_mixin.py:190} INFO - [2026-03-22T04:36:28.646+0000] {dag.py:3239} INFO - Sync 1 DAGs
[2026-03-22T04:36:28.669+0000] {logging_mixin.py:190} INFO - [2026-03-22T04:36:28.669+0000] {dag.py:4180} INFO - Setting next_dagrun for daily_job_scraping to 2026-03-21 12:00:00+00:00, run_after=2026-03-22 12:00:00+00:00
[2026-03-22T04:36:28.700+0000] {processor.py:208} INFO - Processing /opt/airflow/dags/job_scraping_dag.py took 0.834 seconds
[2026-03-22T04:36:59.271+0000] {processor.py:186} INFO - Started process (PID=788) to work on /opt/airflow/dags/job_scraping_dag.py
[2026-03-22T04:36:59.272+0000] {processor.py:914} INFO - Processing file /opt/airflow/dags/job_scraping_dag.py for tasks to queue
[2026-03-22T04:36:59.276+0000] {logging_mixin.py:190} INFO - [2026-03-22T04:36:59.275+0000] {dagbag.py:588} INFO - Filling up the DagBag from /opt/airflow/dags/job_scraping_dag.py
[2026-03-22T04:36:59.960+0000] {processor.py:925} INFO - DAG(s) 'daily_job_scraping' retrieved from /opt/airflow/dags/job_scraping_dag.py
[2026-03-22T04:36:59.992+0000] {logging_mixin.py:190} INFO - [2026-03-22T04:36:59.991+0000] {dag.py:3239} INFO - Sync 1 DAGs
[2026-03-22T04:37:00.016+0000] {logging_mixin.py:190} INFO - [2026-03-22T04:37:00.015+0000] {dag.py:4180} INFO - Setting next_dagrun for daily_job_scraping to 2026-03-21 12:00:00+00:00, run_after=2026-03-22 12:00:00+00:00
[2026-03-22T04:37:00.038+0000] {processor.py:208} INFO - Processing /opt/airflow/dags/job_scraping_dag.py took 0.775 seconds
[2026-03-22T04:37:30.606+0000] {processor.py:186} INFO - Started process (PID=794) to work on /opt/airflow/dags/job_scraping_dag.py
[2026-03-22T04:37:30.607+0000] {processor.py:914} INFO - Processing file /opt/airflow/dags/job_scraping_dag.py for tasks to queue
[2026-03-22T04:37:30.611+0000] {logging_mixin.py:190} INFO - [2026-03-22T04:37:30.611+0000] {dagbag.py:588} INFO - Filling up the DagBag from /opt/airflow/dags/job_scraping_dag.py
[2026-03-22T04:37:31.293+0000] {processor.py:925} INFO - DAG(s) 'daily_job_scraping' retrieved from /opt/airflow/dags/job_scraping_dag.py
[2026-03-22T04:37:31.324+0000] {logging_mixin.py:190} INFO - [2026-03-22T04:37:31.324+0000] {dag.py:3239} INFO - Sync 1 DAGs
[2026-03-22T04:37:31.349+0000] {logging_mixin.py:190} INFO - [2026-03-22T04:37:31.349+0000] {dag.py:4180} INFO - Setting next_dagrun for daily_job_scraping to 2026-03-21 12:00:00+00:00, run_after=2026-03-22 12:00:00+00:00
[2026-03-22T04:37:31.380+0000] {processor.py:208} INFO - Processing /opt/airflow/dags/job_scraping_dag.py took 0.782 seconds
[2026-03-22T04:38:01.942+0000] {processor.py:186} INFO - Started process (PID=800) to work on /opt/airflow/dags/job_scraping_dag.py
[2026-03-22T04:38:01.944+0000] {processor.py:914} INFO - Processing file /opt/airflow/dags/job_scraping_dag.py for tasks to queue
[2026-03-22T04:38:01.947+0000] {logging_mixin.py:190} INFO - [2026-03-22T04:38:01.947+0000] {dagbag.py:588} INFO - Filling up the DagBag from /opt/airflow/dags/job_scraping_dag.py
[2026-03-22T04:38:01.572+0000] {processor.py:925} INFO - DAG(s) 'daily_job_scraping' retrieved from /opt/airflow/dags/job_scraping_dag.py
[2026-03-22T04:38:01.605+0000] {logging_mixin.py:190} INFO - [2026-03-22T04:38:01.605+0000] {dag.py:3239} INFO - Sync 1 DAGs
[2026-03-22T04:38:01.631+0000] {logging_mixin.py:190} INFO - [2026-03-22T04:38:01.631+0000] {dag.py:4180} INFO - Setting next_dagrun for daily_job_scraping to 2026-03-21 12:00:00+00:00, run_after=2026-03-22 12:00:00+00:00
[2026-03-22T04:38:01.656+0000] {processor.py:208} INFO - Processing /opt/airflow/dags/job_scraping_dag.py took 0.778 seconds
[2026-03-22T04:38:31.886+0000] {processor.py:186} INFO - Started process (PID=806) to work on /opt/airflow/dags/job_scraping_dag.py
[2026-03-22T04:38:31.887+0000] {processor.py:914} INFO - Processing file /opt/airflow/dags/job_scraping_dag.py for tasks to queue
[2026-03-22T04:38:31.891+0000] {logging_mixin.py:190} INFO - [2026-03-22T04:38:31.890+0000] {dagbag.py:588} INFO - Filling up the DagBag from /opt/airflow/dags/job_scraping_dag.py
[2026-03-22T04:38:32.569+0000] {processor.py:925} INFO - DAG(s) 'daily_job_scraping' retrieved from /opt/airflow/dags/job_scraping_dag.py
[2026-03-22T04:38:32.600+0000] {logging_mixin.py:190} INFO - [2026-03-22T04:38:32.600+0000] {dag.py:3239} INFO - Sync 1 DAGs
[2026-03-22T04:38:32.635+0000] {logging_mixin.py:190} INFO - [2026-03-22T04:38:32.635+0000] {dag.py:4180} INFO - Setting next_dagrun for daily_job_scraping to 2026-03-21 12:00:00+00:00, run_after=2026-03-22 12:00:00+00:00
[2026-03-22T04:38:32.663+0000] {processor.py:208} INFO - Processing /opt/airflow/dags/job_scraping_dag.py took 0.785 seconds
[2026-03-22T04:39:03.318+0000] {processor.py:186} INFO - Started process (PID=812) to work on /opt/airflow/dags/job_scraping_dag.py
[2026-03-22T04:39:03.319+0000] {processor.py:914} INFO - Processing file /opt/airflow/dags/job_scraping_dag.py for tasks to queue
[2026-03-22T04:39:03.322+0000] {logging_mixin.py:190} INFO - [2026-03-22T04:39:03.322+0000] {dagbag.py:588} INFO - Filling up the DagBag from /opt/airflow/dags/job_scraping_dag.py
[2026-03-22T04:39:04.011+0000] {processor.py:925} INFO - DAG(s) 'daily_job_scraping' retrieved from /opt/airflow/dags/job_scraping_dag.py
[2026-03-22T04:39:04.055+0000] {logging_mixin.py:190} INFO - [2026-03-22T04:39:04.055+0000] {dag.py:3239} INFO - Sync 1 DAGs
[2026-03-22T04:39:04.090+0000] {logging_mixin.py:190} INFO - [2026-03-22T04:39:04.089+0000] {dag.py:4180} INFO - Setting next_dagrun for daily_job_scraping to 2026-03-21 12:00:00+00:00, run_after=2026-03-22 12:00:00+00:00
[2026-03-22T04:39:04.127+0000] {processor.py:208} INFO - Processing /opt/airflow/dags/job_scraping_dag.py took 0.817 seconds
[2026-03-22T04:39:34.684+0000] {processor.py:186} INFO - Started process (PID=818) to work on /opt/airflow/dags/job_scraping_dag.py
[2026-03-22T04:39:34.685+0000] {processor.py:914} INFO - Processing file /opt/airflow/dags/job_scraping_dag.py for tasks to queue
[2026-03-22T04:39:34.689+0000] {logging_mixin.py:190} INFO - [2026-03-22T04:39:34.688+0000] {dagbag.py:588} INFO - Filling up the DagBag from /opt/airflow/dags/job_scraping_dag.py
[2026-03-22T04:39:35.373+0000] {processor.py:925} INFO - DAG(s) 'daily_job_scraping' retrieved from /opt/airflow/dags/job_scraping_dag.py
[2026-03-22T04:39:35.404+0000] {logging_mixin.py:190} INFO - [2026-03-22T04:39:35.403+0000] {dag.py:3239} INFO - Sync 1 DAGs
[2026-03-22T04:39:35.426+0000] {logging_mixin.py:190} INFO - [2026-03-22T04:39:35.426+0000] {dag.py:4180} INFO - Setting next_dagrun for daily_job_scraping to 2026-03-21 12:00:00+00:00, run_after=2026-03-22 12:00:00+00:00
[2026-03-22T04:39:35.449+0000] {processor.py:208} INFO - Processing /opt/airflow/dags/job_scraping_dag.py took 0.773 seconds
[2026-03-22T04:40:05.953+0000] {processor.py:186} INFO - Started process (PID=824) to work on /opt/airflow/dags/job_scraping_dag.py
[2026-03-22T04:40:05.955+0000] {processor.py:914} INFO - Processing file /opt/airflow/dags/job_scraping_dag.py for tasks to queue
[2026-03-22T04:40:05.960+0000] {logging_mixin.py:190} INFO - [2026-03-22T04:40:05.959+0000] {dagbag.py:588} INFO - Filling up the DagBag from /opt/airflow/dags/job_scraping_dag.py
[2026-03-22T04:40:07.197+0000] {processor.py:925} INFO - DAG(s) 'daily_job_scraping' retrieved from /opt/airflow/dags/job_scraping_dag.py
[2026-03-22T04:40:07.281+0000] {logging_mixin.py:190} INFO - [2026-03-22T04:40:07.281+0000] {dag.py:3239} INFO - Sync 1 DAGs
[2026-03-22T04:40:07.348+0000] {logging_mixin.py:190} INFO - [2026-03-22T04:40:07.347+0000] {dag.py:4180} INFO - Setting next_dagrun for daily_job_scraping to 2026-03-21 12:00:00+00:00, run_after=2026-03-22 12:00:00+00:00
[2026-03-22T04:40:07.370+0000] {processor.py:208} INFO - Processing /opt/airflow/dags/job_scraping_dag.py took 1.449 seconds
[2026-03-22T04:40:37.665+0000] {processor.py:186} INFO - Started process (PID=830) to work on /opt/airflow/dags/job_scraping_dag.py
[2026-03-22T04:40:37.667+0000] {processor.py:914} INFO - Processing file /opt/airflow/dags/job_scraping_dag.py for tasks to queue
[2026-03-22T04:40:37.670+0000] {logging_mixin.py:190} INFO - [2026-03-22T04:40:37.670+0000] {dagbag.py:588} INFO - Filling up the DagBag from /opt/airflow/dags/job_scraping_dag.py
[2026-03-22T04:40:38.367+0000] {processor.py:925} INFO - DAG(s) 'daily_job_scraping' retrieved from /opt/airflow/dags/job_scraping_dag.py
[2026-03-22T04:40:38.398+0000] {logging_mixin.py:190} INFO - [2026-03-22T04:40:38.398+0000] {dag.py:3239} INFO - Sync 1 DAGs
[2026-03-22T04:40:38.423+0000] {logging_mixin.py:190} INFO - [2026-03-22T04:40:38.422+0000] {dag.py:4180} INFO - Setting next_dagrun for daily_job_scraping to 2026-03-21 12:00:00+00:00, run_after=2026-03-22 12:00:00+00:00
[2026-03-22T04:40:38.452+0000] {processor.py:208} INFO - Processing /opt/airflow/dags/job_scraping_dag.py took 0.807 seconds
[2026-03-22T04:41:08.856+0000] {processor.py:186} INFO - Started process (PID=836) to work on /opt/airflow/dags/job_scraping_dag.py
[2026-03-22T04:41:08.858+0000] {processor.py:914} INFO - Processing file /opt/airflow/dags/job_scraping_dag.py for tasks to queue
[2026-03-22T04:41:08.861+0000] {logging_mixin.py:190} INFO - [2026-03-22T04:41:08.861+0000] {dagbag.py:588} INFO - Filling up the DagBag from /opt/airflow/dags/job_scraping_dag.py
[2026-03-22T04:41:09.540+0000] {processor.py:925} INFO - DAG(s) 'daily_job_scraping' retrieved from /opt/airflow/dags/job_scraping_dag.py
[2026-03-22T04:41:09.571+0000] {logging_mixin.py:190} INFO - [2026-03-22T04:41:09.571+0000] {dag.py:3239} INFO - Sync 1 DAGs
[2026-03-22T04:41:09.594+0000] {logging_mixin.py:190} INFO - [2026-03-22T04:41:09.594+0000] {dag.py:4180} INFO - Setting next_dagrun for daily_job_scraping to 2026-03-21 12:00:00+00:00, run_after=2026-03-22 12:00:00+00:00
[2026-03-22T04:41:09.624+0000] {processor.py:208} INFO - Processing /opt/airflow/dags/job_scraping_dag.py took 0.777 seconds
[2026-03-22T04:41:39.805+0000] {processor.py:186} INFO - Started process (PID=842) to work on /opt/airflow/dags/job_scraping_dag.py
[2026-03-22T04:41:39.807+0000] {processor.py:914} INFO - Processing file /opt/airflow/dags/job_scraping_dag.py for tasks to queue
[2026-03-22T04:41:39.810+0000] {logging_mixin.py:190} INFO - [2026-03-22T04:41:39.810+0000] {dagbag.py:588} INFO - Filling up the DagBag from /opt/airflow/dags/job_scraping_dag.py
[2026-03-22T04:41:40.487+0000] {processor.py:925} INFO - DAG(s) 'daily_job_scraping' retrieved from /opt/airflow/dags/job_scraping_dag.py
[2026-03-22T04:41:40.528+0000] {logging_mixin.py:190} INFO - [2026-03-22T04:41:40.528+0000] {dag.py:3239} INFO - Sync 1 DAGs
[2026-03-22T04:41:40.555+0000] {logging_mixin.py:190} INFO - [2026-03-22T04:41:40.554+0000] {dag.py:4180} INFO - Setting next_dagrun for daily_job_scraping to 2026-03-21 12:00:00+00:00, run_after=2026-03-22 12:00:00+00:00
[2026-03-22T04:41:40.584+0000] {processor.py:208} INFO - Processing /opt/airflow/dags/job_scraping_dag.py took 0.787 seconds
[2026-03-22T04:42:10.688+0000] {processor.py:186} INFO - Started process (PID=848) to work on /opt/airflow/dags/job_scraping_dag.py
[2026-03-22T04:42:10.690+0000] {processor.py:914} INFO - Processing file /opt/airflow/dags/job_scraping_dag.py for tasks to queue
[2026-03-22T04:42:10.693+0000] {logging_mixin.py:190} INFO - [2026-03-22T04:42:10.693+0000] {dagbag.py:588} INFO - Filling up the DagBag from /opt/airflow/dags/job_scraping_dag.py
[2026-03-22T04:42:11.592+0000] {processor.py:925} INFO - DAG(s) 'daily_job_scraping' retrieved from /opt/airflow/dags/job_scraping_dag.py
[2026-03-22T04:42:11.627+0000] {logging_mixin.py:190} INFO - [2026-03-22T04:42:11.626+0000] {dag.py:3239} INFO - Sync 1 DAGs
[2026-03-22T04:42:11.673+0000] {logging_mixin.py:190} INFO - [2026-03-22T04:42:11.673+0000] {dag.py:4180} INFO - Setting next_dagrun for daily_job_scraping to 2026-03-21 12:00:00+00:00, run_after=2026-03-22 12:00:00+00:00
[2026-03-22T04:42:11.695+0000] {processor.py:208} INFO - Processing /opt/airflow/dags/job_scraping_dag.py took 1.017 seconds
[2026-03-22T04:42:42.156+0000] {processor.py:186} INFO - Started process (PID=854) to work on /opt/airflow/dags/job_scraping_dag.py
[2026-03-22T04:42:42.157+0000] {processor.py:914} INFO - Processing file /opt/airflow/dags/job_scraping_dag.py for tasks to queue
[2026-03-22T04:42:42.161+0000] {logging_mixin.py:190} INFO - [2026-03-22T04:42:42.161+0000] {dagbag.py:588} INFO - Filling up the DagBag from /opt/airflow/dags/job_scraping_dag.py
[2026-03-22T04:42:42.850+0000] {processor.py:925} INFO - DAG(s) 'daily_job_scraping' retrieved from /opt/airflow/dags/job_scraping_dag.py
[2026-03-22T04:42:42.880+0000] {logging_mixin.py:190} INFO - [2026-03-22T04:42:42.880+0000] {dag.py:3239} INFO - Sync 1 DAGs
[2026-03-22T04:42:42.903+0000] {logging_mixin.py:190} INFO - [2026-03-22T04:42:42.903+0000] {dag.py:4180} INFO - Setting next_dagrun for daily_job_scraping to 2026-03-21 12:00:00+00:00, run_after=2026-03-22 12:00:00+00:00
[2026-03-22T04:42:42.933+0000] {processor.py:208} INFO - Processing /opt/airflow/dags/job_scraping_dag.py took 0.784 seconds
[2026-03-22T04:43:13.451+0000] {processor.py:186} INFO - Started process (PID=860) to work on /opt/airflow/dags/job_scraping_dag.py
[2026-03-22T04:43:13.453+0000] {processor.py:914} INFO - Processing file /opt/airflow/dags/job_scraping_dag.py for tasks to queue
[2026-03-22T04:43:13.456+0000] {logging_mixin.py:190} INFO - [2026-03-22T04:43:13.456+0000] {dagbag.py:588} INFO - Filling up the DagBag from /opt/airflow/dags/job_scraping_dag.py
[2026-03-22T04:43:14.143+0000] {processor.py:925} INFO - DAG(s) 'daily_job_scraping' retrieved from /opt/airflow/dags/job_scraping_dag.py
[2026-03-22T04:43:14.173+0000] {logging_mixin.py:190} INFO - [2026-03-22T04:43:14.172+0000] {dag.py:3239} INFO - Sync 1 DAGs
[2026-03-22T04:43:14.197+0000] {logging_mixin.py:190} INFO - [2026-03-22T04:43:14.197+0000] {dag.py:4180} INFO - Setting next_dagrun for daily_job_scraping to 2026-03-21 12:00:00+00:00, run_after=2026-03-22 12:00:00+00:00
[2026-03-22T04:43:14.227+0000] {processor.py:208} INFO - Processing /opt/airflow/dags/job_scraping_dag.py took 0.785 seconds
[2026-03-22T04:43:44.783+0000] {processor.py:186} INFO - Started process (PID=866) to work on /opt/airflow/dags/job_scraping_dag.py
[2026-03-22T04:43:44.784+0000] {processor.py:914} INFO - Processing file /opt/airflow/dags/job_scraping_dag.py for tasks to queue
[2026-03-22T04:43:44.788+0000] {logging_mixin.py:190} INFO - [2026-03-22T04:43:44.787+0000] {dagbag.py:588} INFO - Filling up the DagBag from /opt/airflow/dags/job_scraping_dag.py
[2026-03-22T04:43:45.459+0000] {processor.py:925} INFO - DAG(s) 'daily_job_scraping' retrieved from /opt/airflow/dags/job_scraping_dag.py
[2026-03-22T04:43:45.491+0000] {logging_mixin.py:190} INFO - [2026-03-22T04:43:45.490+0000] {dag.py:3239} INFO - Sync 1 DAGs
[2026-03-22T04:43:45.515+0000] {logging_mixin.py:190} INFO - [2026-03-22T04:43:45.514+0000] {dag.py:4180} INFO - Setting next_dagrun for daily_job_scraping to 2026-03-21 12:00:00+00:00, run_after=2026-03-22 12:00:00+00:00
[2026-03-22T04:43:45.540+0000] {processor.py:208} INFO - Processing /opt/airflow/dags/job_scraping_dag.py took 0.765 seconds
[2026-03-22T04:44:16.037+0000] {processor.py:186} INFO - Started process (PID=872) to work on /opt/airflow/dags/job_scraping_dag.py
[2026-03-22T04:44:16.040+0000] {processor.py:914} INFO - Processing file /opt/airflow/dags/job_scraping_dag.py for tasks to queue
[2026-03-22T04:44:16.045+0000] {logging_mixin.py:190} INFO - [2026-03-22T04:44:16.044+0000] {dagbag.py:588} INFO - Filling up the DagBag from /opt/airflow/dags/job_scraping_dag.py
[2026-03-22T04:44:16.885+0000] {processor.py:925} INFO - DAG(s) 'daily_job_scraping' retrieved from /opt/airflow/dags/job_scraping_dag.py
[2026-03-22T04:44:16.928+0000] {logging_mixin.py:190} INFO - [2026-03-22T04:44:16.927+0000] {dag.py:3239} INFO - Sync 1 DAGs
[2026-03-22T04:44:16.971+0000] {logging_mixin.py:190} INFO - [2026-03-22T04:44:16.971+0000] {dag.py:4180} INFO - Setting next_dagrun for daily_job_scraping to 2026-03-21 12:00:00+00:00, run_after=2026-03-22 12:00:00+00:00
[2026-03-22T04:44:17.003+0000] {processor.py:208} INFO - Processing /opt/airflow/dags/job_scraping_dag.py took 0.983 seconds
[2026-03-22T04:44:47.520+0000] {processor.py:186} INFO - Started process (PID=878) to work on /opt/airflow/dags/job_scraping_dag.py
[2026-03-22T04:44:47.521+0000] {processor.py:914} INFO - Processing file /opt/airflow/dags/job_scraping_dag.py for tasks to queue
[2026-03-22T04:44:47.525+0000] {logging_mixin.py:190} INFO - [2026-03-22T04:44:47.524+0000] {dagbag.py:588} INFO - Filling up the DagBag from /opt/airflow/dags/job_scraping_dag.py
[2026-03-22T04:44:48.223+0000] {processor.py:925} INFO - DAG(s) 'daily_job_scraping' retrieved from /opt/airflow/dags/job_scraping_dag.py
[2026-03-22T04:44:48.262+0000] {logging_mixin.py:190} INFO - [2026-03-22T04:44:48.261+0000] {dag.py:3239} INFO - Sync 1 DAGs
[2026-03-22T04:44:48.292+0000] {logging_mixin.py:190} INFO - [2026-03-22T04:44:48.292+0000] {dag.py:4180} INFO - Setting next_dagrun for daily_job_scraping to 2026-03-21 12:00:00+00:00, run_after=2026-03-22 12:00:00+00:00
[2026-03-22T04:44:48.326+0000] {processor.py:208} INFO - Processing /opt/airflow/dags/job_scraping_dag.py took 0.816 seconds
[2026-03-22T04:45:18.839+0000] {processor.py:186} INFO - Started process (PID=884) to work on /opt/airflow/dags/job_scraping_dag.py
[2026-03-22T04:45:18.841+0000] {processor.py:914} INFO - Processing file /opt/airflow/dags/job_scraping_dag.py for tasks to queue
[2026-03-22T04:45:18.844+0000] {logging_mixin.py:190} INFO - [2026-03-22T04:45:18.844+0000] {dagbag.py:588} INFO - Filling up the DagBag from /opt/airflow/dags/job_scraping_dag.py
[2026-03-22T04:45:19.624+0000] {processor.py:925} INFO - DAG(s) 'daily_job_scraping' retrieved from /opt/airflow/dags/job_scraping_dag.py
[2026-03-22T04:45:19.654+0000] {logging_mixin.py:190} INFO - [2026-03-22T04:45:19.654+0000] {dag.py:3239} INFO - Sync 1 DAGs
[2026-03-22T04:45:19.686+0000] {logging_mixin.py:190} INFO - [2026-03-22T04:45:19.685+0000] {dag.py:4180} INFO - Setting next_dagrun for daily_job_scraping to 2026-03-21 12:00:00+00:00, run_after=2026-03-22 12:00:00+00:00
[2026-03-22T04:45:19.708+0000] {processor.py:208} INFO - Processing /opt/airflow/dags/job_scraping_dag.py took 0.876 seconds
[2026-03-22T04:45:50.312+0000] {processor.py:186} INFO - Started process (PID=890) to work on /opt/airflow/dags/job_scraping_dag.py
[2026-03-22T04:45:50.313+0000] {processor.py:914} INFO - Processing file /opt/airflow/dags/job_scraping_dag.py for tasks to queue
[2026-03-22T04:45:50.316+0000] {logging_mixin.py:190} INFO - [2026-03-22T04:45:50.316+0000] {dagbag.py:588} INFO - Filling up the DagBag from /opt/airflow/dags/job_scraping_dag.py
[2026-03-22T04:45:51.019+0000] {processor.py:925} INFO - DAG(s) 'daily_job_scraping' retrieved from /opt/airflow/dags/job_scraping_dag.py
[2026-03-22T04:45:51.050+0000] {logging_mixin.py:190} INFO - [2026-03-22T04:45:51.049+0000] {dag.py:3239} INFO - Sync 1 DAGs
[2026-03-22T04:45:51.074+0000] {logging_mixin.py:190} INFO - [2026-03-22T04:45:51.074+0000] {dag.py:4180} INFO - Setting next_dagrun for daily_job_scraping to 2026-03-21 12:00:00+00:00, run_after=2026-03-22 12:00:00+00:00
[2026-03-22T04:45:51.105+0000] {processor.py:208} INFO - Processing /opt/airflow/dags/job_scraping_dag.py took 0.800 seconds
[2026-03-22T04:46:21.668+0000] {processor.py:186} INFO - Started process (PID=896) to work on /opt/airflow/dags/job_scraping_dag.py
[2026-03-22T04:46:21.670+0000] {processor.py:914} INFO - Processing file /opt/airflow/dags/job_scraping_dag.py for tasks to queue
[2026-03-22T04:46:21.673+0000] {logging_mixin.py:190} INFO - [2026-03-22T04:46:21.673+0000] {dagbag.py:588} INFO - Filling up the DagBag from /opt/airflow/dags/job_scraping_dag.py
[2026-03-22T04:46:22.406+0000] {processor.py:925} INFO - DAG(s) 'daily_job_scraping' retrieved from /opt/airflow/dags/job_scraping_dag.py
[2026-03-22T04:46:22.453+0000] {logging_mixin.py:190} INFO - [2026-03-22T04:46:22.453+0000] {dag.py:3239} INFO - Sync 1 DAGs
[2026-03-22T04:46:22.491+0000] {logging_mixin.py:190} INFO - [2026-03-22T04:46:22.490+0000] {dag.py:4180} INFO - Setting next_dagrun for daily_job_scraping to 2026-03-21 12:00:00+00:00, run_after=2026-03-22 12:00:00+00:00
[2026-03-22T04:46:22.529+0000] {processor.py:208} INFO - Processing /opt/airflow/dags/job_scraping_dag.py took 0.869 seconds
[2026-03-22T04:46:53.093+0000] {processor.py:186} INFO - Started process (PID=902) to work on /opt/airflow/dags/job_scraping_dag.py
[2026-03-22T04:46:53.094+0000] {processor.py:914} INFO - Processing file /opt/airflow/dags/job_scraping_dag.py for tasks to queue
[2026-03-22T04:46:53.098+0000] {logging_mixin.py:190} INFO - [2026-03-22T04:46:53.097+0000] {dagbag.py:588} INFO - Filling up the DagBag from /opt/airflow/dags/job_scraping_dag.py
[2026-03-22T04:46:53.776+0000] {processor.py:925} INFO - DAG(s) 'daily_job_scraping' retrieved from /opt/airflow/dags/job_scraping_dag.py
[2026-03-22T04:46:53.806+0000] {logging_mixin.py:190} INFO - [2026-03-22T04:46:53.805+0000] {dag.py:3239} INFO - Sync 1 DAGs
[2026-03-22T04:46:53.828+0000] {logging_mixin.py:190} INFO - [2026-03-22T04:46:53.828+0000] {dag.py:4180} INFO - Setting next_dagrun for daily_job_scraping to 2026-03-21 12:00:00+00:00, run_after=2026-03-22 12:00:00+00:00
[2026-03-22T04:46:53.850+0000] {processor.py:208} INFO - Processing /opt/airflow/dags/job_scraping_dag.py took 0.771 seconds
[2026-03-22T04:47:24.341+0000] {processor.py:186} INFO - Started process (PID=908) to work on /opt/airflow/dags/job_scraping_dag.py
[2026-03-22T04:47:24.342+0000] {processor.py:914} INFO - Processing file /opt/airflow/dags/job_scraping_dag.py for tasks to queue
[2026-03-22T04:47:24.346+0000] {logging_mixin.py:190} INFO - [2026-03-22T04:47:24.345+0000] {dagbag.py:588} INFO - Filling up the DagBag from /opt/airflow/dags/job_scraping_dag.py
[2026-03-22T04:47:25.017+0000] {processor.py:925} INFO - DAG(s) 'daily_job_scraping' retrieved from /opt/airflow/dags/job_scraping_dag.py
[2026-03-22T04:47:25.047+0000] {logging_mixin.py:190} INFO - [2026-03-22T04:47:25.046+0000] {dag.py:3239} INFO - Sync 1 DAGs
[2026-03-22T04:47:25.069+0000] {logging_mixin.py:190} INFO - [2026-03-22T04:47:25.069+0000] {dag.py:4180} INFO - Setting next_dagrun for daily_job_scraping to 2026-03-21 12:00:00+00:00, run_after=2026-03-22 12:00:00+00:00
[2026-03-22T04:47:25.100+0000] {processor.py:208} INFO - Processing /opt/airflow/dags/job_scraping_dag.py took 0.770 seconds
[2026-03-22T04:47:55.672+0000] {processor.py:186} INFO - Started process (PID=914) to work on /opt/airflow/dags/job_scraping_dag.py
[2026-03-22T04:47:55.674+0000] {processor.py:914} INFO - Processing file /opt/airflow/dags/job_scraping_dag.py for tasks to queue
[2026-03-22T04:47:55.677+0000] {logging_mixin.py:190} INFO - [2026-03-22T04:47:55.677+0000] {dagbag.py:588} INFO - Filling up the DagBag from /opt/airflow/dags/job_scraping_dag.py
[2026-03-22T04:47:56.424+0000] {processor.py:925} INFO - DAG(s) 'daily_job_scraping' retrieved from /opt/airflow/dags/job_scraping_dag.py
[2026-03-22T04:47:56.453+0000] {logging_mixin.py:190} INFO - [2026-03-22T04:47:56.452+0000] {dag.py:3239} INFO - Sync 1 DAGs
[2026-03-22T04:47:56.477+0000] {logging_mixin.py:190} INFO - [2026-03-22T04:47:56.477+0000] {dag.py:4180} INFO - Setting next_dagrun for daily_job_scraping to 2026-03-21 12:00:00+00:00, run_after=2026-03-22 12:00:00+00:00
[2026-03-22T04:47:56.502+0000] {processor.py:208} INFO - Processing /opt/airflow/dags/job_scraping_dag.py took 0.838 seconds
[2026-03-22T04:48:27.056+0000] {processor.py:186} INFO - Started process (PID=920) to work on /opt/airflow/dags/job_scraping_dag.py
[2026-03-22T04:48:27.060+0000] {processor.py:914} INFO - Processing file /opt/airflow/dags/job_scraping_dag.py for tasks to queue
[2026-03-22T04:48:27.065+0000] {logging_mixin.py:190} INFO - [2026-03-22T04:48:27.064+0000] {dagbag.py:588} INFO - Filling up the DagBag from /opt/airflow/dags/job_scraping_dag.py
[2026-03-22T04:48:27.775+0000] {processor.py:925} INFO - DAG(s) 'daily_job_scraping' retrieved from /opt/airflow/dags/job_scraping_dag.py
[2026-03-22T04:48:27.805+0000] {logging_mixin.py:190} INFO - [2026-03-22T04:48:27.805+0000] {dag.py:3239} INFO - Sync 1 DAGs
[2026-03-22T04:48:27.830+0000] {logging_mixin.py:190} INFO - [2026-03-22T04:48:27.830+0000] {dag.py:4180} INFO - Setting next_dagrun for daily_job_scraping to 2026-03-21 12:00:00+00:00, run_after=2026-03-22 12:00:00+00:00
[2026-03-22T04:48:27.861+0000] {processor.py:208} INFO - Processing /opt/airflow/dags/job_scraping_dag.py took 0.820 seconds
[2026-03-22T04:48:58.386+0000] {processor.py:186} INFO - Started process (PID=926) to work on /opt/airflow/dags/job_scraping_dag.py
[2026-03-22T04:48:58.394+0000] {processor.py:914} INFO - Processing file /opt/airflow/dags/job_scraping_dag.py for tasks to queue
[2026-03-22T04:48:58.400+0000] {logging_mixin.py:190} INFO - [2026-03-22T04:48:58.399+0000] {dagbag.py:588} INFO - Filling up the DagBag from /opt/airflow/dags/job_scraping_dag.py
[2026-03-22T04:48:59.538+0000] {processor.py:925} INFO - DAG(s) 'daily_job_scraping' retrieved from /opt/airflow/dags/job_scraping_dag.py
[2026-03-22T04:48:59.578+0000] {logging_mixin.py:190} INFO - [2026-03-22T04:48:59.578+0000] {dag.py:3239} INFO - Sync 1 DAGs
[2026-03-22T04:48:59.692+0000] {logging_mixin.py:190} INFO - [2026-03-22T04:48:59.691+0000] {dag.py:4180} INFO - Setting next_dagrun for daily_job_scraping to 2026-03-21 12:00:00+00:00, run_after=2026-03-22 12:00:00+00:00
[2026-03-22T04:48:59.772+0000] {processor.py:208} INFO - Processing /opt/airflow/dags/job_scraping_dag.py took 1.409 seconds
[2026-03-22T04:49:30.290+0000] {processor.py:186} INFO - Started process (PID=932) to work on /opt/airflow/dags/job_scraping_dag.py
[2026-03-22T04:49:30.292+0000] {processor.py:914} INFO - Processing file /opt/airflow/dags/job_scraping_dag.py for tasks to queue
[2026-03-22T04:49:30.296+0000] {logging_mixin.py:190} INFO - [2026-03-22T04:49:30.295+0000] {dagbag.py:588} INFO - Filling up the DagBag from /opt/airflow/dags/job_scraping_dag.py
[2026-03-22T04:49:31.249+0000] {processor.py:925} INFO - DAG(s) 'daily_job_scraping' retrieved from /opt/airflow/dags/job_scraping_dag.py
[2026-03-22T04:49:31.282+0000] {logging_mixin.py:190} INFO - [2026-03-22T04:49:31.281+0000] {dag.py:3239} INFO - Sync 1 DAGs
[2026-03-22T04:49:31.308+0000] {logging_mixin.py:190} INFO - [2026-03-22T04:49:31.308+0000] {dag.py:4180} INFO - Setting next_dagrun for daily_job_scraping to 2026-03-21 12:00:00+00:00, run_after=2026-03-22 12:00:00+00:00
[2026-03-22T04:49:31.330+0000] {processor.py:208} INFO - Processing /opt/airflow/dags/job_scraping_dag.py took 1.050 seconds
[2026-03-22T04:50:01.549+0000] {processor.py:186} INFO - Started process (PID=938) to work on /opt/airflow/dags/job_scraping_dag.py
[2026-03-22T04:50:01.550+0000] {processor.py:914} INFO - Processing file /opt/airflow/dags/job_scraping_dag.py for tasks to queue
[2026-03-22T04:50:01.554+0000] {logging_mixin.py:190} INFO - [2026-03-22T04:50:01.553+0000] {dagbag.py:588} INFO - Filling up the DagBag from /opt/airflow/dags/job_scraping_dag.py
[2026-03-22T04:50:02.732+0000] {processor.py:925} INFO - DAG(s) 'daily_job_scraping' retrieved from /opt/airflow/dags/job_scraping_dag.py
[2026-03-22T04:50:02.773+0000] {logging_mixin.py:190} INFO - [2026-03-22T04:50:02.772+0000] {dag.py:3239} INFO - Sync 1 DAGs
[2026-03-22T04:50:02.803+0000] {logging_mixin.py:190} INFO - [2026-03-22T04:50:02.803+0000] {dag.py:4180} INFO - Setting next_dagrun for daily_job_scraping to 2026-03-21 12:00:00+00:00, run_after=2026-03-22 12:00:00+00:00
[2026-03-22T04:50:02.867+0000] {processor.py:208} INFO - Processing /opt/airflow/dags/job_scraping_dag.py took 1.326 seconds
[2026-03-22T04:50:33.482+0000] {processor.py:186} INFO - Started process (PID=944) to work on /opt/airflow/dags/job_scraping_dag.py
[2026-03-22T04:50:33.483+0000] {processor.py:914} INFO - Processing file /opt/airflow/dags/job_scraping_dag.py for tasks to queue
[2026-03-22T04:50:33.491+0000] {logging_mixin.py:190} INFO - [2026-03-22T04:50:33.490+0000] {dagbag.py:588} INFO - Filling up the DagBag from /opt/airflow/dags/job_scraping_dag.py
[2026-03-22T04:50:34.261+0000] {processor.py:925} INFO - DAG(s) 'daily_job_scraping' retrieved from /opt/airflow/dags/job_scraping_dag.py
[2026-03-22T04:50:34.298+0000] {logging_mixin.py:190} INFO - [2026-03-22T04:50:34.298+0000] {dag.py:3239} INFO - Sync 1 DAGs
[2026-03-22T04:50:34.328+0000] {logging_mixin.py:190} INFO - [2026-03-22T04:50:34.328+0000] {dag.py:4180} INFO - Setting next_dagrun for daily_job_scraping to 2026-03-21 12:00:00+00:00, run_after=2026-03-22 12:00:00+00:00
[2026-03-22T04:50:34.352+0000] {processor.py:208} INFO - Processing /opt/airflow/dags/job_scraping_dag.py took 0.879 seconds
[2026-03-22T04:51:05.054+0000] {processor.py:186} INFO - Started process (PID=950) to work on /opt/airflow/dags/job_scraping_dag.py
[2026-03-22T04:51:05.055+0000] {processor.py:914} INFO - Processing file /opt/airflow/dags/job_scraping_dag.py for tasks to queue
[2026-03-22T04:51:05.062+0000] {logging_mixin.py:190} INFO - [2026-03-22T04:51:05.061+0000] {dagbag.py:588} INFO - Filling up the DagBag from /opt/airflow/dags/job_scraping_dag.py
[2026-03-22T04:51:06.309+0000] {processor.py:925} INFO - DAG(s) 'daily_job_scraping' retrieved from /opt/airflow/dags/job_scraping_dag.py
[2026-03-22T04:51:06.353+0000] {logging_mixin.py:190} INFO - [2026-03-22T04:51:06.350+0000] {dag.py:3239} INFO - Sync 1 DAGs
[2026-03-22T04:51:06.397+0000] {logging_mixin.py:190} INFO - [2026-03-22T04:51:06.397+0000] {dag.py:4180} INFO - Setting next_dagrun for daily_job_scraping to 2026-03-21 12:00:00+00:00, run_after=2026-03-22 12:00:00+00:00
[2026-03-22T04:51:06.471+0000] {processor.py:208} INFO - Processing /opt/airflow/dags/job_scraping_dag.py took 1.433 seconds
[2026-03-22T04:51:36.723+0000] {processor.py:186} INFO - Started process (PID=956) to work on /opt/airflow/dags/job_scraping_dag.py
[2026-03-22T04:51:36.725+0000] {processor.py:914} INFO - Processing file /opt/airflow/dags/job_scraping_dag.py for tasks to queue
[2026-03-22T04:51:36.730+0000] {logging_mixin.py:190} INFO - [2026-03-22T04:51:36.729+0000] {dagbag.py:588} INFO - Filling up the DagBag from /opt/airflow/dags/job_scraping_dag.py
[2026-03-22T04:51:37.536+0000] {processor.py:925} INFO - DAG(s) 'daily_job_scraping' retrieved from /opt/airflow/dags/job_scraping_dag.py
[2026-03-22T04:51:37.570+0000] {logging_mixin.py:190} INFO - [2026-03-22T04:51:37.570+0000] {dag.py:3239} INFO - Sync 1 DAGs
[2026-03-22T04:51:37.597+0000] {logging_mixin.py:190} INFO - [2026-03-22T04:51:37.597+0000] {dag.py:4180} INFO - Setting next_dagrun for daily_job_scraping to 2026-03-21 12:00:00+00:00, run_after=2026-03-22 12:00:00+00:00
[2026-03-22T04:51:37.631+0000] {processor.py:208} INFO - Processing /opt/airflow/dags/job_scraping_dag.py took 0.920 seconds
[2026-03-22T04:52:07.876+0000] {processor.py:186} INFO - Started process (PID=962) to work on /opt/airflow/dags/job_scraping_dag.py
[2026-03-22T04:52:07.880+0000] {processor.py:914} INFO - Processing file /opt/airflow/dags/job_scraping_dag.py for tasks to queue
[2026-03-22T04:52:07.884+0000] {logging_mixin.py:190} INFO - [2026-03-22T04:52:07.884+0000] {dagbag.py:588} INFO - Filling up the DagBag from /opt/airflow/dags/job_scraping_dag.py
[2026-03-22T04:52:09.107+0000] {processor.py:925} INFO - DAG(s) 'daily_job_scraping' retrieved from /opt/airflow/dags/job_scraping_dag.py
[2026-03-22T04:52:09.139+0000] {logging_mixin.py:190} INFO - [2026-03-22T04:52:09.139+0000] {dag.py:3239} INFO - Sync 1 DAGs
[2026-03-22T04:52:09.167+0000] {logging_mixin.py:190} INFO - [2026-03-22T04:52:09.167+0000] {dag.py:4180} INFO - Setting next_dagrun for daily_job_scraping to 2026-03-21 12:00:00+00:00, run_after=2026-03-22 12:00:00+00:00
[2026-03-22T04:52:09.196+0000] {processor.py:208} INFO - Processing /opt/airflow/dags/job_scraping_dag.py took 1.329 seconds
[2026-03-22T04:52:39.804+0000] {processor.py:186} INFO - Started process (PID=968) to work on /opt/airflow/dags/job_scraping_dag.py
[2026-03-22T04:52:39.805+0000] {processor.py:914} INFO - Processing file /opt/airflow/dags/job_scraping_dag.py for tasks to queue
[2026-03-22T04:52:39.808+0000] {logging_mixin.py:190} INFO - [2026-03-22T04:52:39.808+0000] {dagbag.py:588} INFO - Filling up the DagBag from /opt/airflow/dags/job_scraping_dag.py
[2026-03-22T04:52:40.895+0000] {processor.py:925} INFO - DAG(s) 'daily_job_scraping' retrieved from /opt/airflow/dags/job_scraping_dag.py
[2026-03-22T04:52:40.960+0000] {logging_mixin.py:190} INFO - [2026-03-22T04:52:40.959+0000] {dag.py:3239} INFO - Sync 1 DAGs
[2026-03-22T04:52:41.014+0000] {logging_mixin.py:190} INFO - [2026-03-22T04:52:41.013+0000] {dag.py:4180} INFO - Setting next_dagrun for daily_job_scraping to 2026-03-21 12:00:00+00:00, run_after=2026-03-22 12:00:00+00:00
[2026-03-22T04:52:41.049+0000] {processor.py:208} INFO - Processing /opt/airflow/dags/job_scraping_dag.py took 1.256 seconds
[2026-03-22T04:53:11.517+0000] {processor.py:186} INFO - Started process (PID=974) to work on /opt/airflow/dags/job_scraping_dag.py
[2026-03-22T04:53:11.521+0000] {processor.py:914} INFO - Processing file /opt/airflow/dags/job_scraping_dag.py for tasks to queue
[2026-03-22T04:53:11.529+0000] {logging_mixin.py:190} INFO - [2026-03-22T04:53:11.528+0000] {dagbag.py:588} INFO - Filling up the DagBag from /opt/airflow/dags/job_scraping_dag.py
[2026-03-22T04:53:13.342+0000] {processor.py:925} INFO - DAG(s) 'daily_job_scraping' retrieved from /opt/airflow/dags/job_scraping_dag.py
[2026-03-22T04:53:13.399+0000] {logging_mixin.py:190} INFO - [2026-03-22T04:53:13.399+0000] {dag.py:3239} INFO - Sync 1 DAGs
[2026-03-22T04:53:13.455+0000] {logging_mixin.py:190} INFO - [2026-03-22T04:53:13.455+0000] {dag.py:4180} INFO - Setting next_dagrun for daily_job_scraping to 2026-03-21 12:00:00+00:00, run_after=2026-03-22 12:00:00+00:00
[2026-03-22T04:53:13.502+0000] {processor.py:208} INFO - Processing /opt/airflow/dags/job_scraping_dag.py took 2.007 seconds
[2026-03-22T04:53:44.022+0000] {processor.py:186} INFO - Started process (PID=980) to work on /opt/airflow/dags/job_scraping_dag.py
[2026-03-22T04:53:44.024+0000] {processor.py:914} INFO - Processing file /opt/airflow/dags/job_scraping_dag.py for tasks to queue
[2026-03-22T04:53:44.029+0000] {logging_mixin.py:190} INFO - [2026-03-22T04:53:44.028+0000] {dagbag.py:588} INFO - Filling up the DagBag from /opt/airflow/dags/job_scraping_dag.py
[2026-03-22T04:53:44.858+0000] {processor.py:925} INFO - DAG(s) 'daily_job_scraping' retrieved from /opt/airflow/dags/job_scraping_dag.py
[2026-03-22T04:53:44.895+0000] {logging_mixin.py:190} INFO - [2026-03-22T04:53:44.894+0000] {dag.py:3239} INFO - Sync 1 DAGs
[2026-03-22T04:53:44.919+0000] {logging_mixin.py:190} INFO - [2026-03-22T04:53:44.919+0000] {dag.py:4180} INFO - Setting next_dagrun for daily_job_scraping to 2026-03-21 12:00:00+00:00, run_after=2026-03-22 12:00:00+00:00
[2026-03-22T04:53:44.952+0000] {processor.py:208} INFO - Processing /opt/airflow/dags/job_scraping_dag.py took 0.938 seconds
[2026-03-22T04:54:15.705+0000] {processor.py:186} INFO - Started process (PID=986) to work on /opt/airflow/dags/job_scraping_dag.py
[2026-03-22T04:54:15.706+0000] {processor.py:914} INFO - Processing file /opt/airflow/dags/job_scraping_dag.py for tasks to queue
[2026-03-22T04:54:15.709+0000] {logging_mixin.py:190} INFO - [2026-03-22T04:54:15.709+0000] {dagbag.py:588} INFO - Filling up the DagBag from /opt/airflow/dags/job_scraping_dag.py
[2026-03-22T04:54:16.688+0000] {processor.py:925} INFO - DAG(s) 'daily_job_scraping' retrieved from /opt/airflow/dags/job_scraping_dag.py
[2026-03-22T04:54:16.732+0000] {logging_mixin.py:190} INFO - [2026-03-22T04:54:16.731+0000] {dag.py:3239} INFO - Sync 1 DAGs
[2026-03-22T04:54:16.766+0000] {logging_mixin.py:190} INFO - [2026-03-22T04:54:16.766+0000] {dag.py:4180} INFO - Setting next_dagrun for daily_job_scraping to 2026-03-21 12:00:00+00:00, run_after=2026-03-22 12:00:00+00:00
[2026-03-22T04:54:16.798+0000] {processor.py:208} INFO - Processing /opt/airflow/dags/job_scraping_dag.py took 1.101 seconds
[2026-03-22T04:54:47.275+0000] {processor.py:186} INFO - Started process (PID=992) to work on /opt/airflow/dags/job_scraping_dag.py
[2026-03-22T04:54:47.279+0000] {processor.py:914} INFO - Processing file /opt/airflow/dags/job_scraping_dag.py for tasks to queue
[2026-03-22T04:54:47.296+0000] {logging_mixin.py:190} INFO - [2026-03-22T04:54:47.295+0000] {dagbag.py:588} INFO - Filling up the DagBag from /opt/airflow/dags/job_scraping_dag.py
[2026-03-22T04:54:48.512+0000] {processor.py:925} INFO - DAG(s) 'daily_job_scraping' retrieved from /opt/airflow/dags/job_scraping_dag.py
[2026-03-22T04:54:48.555+0000] {logging_mixin.py:190} INFO - [2026-03-22T04:54:48.554+0000] {dag.py:3239} INFO - Sync 1 DAGs
[2026-03-22T04:54:48.585+0000] {logging_mixin.py:190} INFO - [2026-03-22T04:54:48.585+0000] {dag.py:4180} INFO - Setting next_dagrun for daily_job_scraping to 2026-03-21 12:00:00+00:00, run_after=2026-03-22 12:00:00+00:00
[2026-03-22T04:54:48.628+0000] {processor.py:208} INFO - Processing /opt/airflow/dags/job_scraping_dag.py took 1.370 seconds
[2026-03-22T04:55:18.848+0000] {processor.py:186} INFO - Started process (PID=998) to work on /opt/airflow/dags/job_scraping_dag.py
[2026-03-22T04:55:18.849+0000] {processor.py:914} INFO - Processing file /opt/airflow/dags/job_scraping_dag.py for tasks to queue
[2026-03-22T04:55:18.853+0000] {logging_mixin.py:190} INFO - [2026-03-22T04:55:18.853+0000] {dagbag.py:588} INFO - Filling up the DagBag from /opt/airflow/dags/job_scraping_dag.py
[2026-03-22T04:55:19.959+0000] {processor.py:925} INFO - DAG(s) 'daily_job_scraping' retrieved from /opt/airflow/dags/job_scraping_dag.py
[2026-03-22T04:55:20.043+0000] {logging_mixin.py:190} INFO - [2026-03-22T04:55:20.042+0000] {dag.py:3239} INFO - Sync 1 DAGs
[2026-03-22T04:55:20.096+0000] {logging_mixin.py:190} INFO - [2026-03-22T04:55:20.096+0000] {dag.py:4180} INFO - Setting next_dagrun for daily_job_scraping to 2026-03-21 12:00:00+00:00, run_after=2026-03-22 12:00:00+00:00
[2026-03-22T04:55:20.126+0000] {processor.py:208} INFO - Processing /opt/airflow/dags/job_scraping_dag.py took 1.288 seconds
[2026-03-22T04:56:16.980+0000] {processor.py:186} INFO - Started process (PID=164) to work on /opt/airflow/dags/job_scraping_dag.py
[2026-03-22T04:56:16.982+0000] {processor.py:914} INFO - Processing file /opt/airflow/dags/job_scraping_dag.py for tasks to queue
[2026-03-22T04:56:17.000+0000] {logging_mixin.py:190} INFO - [2026-03-22T04:56:16.998+0000] {dagbag.py:588} INFO - Filling up the DagBag from /opt/airflow/dags/job_scraping_dag.py
[2026-03-22T04:56:22.212+0000] {processor.py:925} INFO - DAG(s) 'daily_job_scraping' retrieved from /opt/airflow/dags/job_scraping_dag.py
[2026-03-22T04:56:21.813+0000] {logging_mixin.py:190} INFO - [2026-03-22T04:56:21.813+0000] {dag.py:3239} INFO - Sync 1 DAGs
[2026-03-22T04:56:21.871+0000] {logging_mixin.py:190} INFO - [2026-03-22T04:56:21.871+0000] {dag.py:4180} INFO - Setting next_dagrun for daily_job_scraping to 2026-03-21 12:00:00+00:00, run_after=2026-03-22 12:00:00+00:00
[2026-03-22T04:56:21.362+0000] {processor.py:208} INFO - Processing /opt/airflow/dags/job_scraping_dag.py took 5.472 seconds
[2026-03-22T04:56:51.557+0000] {processor.py:186} INFO - Started process (PID=184) to work on /opt/airflow/dags/job_scraping_dag.py
[2026-03-22T04:56:51.563+0000] {processor.py:914} INFO - Processing file /opt/airflow/dags/job_scraping_dag.py for tasks to queue
[2026-03-22T04:56:51.572+0000] {logging_mixin.py:190} INFO - [2026-03-22T04:56:51.570+0000] {dagbag.py:588} INFO - Filling up the DagBag from /opt/airflow/dags/job_scraping_dag.py
[2026-03-22T04:56:53.530+0000] {processor.py:925} INFO - DAG(s) 'daily_job_scraping' retrieved from /opt/airflow/dags/job_scraping_dag.py
[2026-03-22T04:56:53.699+0000] {logging_mixin.py:190} INFO - [2026-03-22T04:56:53.699+0000] {dag.py:3239} INFO - Sync 1 DAGs
[2026-03-22T04:56:53.788+0000] {logging_mixin.py:190} INFO - [2026-03-22T04:56:53.787+0000] {dag.py:4180} INFO - Setting next_dagrun for daily_job_scraping to 2026-03-21 12:00:00+00:00, run_after=2026-03-22 12:00:00+00:00
[2026-03-22T04:56:53.871+0000] {processor.py:208} INFO - Processing /opt/airflow/dags/job_scraping_dag.py took 2.335 seconds
[2026-03-22T04:57:24.162+0000] {processor.py:186} INFO - Started process (PID=190) to work on /opt/airflow/dags/job_scraping_dag.py
[2026-03-22T04:57:24.182+0000] {processor.py:914} INFO - Processing file /opt/airflow/dags/job_scraping_dag.py for tasks to queue
[2026-03-22T04:57:24.221+0000] {logging_mixin.py:190} INFO - [2026-03-22T04:57:24.220+0000] {dagbag.py:588} INFO - Filling up the DagBag from /opt/airflow/dags/job_scraping_dag.py
[2026-03-22T04:57:31.820+0000] {processor.py:925} INFO - DAG(s) 'daily_job_scraping' retrieved from /opt/airflow/dags/job_scraping_dag.py
[2026-03-22T04:57:32.031+0000] {logging_mixin.py:190} INFO - [2026-03-22T04:57:32.030+0000] {dag.py:3239} INFO - Sync 1 DAGs
[2026-03-22T04:57:32.159+0000] {logging_mixin.py:190} INFO - [2026-03-22T04:57:32.157+0000] {dag.py:4180} INFO - Setting next_dagrun for daily_job_scraping to 2026-03-21 12:00:00+00:00, run_after=2026-03-22 12:00:00+00:00
[2026-03-22T04:57:32.243+0000] {processor.py:208} INFO - Processing /opt/airflow/dags/job_scraping_dag.py took 8.125 seconds
[2026-03-22T04:58:03.086+0000] {processor.py:186} INFO - Started process (PID=196) to work on /opt/airflow/dags/job_scraping_dag.py
[2026-03-22T04:58:03.091+0000] {processor.py:914} INFO - Processing file /opt/airflow/dags/job_scraping_dag.py for tasks to queue
[2026-03-22T04:58:03.103+0000] {logging_mixin.py:190} INFO - [2026-03-22T04:58:03.096+0000] {dagbag.py:588} INFO - Filling up the DagBag from /opt/airflow/dags/job_scraping_dag.py
[2026-03-22T04:58:05.424+0000] {processor.py:925} INFO - DAG(s) 'daily_job_scraping' retrieved from /opt/airflow/dags/job_scraping_dag.py
[2026-03-22T04:58:05.553+0000] {logging_mixin.py:190} INFO - [2026-03-22T04:58:05.552+0000] {dag.py:3239} INFO - Sync 1 DAGs
[2026-03-22T04:58:05.695+0000] {logging_mixin.py:190} INFO - [2026-03-22T04:58:05.695+0000] {dag.py:4180} INFO - Setting next_dagrun for daily_job_scraping to 2026-03-21 12:00:00+00:00, run_after=2026-03-22 12:00:00+00:00
[2026-03-22T04:58:05.812+0000] {processor.py:208} INFO - Processing /opt/airflow/dags/job_scraping_dag.py took 2.754 seconds
[2026-03-22T04:58:36.197+0000] {processor.py:186} INFO - Started process (PID=202) to work on /opt/airflow/dags/job_scraping_dag.py
[2026-03-22T04:58:36.230+0000] {processor.py:914} INFO - Processing file /opt/airflow/dags/job_scraping_dag.py for tasks to queue
[2026-03-22T04:58:36.248+0000] {logging_mixin.py:190} INFO - [2026-03-22T04:58:36.247+0000] {dagbag.py:588} INFO - Filling up the DagBag from /opt/airflow/dags/job_scraping_dag.py
[2026-03-22T04:58:38.491+0000] {processor.py:925} INFO - DAG(s) 'daily_job_scraping' retrieved from /opt/airflow/dags/job_scraping_dag.py
[2026-03-22T04:58:38.564+0000] {logging_mixin.py:190} INFO - [2026-03-22T04:58:38.563+0000] {dag.py:3239} INFO - Sync 1 DAGs
[2026-03-22T04:58:38.641+0000] {logging_mixin.py:190} INFO - [2026-03-22T04:58:38.640+0000] {dag.py:4180} INFO - Setting next_dagrun for daily_job_scraping to 2026-03-21 12:00:00+00:00, run_after=2026-03-22 12:00:00+00:00
[2026-03-22T04:58:38.700+0000] {processor.py:208} INFO - Processing /opt/airflow/dags/job_scraping_dag.py took 2.563 seconds
[2026-03-22T04:59:09.439+0000] {processor.py:186} INFO - Started process (PID=208) to work on /opt/airflow/dags/job_scraping_dag.py
[2026-03-22T04:59:09.447+0000] {processor.py:914} INFO - Processing file /opt/airflow/dags/job_scraping_dag.py for tasks to queue
[2026-03-22T04:59:09.457+0000] {logging_mixin.py:190} INFO - [2026-03-22T04:59:09.456+0000] {dagbag.py:588} INFO - Filling up the DagBag from /opt/airflow/dags/job_scraping_dag.py
[2026-03-22T04:59:11.869+0000] {processor.py:925} INFO - DAG(s) 'daily_job_scraping' retrieved from /opt/airflow/dags/job_scraping_dag.py
[2026-03-22T04:59:11.950+0000] {logging_mixin.py:190} INFO - [2026-03-22T04:59:11.949+0000] {dag.py:3239} INFO - Sync 1 DAGs
[2026-03-22T04:59:12.018+0000] {logging_mixin.py:190} INFO - [2026-03-22T04:59:12.016+0000] {dag.py:4180} INFO - Setting next_dagrun for daily_job_scraping to 2026-03-21 12:00:00+00:00, run_after=2026-03-22 12:00:00+00:00
[2026-03-22T04:59:12.090+0000] {processor.py:208} INFO - Processing /opt/airflow/dags/job_scraping_dag.py took 2.672 seconds
[2026-03-22T04:59:42.545+0000] {processor.py:186} INFO - Started process (PID=214) to work on /opt/airflow/dags/job_scraping_dag.py
[2026-03-22T04:59:42.547+0000] {processor.py:914} INFO - Processing file /opt/airflow/dags/job_scraping_dag.py for tasks to queue
[2026-03-22T04:59:42.563+0000] {logging_mixin.py:190} INFO - [2026-03-22T04:59:42.562+0000] {dagbag.py:588} INFO - Filling up the DagBag from /opt/airflow/dags/job_scraping_dag.py
[2026-03-22T04:59:46.971+0000] {processor.py:925} INFO - DAG(s) 'daily_job_scraping' retrieved from /opt/airflow/dags/job_scraping_dag.py
[2026-03-22T04:59:47.453+0000] {logging_mixin.py:190} INFO - [2026-03-22T04:59:47.451+0000] {dag.py:3239} INFO - Sync 1 DAGs
[2026-03-22T04:59:47.964+0000] {logging_mixin.py:190} INFO - [2026-03-22T04:59:47.956+0000] {dag.py:4180} INFO - Setting next_dagrun for daily_job_scraping to 2026-03-21 12:00:00+00:00, run_after=2026-03-22 12:00:00+00:00
[2026-03-22T04:59:48.517+0000] {processor.py:208} INFO - Processing /opt/airflow/dags/job_scraping_dag.py took 7.111 seconds
[2026-03-22T05:00:19.358+0000] {processor.py:186} INFO - Started process (PID=220) to work on /opt/airflow/dags/job_scraping_dag.py
[2026-03-22T05:00:19.361+0000] {processor.py:914} INFO - Processing file /opt/airflow/dags/job_scraping_dag.py for tasks to queue
[2026-03-22T05:00:19.389+0000] {logging_mixin.py:190} INFO - [2026-03-22T05:00:19.389+0000] {dagbag.py:588} INFO - Filling up the DagBag from /opt/airflow/dags/job_scraping_dag.py
[2026-03-22T05:00:22.799+0000] {processor.py:925} INFO - DAG(s) 'daily_job_scraping' retrieved from /opt/airflow/dags/job_scraping_dag.py
[2026-03-22T05:00:22.883+0000] {logging_mixin.py:190} INFO - [2026-03-22T05:00:22.882+0000] {dag.py:3239} INFO - Sync 1 DAGs
[2026-03-22T05:00:22.954+0000] {logging_mixin.py:190} INFO - [2026-03-22T05:00:22.953+0000] {dag.py:4180} INFO - Setting next_dagrun for daily_job_scraping to 2026-03-21 12:00:00+00:00, run_after=2026-03-22 12:00:00+00:00
[2026-03-22T05:00:23.011+0000] {processor.py:208} INFO - Processing /opt/airflow/dags/job_scraping_dag.py took 3.743 seconds
[2026-03-22T05:00:53.577+0000] {processor.py:186} INFO - Started process (PID=226) to work on /opt/airflow/dags/job_scraping_dag.py
[2026-03-22T05:00:53.582+0000] {processor.py:914} INFO - Processing file /opt/airflow/dags/job_scraping_dag.py for tasks to queue
[2026-03-22T05:00:53.590+0000] {logging_mixin.py:190} INFO - [2026-03-22T05:00:53.588+0000] {dagbag.py:588} INFO - Filling up the DagBag from /opt/airflow/dags/job_scraping_dag.py
[2026-03-22T05:00:56.836+0000] {processor.py:925} INFO - DAG(s) 'daily_job_scraping' retrieved from /opt/airflow/dags/job_scraping_dag.py
[2026-03-22T05:00:56.964+0000] {logging_mixin.py:190} INFO - [2026-03-22T05:00:56.963+0000] {dag.py:3239} INFO - Sync 1 DAGs
[2026-03-22T05:00:57.098+0000] {logging_mixin.py:190} INFO - [2026-03-22T05:00:57.097+0000] {dag.py:4180} INFO - Setting next_dagrun for daily_job_scraping to 2026-03-21 12:00:00+00:00, run_after=2026-03-22 12:00:00+00:00
[2026-03-22T05:00:57.212+0000] {processor.py:208} INFO - Processing /opt/airflow/dags/job_scraping_dag.py took 3.662 seconds
[2026-03-22T05:01:27.839+0000] {processor.py:186} INFO - Started process (PID=232) to work on /opt/airflow/dags/job_scraping_dag.py
[2026-03-22T05:01:27.841+0000] {processor.py:914} INFO - Processing file /opt/airflow/dags/job_scraping_dag.py for tasks to queue
[2026-03-22T05:01:27.847+0000] {logging_mixin.py:190} INFO - [2026-03-22T05:01:27.846+0000] {dagbag.py:588} INFO - Filling up the DagBag from /opt/airflow/dags/job_scraping_dag.py
[2026-03-22T05:01:29.693+0000] {processor.py:925} INFO - DAG(s) 'daily_job_scraping' retrieved from /opt/airflow/dags/job_scraping_dag.py
[2026-03-22T05:01:29.764+0000] {logging_mixin.py:190} INFO - [2026-03-22T05:01:29.763+0000] {dag.py:3239} INFO - Sync 1 DAGs
[2026-03-22T05:01:29.819+0000] {logging_mixin.py:190} INFO - [2026-03-22T05:01:29.818+0000] {dag.py:4180} INFO - Setting next_dagrun for daily_job_scraping to 2026-03-21 12:00:00+00:00, run_after=2026-03-22 12:00:00+00:00
[2026-03-22T05:01:29.869+0000] {processor.py:208} INFO - Processing /opt/airflow/dags/job_scraping_dag.py took 2.044 seconds
[2026-03-22T05:02:00.367+0000] {processor.py:186} INFO - Started process (PID=242) to work on /opt/airflow/dags/job_scraping_dag.py
[2026-03-22T05:02:00.369+0000] {processor.py:914} INFO - Processing file /opt/airflow/dags/job_scraping_dag.py for tasks to queue
[2026-03-22T05:02:00.373+0000] {logging_mixin.py:190} INFO - [2026-03-22T05:02:00.372+0000] {dagbag.py:588} INFO - Filling up the DagBag from /opt/airflow/dags/job_scraping_dag.py
[2026-03-22T05:02:02.521+0000] {processor.py:925} INFO - DAG(s) 'daily_job_scraping' retrieved from /opt/airflow/dags/job_scraping_dag.py
[2026-03-22T05:02:02.560+0000] {logging_mixin.py:190} INFO - [2026-03-22T05:02:02.559+0000] {dag.py:3239} INFO - Sync 1 DAGs
[2026-03-22T05:02:02.592+0000] {logging_mixin.py:190} INFO - [2026-03-22T05:02:02.592+0000] {dag.py:4180} INFO - Setting next_dagrun for daily_job_scraping to 2026-03-21 12:00:00+00:00, run_after=2026-03-22 12:00:00+00:00
[2026-03-22T05:02:02.619+0000] {processor.py:208} INFO - Processing /opt/airflow/dags/job_scraping_dag.py took 2.263 seconds
[2026-03-22T05:02:32.895+0000] {processor.py:186} INFO - Started process (PID=248) to work on /opt/airflow/dags/job_scraping_dag.py
[2026-03-22T05:02:32.897+0000] {processor.py:914} INFO - Processing file /opt/airflow/dags/job_scraping_dag.py for tasks to queue
[2026-03-22T05:02:32.900+0000] {logging_mixin.py:190} INFO - [2026-03-22T05:02:32.899+0000] {dagbag.py:588} INFO - Filling up the DagBag from /opt/airflow/dags/job_scraping_dag.py
[2026-03-22T05:02:34.067+0000] {processor.py:925} INFO - DAG(s) 'daily_job_scraping' retrieved from /opt/airflow/dags/job_scraping_dag.py
[2026-03-22T05:02:34.103+0000] {logging_mixin.py:190} INFO - [2026-03-22T05:02:34.102+0000] {dag.py:3239} INFO - Sync 1 DAGs
[2026-03-22T05:02:34.140+0000] {logging_mixin.py:190} INFO - [2026-03-22T05:02:34.139+0000] {dag.py:4180} INFO - Setting next_dagrun for daily_job_scraping to 2026-03-21 12:00:00+00:00, run_after=2026-03-22 12:00:00+00:00
[2026-03-22T05:02:34.173+0000] {processor.py:208} INFO - Processing /opt/airflow/dags/job_scraping_dag.py took 1.290 seconds
[2026-03-22T05:03:04.867+0000] {processor.py:186} INFO - Started process (PID=254) to work on /opt/airflow/dags/job_scraping_dag.py
[2026-03-22T05:03:04.869+0000] {processor.py:914} INFO - Processing file /opt/airflow/dags/job_scraping_dag.py for tasks to queue
[2026-03-22T05:03:04.875+0000] {logging_mixin.py:190} INFO - [2026-03-22T05:03:04.874+0000] {dagbag.py:588} INFO - Filling up the DagBag from /opt/airflow/dags/job_scraping_dag.py
[2026-03-22T05:03:06.022+0000] {processor.py:925} INFO - DAG(s) 'daily_job_scraping' retrieved from /opt/airflow/dags/job_scraping_dag.py
[2026-03-22T05:03:06.058+0000] {logging_mixin.py:190} INFO - [2026-03-22T05:03:06.058+0000] {dag.py:3239} INFO - Sync 1 DAGs
[2026-03-22T05:03:06.086+0000] {logging_mixin.py:190} INFO - [2026-03-22T05:03:06.086+0000] {dag.py:4180} INFO - Setting next_dagrun for daily_job_scraping to 2026-03-21 12:00:00+00:00, run_after=2026-03-22 12:00:00+00:00
[2026-03-22T05:03:06.107+0000] {processor.py:208} INFO - Processing /opt/airflow/dags/job_scraping_dag.py took 1.248 seconds
[2026-03-22T05:03:36.387+0000] {processor.py:186} INFO - Started process (PID=260) to work on /opt/airflow/dags/job_scraping_dag.py
[2026-03-22T05:03:36.388+0000] {processor.py:914} INFO - Processing file /opt/airflow/dags/job_scraping_dag.py for tasks to queue
[2026-03-22T05:03:36.391+0000] {logging_mixin.py:190} INFO - [2026-03-22T05:03:36.391+0000] {dagbag.py:588} INFO - Filling up the DagBag from /opt/airflow/dags/job_scraping_dag.py
[2026-03-22T05:03:36.436+0000] {processor.py:925} INFO - DAG(s) 'daily_job_scraping' retrieved from /opt/airflow/dags/job_scraping_dag.py
[2026-03-22T05:03:36.481+0000] {logging_mixin.py:190} INFO - [2026-03-22T05:03:36.480+0000] {dag.py:3239} INFO - Sync 1 DAGs
[2026-03-22T05:03:36.519+0000] {logging_mixin.py:190} INFO - [2026-03-22T05:03:36.519+0000] {dag.py:4180} INFO - Setting next_dagrun for daily_job_scraping to 2026-03-21 12:00:00+00:00, run_after=2026-03-22 12:00:00+00:00
[2026-03-22T05:03:36.550+0000] {processor.py:208} INFO - Processing /opt/airflow/dags/job_scraping_dag.py took 1.231 seconds
[2026-03-22T05:04:06.742+0000] {processor.py:186} INFO - Started process (PID=266) to work on /opt/airflow/dags/job_scraping_dag.py
[2026-03-22T05:04:06.743+0000] {processor.py:914} INFO - Processing file /opt/airflow/dags/job_scraping_dag.py for tasks to queue
[2026-03-22T05:04:06.747+0000] {logging_mixin.py:190} INFO - [2026-03-22T05:04:06.746+0000] {dagbag.py:588} INFO - Filling up the DagBag from /opt/airflow/dags/job_scraping_dag.py
[2026-03-22T05:04:07.738+0000] {processor.py:925} INFO - DAG(s) 'daily_job_scraping' retrieved from /opt/airflow/dags/job_scraping_dag.py
[2026-03-22T05:04:07.779+0000] {logging_mixin.py:190} INFO - [2026-03-22T05:04:07.778+0000] {dag.py:3239} INFO - Sync 1 DAGs
[2026-03-22T05:04:07.841+0000] {logging_mixin.py:190} INFO - [2026-03-22T05:04:07.841+0000] {dag.py:4180} INFO - Setting next_dagrun for daily_job_scraping to 2026-03-21 12:00:00+00:00, run_after=2026-03-22 12:00:00+00:00
[2026-03-22T05:04:07.892+0000] {processor.py:208} INFO - Processing /opt/airflow/dags/job_scraping_dag.py took 1.160 seconds
[2026-03-22T05:05:11.830+0000] {processor.py:186} INFO - Started process (PID=163) to work on /opt/airflow/dags/job_scraping_dag.py
[2026-03-22T05:05:11.833+0000] {processor.py:914} INFO - Processing file /opt/airflow/dags/job_scraping_dag.py for tasks to queue
[2026-03-22T05:05:11.840+0000] {logging_mixin.py:190} INFO - [2026-03-22T05:05:11.839+0000] {dagbag.py:588} INFO - Filling up the DagBag from /opt/airflow/dags/job_scraping_dag.py
[2026-03-22T05:05:14.586+0000] {processor.py:925} INFO - DAG(s) 'daily_job_scraping' retrieved from /opt/airflow/dags/job_scraping_dag.py
[2026-03-22T05:05:14.660+0000] {logging_mixin.py:190} INFO - [2026-03-22T05:05:14.660+0000] {dag.py:3239} INFO - Sync 1 DAGs
[2026-03-22T05:05:14.689+0000] {logging_mixin.py:190} INFO - [2026-03-22T05:05:14.689+0000] {dag.py:4180} INFO - Setting next_dagrun for daily_job_scraping to 2026-03-21 12:00:00+00:00, run_after=2026-03-22 12:00:00+00:00
[2026-03-22T05:05:14.716+0000] {processor.py:208} INFO - Processing /opt/airflow/dags/job_scraping_dag.py took 2.905 seconds
[2026-03-22T05:05:45.055+0000] {processor.py:186} INFO - Started process (PID=169) to work on /opt/airflow/dags/job_scraping_dag.py
[2026-03-22T05:05:45.057+0000] {processor.py:914} INFO - Processing file /opt/airflow/dags/job_scraping_dag.py for tasks to queue
[2026-03-22T05:05:45.060+0000] {logging_mixin.py:190} INFO - [2026-03-22T05:05:45.059+0000] {dagbag.py:588} INFO - Filling up the DagBag from /opt/airflow/dags/job_scraping_dag.py
[2026-03-22T05:05:45.823+0000] {processor.py:925} INFO - DAG(s) 'daily_job_scraping' retrieved from /opt/airflow/dags/job_scraping_dag.py
[2026-03-22T05:05:45.854+0000] {logging_mixin.py:190} INFO - [2026-03-22T05:05:45.853+0000] {dag.py:3239} INFO - Sync 1 DAGs
[2026-03-22T05:05:45.876+0000] {logging_mixin.py:190} INFO - [2026-03-22T05:05:45.876+0000] {dag.py:4180} INFO - Setting next_dagrun for daily_job_scraping to 2026-03-21 12:00:00+00:00, run_after=2026-03-22 12:00:00+00:00
[2026-03-22T05:05:45.901+0000] {processor.py:208} INFO - Processing /opt/airflow/dags/job_scraping_dag.py took 0.853 seconds
[2026-03-22T05:06:16.312+0000] {processor.py:186} INFO - Started process (PID=175) to work on /opt/airflow/dags/job_scraping_dag.py
[2026-03-22T05:06:16.313+0000] {processor.py:914} INFO - Processing file /opt/airflow/dags/job_scraping_dag.py for tasks to queue
[2026-03-22T05:06:16.317+0000] {logging_mixin.py:190} INFO - [2026-03-22T05:06:16.316+0000] {dagbag.py:588} INFO - Filling up the DagBag from /opt/airflow/dags/job_scraping_dag.py
[2026-03-22T05:06:17.060+0000] {processor.py:925} INFO - DAG(s) 'daily_job_scraping' retrieved from /opt/airflow/dags/job_scraping_dag.py
[2026-03-22T05:06:17.091+0000] {logging_mixin.py:190} INFO - [2026-03-22T05:06:17.090+0000] {dag.py:3239} INFO - Sync 1 DAGs
[2026-03-22T05:06:17.114+0000] {logging_mixin.py:190} INFO - [2026-03-22T05:06:17.114+0000] {dag.py:4180} INFO - Setting next_dagrun for daily_job_scraping to 2026-03-21 12:00:00+00:00, run_after=2026-03-22 12:00:00+00:00
[2026-03-22T05:06:17.138+0000] {processor.py:208} INFO - Processing /opt/airflow/dags/job_scraping_dag.py took 0.834 seconds
[2026-03-22T05:06:47.499+0000] {processor.py:186} INFO - Started process (PID=181) to work on /opt/airflow/dags/job_scraping_dag.py
[2026-03-22T05:06:47.500+0000] {processor.py:914} INFO - Processing file /opt/airflow/dags/job_scraping_dag.py for tasks to queue
[2026-03-22T05:06:47.504+0000] {logging_mixin.py:190} INFO - [2026-03-22T05:06:47.504+0000] {dagbag.py:588} INFO - Filling up the DagBag from /opt/airflow/dags/job_scraping_dag.py
[2026-03-22T05:06:48.418+0000] {processor.py:925} INFO - DAG(s) 'daily_job_scraping' retrieved from /opt/airflow/dags/job_scraping_dag.py
[2026-03-22T05:06:48.446+0000] {logging_mixin.py:190} INFO - [2026-03-22T05:06:48.445+0000] {dag.py:3239} INFO - Sync 1 DAGs
[2026-03-22T05:06:48.468+0000] {logging_mixin.py:190} INFO - [2026-03-22T05:06:48.468+0000] {dag.py:4180} INFO - Setting next_dagrun for daily_job_scraping to 2026-03-21 12:00:00+00:00, run_after=2026-03-22 12:00:00+00:00
[2026-03-22T05:06:48.500+0000] {processor.py:208} INFO - Processing /opt/airflow/dags/job_scraping_dag.py took 1.012 seconds
[2026-03-22T05:07:19.139+0000] {processor.py:186} INFO - Started process (PID=187) to work on /opt/airflow/dags/job_scraping_dag.py
[2026-03-22T05:07:19.144+0000] {processor.py:914} INFO - Processing file /opt/airflow/dags/job_scraping_dag.py for tasks to queue
[2026-03-22T05:07:19.150+0000] {logging_mixin.py:190} INFO - [2026-03-22T05:07:19.149+0000] {dagbag.py:588} INFO - Filling up the DagBag from /opt/airflow/dags/job_scraping_dag.py
[2026-03-22T05:07:21.311+0000] {processor.py:925} INFO - DAG(s) 'daily_job_scraping' retrieved from /opt/airflow/dags/job_scraping_dag.py
[2026-03-22T05:07:21.392+0000] {logging_mixin.py:190} INFO - [2026-03-22T05:07:21.392+0000] {dag.py:3239} INFO - Sync 1 DAGs
[2026-03-22T05:07:21.441+0000] {logging_mixin.py:190} INFO - [2026-03-22T05:07:21.441+0000] {dag.py:4180} INFO - Setting next_dagrun for daily_job_scraping to 2026-03-21 12:00:00+00:00, run_after=2026-03-22 12:00:00+00:00
[2026-03-22T05:07:21.483+0000] {processor.py:208} INFO - Processing /opt/airflow/dags/job_scraping_dag.py took 2.385 seconds
[2026-03-22T05:07:52.006+0000] {processor.py:186} INFO - Started process (PID=193) to work on /opt/airflow/dags/job_scraping_dag.py
[2026-03-22T05:07:52.008+0000] {processor.py:914} INFO - Processing file /opt/airflow/dags/job_scraping_dag.py for tasks to queue
[2026-03-22T05:07:52.022+0000] {logging_mixin.py:190} INFO - [2026-03-22T05:07:52.021+0000] {dagbag.py:588} INFO - Filling up the DagBag from /opt/airflow/dags/job_scraping_dag.py
[2026-03-22T05:07:53.501+0000] {processor.py:925} INFO - DAG(s) 'daily_job_scraping' retrieved from /opt/airflow/dags/job_scraping_dag.py
[2026-03-22T05:07:53.582+0000] {logging_mixin.py:190} INFO - [2026-03-22T05:07:53.581+0000] {dag.py:3239} INFO - Sync 1 DAGs
[2026-03-22T05:07:53.624+0000] {logging_mixin.py:190} INFO - [2026-03-22T05:07:53.624+0000] {dag.py:4180} INFO - Setting next_dagrun for daily_job_scraping to 2026-03-21 12:00:00+00:00, run_after=2026-03-22 12:00:00+00:00
[2026-03-22T05:07:53.659+0000] {processor.py:208} INFO - Processing /opt/airflow/dags/job_scraping_dag.py took 1.667 seconds
[2026-03-22T05:08:23.867+0000] {processor.py:186} INFO - Started process (PID=199) to work on /opt/airflow/dags/job_scraping_dag.py
[2026-03-22T05:08:23.868+0000] {processor.py:914} INFO - Processing file /opt/airflow/dags/job_scraping_dag.py for tasks to queue
[2026-03-22T05:08:23.872+0000] {logging_mixin.py:190} INFO - [2026-03-22T05:08:23.871+0000] {dagbag.py:588} INFO - Filling up the DagBag from /opt/airflow/dags/job_scraping_dag.py
[2026-03-22T05:08:25.759+0000] {processor.py:925} INFO - DAG(s) 'daily_job_scraping' retrieved from /opt/airflow/dags/job_scraping_dag.py
[2026-03-22T05:08:25.822+0000] {logging_mixin.py:190} INFO - [2026-03-22T05:08:25.822+0000] {dag.py:3239} INFO - Sync 1 DAGs
[2026-03-22T05:08:25.886+0000] {logging_mixin.py:190} INFO - [2026-03-22T05:08:25.886+0000] {dag.py:4180} INFO - Setting next_dagrun for daily_job_scraping to 2026-03-21 12:00:00+00:00, run_after=2026-03-22 12:00:00+00:00
[2026-03-22T05:08:25.941+0000] {processor.py:208} INFO - Processing /opt/airflow/dags/job_scraping_dag.py took 3.153 seconds
[2026-03-22T05:08:56.738+0000] {processor.py:186} INFO - Started process (PID=219) to work on /opt/airflow/dags/job_scraping_dag.py
[2026-03-22T05:08:56.752+0000] {processor.py:914} INFO - Processing file /opt/airflow/dags/job_scraping_dag.py for tasks to queue
[2026-03-22T05:08:56.810+0000] {logging_mixin.py:190} INFO - [2026-03-22T05:08:56.803+0000] {dagbag.py:588} INFO - Filling up the DagBag from /opt/airflow/dags/job_scraping_dag.py
[2026-03-22T05:09:03.433+0000] {processor.py:925} INFO - DAG(s) 'daily_job_scraping' retrieved from /opt/airflow/dags/job_scraping_dag.py
[2026-03-22T05:09:03.791+0000] {logging_mixin.py:190} INFO - [2026-03-22T05:09:03.790+0000] {dag.py:3239} INFO - Sync 1 DAGs
[2026-03-22T05:09:04.008+0000] {logging_mixin.py:190} INFO - [2026-03-22T05:09:04.006+0000] {dag.py:4180} INFO - Setting next_dagrun for daily_job_scraping to 2026-03-21 12:00:00+00:00, run_after=2026-03-22 12:00:00+00:00
[2026-03-22T05:09:04.396+0000] {processor.py:208} INFO - Processing /opt/airflow/dags/job_scraping_dag.py took 7.725 seconds
[2026-03-22T05:09:35.360+0000] {processor.py:186} INFO - Started process (PID=225) to work on /opt/airflow/dags/job_scraping_dag.py
[2026-03-22T05:09:35.366+0000] {processor.py:914} INFO - Processing file /opt/airflow/dags/job_scraping_dag.py for tasks to queue
[2026-03-22T05:09:35.379+0000] {logging_mixin.py:190} INFO - [2026-03-22T05:09:35.378+0000] {dagbag.py:588} INFO - Filling up the DagBag from /opt/airflow/dags/job_scraping_dag.py
[2026-03-22T05:09:38.260+0000] {processor.py:925} INFO - DAG(s) 'daily_job_scraping' retrieved from /opt/airflow/dags/job_scraping_dag.py
[2026-03-22T05:09:38.350+0000] {logging_mixin.py:190} INFO - [2026-03-22T05:09:38.349+0000] {dag.py:3239} INFO - Sync 1 DAGs
[2026-03-22T05:09:38.473+0000] {logging_mixin.py:190} INFO - [2026-03-22T05:09:38.472+0000] {dag.py:4180} INFO - Setting next_dagrun for daily_job_scraping to 2026-03-21 12:00:00+00:00, run_after=2026-03-22 12:00:00+00:00
[2026-03-22T05:09:38.586+0000] {processor.py:208} INFO - Processing /opt/airflow/dags/job_scraping_dag.py took 3.270 seconds
[2026-03-22T05:10:09.920+0000] {processor.py:186} INFO - Started process (PID=231) to work on /opt/airflow/dags/job_scraping_dag.py
[2026-03-22T05:10:09.938+0000] {processor.py:914} INFO - Processing file /opt/airflow/dags/job_scraping_dag.py for tasks to queue
[2026-03-22T05:10:09.971+0000] {logging_mixin.py:190} INFO - [2026-03-22T05:10:09.970+0000] {dagbag.py:588} INFO - Filling up the DagBag from /opt/airflow/dags/job_scraping_dag.py
[2026-03-22T05:10:19.068+0000] {processor.py:925} INFO - DAG(s) 'daily_job_scraping' retrieved from /opt/airflow/dags/job_scraping_dag.py
[2026-03-22T05:10:19.472+0000] {logging_mixin.py:190} INFO - [2026-03-22T05:10:19.471+0000] {dag.py:3239} INFO - Sync 1 DAGs
[2026-03-22T05:10:19.785+0000] {logging_mixin.py:190} INFO - [2026-03-22T05:10:19.785+0000] {dag.py:4180} INFO - Setting next_dagrun for daily_job_scraping to 2026-03-21 12:00:00+00:00, run_after=2026-03-22 12:00:00+00:00
[2026-03-22T05:10:19.867+0000] {processor.py:208} INFO - Processing /opt/airflow/dags/job_scraping_dag.py took 10.014 seconds
[2026-03-22T05:10:50.532+0000] {processor.py:186} INFO - Started process (PID=237) to work on /opt/airflow/dags/job_scraping_dag.py
[2026-03-22T05:10:50.545+0000] {processor.py:914} INFO - Processing file /opt/airflow/dags/job_scraping_dag.py for tasks to queue
[2026-03-22T05:10:50.564+0000] {logging_mixin.py:190} INFO - [2026-03-22T05:10:50.564+0000] {dagbag.py:588} INFO - Filling up the DagBag from /opt/airflow/dags/job_scraping_dag.py
[2026-03-22T05:10:55.174+0000] {processor.py:925} INFO - DAG(s) 'daily_job_scraping' retrieved from /opt/airflow/dags/job_scraping_dag.py
[2026-03-22T05:10:55.367+0000] {logging_mixin.py:190} INFO - [2026-03-22T05:10:55.366+0000] {dag.py:3239} INFO - Sync 1 DAGs
[2026-03-22T05:10:55.490+0000] {logging_mixin.py:190} INFO - [2026-03-22T05:10:55.489+0000] {dag.py:4180} INFO - Setting next_dagrun for daily_job_scraping to 2026-03-21 12:00:00+00:00, run_after=2026-03-22 12:00:00+00:00
[2026-03-22T05:10:55.664+0000] {processor.py:208} INFO - Processing /opt/airflow/dags/job_scraping_dag.py took 5.176 seconds
[2026-03-22T05:11:26.951+0000] {processor.py:186} INFO - Started process (PID=243) to work on /opt/airflow/dags/job_scraping_dag.py
[2026-03-22T05:11:26.981+0000] {processor.py:914} INFO - Processing file /opt/airflow/dags/job_scraping_dag.py for tasks to queue
[2026-03-22T05:11:27.015+0000] {logging_mixin.py:190} INFO - [2026-03-22T05:11:27.014+0000] {dagbag.py:588} INFO - Filling up the DagBag from /opt/airflow/dags/job_scraping_dag.py
[2026-03-22T05:11:36.635+0000] {processor.py:925} INFO - DAG(s) 'daily_job_scraping' retrieved from /opt/airflow/dags/job_scraping_dag.py
[2026-03-22T05:11:36.793+0000] {logging_mixin.py:190} INFO - [2026-03-22T05:11:36.792+0000] {dag.py:3239} INFO - Sync 1 DAGs
[2026-03-22T05:11:36.932+0000] {logging_mixin.py:190} INFO - [2026-03-22T05:11:36.932+0000] {dag.py:4180} INFO - Setting next_dagrun for daily_job_scraping to 2026-03-21 12:00:00+00:00, run_after=2026-03-22 12:00:00+00:00
[2026-03-22T05:11:37.080+0000] {processor.py:208} INFO - Processing /opt/airflow/dags/job_scraping_dag.py took 10.228 seconds
[2026-03-22T05:12:08.693+0000] {processor.py:186} INFO - Started process (PID=249) to work on /opt/airflow/dags/job_scraping_dag.py
[2026-03-22T05:12:08.723+0000] {processor.py:914} INFO - Processing file /opt/airflow/dags/job_scraping_dag.py for tasks to queue
[2026-03-22T05:12:08.775+0000] {logging_mixin.py:190} INFO - [2026-03-22T05:12:08.775+0000] {dagbag.py:588} INFO - Filling up the DagBag from /opt/airflow/dags/job_scraping_dag.py
[2026-03-22T05:12:16.770+0000] {processor.py:925} INFO - DAG(s) 'daily_job_scraping' retrieved from /opt/airflow/dags/job_scraping_dag.py
[2026-03-22T05:12:17.326+0000] {logging_mixin.py:190} INFO - [2026-03-22T05:12:17.325+0000] {dag.py:3239} INFO - Sync 1 DAGs
[2026-03-22T05:12:16.886+0000] {logging_mixin.py:190} INFO - [2026-03-22T05:12:16.884+0000] {dag.py:4180} INFO - Setting next_dagrun for daily_job_scraping to 2026-03-21 12:00:00+00:00, run_after=2026-03-22 12:00:00+00:00
[2026-03-22T05:12:17.194+0000] {processor.py:208} INFO - Processing /opt/airflow/dags/job_scraping_dag.py took 9.646 seconds
[2026-03-22T05:12:49.700+0000] {processor.py:186} INFO - Started process (PID=255) to work on /opt/airflow/dags/job_scraping_dag.py
[2026-03-22T05:12:49.747+0000] {processor.py:914} INFO - Processing file /opt/airflow/dags/job_scraping_dag.py for tasks to queue
[2026-03-22T05:12:49.796+0000] {logging_mixin.py:190} INFO - [2026-03-22T05:12:49.781+0000] {dagbag.py:588} INFO - Filling up the DagBag from /opt/airflow/dags/job_scraping_dag.py
[2026-03-22T05:12:55.686+0000] {processor.py:925} INFO - DAG(s) 'daily_job_scraping' retrieved from /opt/airflow/dags/job_scraping_dag.py
[2026-03-22T05:12:55.764+0000] {logging_mixin.py:190} INFO - [2026-03-22T05:12:55.761+0000] {dag.py:3239} INFO - Sync 1 DAGs
[2026-03-22T05:12:55.888+0000] {logging_mixin.py:190} INFO - [2026-03-22T05:12:55.887+0000] {dag.py:4180} INFO - Setting next_dagrun for daily_job_scraping to 2026-03-21 12:00:00+00:00, run_after=2026-03-22 12:00:00+00:00
[2026-03-22T05:12:55.976+0000] {processor.py:208} INFO - Processing /opt/airflow/dags/job_scraping_dag.py took 6.393 seconds
[2026-03-22T05:13:26.577+0000] {processor.py:186} INFO - Started process (PID=261) to work on /opt/airflow/dags/job_scraping_dag.py
[2026-03-22T05:13:26.583+0000] {processor.py:914} INFO - Processing file /opt/airflow/dags/job_scraping_dag.py for tasks to queue
[2026-03-22T05:13:26.597+0000] {logging_mixin.py:190} INFO - [2026-03-22T05:13:26.596+0000] {dagbag.py:588} INFO - Filling up the DagBag from /opt/airflow/dags/job_scraping_dag.py
[2026-03-22T05:13:32.271+0000] {processor.py:925} INFO - DAG(s) 'daily_job_scraping' retrieved from /opt/airflow/dags/job_scraping_dag.py
[2026-03-22T05:13:32.428+0000] {logging_mixin.py:190} INFO - [2026-03-22T05:13:32.426+0000] {dag.py:3239} INFO - Sync 1 DAGs
[2026-03-22T05:13:32.595+0000] {logging_mixin.py:190} INFO - [2026-03-22T05:13:32.595+0000] {dag.py:4180} INFO - Setting next_dagrun for daily_job_scraping to 2026-03-21 12:00:00+00:00, run_after=2026-03-22 12:00:00+00:00
[2026-03-22T05:13:32.812+0000] {processor.py:208} INFO - Processing /opt/airflow/dags/job_scraping_dag.py took 6.283 seconds
[2026-03-22T05:14:03.630+0000] {processor.py:186} INFO - Started process (PID=267) to work on /opt/airflow/dags/job_scraping_dag.py
[2026-03-22T05:14:03.636+0000] {processor.py:914} INFO - Processing file /opt/airflow/dags/job_scraping_dag.py for tasks to queue
[2026-03-22T05:14:03.679+0000] {logging_mixin.py:190} INFO - [2026-03-22T05:14:03.670+0000] {dagbag.py:588} INFO - Filling up the DagBag from /opt/airflow/dags/job_scraping_dag.py
[2026-03-22T05:14:10.884+0000] {processor.py:925} INFO - DAG(s) 'daily_job_scraping' retrieved from /opt/airflow/dags/job_scraping_dag.py
[2026-03-22T05:14:11.096+0000] {logging_mixin.py:190} INFO - [2026-03-22T05:14:11.095+0000] {dag.py:3239} INFO - Sync 1 DAGs
[2026-03-22T05:14:11.748+0000] {logging_mixin.py:190} INFO - [2026-03-22T05:14:11.747+0000] {dag.py:4180} INFO - Setting next_dagrun for daily_job_scraping to 2026-03-21 12:00:00+00:00, run_after=2026-03-22 12:00:00+00:00
[2026-03-22T05:14:11.843+0000] {processor.py:208} INFO - Processing /opt/airflow/dags/job_scraping_dag.py took 8.262 seconds
[2026-03-22T05:14:45.633+0000] {processor.py:186} INFO - Started process (PID=273) to work on /opt/airflow/dags/job_scraping_dag.py
[2026-03-22T05:14:45.649+0000] {processor.py:914} INFO - Processing file /opt/airflow/dags/job_scraping_dag.py for tasks to queue
[2026-03-22T05:14:45.682+0000] {logging_mixin.py:190} INFO - [2026-03-22T05:14:45.669+0000] {dagbag.py:588} INFO - Filling up the DagBag from /opt/airflow/dags/job_scraping_dag.py
[2026-03-22T05:14:56.575+0000] {logging_mixin.py:190} INFO - [2026-03-22T05:14:56.568+0000] {dagbag.py:387} ERROR - Failed to import: /opt/airflow/dags/job_scraping_dag.py
Traceback (most recent call last):
  File "/home/airflow/.local/lib/python3.11/site-packages/airflow/models/dagbag.py", line 383, in parse
    loader.exec_module(new_module)
  File "<frozen importlib._bootstrap_external>", line 940, in exec_module
  File "<frozen importlib._bootstrap>", line 241, in _call_with_frames_removed
  File "/opt/airflow/dags/job_scraping_dag.py", line 22, in <module>
    from scrapping_indeed   import scrape_indeed_jobs
ImportError: cannot import name 'scrape_indeed_jobs' from 'scrapping_indeed' (/opt/airflow/scrapers/scrapping_indeed.py)
[2026-03-22T05:14:56.577+0000] {processor.py:927} WARNING - No viable dags retrieved from /opt/airflow/dags/job_scraping_dag.py
[2026-03-22T05:14:56.613+0000] {processor.py:208} INFO - Processing /opt/airflow/dags/job_scraping_dag.py took 11.047 seconds
[2026-03-22T05:15:26.934+0000] {processor.py:186} INFO - Started process (PID=281) to work on /opt/airflow/dags/job_scraping_dag.py
[2026-03-22T05:15:26.937+0000] {processor.py:914} INFO - Processing file /opt/airflow/dags/job_scraping_dag.py for tasks to queue
[2026-03-22T05:15:26.942+0000] {logging_mixin.py:190} INFO - [2026-03-22T05:15:26.941+0000] {dagbag.py:588} INFO - Filling up the DagBag from /opt/airflow/dags/job_scraping_dag.py
[2026-03-22T05:15:29.187+0000] {logging_mixin.py:190} INFO - [2026-03-22T05:15:29.175+0000] {dagbag.py:387} ERROR - Failed to import: /opt/airflow/dags/job_scraping_dag.py
Traceback (most recent call last):
  File "/home/airflow/.local/lib/python3.11/site-packages/airflow/models/dagbag.py", line 383, in parse
    loader.exec_module(new_module)
  File "<frozen importlib._bootstrap_external>", line 940, in exec_module
  File "<frozen importlib._bootstrap>", line 241, in _call_with_frames_removed
  File "/opt/airflow/dags/job_scraping_dag.py", line 22, in <module>
    from scrapping_indeed   import scrape_indeed_jobs
ImportError: cannot import name 'scrape_indeed_jobs' from 'scrapping_indeed' (/opt/airflow/scrapers/scrapping_indeed.py)
[2026-03-22T05:15:29.190+0000] {processor.py:927} WARNING - No viable dags retrieved from /opt/airflow/dags/job_scraping_dag.py
[2026-03-22T05:15:29.251+0000] {processor.py:208} INFO - Processing /opt/airflow/dags/job_scraping_dag.py took 2.337 seconds
[2026-03-22T05:15:59.823+0000] {processor.py:186} INFO - Started process (PID=287) to work on /opt/airflow/dags/job_scraping_dag.py
[2026-03-22T05:15:59.901+0000] {processor.py:914} INFO - Processing file /opt/airflow/dags/job_scraping_dag.py for tasks to queue
[2026-03-22T05:15:59.921+0000] {logging_mixin.py:190} INFO - [2026-03-22T05:15:59.921+0000] {dagbag.py:588} INFO - Filling up the DagBag from /opt/airflow/dags/job_scraping_dag.py
[2026-03-22T05:16:01.350+0000] {logging_mixin.py:190} INFO - [2026-03-22T05:16:01.342+0000] {dagbag.py:387} ERROR - Failed to import: /opt/airflow/dags/job_scraping_dag.py
Traceback (most recent call last):
  File "/home/airflow/.local/lib/python3.11/site-packages/airflow/models/dagbag.py", line 383, in parse
    loader.exec_module(new_module)
  File "<frozen importlib._bootstrap_external>", line 940, in exec_module
  File "<frozen importlib._bootstrap>", line 241, in _call_with_frames_removed
  File "/opt/airflow/dags/job_scraping_dag.py", line 22, in <module>
    from scrapping_indeed   import scrape_indeed_jobs
ImportError: cannot import name 'scrape_indeed_jobs' from 'scrapping_indeed' (/opt/airflow/scrapers/scrapping_indeed.py)
[2026-03-22T05:16:01.353+0000] {processor.py:927} WARNING - No viable dags retrieved from /opt/airflow/dags/job_scraping_dag.py
[2026-03-22T05:16:01.412+0000] {processor.py:208} INFO - Processing /opt/airflow/dags/job_scraping_dag.py took 1.616 seconds
[2026-03-22T05:19:08.926+0000] {processor.py:186} INFO - Started process (PID=165) to work on /opt/airflow/dags/job_scraping_dag.py
[2026-03-22T05:19:08.930+0000] {processor.py:914} INFO - Processing file /opt/airflow/dags/job_scraping_dag.py for tasks to queue
[2026-03-22T05:19:08.934+0000] {logging_mixin.py:190} INFO - [2026-03-22T05:19:08.933+0000] {dagbag.py:588} INFO - Filling up the DagBag from /opt/airflow/dags/job_scraping_dag.py
[2026-03-22T05:19:12.133+0000] {logging_mixin.py:190} INFO - [2026-03-22T05:19:12.109+0000] {dagbag.py:387} ERROR - Failed to import: /opt/airflow/dags/job_scraping_dag.py
Traceback (most recent call last):
  File "/home/airflow/.local/lib/python3.11/site-packages/airflow/models/dagbag.py", line 383, in parse
    loader.exec_module(new_module)
  File "<frozen importlib._bootstrap_external>", line 940, in exec_module
  File "<frozen importlib._bootstrap>", line 241, in _call_with_frames_removed
  File "/opt/airflow/dags/job_scraping_dag.py", line 22, in <module>
    from scrapping_indeed   import scrape_indeed_jobs
ImportError: cannot import name 'scrape_indeed_jobs' from 'scrapping_indeed' (/opt/airflow/scrapers/scrapping_indeed.py)
[2026-03-22T05:19:12.137+0000] {processor.py:927} WARNING - No viable dags retrieved from /opt/airflow/dags/job_scraping_dag.py
[2026-03-22T05:19:12.189+0000] {processor.py:208} INFO - Processing /opt/airflow/dags/job_scraping_dag.py took 3.283 seconds
[2026-03-22T05:19:42.570+0000] {processor.py:186} INFO - Started process (PID=171) to work on /opt/airflow/dags/job_scraping_dag.py
[2026-03-22T05:19:42.572+0000] {processor.py:914} INFO - Processing file /opt/airflow/dags/job_scraping_dag.py for tasks to queue
[2026-03-22T05:19:42.576+0000] {logging_mixin.py:190} INFO - [2026-03-22T05:19:42.575+0000] {dagbag.py:588} INFO - Filling up the DagBag from /opt/airflow/dags/job_scraping_dag.py
[2026-03-22T05:19:43.487+0000] {logging_mixin.py:190} INFO - [2026-03-22T05:19:43.483+0000] {dagbag.py:387} ERROR - Failed to import: /opt/airflow/dags/job_scraping_dag.py
Traceback (most recent call last):
  File "/home/airflow/.local/lib/python3.11/site-packages/airflow/models/dagbag.py", line 383, in parse
    loader.exec_module(new_module)
  File "<frozen importlib._bootstrap_external>", line 940, in exec_module
  File "<frozen importlib._bootstrap>", line 241, in _call_with_frames_removed
  File "/opt/airflow/dags/job_scraping_dag.py", line 22, in <module>
    from scrapping_indeed   import scrape_indeed_jobs
ImportError: cannot import name 'scrape_indeed_jobs' from 'scrapping_indeed' (/opt/airflow/scrapers/scrapping_indeed.py)
[2026-03-22T05:19:43.489+0000] {processor.py:927} WARNING - No viable dags retrieved from /opt/airflow/dags/job_scraping_dag.py
[2026-03-22T05:19:43.517+0000] {processor.py:208} INFO - Processing /opt/airflow/dags/job_scraping_dag.py took 0.961 seconds
[2026-03-22T05:20:13.672+0000] {processor.py:186} INFO - Started process (PID=179) to work on /opt/airflow/dags/job_scraping_dag.py
[2026-03-22T05:20:13.673+0000] {processor.py:914} INFO - Processing file /opt/airflow/dags/job_scraping_dag.py for tasks to queue
[2026-03-22T05:20:13.676+0000] {logging_mixin.py:190} INFO - [2026-03-22T05:20:13.675+0000] {dagbag.py:588} INFO - Filling up the DagBag from /opt/airflow/dags/job_scraping_dag.py
[2026-03-22T05:20:14.629+0000] {logging_mixin.py:190} INFO - [2026-03-22T05:20:14.623+0000] {dagbag.py:387} ERROR - Failed to import: /opt/airflow/dags/job_scraping_dag.py
Traceback (most recent call last):
  File "/home/airflow/.local/lib/python3.11/site-packages/airflow/models/dagbag.py", line 383, in parse
    loader.exec_module(new_module)
  File "<frozen importlib._bootstrap_external>", line 940, in exec_module
  File "<frozen importlib._bootstrap>", line 241, in _call_with_frames_removed
  File "/opt/airflow/dags/job_scraping_dag.py", line 22, in <module>
    from scrapping_indeed   import scrape_indeed_jobs
ImportError: cannot import name 'scrape_indeed_jobs' from 'scrapping_indeed' (/opt/airflow/scrapers/scrapping_indeed.py)
[2026-03-22T05:20:14.633+0000] {processor.py:927} WARNING - No viable dags retrieved from /opt/airflow/dags/job_scraping_dag.py
[2026-03-22T05:20:14.686+0000] {processor.py:208} INFO - Processing /opt/airflow/dags/job_scraping_dag.py took 1.027 seconds
[2026-03-22T05:20:45.154+0000] {processor.py:186} INFO - Started process (PID=185) to work on /opt/airflow/dags/job_scraping_dag.py
[2026-03-22T05:20:45.156+0000] {processor.py:914} INFO - Processing file /opt/airflow/dags/job_scraping_dag.py for tasks to queue
[2026-03-22T05:20:45.159+0000] {logging_mixin.py:190} INFO - [2026-03-22T05:20:45.158+0000] {dagbag.py:588} INFO - Filling up the DagBag from /opt/airflow/dags/job_scraping_dag.py
[2026-03-22T05:20:45.911+0000] {logging_mixin.py:190} INFO - [2026-03-22T05:20:45.904+0000] {dagbag.py:387} ERROR - Failed to import: /opt/airflow/dags/job_scraping_dag.py
Traceback (most recent call last):
  File "/home/airflow/.local/lib/python3.11/site-packages/airflow/models/dagbag.py", line 383, in parse
    loader.exec_module(new_module)
  File "<frozen importlib._bootstrap_external>", line 940, in exec_module
  File "<frozen importlib._bootstrap>", line 241, in _call_with_frames_removed
  File "/opt/airflow/dags/job_scraping_dag.py", line 22, in <module>
    from scrapping_indeed   import scrape_indeed_jobs
ImportError: cannot import name 'scrape_indeed_jobs' from 'scrapping_indeed' (/opt/airflow/scrapers/scrapping_indeed.py)
[2026-03-22T05:20:45.913+0000] {processor.py:927} WARNING - No viable dags retrieved from /opt/airflow/dags/job_scraping_dag.py
[2026-03-22T05:20:45.941+0000] {processor.py:208} INFO - Processing /opt/airflow/dags/job_scraping_dag.py took 0.794 seconds
[2026-03-22T05:21:16.444+0000] {processor.py:186} INFO - Started process (PID=191) to work on /opt/airflow/dags/job_scraping_dag.py
[2026-03-22T05:21:16.446+0000] {processor.py:914} INFO - Processing file /opt/airflow/dags/job_scraping_dag.py for tasks to queue
[2026-03-22T05:21:16.449+0000] {logging_mixin.py:190} INFO - [2026-03-22T05:21:16.448+0000] {dagbag.py:588} INFO - Filling up the DagBag from /opt/airflow/dags/job_scraping_dag.py
[2026-03-22T05:21:17.285+0000] {logging_mixin.py:190} INFO - [2026-03-22T05:21:17.281+0000] {dagbag.py:387} ERROR - Failed to import: /opt/airflow/dags/job_scraping_dag.py
Traceback (most recent call last):
  File "/home/airflow/.local/lib/python3.11/site-packages/airflow/models/dagbag.py", line 383, in parse
    loader.exec_module(new_module)
  File "<frozen importlib._bootstrap_external>", line 940, in exec_module
  File "<frozen importlib._bootstrap>", line 241, in _call_with_frames_removed
  File "/opt/airflow/dags/job_scraping_dag.py", line 22, in <module>
    from scrapping_indeed   import scrape_indeed_jobs
ImportError: cannot import name 'scrape_indeed_jobs' from 'scrapping_indeed' (/opt/airflow/scrapers/scrapping_indeed.py)
[2026-03-22T05:21:17.287+0000] {processor.py:927} WARNING - No viable dags retrieved from /opt/airflow/dags/job_scraping_dag.py
[2026-03-22T05:21:17.313+0000] {processor.py:208} INFO - Processing /opt/airflow/dags/job_scraping_dag.py took 0.877 seconds
[2026-03-22T05:21:48.080+0000] {processor.py:186} INFO - Started process (PID=197) to work on /opt/airflow/dags/job_scraping_dag.py
[2026-03-22T05:21:48.082+0000] {processor.py:914} INFO - Processing file /opt/airflow/dags/job_scraping_dag.py for tasks to queue
[2026-03-22T05:21:48.084+0000] {logging_mixin.py:190} INFO - [2026-03-22T05:21:48.084+0000] {dagbag.py:588} INFO - Filling up the DagBag from /opt/airflow/dags/job_scraping_dag.py
[2026-03-22T05:21:49.177+0000] {logging_mixin.py:190} INFO - [2026-03-22T05:21:49.171+0000] {dagbag.py:387} ERROR - Failed to import: /opt/airflow/dags/job_scraping_dag.py
Traceback (most recent call last):
  File "/home/airflow/.local/lib/python3.11/site-packages/airflow/models/dagbag.py", line 383, in parse
    loader.exec_module(new_module)
  File "<frozen importlib._bootstrap_external>", line 940, in exec_module
  File "<frozen importlib._bootstrap>", line 241, in _call_with_frames_removed
  File "/opt/airflow/dags/job_scraping_dag.py", line 22, in <module>
    from scrapping_indeed   import scrape_indeed_jobs
ImportError: cannot import name 'scrape_indeed_jobs' from 'scrapping_indeed' (/opt/airflow/scrapers/scrapping_indeed.py)
[2026-03-22T05:21:49.182+0000] {processor.py:927} WARNING - No viable dags retrieved from /opt/airflow/dags/job_scraping_dag.py
[2026-03-22T05:21:49.220+0000] {processor.py:208} INFO - Processing /opt/airflow/dags/job_scraping_dag.py took 1.152 seconds
[2026-03-22T05:22:19.565+0000] {processor.py:186} INFO - Started process (PID=203) to work on /opt/airflow/dags/job_scraping_dag.py
[2026-03-22T05:22:19.567+0000] {processor.py:914} INFO - Processing file /opt/airflow/dags/job_scraping_dag.py for tasks to queue
[2026-03-22T05:22:19.570+0000] {logging_mixin.py:190} INFO - [2026-03-22T05:22:19.569+0000] {dagbag.py:588} INFO - Filling up the DagBag from /opt/airflow/dags/job_scraping_dag.py
[2026-03-22T05:22:20.719+0000] {logging_mixin.py:190} INFO - [2026-03-22T05:22:20.714+0000] {dagbag.py:387} ERROR - Failed to import: /opt/airflow/dags/job_scraping_dag.py
Traceback (most recent call last):
  File "/home/airflow/.local/lib/python3.11/site-packages/airflow/models/dagbag.py", line 383, in parse
    loader.exec_module(new_module)
  File "<frozen importlib._bootstrap_external>", line 940, in exec_module
  File "<frozen importlib._bootstrap>", line 241, in _call_with_frames_removed
  File "/opt/airflow/dags/job_scraping_dag.py", line 22, in <module>
    from scrapping_indeed   import scrape_indeed_jobs
ImportError: cannot import name 'scrape_indeed_jobs' from 'scrapping_indeed' (/opt/airflow/scrapers/scrapping_indeed.py)
[2026-03-22T05:22:20.721+0000] {processor.py:927} WARNING - No viable dags retrieved from /opt/airflow/dags/job_scraping_dag.py
[2026-03-22T05:22:20.752+0000] {processor.py:208} INFO - Processing /opt/airflow/dags/job_scraping_dag.py took 1.200 seconds
[2026-03-22T05:22:50.967+0000] {processor.py:186} INFO - Started process (PID=209) to work on /opt/airflow/dags/job_scraping_dag.py
[2026-03-22T05:22:50.969+0000] {processor.py:914} INFO - Processing file /opt/airflow/dags/job_scraping_dag.py for tasks to queue
[2026-03-22T05:22:50.971+0000] {logging_mixin.py:190} INFO - [2026-03-22T05:22:50.970+0000] {dagbag.py:588} INFO - Filling up the DagBag from /opt/airflow/dags/job_scraping_dag.py
[2026-03-22T05:22:52.138+0000] {logging_mixin.py:190} INFO - [2026-03-22T05:22:52.131+0000] {dagbag.py:387} ERROR - Failed to import: /opt/airflow/dags/job_scraping_dag.py
Traceback (most recent call last):
  File "/home/airflow/.local/lib/python3.11/site-packages/airflow/models/dagbag.py", line 383, in parse
    loader.exec_module(new_module)
  File "<frozen importlib._bootstrap_external>", line 940, in exec_module
  File "<frozen importlib._bootstrap>", line 241, in _call_with_frames_removed
  File "/opt/airflow/dags/job_scraping_dag.py", line 22, in <module>
    from scrapping_indeed   import scrape_indeed_jobs
ImportError: cannot import name 'scrape_indeed_jobs' from 'scrapping_indeed' (/opt/airflow/scrapers/scrapping_indeed.py)
[2026-03-22T05:22:52.140+0000] {processor.py:927} WARNING - No viable dags retrieved from /opt/airflow/dags/job_scraping_dag.py
[2026-03-22T05:22:52.171+0000] {processor.py:208} INFO - Processing /opt/airflow/dags/job_scraping_dag.py took 1.213 seconds
[2026-03-22T05:23:22.743+0000] {processor.py:186} INFO - Started process (PID=215) to work on /opt/airflow/dags/job_scraping_dag.py
[2026-03-22T05:23:22.746+0000] {processor.py:914} INFO - Processing file /opt/airflow/dags/job_scraping_dag.py for tasks to queue
[2026-03-22T05:23:22.754+0000] {logging_mixin.py:190} INFO - [2026-03-22T05:23:22.750+0000] {dagbag.py:588} INFO - Filling up the DagBag from /opt/airflow/dags/job_scraping_dag.py
[2026-03-22T05:23:23.399+0000] {logging_mixin.py:190} INFO - [2026-03-22T05:23:23.394+0000] {dagbag.py:387} ERROR - Failed to import: /opt/airflow/dags/job_scraping_dag.py
Traceback (most recent call last):
  File "/home/airflow/.local/lib/python3.11/site-packages/airflow/models/dagbag.py", line 383, in parse
    loader.exec_module(new_module)
  File "<frozen importlib._bootstrap_external>", line 940, in exec_module
  File "<frozen importlib._bootstrap>", line 241, in _call_with_frames_removed
  File "/opt/airflow/dags/job_scraping_dag.py", line 22, in <module>
    from scrapping_indeed   import scrape_indeed_jobs
ImportError: cannot import name 'scrape_indeed_jobs' from 'scrapping_indeed' (/opt/airflow/scrapers/scrapping_indeed.py)
[2026-03-22T05:23:23.401+0000] {processor.py:927} WARNING - No viable dags retrieved from /opt/airflow/dags/job_scraping_dag.py
[2026-03-22T05:23:23.433+0000] {processor.py:208} INFO - Processing /opt/airflow/dags/job_scraping_dag.py took 1.763 seconds
