[2026-03-21T15:48:22.986+0000] {processor.py:186} INFO - Started process (PID=167) to work on /opt/airflow/dags/job_scraping_dag.py
[2026-03-21T15:48:22.988+0000] {processor.py:914} INFO - Processing file /opt/airflow/dags/job_scraping_dag.py for tasks to queue
[2026-03-21T15:48:22.993+0000] {logging_mixin.py:190} INFO - [2026-03-21T15:48:22.992+0000] {dagbag.py:588} INFO - Filling up the DagBag from /opt/airflow/dags/job_scraping_dag.py
[2026-03-21T15:48:26.279+0000] {processor.py:925} INFO - DAG(s) 'daily_job_scraping' retrieved from /opt/airflow/dags/job_scraping_dag.py
[2026-03-21T15:48:26.374+0000] {logging_mixin.py:190} INFO - [2026-03-21T15:48:26.373+0000] {dag.py:3239} INFO - Sync 1 DAGs
[2026-03-21T15:48:26.444+0000] {logging_mixin.py:190} INFO - [2026-03-21T15:48:26.444+0000] {dag.py:4180} INFO - Setting next_dagrun for daily_job_scraping to 2026-03-21 12:00:00+00:00, run_after=2026-03-22 12:00:00+00:00
[2026-03-21T15:48:26.634+0000] {processor.py:208} INFO - Processing /opt/airflow/dags/job_scraping_dag.py took 3.662 seconds
[2026-03-21T15:48:57.413+0000] {processor.py:186} INFO - Started process (PID=230) to work on /opt/airflow/dags/job_scraping_dag.py
[2026-03-21T15:48:57.416+0000] {processor.py:914} INFO - Processing file /opt/airflow/dags/job_scraping_dag.py for tasks to queue
[2026-03-21T15:48:57.425+0000] {logging_mixin.py:190} INFO - [2026-03-21T15:48:57.424+0000] {dagbag.py:588} INFO - Filling up the DagBag from /opt/airflow/dags/job_scraping_dag.py
[2026-03-21T15:48:58.990+0000] {processor.py:925} INFO - DAG(s) 'daily_job_scraping' retrieved from /opt/airflow/dags/job_scraping_dag.py
[2026-03-21T15:48:59.070+0000] {logging_mixin.py:190} INFO - [2026-03-21T15:48:59.069+0000] {dag.py:3239} INFO - Sync 1 DAGs
[2026-03-21T15:48:59.122+0000] {logging_mixin.py:190} INFO - [2026-03-21T15:48:59.121+0000] {dag.py:4180} INFO - Setting next_dagrun for daily_job_scraping to 2026-03-21 12:00:00+00:00, run_after=2026-03-22 12:00:00+00:00
[2026-03-21T15:48:59.171+0000] {processor.py:208} INFO - Processing /opt/airflow/dags/job_scraping_dag.py took 1.778 seconds
[2026-03-21T15:49:29.796+0000] {processor.py:186} INFO - Started process (PID=236) to work on /opt/airflow/dags/job_scraping_dag.py
[2026-03-21T15:49:29.800+0000] {processor.py:914} INFO - Processing file /opt/airflow/dags/job_scraping_dag.py for tasks to queue
[2026-03-21T15:49:29.810+0000] {logging_mixin.py:190} INFO - [2026-03-21T15:49:29.809+0000] {dagbag.py:588} INFO - Filling up the DagBag from /opt/airflow/dags/job_scraping_dag.py
[2026-03-21T15:49:31.515+0000] {processor.py:925} INFO - DAG(s) 'daily_job_scraping' retrieved from /opt/airflow/dags/job_scraping_dag.py
[2026-03-21T15:49:31.555+0000] {logging_mixin.py:190} INFO - [2026-03-21T15:49:31.555+0000] {dag.py:3239} INFO - Sync 1 DAGs
[2026-03-21T15:49:31.614+0000] {logging_mixin.py:190} INFO - [2026-03-21T15:49:31.614+0000] {dag.py:4180} INFO - Setting next_dagrun for daily_job_scraping to 2026-03-21 12:00:00+00:00, run_after=2026-03-22 12:00:00+00:00
[2026-03-21T15:49:31.672+0000] {processor.py:208} INFO - Processing /opt/airflow/dags/job_scraping_dag.py took 1.904 seconds
[2026-03-21T15:50:02.401+0000] {processor.py:186} INFO - Started process (PID=242) to work on /opt/airflow/dags/job_scraping_dag.py
[2026-03-21T15:50:02.405+0000] {processor.py:914} INFO - Processing file /opt/airflow/dags/job_scraping_dag.py for tasks to queue
[2026-03-21T15:50:02.418+0000] {logging_mixin.py:190} INFO - [2026-03-21T15:50:02.417+0000] {dagbag.py:588} INFO - Filling up the DagBag from /opt/airflow/dags/job_scraping_dag.py
[2026-03-21T15:50:05.276+0000] {processor.py:925} INFO - DAG(s) 'daily_job_scraping' retrieved from /opt/airflow/dags/job_scraping_dag.py
[2026-03-21T15:50:05.380+0000] {logging_mixin.py:190} INFO - [2026-03-21T15:50:05.379+0000] {dag.py:3239} INFO - Sync 1 DAGs
[2026-03-21T15:50:05.482+0000] {logging_mixin.py:190} INFO - [2026-03-21T15:50:05.480+0000] {dag.py:4180} INFO - Setting next_dagrun for daily_job_scraping to 2026-03-21 12:00:00+00:00, run_after=2026-03-22 12:00:00+00:00
[2026-03-21T15:50:05.766+0000] {processor.py:208} INFO - Processing /opt/airflow/dags/job_scraping_dag.py took 3.384 seconds
[2026-03-21T15:50:36.545+0000] {processor.py:186} INFO - Started process (PID=248) to work on /opt/airflow/dags/job_scraping_dag.py
[2026-03-21T15:50:36.551+0000] {processor.py:914} INFO - Processing file /opt/airflow/dags/job_scraping_dag.py for tasks to queue
[2026-03-21T15:50:36.598+0000] {logging_mixin.py:190} INFO - [2026-03-21T15:50:36.596+0000] {dagbag.py:588} INFO - Filling up the DagBag from /opt/airflow/dags/job_scraping_dag.py
[2026-03-21T15:50:40.400+0000] {processor.py:925} INFO - DAG(s) 'daily_job_scraping' retrieved from /opt/airflow/dags/job_scraping_dag.py
[2026-03-21T15:50:40.548+0000] {logging_mixin.py:190} INFO - [2026-03-21T15:50:40.546+0000] {dag.py:3239} INFO - Sync 1 DAGs
[2026-03-21T15:50:40.751+0000] {logging_mixin.py:190} INFO - [2026-03-21T15:50:40.750+0000] {dag.py:4180} INFO - Setting next_dagrun for daily_job_scraping to 2026-03-21 12:00:00+00:00, run_after=2026-03-22 12:00:00+00:00
[2026-03-21T15:50:41.084+0000] {processor.py:208} INFO - Processing /opt/airflow/dags/job_scraping_dag.py took 4.604 seconds
[2026-03-21T15:51:12.095+0000] {processor.py:186} INFO - Started process (PID=254) to work on /opt/airflow/dags/job_scraping_dag.py
[2026-03-21T15:51:12.099+0000] {processor.py:914} INFO - Processing file /opt/airflow/dags/job_scraping_dag.py for tasks to queue
[2026-03-21T15:51:12.108+0000] {logging_mixin.py:190} INFO - [2026-03-21T15:51:12.107+0000] {dagbag.py:588} INFO - Filling up the DagBag from /opt/airflow/dags/job_scraping_dag.py
[2026-03-21T15:51:14.049+0000] {processor.py:925} INFO - DAG(s) 'daily_job_scraping' retrieved from /opt/airflow/dags/job_scraping_dag.py
[2026-03-21T15:51:14.092+0000] {logging_mixin.py:190} INFO - [2026-03-21T15:51:14.092+0000] {dag.py:3239} INFO - Sync 1 DAGs
[2026-03-21T15:51:14.141+0000] {logging_mixin.py:190} INFO - [2026-03-21T15:51:14.141+0000] {dag.py:4180} INFO - Setting next_dagrun for daily_job_scraping to 2026-03-21 12:00:00+00:00, run_after=2026-03-22 12:00:00+00:00
[2026-03-21T15:51:14.215+0000] {processor.py:208} INFO - Processing /opt/airflow/dags/job_scraping_dag.py took 2.130 seconds
[2026-03-21T15:51:45.022+0000] {processor.py:186} INFO - Started process (PID=260) to work on /opt/airflow/dags/job_scraping_dag.py
[2026-03-21T15:51:45.026+0000] {processor.py:914} INFO - Processing file /opt/airflow/dags/job_scraping_dag.py for tasks to queue
[2026-03-21T15:51:45.033+0000] {logging_mixin.py:190} INFO - [2026-03-21T15:51:45.032+0000] {dagbag.py:588} INFO - Filling up the DagBag from /opt/airflow/dags/job_scraping_dag.py
[2026-03-21T15:51:46.797+0000] {processor.py:925} INFO - DAG(s) 'daily_job_scraping' retrieved from /opt/airflow/dags/job_scraping_dag.py
[2026-03-21T15:51:46.850+0000] {logging_mixin.py:190} INFO - [2026-03-21T15:51:46.850+0000] {dag.py:3239} INFO - Sync 1 DAGs
[2026-03-21T15:51:46.901+0000] {logging_mixin.py:190} INFO - [2026-03-21T15:51:46.900+0000] {dag.py:4180} INFO - Setting next_dagrun for daily_job_scraping to 2026-03-21 12:00:00+00:00, run_after=2026-03-22 12:00:00+00:00
[2026-03-21T15:51:46.928+0000] {processor.py:208} INFO - Processing /opt/airflow/dags/job_scraping_dag.py took 1.923 seconds
[2026-03-21T15:52:17.841+0000] {processor.py:186} INFO - Started process (PID=266) to work on /opt/airflow/dags/job_scraping_dag.py
[2026-03-21T15:52:17.846+0000] {processor.py:914} INFO - Processing file /opt/airflow/dags/job_scraping_dag.py for tasks to queue
[2026-03-21T15:52:17.858+0000] {logging_mixin.py:190} INFO - [2026-03-21T15:52:17.857+0000] {dagbag.py:588} INFO - Filling up the DagBag from /opt/airflow/dags/job_scraping_dag.py
[2026-03-21T15:52:19.901+0000] {processor.py:925} INFO - DAG(s) 'daily_job_scraping' retrieved from /opt/airflow/dags/job_scraping_dag.py
[2026-03-21T15:52:19.959+0000] {logging_mixin.py:190} INFO - [2026-03-21T15:52:19.959+0000] {dag.py:3239} INFO - Sync 1 DAGs
[2026-03-21T15:52:20.025+0000] {logging_mixin.py:190} INFO - [2026-03-21T15:52:20.024+0000] {dag.py:4180} INFO - Setting next_dagrun for daily_job_scraping to 2026-03-20 12:00:00+00:00, run_after=2026-03-21 12:00:00+00:00
[2026-03-21T15:52:20.077+0000] {processor.py:208} INFO - Processing /opt/airflow/dags/job_scraping_dag.py took 2.271 seconds
[2026-03-21T15:52:50.592+0000] {processor.py:186} INFO - Started process (PID=272) to work on /opt/airflow/dags/job_scraping_dag.py
[2026-03-21T15:52:50.606+0000] {processor.py:914} INFO - Processing file /opt/airflow/dags/job_scraping_dag.py for tasks to queue
[2026-03-21T15:52:50.652+0000] {logging_mixin.py:190} INFO - [2026-03-21T15:52:50.636+0000] {dagbag.py:588} INFO - Filling up the DagBag from /opt/airflow/dags/job_scraping_dag.py
[2026-03-21T15:52:53.720+0000] {processor.py:925} INFO - DAG(s) 'daily_job_scraping' retrieved from /opt/airflow/dags/job_scraping_dag.py
[2026-03-21T15:52:53.840+0000] {logging_mixin.py:190} INFO - [2026-03-21T15:52:53.830+0000] {dag.py:3239} INFO - Sync 1 DAGs
[2026-03-21T15:52:53.920+0000] {logging_mixin.py:190} INFO - [2026-03-21T15:52:53.919+0000] {dag.py:4180} INFO - Setting next_dagrun for daily_job_scraping to 2026-03-21 12:00:00+00:00, run_after=2026-03-22 12:00:00+00:00
[2026-03-21T15:52:53.975+0000] {processor.py:208} INFO - Processing /opt/airflow/dags/job_scraping_dag.py took 3.438 seconds
[2026-03-21T15:53:24.513+0000] {processor.py:186} INFO - Started process (PID=278) to work on /opt/airflow/dags/job_scraping_dag.py
[2026-03-21T15:53:24.516+0000] {processor.py:914} INFO - Processing file /opt/airflow/dags/job_scraping_dag.py for tasks to queue
[2026-03-21T15:53:24.528+0000] {logging_mixin.py:190} INFO - [2026-03-21T15:53:24.526+0000] {dagbag.py:588} INFO - Filling up the DagBag from /opt/airflow/dags/job_scraping_dag.py
[2026-03-21T15:53:26.405+0000] {processor.py:925} INFO - DAG(s) 'daily_job_scraping' retrieved from /opt/airflow/dags/job_scraping_dag.py
[2026-03-21T15:53:26.455+0000] {logging_mixin.py:190} INFO - [2026-03-21T15:53:26.454+0000] {dag.py:3239} INFO - Sync 1 DAGs
[2026-03-21T15:53:26.496+0000] {logging_mixin.py:190} INFO - [2026-03-21T15:53:26.496+0000] {dag.py:4180} INFO - Setting next_dagrun for daily_job_scraping to 2026-03-21 12:00:00+00:00, run_after=2026-03-22 12:00:00+00:00
[2026-03-21T15:53:26.524+0000] {processor.py:208} INFO - Processing /opt/airflow/dags/job_scraping_dag.py took 2.027 seconds
[2026-03-21T15:53:56.823+0000] {processor.py:186} INFO - Started process (PID=284) to work on /opt/airflow/dags/job_scraping_dag.py
[2026-03-21T15:53:56.825+0000] {processor.py:914} INFO - Processing file /opt/airflow/dags/job_scraping_dag.py for tasks to queue
[2026-03-21T15:53:56.829+0000] {logging_mixin.py:190} INFO - [2026-03-21T15:53:56.828+0000] {dagbag.py:588} INFO - Filling up the DagBag from /opt/airflow/dags/job_scraping_dag.py
[2026-03-21T15:53:58.144+0000] {processor.py:925} INFO - DAG(s) 'daily_job_scraping' retrieved from /opt/airflow/dags/job_scraping_dag.py
[2026-03-21T15:53:58.185+0000] {logging_mixin.py:190} INFO - [2026-03-21T15:53:58.184+0000] {dag.py:3239} INFO - Sync 1 DAGs
[2026-03-21T15:53:58.226+0000] {logging_mixin.py:190} INFO - [2026-03-21T15:53:58.226+0000] {dag.py:4180} INFO - Setting next_dagrun for daily_job_scraping to 2026-03-21 12:00:00+00:00, run_after=2026-03-22 12:00:00+00:00
[2026-03-21T15:53:58.262+0000] {processor.py:208} INFO - Processing /opt/airflow/dags/job_scraping_dag.py took 1.446 seconds
[2026-03-21T15:54:28.699+0000] {processor.py:186} INFO - Started process (PID=290) to work on /opt/airflow/dags/job_scraping_dag.py
[2026-03-21T15:54:28.701+0000] {processor.py:914} INFO - Processing file /opt/airflow/dags/job_scraping_dag.py for tasks to queue
[2026-03-21T15:54:28.704+0000] {logging_mixin.py:190} INFO - [2026-03-21T15:54:28.704+0000] {dagbag.py:588} INFO - Filling up the DagBag from /opt/airflow/dags/job_scraping_dag.py
[2026-03-21T15:54:29.838+0000] {processor.py:925} INFO - DAG(s) 'daily_job_scraping' retrieved from /opt/airflow/dags/job_scraping_dag.py
[2026-03-21T15:54:29.889+0000] {logging_mixin.py:190} INFO - [2026-03-21T15:54:29.889+0000] {dag.py:3239} INFO - Sync 1 DAGs
[2026-03-21T15:54:29.933+0000] {logging_mixin.py:190} INFO - [2026-03-21T15:54:29.933+0000] {dag.py:4180} INFO - Setting next_dagrun for daily_job_scraping to 2026-03-21 12:00:00+00:00, run_after=2026-03-22 12:00:00+00:00
[2026-03-21T15:54:29.965+0000] {processor.py:208} INFO - Processing /opt/airflow/dags/job_scraping_dag.py took 1.273 seconds
[2026-03-21T15:55:00.094+0000] {processor.py:186} INFO - Started process (PID=296) to work on /opt/airflow/dags/job_scraping_dag.py
[2026-03-21T15:55:00.096+0000] {processor.py:914} INFO - Processing file /opt/airflow/dags/job_scraping_dag.py for tasks to queue
[2026-03-21T15:55:00.100+0000] {logging_mixin.py:190} INFO - [2026-03-21T15:55:00.100+0000] {dagbag.py:588} INFO - Filling up the DagBag from /opt/airflow/dags/job_scraping_dag.py
[2026-03-21T15:55:01.449+0000] {processor.py:925} INFO - DAG(s) 'daily_job_scraping' retrieved from /opt/airflow/dags/job_scraping_dag.py
[2026-03-21T15:55:01.492+0000] {logging_mixin.py:190} INFO - [2026-03-21T15:55:01.491+0000] {dag.py:3239} INFO - Sync 1 DAGs
[2026-03-21T15:55:01.538+0000] {logging_mixin.py:190} INFO - [2026-03-21T15:55:01.538+0000] {dag.py:4180} INFO - Setting next_dagrun for daily_job_scraping to 2026-03-21 12:00:00+00:00, run_after=2026-03-22 12:00:00+00:00
[2026-03-21T15:55:01.570+0000] {processor.py:208} INFO - Processing /opt/airflow/dags/job_scraping_dag.py took 1.493 seconds
[2026-03-21T15:55:31.677+0000] {processor.py:186} INFO - Started process (PID=302) to work on /opt/airflow/dags/job_scraping_dag.py
[2026-03-21T15:55:31.678+0000] {processor.py:914} INFO - Processing file /opt/airflow/dags/job_scraping_dag.py for tasks to queue
[2026-03-21T15:55:31.683+0000] {logging_mixin.py:190} INFO - [2026-03-21T15:55:31.682+0000] {dagbag.py:588} INFO - Filling up the DagBag from /opt/airflow/dags/job_scraping_dag.py
[2026-03-21T15:55:32.583+0000] {processor.py:925} INFO - DAG(s) 'daily_job_scraping' retrieved from /opt/airflow/dags/job_scraping_dag.py
[2026-03-21T15:55:32.622+0000] {logging_mixin.py:190} INFO - [2026-03-21T15:55:32.622+0000] {dag.py:3239} INFO - Sync 1 DAGs
[2026-03-21T15:55:32.650+0000] {logging_mixin.py:190} INFO - [2026-03-21T15:55:32.649+0000] {dag.py:4180} INFO - Setting next_dagrun for daily_job_scraping to 2026-03-21 12:00:00+00:00, run_after=2026-03-22 12:00:00+00:00
[2026-03-21T15:55:32.679+0000] {processor.py:208} INFO - Processing /opt/airflow/dags/job_scraping_dag.py took 1.012 seconds
[2026-03-21T15:56:03.013+0000] {processor.py:186} INFO - Started process (PID=308) to work on /opt/airflow/dags/job_scraping_dag.py
[2026-03-21T15:56:03.015+0000] {processor.py:914} INFO - Processing file /opt/airflow/dags/job_scraping_dag.py for tasks to queue
[2026-03-21T15:56:03.019+0000] {logging_mixin.py:190} INFO - [2026-03-21T15:56:03.018+0000] {dagbag.py:588} INFO - Filling up the DagBag from /opt/airflow/dags/job_scraping_dag.py
[2026-03-21T15:56:04.136+0000] {processor.py:925} INFO - DAG(s) 'daily_job_scraping' retrieved from /opt/airflow/dags/job_scraping_dag.py
[2026-03-21T15:56:04.176+0000] {logging_mixin.py:190} INFO - [2026-03-21T15:56:04.175+0000] {dag.py:3239} INFO - Sync 1 DAGs
[2026-03-21T15:56:04.210+0000] {logging_mixin.py:190} INFO - [2026-03-21T15:56:04.209+0000] {dag.py:4180} INFO - Setting next_dagrun for daily_job_scraping to 2026-03-21 12:00:00+00:00, run_after=2026-03-22 12:00:00+00:00
[2026-03-21T15:56:04.234+0000] {processor.py:208} INFO - Processing /opt/airflow/dags/job_scraping_dag.py took 1.234 seconds
[2026-03-21T15:56:34.428+0000] {processor.py:186} INFO - Started process (PID=314) to work on /opt/airflow/dags/job_scraping_dag.py
[2026-03-21T15:56:34.431+0000] {processor.py:914} INFO - Processing file /opt/airflow/dags/job_scraping_dag.py for tasks to queue
[2026-03-21T15:56:34.438+0000] {logging_mixin.py:190} INFO - [2026-03-21T15:56:34.437+0000] {dagbag.py:588} INFO - Filling up the DagBag from /opt/airflow/dags/job_scraping_dag.py
[2026-03-21T15:56:36.112+0000] {processor.py:925} INFO - DAG(s) 'daily_job_scraping' retrieved from /opt/airflow/dags/job_scraping_dag.py
[2026-03-21T15:56:36.169+0000] {logging_mixin.py:190} INFO - [2026-03-21T15:56:36.169+0000] {dag.py:3239} INFO - Sync 1 DAGs
[2026-03-21T15:56:36.233+0000] {logging_mixin.py:190} INFO - [2026-03-21T15:56:36.232+0000] {dag.py:4180} INFO - Setting next_dagrun for daily_job_scraping to 2026-03-21 12:00:00+00:00, run_after=2026-03-22 12:00:00+00:00
[2026-03-21T15:56:36.271+0000] {processor.py:208} INFO - Processing /opt/airflow/dags/job_scraping_dag.py took 1.854 seconds
[2026-03-21T15:57:06.730+0000] {processor.py:186} INFO - Started process (PID=320) to work on /opt/airflow/dags/job_scraping_dag.py
[2026-03-21T15:57:06.733+0000] {processor.py:914} INFO - Processing file /opt/airflow/dags/job_scraping_dag.py for tasks to queue
[2026-03-21T15:57:06.738+0000] {logging_mixin.py:190} INFO - [2026-03-21T15:57:06.738+0000] {dagbag.py:588} INFO - Filling up the DagBag from /opt/airflow/dags/job_scraping_dag.py
[2026-03-21T15:57:07.750+0000] {processor.py:925} INFO - DAG(s) 'daily_job_scraping' retrieved from /opt/airflow/dags/job_scraping_dag.py
[2026-03-21T15:57:07.784+0000] {logging_mixin.py:190} INFO - [2026-03-21T15:57:07.783+0000] {dag.py:3239} INFO - Sync 1 DAGs
[2026-03-21T15:57:07.807+0000] {logging_mixin.py:190} INFO - [2026-03-21T15:57:07.807+0000] {dag.py:4180} INFO - Setting next_dagrun for daily_job_scraping to 2026-03-21 12:00:00+00:00, run_after=2026-03-22 12:00:00+00:00
[2026-03-21T15:57:07.835+0000] {processor.py:208} INFO - Processing /opt/airflow/dags/job_scraping_dag.py took 1.117 seconds
[2026-03-21T15:57:38.002+0000] {processor.py:186} INFO - Started process (PID=326) to work on /opt/airflow/dags/job_scraping_dag.py
[2026-03-21T15:57:38.003+0000] {processor.py:914} INFO - Processing file /opt/airflow/dags/job_scraping_dag.py for tasks to queue
[2026-03-21T15:57:38.006+0000] {logging_mixin.py:190} INFO - [2026-03-21T15:57:38.006+0000] {dagbag.py:588} INFO - Filling up the DagBag from /opt/airflow/dags/job_scraping_dag.py
[2026-03-21T15:57:38.562+0000] {processor.py:925} INFO - DAG(s) 'daily_job_scraping' retrieved from /opt/airflow/dags/job_scraping_dag.py
[2026-03-21T15:57:38.589+0000] {logging_mixin.py:190} INFO - [2026-03-21T15:57:38.589+0000] {dag.py:3239} INFO - Sync 1 DAGs
[2026-03-21T15:57:38.615+0000] {logging_mixin.py:190} INFO - [2026-03-21T15:57:38.614+0000] {dag.py:4180} INFO - Setting next_dagrun for daily_job_scraping to 2026-03-21 12:00:00+00:00, run_after=2026-03-22 12:00:00+00:00
[2026-03-21T15:57:38.639+0000] {processor.py:208} INFO - Processing /opt/airflow/dags/job_scraping_dag.py took 0.644 seconds
[2026-03-21T15:58:09.033+0000] {processor.py:186} INFO - Started process (PID=346) to work on /opt/airflow/dags/job_scraping_dag.py
[2026-03-21T15:58:09.036+0000] {processor.py:914} INFO - Processing file /opt/airflow/dags/job_scraping_dag.py for tasks to queue
[2026-03-21T15:58:09.042+0000] {logging_mixin.py:190} INFO - [2026-03-21T15:58:09.041+0000] {dagbag.py:588} INFO - Filling up the DagBag from /opt/airflow/dags/job_scraping_dag.py
[2026-03-21T15:58:10.076+0000] {processor.py:925} INFO - DAG(s) 'daily_job_scraping' retrieved from /opt/airflow/dags/job_scraping_dag.py
[2026-03-21T15:58:10.112+0000] {logging_mixin.py:190} INFO - [2026-03-21T15:58:10.112+0000] {dag.py:3239} INFO - Sync 1 DAGs
[2026-03-21T15:58:10.141+0000] {logging_mixin.py:190} INFO - [2026-03-21T15:58:10.140+0000] {dag.py:4180} INFO - Setting next_dagrun for daily_job_scraping to 2026-03-21 12:00:00+00:00, run_after=2026-03-22 12:00:00+00:00
[2026-03-21T15:58:10.166+0000] {processor.py:208} INFO - Processing /opt/airflow/dags/job_scraping_dag.py took 1.141 seconds
[2026-03-21T15:58:40.590+0000] {processor.py:186} INFO - Started process (PID=352) to work on /opt/airflow/dags/job_scraping_dag.py
[2026-03-21T15:58:40.596+0000] {processor.py:914} INFO - Processing file /opt/airflow/dags/job_scraping_dag.py for tasks to queue
[2026-03-21T15:58:40.604+0000] {logging_mixin.py:190} INFO - [2026-03-21T15:58:40.603+0000] {dagbag.py:588} INFO - Filling up the DagBag from /opt/airflow/dags/job_scraping_dag.py
[2026-03-21T15:58:42.337+0000] {processor.py:925} INFO - DAG(s) 'daily_job_scraping' retrieved from /opt/airflow/dags/job_scraping_dag.py
[2026-03-21T15:58:42.423+0000] {logging_mixin.py:190} INFO - [2026-03-21T15:58:42.422+0000] {dag.py:3239} INFO - Sync 1 DAGs
[2026-03-21T15:58:42.480+0000] {logging_mixin.py:190} INFO - [2026-03-21T15:58:42.480+0000] {dag.py:4180} INFO - Setting next_dagrun for daily_job_scraping to 2026-03-21 12:00:00+00:00, run_after=2026-03-22 12:00:00+00:00
[2026-03-21T15:58:42.539+0000] {processor.py:208} INFO - Processing /opt/airflow/dags/job_scraping_dag.py took 1.968 seconds
[2026-03-21T15:59:12.933+0000] {processor.py:186} INFO - Started process (PID=358) to work on /opt/airflow/dags/job_scraping_dag.py
[2026-03-21T15:59:12.942+0000] {processor.py:914} INFO - Processing file /opt/airflow/dags/job_scraping_dag.py for tasks to queue
[2026-03-21T15:59:12.950+0000] {logging_mixin.py:190} INFO - [2026-03-21T15:59:12.949+0000] {dagbag.py:588} INFO - Filling up the DagBag from /opt/airflow/dags/job_scraping_dag.py
[2026-03-21T15:59:14.316+0000] {processor.py:925} INFO - DAG(s) 'daily_job_scraping' retrieved from /opt/airflow/dags/job_scraping_dag.py
[2026-03-21T15:59:14.360+0000] {logging_mixin.py:190} INFO - [2026-03-21T15:59:14.359+0000] {dag.py:3239} INFO - Sync 1 DAGs
[2026-03-21T15:59:14.429+0000] {logging_mixin.py:190} INFO - [2026-03-21T15:59:14.429+0000] {dag.py:4180} INFO - Setting next_dagrun for daily_job_scraping to 2026-03-21 12:00:00+00:00, run_after=2026-03-22 12:00:00+00:00
[2026-03-21T15:59:14.464+0000] {processor.py:208} INFO - Processing /opt/airflow/dags/job_scraping_dag.py took 1.551 seconds
[2026-03-21T15:59:45.102+0000] {processor.py:186} INFO - Started process (PID=364) to work on /opt/airflow/dags/job_scraping_dag.py
[2026-03-21T15:59:45.104+0000] {processor.py:914} INFO - Processing file /opt/airflow/dags/job_scraping_dag.py for tasks to queue
[2026-03-21T15:59:45.111+0000] {logging_mixin.py:190} INFO - [2026-03-21T15:59:45.111+0000] {dagbag.py:588} INFO - Filling up the DagBag from /opt/airflow/dags/job_scraping_dag.py
[2026-03-21T15:59:46.457+0000] {processor.py:925} INFO - DAG(s) 'daily_job_scraping' retrieved from /opt/airflow/dags/job_scraping_dag.py
[2026-03-21T15:59:46.498+0000] {logging_mixin.py:190} INFO - [2026-03-21T15:59:46.497+0000] {dag.py:3239} INFO - Sync 1 DAGs
[2026-03-21T15:59:46.525+0000] {logging_mixin.py:190} INFO - [2026-03-21T15:59:46.525+0000] {dag.py:4180} INFO - Setting next_dagrun for daily_job_scraping to 2026-03-21 12:00:00+00:00, run_after=2026-03-22 12:00:00+00:00
[2026-03-21T15:59:46.552+0000] {processor.py:208} INFO - Processing /opt/airflow/dags/job_scraping_dag.py took 1.468 seconds
[2026-03-21T16:00:16.779+0000] {processor.py:186} INFO - Started process (PID=370) to work on /opt/airflow/dags/job_scraping_dag.py
[2026-03-21T16:00:16.782+0000] {processor.py:914} INFO - Processing file /opt/airflow/dags/job_scraping_dag.py for tasks to queue
[2026-03-21T16:00:16.795+0000] {logging_mixin.py:190} INFO - [2026-03-21T16:00:16.795+0000] {dagbag.py:588} INFO - Filling up the DagBag from /opt/airflow/dags/job_scraping_dag.py
[2026-03-21T16:00:18.738+0000] {processor.py:925} INFO - DAG(s) 'daily_job_scraping' retrieved from /opt/airflow/dags/job_scraping_dag.py
[2026-03-21T16:00:18.778+0000] {logging_mixin.py:190} INFO - [2026-03-21T16:00:18.777+0000] {dag.py:3239} INFO - Sync 1 DAGs
[2026-03-21T16:00:18.815+0000] {logging_mixin.py:190} INFO - [2026-03-21T16:00:18.815+0000] {dag.py:4180} INFO - Setting next_dagrun for daily_job_scraping to 2026-03-21 12:00:00+00:00, run_after=2026-03-22 12:00:00+00:00
[2026-03-21T16:00:18.845+0000] {processor.py:208} INFO - Processing /opt/airflow/dags/job_scraping_dag.py took 2.089 seconds
[2026-03-21T16:00:49.062+0000] {processor.py:186} INFO - Started process (PID=376) to work on /opt/airflow/dags/job_scraping_dag.py
[2026-03-21T16:00:49.064+0000] {processor.py:914} INFO - Processing file /opt/airflow/dags/job_scraping_dag.py for tasks to queue
[2026-03-21T16:00:49.068+0000] {logging_mixin.py:190} INFO - [2026-03-21T16:00:49.067+0000] {dagbag.py:588} INFO - Filling up the DagBag from /opt/airflow/dags/job_scraping_dag.py
[2026-03-21T16:00:50.119+0000] {processor.py:925} INFO - DAG(s) 'daily_job_scraping' retrieved from /opt/airflow/dags/job_scraping_dag.py
[2026-03-21T16:00:50.160+0000] {logging_mixin.py:190} INFO - [2026-03-21T16:00:50.159+0000] {dag.py:3239} INFO - Sync 1 DAGs
[2026-03-21T16:00:50.190+0000] {logging_mixin.py:190} INFO - [2026-03-21T16:00:50.189+0000] {dag.py:4180} INFO - Setting next_dagrun for daily_job_scraping to 2026-03-21 12:00:00+00:00, run_after=2026-03-22 12:00:00+00:00
[2026-03-21T16:00:50.217+0000] {processor.py:208} INFO - Processing /opt/airflow/dags/job_scraping_dag.py took 1.164 seconds
[2026-03-21T16:01:20.415+0000] {processor.py:186} INFO - Started process (PID=382) to work on /opt/airflow/dags/job_scraping_dag.py
[2026-03-21T16:01:20.417+0000] {processor.py:914} INFO - Processing file /opt/airflow/dags/job_scraping_dag.py for tasks to queue
[2026-03-21T16:01:20.426+0000] {logging_mixin.py:190} INFO - [2026-03-21T16:01:20.425+0000] {dagbag.py:588} INFO - Filling up the DagBag from /opt/airflow/dags/job_scraping_dag.py
[2026-03-21T16:01:22.207+0000] {processor.py:925} INFO - DAG(s) 'daily_job_scraping' retrieved from /opt/airflow/dags/job_scraping_dag.py
[2026-03-21T16:01:22.252+0000] {logging_mixin.py:190} INFO - [2026-03-21T16:01:22.251+0000] {dag.py:3239} INFO - Sync 1 DAGs
[2026-03-21T16:01:22.292+0000] {logging_mixin.py:190} INFO - [2026-03-21T16:01:22.292+0000] {dag.py:4180} INFO - Setting next_dagrun for daily_job_scraping to 2026-03-21 12:00:00+00:00, run_after=2026-03-22 12:00:00+00:00
[2026-03-21T16:01:22.328+0000] {processor.py:208} INFO - Processing /opt/airflow/dags/job_scraping_dag.py took 1.925 seconds
[2026-03-21T16:01:52.786+0000] {processor.py:186} INFO - Started process (PID=388) to work on /opt/airflow/dags/job_scraping_dag.py
[2026-03-21T16:01:52.788+0000] {processor.py:914} INFO - Processing file /opt/airflow/dags/job_scraping_dag.py for tasks to queue
[2026-03-21T16:01:52.792+0000] {logging_mixin.py:190} INFO - [2026-03-21T16:01:52.792+0000] {dagbag.py:588} INFO - Filling up the DagBag from /opt/airflow/dags/job_scraping_dag.py
[2026-03-21T16:01:53.953+0000] {processor.py:925} INFO - DAG(s) 'daily_job_scraping' retrieved from /opt/airflow/dags/job_scraping_dag.py
[2026-03-21T16:01:54.000+0000] {logging_mixin.py:190} INFO - [2026-03-21T16:01:53.999+0000] {dag.py:3239} INFO - Sync 1 DAGs
[2026-03-21T16:01:54.065+0000] {logging_mixin.py:190} INFO - [2026-03-21T16:01:54.064+0000] {dag.py:4180} INFO - Setting next_dagrun for daily_job_scraping to 2026-03-21 12:00:00+00:00, run_after=2026-03-22 12:00:00+00:00
[2026-03-21T16:01:54.096+0000] {processor.py:208} INFO - Processing /opt/airflow/dags/job_scraping_dag.py took 1.320 seconds
[2026-03-21T16:02:24.274+0000] {processor.py:186} INFO - Started process (PID=394) to work on /opt/airflow/dags/job_scraping_dag.py
[2026-03-21T16:02:24.276+0000] {processor.py:914} INFO - Processing file /opt/airflow/dags/job_scraping_dag.py for tasks to queue
[2026-03-21T16:02:24.284+0000] {logging_mixin.py:190} INFO - [2026-03-21T16:02:24.283+0000] {dagbag.py:588} INFO - Filling up the DagBag from /opt/airflow/dags/job_scraping_dag.py
[2026-03-21T16:02:26.367+0000] {processor.py:925} INFO - DAG(s) 'daily_job_scraping' retrieved from /opt/airflow/dags/job_scraping_dag.py
[2026-03-21T16:02:26.449+0000] {logging_mixin.py:190} INFO - [2026-03-21T16:02:26.448+0000] {dag.py:3239} INFO - Sync 1 DAGs
[2026-03-21T16:02:26.520+0000] {logging_mixin.py:190} INFO - [2026-03-21T16:02:26.520+0000] {dag.py:4180} INFO - Setting next_dagrun for daily_job_scraping to 2026-03-21 12:00:00+00:00, run_after=2026-03-22 12:00:00+00:00
[2026-03-21T16:02:26.588+0000] {processor.py:208} INFO - Processing /opt/airflow/dags/job_scraping_dag.py took 2.327 seconds
[2026-03-21T16:02:56.977+0000] {processor.py:186} INFO - Started process (PID=400) to work on /opt/airflow/dags/job_scraping_dag.py
[2026-03-21T16:02:56.979+0000] {processor.py:914} INFO - Processing file /opt/airflow/dags/job_scraping_dag.py for tasks to queue
[2026-03-21T16:02:56.983+0000] {logging_mixin.py:190} INFO - [2026-03-21T16:02:56.983+0000] {dagbag.py:588} INFO - Filling up the DagBag from /opt/airflow/dags/job_scraping_dag.py
[2026-03-21T16:02:58.517+0000] {processor.py:925} INFO - DAG(s) 'daily_job_scraping' retrieved from /opt/airflow/dags/job_scraping_dag.py
[2026-03-21T16:02:58.572+0000] {logging_mixin.py:190} INFO - [2026-03-21T16:02:58.572+0000] {dag.py:3239} INFO - Sync 1 DAGs
[2026-03-21T16:02:58.608+0000] {logging_mixin.py:190} INFO - [2026-03-21T16:02:58.607+0000] {dag.py:4180} INFO - Setting next_dagrun for daily_job_scraping to 2026-03-21 12:00:00+00:00, run_after=2026-03-22 12:00:00+00:00
[2026-03-21T16:02:58.637+0000] {processor.py:208} INFO - Processing /opt/airflow/dags/job_scraping_dag.py took 1.672 seconds
[2026-03-21T16:03:29.423+0000] {processor.py:186} INFO - Started process (PID=406) to work on /opt/airflow/dags/job_scraping_dag.py
[2026-03-21T16:03:29.425+0000] {processor.py:914} INFO - Processing file /opt/airflow/dags/job_scraping_dag.py for tasks to queue
[2026-03-21T16:03:29.429+0000] {logging_mixin.py:190} INFO - [2026-03-21T16:03:29.429+0000] {dagbag.py:588} INFO - Filling up the DagBag from /opt/airflow/dags/job_scraping_dag.py
[2026-03-21T16:03:30.783+0000] {processor.py:925} INFO - DAG(s) 'daily_job_scraping' retrieved from /opt/airflow/dags/job_scraping_dag.py
[2026-03-21T16:03:30.856+0000] {logging_mixin.py:190} INFO - [2026-03-21T16:03:30.855+0000] {dag.py:3239} INFO - Sync 1 DAGs
[2026-03-21T16:03:30.917+0000] {logging_mixin.py:190} INFO - [2026-03-21T16:03:30.917+0000] {dag.py:4180} INFO - Setting next_dagrun for daily_job_scraping to 2026-03-21 12:00:00+00:00, run_after=2026-03-22 12:00:00+00:00
[2026-03-21T16:03:30.980+0000] {processor.py:208} INFO - Processing /opt/airflow/dags/job_scraping_dag.py took 1.568 seconds
[2026-03-21T16:04:01.467+0000] {processor.py:186} INFO - Started process (PID=412) to work on /opt/airflow/dags/job_scraping_dag.py
[2026-03-21T16:04:01.469+0000] {processor.py:914} INFO - Processing file /opt/airflow/dags/job_scraping_dag.py for tasks to queue
[2026-03-21T16:04:01.473+0000] {logging_mixin.py:190} INFO - [2026-03-21T16:04:01.473+0000] {dagbag.py:588} INFO - Filling up the DagBag from /opt/airflow/dags/job_scraping_dag.py
[2026-03-21T16:04:03.030+0000] {processor.py:925} INFO - DAG(s) 'daily_job_scraping' retrieved from /opt/airflow/dags/job_scraping_dag.py
[2026-03-21T16:04:03.083+0000] {logging_mixin.py:190} INFO - [2026-03-21T16:04:03.080+0000] {dag.py:3239} INFO - Sync 1 DAGs
[2026-03-21T16:04:03.134+0000] {logging_mixin.py:190} INFO - [2026-03-21T16:04:03.134+0000] {dag.py:4180} INFO - Setting next_dagrun for daily_job_scraping to 2026-03-21 12:00:00+00:00, run_after=2026-03-22 12:00:00+00:00
[2026-03-21T16:04:03.210+0000] {processor.py:208} INFO - Processing /opt/airflow/dags/job_scraping_dag.py took 1.754 seconds
[2026-03-21T16:04:33.401+0000] {processor.py:186} INFO - Started process (PID=418) to work on /opt/airflow/dags/job_scraping_dag.py
[2026-03-21T16:04:33.405+0000] {processor.py:914} INFO - Processing file /opt/airflow/dags/job_scraping_dag.py for tasks to queue
[2026-03-21T16:04:33.410+0000] {logging_mixin.py:190} INFO - [2026-03-21T16:04:33.409+0000] {dagbag.py:588} INFO - Filling up the DagBag from /opt/airflow/dags/job_scraping_dag.py
[2026-03-21T16:04:35.771+0000] {processor.py:925} INFO - DAG(s) 'daily_job_scraping' retrieved from /opt/airflow/dags/job_scraping_dag.py
[2026-03-21T16:04:35.908+0000] {logging_mixin.py:190} INFO - [2026-03-21T16:04:35.907+0000] {dag.py:3239} INFO - Sync 1 DAGs
[2026-03-21T16:04:36.048+0000] {logging_mixin.py:190} INFO - [2026-03-21T16:04:36.047+0000] {dag.py:4180} INFO - Setting next_dagrun for daily_job_scraping to 2026-03-21 12:00:00+00:00, run_after=2026-03-22 12:00:00+00:00
[2026-03-21T16:04:36.250+0000] {processor.py:208} INFO - Processing /opt/airflow/dags/job_scraping_dag.py took 2.871 seconds
[2026-03-21T16:05:06.791+0000] {processor.py:186} INFO - Started process (PID=424) to work on /opt/airflow/dags/job_scraping_dag.py
[2026-03-21T16:05:06.793+0000] {processor.py:914} INFO - Processing file /opt/airflow/dags/job_scraping_dag.py for tasks to queue
[2026-03-21T16:05:06.803+0000] {logging_mixin.py:190} INFO - [2026-03-21T16:05:06.798+0000] {dagbag.py:588} INFO - Filling up the DagBag from /opt/airflow/dags/job_scraping_dag.py
[2026-03-21T16:05:07.928+0000] {processor.py:925} INFO - DAG(s) 'daily_job_scraping' retrieved from /opt/airflow/dags/job_scraping_dag.py
[2026-03-21T16:05:07.976+0000] {logging_mixin.py:190} INFO - [2026-03-21T16:05:07.975+0000] {dag.py:3239} INFO - Sync 1 DAGs
[2026-03-21T16:05:08.019+0000] {logging_mixin.py:190} INFO - [2026-03-21T16:05:08.018+0000] {dag.py:4180} INFO - Setting next_dagrun for daily_job_scraping to 2026-03-21 12:00:00+00:00, run_after=2026-03-22 12:00:00+00:00
[2026-03-21T16:05:08.076+0000] {processor.py:208} INFO - Processing /opt/airflow/dags/job_scraping_dag.py took 1.306 seconds
[2026-03-21T16:05:38.434+0000] {processor.py:186} INFO - Started process (PID=430) to work on /opt/airflow/dags/job_scraping_dag.py
[2026-03-21T16:05:38.436+0000] {processor.py:914} INFO - Processing file /opt/airflow/dags/job_scraping_dag.py for tasks to queue
[2026-03-21T16:05:38.440+0000] {logging_mixin.py:190} INFO - [2026-03-21T16:05:38.439+0000] {dagbag.py:588} INFO - Filling up the DagBag from /opt/airflow/dags/job_scraping_dag.py
[2026-03-21T16:05:39.443+0000] {processor.py:925} INFO - DAG(s) 'daily_job_scraping' retrieved from /opt/airflow/dags/job_scraping_dag.py
[2026-03-21T16:05:39.487+0000] {logging_mixin.py:190} INFO - [2026-03-21T16:05:39.486+0000] {dag.py:3239} INFO - Sync 1 DAGs
[2026-03-21T16:05:39.520+0000] {logging_mixin.py:190} INFO - [2026-03-21T16:05:39.519+0000] {dag.py:4180} INFO - Setting next_dagrun for daily_job_scraping to 2026-03-21 12:00:00+00:00, run_after=2026-03-22 12:00:00+00:00
[2026-03-21T16:05:39.567+0000] {processor.py:208} INFO - Processing /opt/airflow/dags/job_scraping_dag.py took 1.142 seconds
[2026-03-21T16:06:09.715+0000] {processor.py:186} INFO - Started process (PID=436) to work on /opt/airflow/dags/job_scraping_dag.py
[2026-03-21T16:06:09.716+0000] {processor.py:914} INFO - Processing file /opt/airflow/dags/job_scraping_dag.py for tasks to queue
[2026-03-21T16:06:09.719+0000] {logging_mixin.py:190} INFO - [2026-03-21T16:06:09.718+0000] {dagbag.py:588} INFO - Filling up the DagBag from /opt/airflow/dags/job_scraping_dag.py
[2026-03-21T16:06:10.324+0000] {processor.py:925} INFO - DAG(s) 'daily_job_scraping' retrieved from /opt/airflow/dags/job_scraping_dag.py
[2026-03-21T16:06:10.349+0000] {logging_mixin.py:190} INFO - [2026-03-21T16:06:10.348+0000] {dag.py:3239} INFO - Sync 1 DAGs
[2026-03-21T16:06:10.369+0000] {logging_mixin.py:190} INFO - [2026-03-21T16:06:10.369+0000] {dag.py:4180} INFO - Setting next_dagrun for daily_job_scraping to 2026-03-21 12:00:00+00:00, run_after=2026-03-22 12:00:00+00:00
[2026-03-21T16:06:10.396+0000] {processor.py:208} INFO - Processing /opt/airflow/dags/job_scraping_dag.py took 0.687 seconds
[2026-03-21T16:06:40.785+0000] {processor.py:186} INFO - Started process (PID=442) to work on /opt/airflow/dags/job_scraping_dag.py
[2026-03-21T16:06:40.787+0000] {processor.py:914} INFO - Processing file /opt/airflow/dags/job_scraping_dag.py for tasks to queue
[2026-03-21T16:06:40.794+0000] {logging_mixin.py:190} INFO - [2026-03-21T16:06:40.792+0000] {dagbag.py:588} INFO - Filling up the DagBag from /opt/airflow/dags/job_scraping_dag.py
[2026-03-21T16:06:41.898+0000] {processor.py:925} INFO - DAG(s) 'daily_job_scraping' retrieved from /opt/airflow/dags/job_scraping_dag.py
[2026-03-21T16:06:41.932+0000] {logging_mixin.py:190} INFO - [2026-03-21T16:06:41.932+0000] {dag.py:3239} INFO - Sync 1 DAGs
[2026-03-21T16:06:41.972+0000] {logging_mixin.py:190} INFO - [2026-03-21T16:06:41.971+0000] {dag.py:4180} INFO - Setting next_dagrun for daily_job_scraping to 2026-03-21 12:00:00+00:00, run_after=2026-03-22 12:00:00+00:00
[2026-03-21T16:06:42.008+0000] {processor.py:208} INFO - Processing /opt/airflow/dags/job_scraping_dag.py took 1.242 seconds
[2026-03-21T16:07:12.371+0000] {processor.py:186} INFO - Started process (PID=448) to work on /opt/airflow/dags/job_scraping_dag.py
[2026-03-21T16:07:12.373+0000] {processor.py:914} INFO - Processing file /opt/airflow/dags/job_scraping_dag.py for tasks to queue
[2026-03-21T16:07:12.375+0000] {logging_mixin.py:190} INFO - [2026-03-21T16:07:12.374+0000] {dagbag.py:588} INFO - Filling up the DagBag from /opt/airflow/dags/job_scraping_dag.py
[2026-03-21T16:07:12.970+0000] {processor.py:925} INFO - DAG(s) 'daily_job_scraping' retrieved from /opt/airflow/dags/job_scraping_dag.py
[2026-03-21T16:07:13.011+0000] {logging_mixin.py:190} INFO - [2026-03-21T16:07:13.010+0000] {dag.py:3239} INFO - Sync 1 DAGs
[2026-03-21T16:07:13.047+0000] {logging_mixin.py:190} INFO - [2026-03-21T16:07:13.046+0000] {dag.py:4180} INFO - Setting next_dagrun for daily_job_scraping to 2026-03-21 12:00:00+00:00, run_after=2026-03-22 12:00:00+00:00
[2026-03-21T16:07:13.075+0000] {processor.py:208} INFO - Processing /opt/airflow/dags/job_scraping_dag.py took 0.709 seconds
[2026-03-21T16:07:43.376+0000] {processor.py:186} INFO - Started process (PID=454) to work on /opt/airflow/dags/job_scraping_dag.py
[2026-03-21T16:07:43.377+0000] {processor.py:914} INFO - Processing file /opt/airflow/dags/job_scraping_dag.py for tasks to queue
[2026-03-21T16:07:43.382+0000] {logging_mixin.py:190} INFO - [2026-03-21T16:07:43.381+0000] {dagbag.py:588} INFO - Filling up the DagBag from /opt/airflow/dags/job_scraping_dag.py
[2026-03-21T16:07:44.096+0000] {processor.py:925} INFO - DAG(s) 'daily_job_scraping' retrieved from /opt/airflow/dags/job_scraping_dag.py
[2026-03-21T16:07:44.129+0000] {logging_mixin.py:190} INFO - [2026-03-21T16:07:44.128+0000] {dag.py:3239} INFO - Sync 1 DAGs
[2026-03-21T16:07:44.154+0000] {logging_mixin.py:190} INFO - [2026-03-21T16:07:44.154+0000] {dag.py:4180} INFO - Setting next_dagrun for daily_job_scraping to 2026-03-21 12:00:00+00:00, run_after=2026-03-22 12:00:00+00:00
[2026-03-21T16:07:44.177+0000] {processor.py:208} INFO - Processing /opt/airflow/dags/job_scraping_dag.py took 0.806 seconds
[2026-03-21T16:08:14.592+0000] {processor.py:186} INFO - Started process (PID=460) to work on /opt/airflow/dags/job_scraping_dag.py
[2026-03-21T16:08:14.595+0000] {processor.py:914} INFO - Processing file /opt/airflow/dags/job_scraping_dag.py for tasks to queue
[2026-03-21T16:08:14.600+0000] {logging_mixin.py:190} INFO - [2026-03-21T16:08:14.599+0000] {dagbag.py:588} INFO - Filling up the DagBag from /opt/airflow/dags/job_scraping_dag.py
[2026-03-21T16:08:17.001+0000] {processor.py:925} INFO - DAG(s) 'daily_job_scraping' retrieved from /opt/airflow/dags/job_scraping_dag.py
[2026-03-21T16:08:17.087+0000] {logging_mixin.py:190} INFO - [2026-03-21T16:08:17.087+0000] {dag.py:3239} INFO - Sync 1 DAGs
[2026-03-21T16:08:17.160+0000] {logging_mixin.py:190} INFO - [2026-03-21T16:08:17.159+0000] {dag.py:4180} INFO - Setting next_dagrun for daily_job_scraping to 2026-03-21 12:00:00+00:00, run_after=2026-03-22 12:00:00+00:00
[2026-03-21T16:08:17.220+0000] {processor.py:208} INFO - Processing /opt/airflow/dags/job_scraping_dag.py took 2.643 seconds
[2026-03-21T16:08:47.661+0000] {processor.py:186} INFO - Started process (PID=466) to work on /opt/airflow/dags/job_scraping_dag.py
[2026-03-21T16:08:47.663+0000] {processor.py:914} INFO - Processing file /opt/airflow/dags/job_scraping_dag.py for tasks to queue
[2026-03-21T16:08:47.668+0000] {logging_mixin.py:190} INFO - [2026-03-21T16:08:47.667+0000] {dagbag.py:588} INFO - Filling up the DagBag from /opt/airflow/dags/job_scraping_dag.py
[2026-03-21T16:08:48.952+0000] {processor.py:925} INFO - DAG(s) 'daily_job_scraping' retrieved from /opt/airflow/dags/job_scraping_dag.py
[2026-03-21T16:08:49.014+0000] {logging_mixin.py:190} INFO - [2026-03-21T16:08:49.013+0000] {dag.py:3239} INFO - Sync 1 DAGs
[2026-03-21T16:08:49.062+0000] {logging_mixin.py:190} INFO - [2026-03-21T16:08:49.062+0000] {dag.py:4180} INFO - Setting next_dagrun for daily_job_scraping to 2026-03-21 12:00:00+00:00, run_after=2026-03-22 12:00:00+00:00
[2026-03-21T16:08:49.096+0000] {processor.py:208} INFO - Processing /opt/airflow/dags/job_scraping_dag.py took 1.445 seconds
[2026-03-21T16:09:19.515+0000] {processor.py:186} INFO - Started process (PID=472) to work on /opt/airflow/dags/job_scraping_dag.py
[2026-03-21T16:09:19.518+0000] {processor.py:914} INFO - Processing file /opt/airflow/dags/job_scraping_dag.py for tasks to queue
[2026-03-21T16:09:19.521+0000] {logging_mixin.py:190} INFO - [2026-03-21T16:09:19.521+0000] {dagbag.py:588} INFO - Filling up the DagBag from /opt/airflow/dags/job_scraping_dag.py
[2026-03-21T16:09:20.897+0000] {processor.py:925} INFO - DAG(s) 'daily_job_scraping' retrieved from /opt/airflow/dags/job_scraping_dag.py
[2026-03-21T16:09:20.990+0000] {logging_mixin.py:190} INFO - [2026-03-21T16:09:20.988+0000] {dag.py:3239} INFO - Sync 1 DAGs
[2026-03-21T16:09:21.097+0000] {logging_mixin.py:190} INFO - [2026-03-21T16:09:21.097+0000] {dag.py:4180} INFO - Setting next_dagrun for daily_job_scraping to 2026-03-21 12:00:00+00:00, run_after=2026-03-22 12:00:00+00:00
[2026-03-21T16:09:21.161+0000] {processor.py:208} INFO - Processing /opt/airflow/dags/job_scraping_dag.py took 1.657 seconds
[2026-03-21T16:09:51.523+0000] {processor.py:186} INFO - Started process (PID=478) to work on /opt/airflow/dags/job_scraping_dag.py
[2026-03-21T16:09:51.525+0000] {processor.py:914} INFO - Processing file /opt/airflow/dags/job_scraping_dag.py for tasks to queue
[2026-03-21T16:09:51.528+0000] {logging_mixin.py:190} INFO - [2026-03-21T16:09:51.527+0000] {dagbag.py:588} INFO - Filling up the DagBag from /opt/airflow/dags/job_scraping_dag.py
[2026-03-21T16:09:52.450+0000] {processor.py:925} INFO - DAG(s) 'daily_job_scraping' retrieved from /opt/airflow/dags/job_scraping_dag.py
[2026-03-21T16:09:52.487+0000] {logging_mixin.py:190} INFO - [2026-03-21T16:09:52.487+0000] {dag.py:3239} INFO - Sync 1 DAGs
[2026-03-21T16:09:52.522+0000] {logging_mixin.py:190} INFO - [2026-03-21T16:09:52.522+0000] {dag.py:4180} INFO - Setting next_dagrun for daily_job_scraping to 2026-03-21 12:00:00+00:00, run_after=2026-03-22 12:00:00+00:00
[2026-03-21T16:09:52.556+0000] {processor.py:208} INFO - Processing /opt/airflow/dags/job_scraping_dag.py took 1.042 seconds
[2026-03-21T16:10:22.826+0000] {processor.py:186} INFO - Started process (PID=484) to work on /opt/airflow/dags/job_scraping_dag.py
[2026-03-21T16:10:22.827+0000] {processor.py:914} INFO - Processing file /opt/airflow/dags/job_scraping_dag.py for tasks to queue
[2026-03-21T16:10:22.830+0000] {logging_mixin.py:190} INFO - [2026-03-21T16:10:22.830+0000] {dagbag.py:588} INFO - Filling up the DagBag from /opt/airflow/dags/job_scraping_dag.py
[2026-03-21T16:10:23.582+0000] {processor.py:925} INFO - DAG(s) 'daily_job_scraping' retrieved from /opt/airflow/dags/job_scraping_dag.py
[2026-03-21T16:10:23.619+0000] {logging_mixin.py:190} INFO - [2026-03-21T16:10:23.618+0000] {dag.py:3239} INFO - Sync 1 DAGs
[2026-03-21T16:10:23.647+0000] {logging_mixin.py:190} INFO - [2026-03-21T16:10:23.646+0000] {dag.py:4180} INFO - Setting next_dagrun for daily_job_scraping to 2026-03-21 12:00:00+00:00, run_after=2026-03-22 12:00:00+00:00
[2026-03-21T16:10:23.674+0000] {processor.py:208} INFO - Processing /opt/airflow/dags/job_scraping_dag.py took 0.854 seconds
[2026-03-21T16:10:53.950+0000] {processor.py:186} INFO - Started process (PID=494) to work on /opt/airflow/dags/job_scraping_dag.py
[2026-03-21T16:10:53.951+0000] {processor.py:914} INFO - Processing file /opt/airflow/dags/job_scraping_dag.py for tasks to queue
[2026-03-21T16:10:53.953+0000] {logging_mixin.py:190} INFO - [2026-03-21T16:10:53.953+0000] {dagbag.py:588} INFO - Filling up the DagBag from /opt/airflow/dags/job_scraping_dag.py
[2026-03-21T16:10:54.514+0000] {processor.py:925} INFO - DAG(s) 'daily_job_scraping' retrieved from /opt/airflow/dags/job_scraping_dag.py
[2026-03-21T16:10:54.550+0000] {logging_mixin.py:190} INFO - [2026-03-21T16:10:54.549+0000] {dag.py:3239} INFO - Sync 1 DAGs
[2026-03-21T16:10:54.581+0000] {logging_mixin.py:190} INFO - [2026-03-21T16:10:54.581+0000] {dag.py:4180} INFO - Setting next_dagrun for daily_job_scraping to 2026-03-21 12:00:00+00:00, run_after=2026-03-22 12:00:00+00:00
[2026-03-21T16:10:54.606+0000] {processor.py:208} INFO - Processing /opt/airflow/dags/job_scraping_dag.py took 0.661 seconds
[2026-03-21T16:11:24.887+0000] {processor.py:186} INFO - Started process (PID=500) to work on /opt/airflow/dags/job_scraping_dag.py
[2026-03-21T16:11:24.889+0000] {processor.py:914} INFO - Processing file /opt/airflow/dags/job_scraping_dag.py for tasks to queue
[2026-03-21T16:11:24.891+0000] {logging_mixin.py:190} INFO - [2026-03-21T16:11:24.891+0000] {dagbag.py:588} INFO - Filling up the DagBag from /opt/airflow/dags/job_scraping_dag.py
[2026-03-21T16:11:25.591+0000] {processor.py:925} INFO - DAG(s) 'daily_job_scraping' retrieved from /opt/airflow/dags/job_scraping_dag.py
[2026-03-21T16:11:25.639+0000] {logging_mixin.py:190} INFO - [2026-03-21T16:11:25.639+0000] {dag.py:3239} INFO - Sync 1 DAGs
[2026-03-21T16:11:25.662+0000] {logging_mixin.py:190} INFO - [2026-03-21T16:11:25.662+0000] {dag.py:4180} INFO - Setting next_dagrun for daily_job_scraping to 2026-03-21 12:00:00+00:00, run_after=2026-03-22 12:00:00+00:00
[2026-03-21T16:11:25.683+0000] {processor.py:208} INFO - Processing /opt/airflow/dags/job_scraping_dag.py took 0.802 seconds
[2026-03-21T16:11:55.999+0000] {processor.py:186} INFO - Started process (PID=506) to work on /opt/airflow/dags/job_scraping_dag.py
[2026-03-21T16:11:56.001+0000] {processor.py:914} INFO - Processing file /opt/airflow/dags/job_scraping_dag.py for tasks to queue
[2026-03-21T16:11:56.003+0000] {logging_mixin.py:190} INFO - [2026-03-21T16:11:56.003+0000] {dagbag.py:588} INFO - Filling up the DagBag from /opt/airflow/dags/job_scraping_dag.py
[2026-03-21T16:11:56.658+0000] {processor.py:925} INFO - DAG(s) 'daily_job_scraping' retrieved from /opt/airflow/dags/job_scraping_dag.py
[2026-03-21T16:11:56.682+0000] {logging_mixin.py:190} INFO - [2026-03-21T16:11:56.681+0000] {dag.py:3239} INFO - Sync 1 DAGs
[2026-03-21T16:11:56.704+0000] {logging_mixin.py:190} INFO - [2026-03-21T16:11:56.703+0000] {dag.py:4180} INFO - Setting next_dagrun for daily_job_scraping to 2026-03-21 12:00:00+00:00, run_after=2026-03-22 12:00:00+00:00
[2026-03-21T16:11:56.724+0000] {processor.py:208} INFO - Processing /opt/airflow/dags/job_scraping_dag.py took 0.731 seconds
[2026-03-21T16:12:27.024+0000] {processor.py:186} INFO - Started process (PID=512) to work on /opt/airflow/dags/job_scraping_dag.py
[2026-03-21T16:12:27.025+0000] {processor.py:914} INFO - Processing file /opt/airflow/dags/job_scraping_dag.py for tasks to queue
[2026-03-21T16:12:27.030+0000] {logging_mixin.py:190} INFO - [2026-03-21T16:12:27.029+0000] {dagbag.py:588} INFO - Filling up the DagBag from /opt/airflow/dags/job_scraping_dag.py
[2026-03-21T16:12:27.630+0000] {processor.py:925} INFO - DAG(s) 'daily_job_scraping' retrieved from /opt/airflow/dags/job_scraping_dag.py
[2026-03-21T16:12:27.653+0000] {logging_mixin.py:190} INFO - [2026-03-21T16:12:27.653+0000] {dag.py:3239} INFO - Sync 1 DAGs
[2026-03-21T16:12:27.672+0000] {logging_mixin.py:190} INFO - [2026-03-21T16:12:27.672+0000] {dag.py:4180} INFO - Setting next_dagrun for daily_job_scraping to 2026-03-21 12:00:00+00:00, run_after=2026-03-22 12:00:00+00:00
[2026-03-21T16:12:27.687+0000] {processor.py:208} INFO - Processing /opt/airflow/dags/job_scraping_dag.py took 0.670 seconds
[2026-03-21T16:12:57.942+0000] {processor.py:186} INFO - Started process (PID=518) to work on /opt/airflow/dags/job_scraping_dag.py
[2026-03-21T16:12:57.943+0000] {processor.py:914} INFO - Processing file /opt/airflow/dags/job_scraping_dag.py for tasks to queue
[2026-03-21T16:12:57.945+0000] {logging_mixin.py:190} INFO - [2026-03-21T16:12:57.945+0000] {dagbag.py:588} INFO - Filling up the DagBag from /opt/airflow/dags/job_scraping_dag.py
[2026-03-21T16:12:58.451+0000] {processor.py:925} INFO - DAG(s) 'daily_job_scraping' retrieved from /opt/airflow/dags/job_scraping_dag.py
[2026-03-21T16:12:58.474+0000] {logging_mixin.py:190} INFO - [2026-03-21T16:12:58.473+0000] {dag.py:3239} INFO - Sync 1 DAGs
[2026-03-21T16:12:58.493+0000] {logging_mixin.py:190} INFO - [2026-03-21T16:12:58.492+0000] {dag.py:4180} INFO - Setting next_dagrun for daily_job_scraping to 2026-03-21 12:00:00+00:00, run_after=2026-03-22 12:00:00+00:00
[2026-03-21T16:12:58.515+0000] {processor.py:208} INFO - Processing /opt/airflow/dags/job_scraping_dag.py took 0.579 seconds
[2026-03-21T16:13:28.748+0000] {processor.py:186} INFO - Started process (PID=524) to work on /opt/airflow/dags/job_scraping_dag.py
[2026-03-21T16:13:28.749+0000] {processor.py:914} INFO - Processing file /opt/airflow/dags/job_scraping_dag.py for tasks to queue
[2026-03-21T16:13:28.752+0000] {logging_mixin.py:190} INFO - [2026-03-21T16:13:28.751+0000] {dagbag.py:588} INFO - Filling up the DagBag from /opt/airflow/dags/job_scraping_dag.py
[2026-03-21T16:13:29.284+0000] {processor.py:925} INFO - DAG(s) 'daily_job_scraping' retrieved from /opt/airflow/dags/job_scraping_dag.py
[2026-03-21T16:13:29.305+0000] {logging_mixin.py:190} INFO - [2026-03-21T16:13:29.305+0000] {dag.py:3239} INFO - Sync 1 DAGs
[2026-03-21T16:13:29.324+0000] {logging_mixin.py:190} INFO - [2026-03-21T16:13:29.323+0000] {dag.py:4180} INFO - Setting next_dagrun for daily_job_scraping to 2026-03-21 12:00:00+00:00, run_after=2026-03-22 12:00:00+00:00
[2026-03-21T16:13:29.344+0000] {processor.py:208} INFO - Processing /opt/airflow/dags/job_scraping_dag.py took 0.602 seconds
[2026-03-21T16:13:59.601+0000] {processor.py:186} INFO - Started process (PID=530) to work on /opt/airflow/dags/job_scraping_dag.py
[2026-03-21T16:13:59.602+0000] {processor.py:914} INFO - Processing file /opt/airflow/dags/job_scraping_dag.py for tasks to queue
[2026-03-21T16:13:59.605+0000] {logging_mixin.py:190} INFO - [2026-03-21T16:13:59.604+0000] {dagbag.py:588} INFO - Filling up the DagBag from /opt/airflow/dags/job_scraping_dag.py
[2026-03-21T16:14:00.130+0000] {processor.py:925} INFO - DAG(s) 'daily_job_scraping' retrieved from /opt/airflow/dags/job_scraping_dag.py
[2026-03-21T16:14:00.153+0000] {logging_mixin.py:190} INFO - [2026-03-21T16:14:00.153+0000] {dag.py:3239} INFO - Sync 1 DAGs
[2026-03-21T16:14:00.172+0000] {logging_mixin.py:190} INFO - [2026-03-21T16:14:00.172+0000] {dag.py:4180} INFO - Setting next_dagrun for daily_job_scraping to 2026-03-21 12:00:00+00:00, run_after=2026-03-22 12:00:00+00:00
[2026-03-21T16:14:00.194+0000] {processor.py:208} INFO - Processing /opt/airflow/dags/job_scraping_dag.py took 0.599 seconds
[2026-03-21T16:14:30.440+0000] {processor.py:186} INFO - Started process (PID=536) to work on /opt/airflow/dags/job_scraping_dag.py
[2026-03-21T16:14:30.441+0000] {processor.py:914} INFO - Processing file /opt/airflow/dags/job_scraping_dag.py for tasks to queue
[2026-03-21T16:14:30.443+0000] {logging_mixin.py:190} INFO - [2026-03-21T16:14:30.443+0000] {dagbag.py:588} INFO - Filling up the DagBag from /opt/airflow/dags/job_scraping_dag.py
[2026-03-21T16:14:30.973+0000] {processor.py:925} INFO - DAG(s) 'daily_job_scraping' retrieved from /opt/airflow/dags/job_scraping_dag.py
[2026-03-21T16:14:31.007+0000] {logging_mixin.py:190} INFO - [2026-03-21T16:14:31.006+0000] {dag.py:3239} INFO - Sync 1 DAGs
[2026-03-21T16:14:31.040+0000] {logging_mixin.py:190} INFO - [2026-03-21T16:14:31.039+0000] {dag.py:4180} INFO - Setting next_dagrun for daily_job_scraping to 2026-03-21 12:00:00+00:00, run_after=2026-03-22 12:00:00+00:00
[2026-03-21T16:14:31.072+0000] {processor.py:208} INFO - Processing /opt/airflow/dags/job_scraping_dag.py took 0.639 seconds
[2026-03-21T16:15:01.390+0000] {processor.py:186} INFO - Started process (PID=542) to work on /opt/airflow/dags/job_scraping_dag.py
[2026-03-21T16:15:01.392+0000] {processor.py:914} INFO - Processing file /opt/airflow/dags/job_scraping_dag.py for tasks to queue
[2026-03-21T16:15:01.394+0000] {logging_mixin.py:190} INFO - [2026-03-21T16:15:01.394+0000] {dagbag.py:588} INFO - Filling up the DagBag from /opt/airflow/dags/job_scraping_dag.py
[2026-03-21T16:15:01.928+0000] {processor.py:925} INFO - DAG(s) 'daily_job_scraping' retrieved from /opt/airflow/dags/job_scraping_dag.py
[2026-03-21T16:15:01.953+0000] {logging_mixin.py:190} INFO - [2026-03-21T16:15:01.953+0000] {dag.py:3239} INFO - Sync 1 DAGs
[2026-03-21T16:15:01.981+0000] {logging_mixin.py:190} INFO - [2026-03-21T16:15:01.981+0000] {dag.py:4180} INFO - Setting next_dagrun for daily_job_scraping to 2026-03-21 12:00:00+00:00, run_after=2026-03-22 12:00:00+00:00
[2026-03-21T16:15:02.005+0000] {processor.py:208} INFO - Processing /opt/airflow/dags/job_scraping_dag.py took 0.620 seconds
[2026-03-21T16:15:32.184+0000] {processor.py:186} INFO - Started process (PID=548) to work on /opt/airflow/dags/job_scraping_dag.py
[2026-03-21T16:15:32.186+0000] {processor.py:914} INFO - Processing file /opt/airflow/dags/job_scraping_dag.py for tasks to queue
[2026-03-21T16:15:32.190+0000] {logging_mixin.py:190} INFO - [2026-03-21T16:15:32.189+0000] {dagbag.py:588} INFO - Filling up the DagBag from /opt/airflow/dags/job_scraping_dag.py
[2026-03-21T16:15:32.886+0000] {processor.py:925} INFO - DAG(s) 'daily_job_scraping' retrieved from /opt/airflow/dags/job_scraping_dag.py
[2026-03-21T16:15:32.915+0000] {logging_mixin.py:190} INFO - [2026-03-21T16:15:32.913+0000] {dag.py:3239} INFO - Sync 1 DAGs
[2026-03-21T16:15:32.935+0000] {logging_mixin.py:190} INFO - [2026-03-21T16:15:32.935+0000] {dag.py:4180} INFO - Setting next_dagrun for daily_job_scraping to 2026-03-21 12:00:00+00:00, run_after=2026-03-22 12:00:00+00:00
[2026-03-21T16:15:32.967+0000] {processor.py:208} INFO - Processing /opt/airflow/dags/job_scraping_dag.py took 0.791 seconds
[2026-03-21T16:16:03.312+0000] {processor.py:186} INFO - Started process (PID=558) to work on /opt/airflow/dags/job_scraping_dag.py
[2026-03-21T16:16:03.313+0000] {processor.py:914} INFO - Processing file /opt/airflow/dags/job_scraping_dag.py for tasks to queue
[2026-03-21T16:16:03.316+0000] {logging_mixin.py:190} INFO - [2026-03-21T16:16:03.316+0000] {dagbag.py:588} INFO - Filling up the DagBag from /opt/airflow/dags/job_scraping_dag.py
[2026-03-21T16:16:03.908+0000] {processor.py:925} INFO - DAG(s) 'daily_job_scraping' retrieved from /opt/airflow/dags/job_scraping_dag.py
[2026-03-21T16:16:03.933+0000] {logging_mixin.py:190} INFO - [2026-03-21T16:16:03.932+0000] {dag.py:3239} INFO - Sync 1 DAGs
[2026-03-21T16:16:03.954+0000] {logging_mixin.py:190} INFO - [2026-03-21T16:16:03.954+0000] {dag.py:4180} INFO - Setting next_dagrun for daily_job_scraping to 2026-03-21 12:00:00+00:00, run_after=2026-03-22 12:00:00+00:00
[2026-03-21T16:16:03.975+0000] {processor.py:208} INFO - Processing /opt/airflow/dags/job_scraping_dag.py took 0.669 seconds
[2026-03-21T16:16:34.281+0000] {processor.py:186} INFO - Started process (PID=564) to work on /opt/airflow/dags/job_scraping_dag.py
[2026-03-21T16:16:34.282+0000] {processor.py:914} INFO - Processing file /opt/airflow/dags/job_scraping_dag.py for tasks to queue
[2026-03-21T16:16:34.285+0000] {logging_mixin.py:190} INFO - [2026-03-21T16:16:34.285+0000] {dagbag.py:588} INFO - Filling up the DagBag from /opt/airflow/dags/job_scraping_dag.py
[2026-03-21T16:16:34.859+0000] {processor.py:925} INFO - DAG(s) 'daily_job_scraping' retrieved from /opt/airflow/dags/job_scraping_dag.py
[2026-03-21T16:16:34.884+0000] {logging_mixin.py:190} INFO - [2026-03-21T16:16:34.883+0000] {dag.py:3239} INFO - Sync 1 DAGs
[2026-03-21T16:16:34.906+0000] {logging_mixin.py:190} INFO - [2026-03-21T16:16:34.905+0000] {dag.py:4180} INFO - Setting next_dagrun for daily_job_scraping to 2026-03-21 12:00:00+00:00, run_after=2026-03-22 12:00:00+00:00
[2026-03-21T16:16:34.930+0000] {processor.py:208} INFO - Processing /opt/airflow/dags/job_scraping_dag.py took 0.659 seconds
[2026-03-21T16:17:05.063+0000] {processor.py:186} INFO - Started process (PID=570) to work on /opt/airflow/dags/job_scraping_dag.py
[2026-03-21T16:17:05.065+0000] {processor.py:914} INFO - Processing file /opt/airflow/dags/job_scraping_dag.py for tasks to queue
[2026-03-21T16:17:05.070+0000] {logging_mixin.py:190} INFO - [2026-03-21T16:17:05.070+0000] {dagbag.py:588} INFO - Filling up the DagBag from /opt/airflow/dags/job_scraping_dag.py
[2026-03-21T16:17:06.544+0000] {processor.py:925} INFO - DAG(s) 'daily_job_scraping' retrieved from /opt/airflow/dags/job_scraping_dag.py
[2026-03-21T16:17:06.582+0000] {logging_mixin.py:190} INFO - [2026-03-21T16:17:06.581+0000] {dag.py:3239} INFO - Sync 1 DAGs
[2026-03-21T16:17:06.616+0000] {logging_mixin.py:190} INFO - [2026-03-21T16:17:06.616+0000] {dag.py:4180} INFO - Setting next_dagrun for daily_job_scraping to 2026-03-21 12:00:00+00:00, run_after=2026-03-22 12:00:00+00:00
[2026-03-21T16:17:06.693+0000] {processor.py:208} INFO - Processing /opt/airflow/dags/job_scraping_dag.py took 1.640 seconds
[2026-03-21T16:17:37.167+0000] {processor.py:186} INFO - Started process (PID=576) to work on /opt/airflow/dags/job_scraping_dag.py
[2026-03-21T16:17:37.168+0000] {processor.py:914} INFO - Processing file /opt/airflow/dags/job_scraping_dag.py for tasks to queue
[2026-03-21T16:17:37.171+0000] {logging_mixin.py:190} INFO - [2026-03-21T16:17:37.171+0000] {dagbag.py:588} INFO - Filling up the DagBag from /opt/airflow/dags/job_scraping_dag.py
[2026-03-21T16:17:37.928+0000] {processor.py:925} INFO - DAG(s) 'daily_job_scraping' retrieved from /opt/airflow/dags/job_scraping_dag.py
[2026-03-21T16:17:37.957+0000] {logging_mixin.py:190} INFO - [2026-03-21T16:17:37.956+0000] {dag.py:3239} INFO - Sync 1 DAGs
[2026-03-21T16:17:37.984+0000] {logging_mixin.py:190} INFO - [2026-03-21T16:17:37.984+0000] {dag.py:4180} INFO - Setting next_dagrun for daily_job_scraping to 2026-03-21 12:00:00+00:00, run_after=2026-03-22 12:00:00+00:00
[2026-03-21T16:17:38.011+0000] {processor.py:208} INFO - Processing /opt/airflow/dags/job_scraping_dag.py took 0.852 seconds
[2026-03-21T16:18:08.328+0000] {processor.py:186} INFO - Started process (PID=582) to work on /opt/airflow/dags/job_scraping_dag.py
[2026-03-21T16:18:08.329+0000] {processor.py:914} INFO - Processing file /opt/airflow/dags/job_scraping_dag.py for tasks to queue
[2026-03-21T16:18:08.331+0000] {logging_mixin.py:190} INFO - [2026-03-21T16:18:08.331+0000] {dagbag.py:588} INFO - Filling up the DagBag from /opt/airflow/dags/job_scraping_dag.py
[2026-03-21T16:18:08.894+0000] {processor.py:925} INFO - DAG(s) 'daily_job_scraping' retrieved from /opt/airflow/dags/job_scraping_dag.py
[2026-03-21T16:18:08.925+0000] {logging_mixin.py:190} INFO - [2026-03-21T16:18:08.925+0000] {dag.py:3239} INFO - Sync 1 DAGs
[2026-03-21T16:18:08.956+0000] {logging_mixin.py:190} INFO - [2026-03-21T16:18:08.956+0000] {dag.py:4180} INFO - Setting next_dagrun for daily_job_scraping to 2026-03-21 12:00:00+00:00, run_after=2026-03-22 12:00:00+00:00
[2026-03-21T16:18:08.980+0000] {processor.py:208} INFO - Processing /opt/airflow/dags/job_scraping_dag.py took 0.658 seconds
[2026-03-21T16:18:39.128+0000] {processor.py:186} INFO - Started process (PID=588) to work on /opt/airflow/dags/job_scraping_dag.py
[2026-03-21T16:18:39.129+0000] {processor.py:914} INFO - Processing file /opt/airflow/dags/job_scraping_dag.py for tasks to queue
[2026-03-21T16:18:39.132+0000] {logging_mixin.py:190} INFO - [2026-03-21T16:18:39.131+0000] {dagbag.py:588} INFO - Filling up the DagBag from /opt/airflow/dags/job_scraping_dag.py
[2026-03-21T16:18:39.706+0000] {processor.py:925} INFO - DAG(s) 'daily_job_scraping' retrieved from /opt/airflow/dags/job_scraping_dag.py
[2026-03-21T16:18:39.732+0000] {logging_mixin.py:190} INFO - [2026-03-21T16:18:39.731+0000] {dag.py:3239} INFO - Sync 1 DAGs
[2026-03-21T16:18:39.757+0000] {logging_mixin.py:190} INFO - [2026-03-21T16:18:39.757+0000] {dag.py:4180} INFO - Setting next_dagrun for daily_job_scraping to 2026-03-21 12:00:00+00:00, run_after=2026-03-22 12:00:00+00:00
[2026-03-21T16:18:39.798+0000] {processor.py:208} INFO - Processing /opt/airflow/dags/job_scraping_dag.py took 0.677 seconds
[2026-03-21T16:19:10.106+0000] {processor.py:186} INFO - Started process (PID=594) to work on /opt/airflow/dags/job_scraping_dag.py
[2026-03-21T16:19:10.107+0000] {processor.py:914} INFO - Processing file /opt/airflow/dags/job_scraping_dag.py for tasks to queue
[2026-03-21T16:19:10.110+0000] {logging_mixin.py:190} INFO - [2026-03-21T16:19:10.110+0000] {dagbag.py:588} INFO - Filling up the DagBag from /opt/airflow/dags/job_scraping_dag.py
[2026-03-21T16:19:10.818+0000] {processor.py:925} INFO - DAG(s) 'daily_job_scraping' retrieved from /opt/airflow/dags/job_scraping_dag.py
[2026-03-21T16:19:10.852+0000] {logging_mixin.py:190} INFO - [2026-03-21T16:19:10.851+0000] {dag.py:3239} INFO - Sync 1 DAGs
[2026-03-21T16:19:10.877+0000] {logging_mixin.py:190} INFO - [2026-03-21T16:19:10.877+0000] {dag.py:4180} INFO - Setting next_dagrun for daily_job_scraping to 2026-03-21 12:00:00+00:00, run_after=2026-03-22 12:00:00+00:00
[2026-03-21T16:19:10.903+0000] {processor.py:208} INFO - Processing /opt/airflow/dags/job_scraping_dag.py took 0.803 seconds
[2026-03-21T16:19:41.281+0000] {processor.py:186} INFO - Started process (PID=600) to work on /opt/airflow/dags/job_scraping_dag.py
[2026-03-21T16:19:41.283+0000] {processor.py:914} INFO - Processing file /opt/airflow/dags/job_scraping_dag.py for tasks to queue
[2026-03-21T16:19:41.287+0000] {logging_mixin.py:190} INFO - [2026-03-21T16:19:41.286+0000] {dagbag.py:588} INFO - Filling up the DagBag from /opt/airflow/dags/job_scraping_dag.py
[2026-03-21T16:19:42.176+0000] {processor.py:925} INFO - DAG(s) 'daily_job_scraping' retrieved from /opt/airflow/dags/job_scraping_dag.py
[2026-03-21T16:19:42.208+0000] {logging_mixin.py:190} INFO - [2026-03-21T16:19:42.207+0000] {dag.py:3239} INFO - Sync 1 DAGs
[2026-03-21T16:19:42.233+0000] {logging_mixin.py:190} INFO - [2026-03-21T16:19:42.232+0000] {dag.py:4180} INFO - Setting next_dagrun for daily_job_scraping to 2026-03-21 12:00:00+00:00, run_after=2026-03-22 12:00:00+00:00
[2026-03-21T16:19:42.260+0000] {processor.py:208} INFO - Processing /opt/airflow/dags/job_scraping_dag.py took 0.987 seconds
[2026-03-21T16:20:12.574+0000] {processor.py:186} INFO - Started process (PID=606) to work on /opt/airflow/dags/job_scraping_dag.py
[2026-03-21T16:20:12.575+0000] {processor.py:914} INFO - Processing file /opt/airflow/dags/job_scraping_dag.py for tasks to queue
[2026-03-21T16:20:12.577+0000] {logging_mixin.py:190} INFO - [2026-03-21T16:20:12.577+0000] {dagbag.py:588} INFO - Filling up the DagBag from /opt/airflow/dags/job_scraping_dag.py
[2026-03-21T16:20:13.607+0000] {processor.py:925} INFO - DAG(s) 'daily_job_scraping' retrieved from /opt/airflow/dags/job_scraping_dag.py
[2026-03-21T16:20:13.644+0000] {logging_mixin.py:190} INFO - [2026-03-21T16:20:13.644+0000] {dag.py:3239} INFO - Sync 1 DAGs
[2026-03-21T16:20:13.674+0000] {logging_mixin.py:190} INFO - [2026-03-21T16:20:13.674+0000] {dag.py:4180} INFO - Setting next_dagrun for daily_job_scraping to 2026-03-21 12:00:00+00:00, run_after=2026-03-22 12:00:00+00:00
[2026-03-21T16:20:13.704+0000] {processor.py:208} INFO - Processing /opt/airflow/dags/job_scraping_dag.py took 1.135 seconds
[2026-03-21T16:20:43.918+0000] {processor.py:186} INFO - Started process (PID=616) to work on /opt/airflow/dags/job_scraping_dag.py
[2026-03-21T16:20:43.919+0000] {processor.py:914} INFO - Processing file /opt/airflow/dags/job_scraping_dag.py for tasks to queue
[2026-03-21T16:20:43.922+0000] {logging_mixin.py:190} INFO - [2026-03-21T16:20:43.921+0000] {dagbag.py:588} INFO - Filling up the DagBag from /opt/airflow/dags/job_scraping_dag.py
[2026-03-21T16:20:44.686+0000] {processor.py:925} INFO - DAG(s) 'daily_job_scraping' retrieved from /opt/airflow/dags/job_scraping_dag.py
[2026-03-21T16:20:44.717+0000] {logging_mixin.py:190} INFO - [2026-03-21T16:20:44.716+0000] {dag.py:3239} INFO - Sync 1 DAGs
[2026-03-21T16:20:44.741+0000] {logging_mixin.py:190} INFO - [2026-03-21T16:20:44.740+0000] {dag.py:4180} INFO - Setting next_dagrun for daily_job_scraping to 2026-03-21 12:00:00+00:00, run_after=2026-03-22 12:00:00+00:00
[2026-03-21T16:20:44.768+0000] {processor.py:208} INFO - Processing /opt/airflow/dags/job_scraping_dag.py took 0.856 seconds
[2026-03-21T16:21:15.188+0000] {processor.py:186} INFO - Started process (PID=622) to work on /opt/airflow/dags/job_scraping_dag.py
[2026-03-21T16:21:15.190+0000] {processor.py:914} INFO - Processing file /opt/airflow/dags/job_scraping_dag.py for tasks to queue
[2026-03-21T16:21:15.195+0000] {logging_mixin.py:190} INFO - [2026-03-21T16:21:15.195+0000] {dagbag.py:588} INFO - Filling up the DagBag from /opt/airflow/dags/job_scraping_dag.py
[2026-03-21T16:21:17.991+0000] {processor.py:925} INFO - DAG(s) 'daily_job_scraping' retrieved from /opt/airflow/dags/job_scraping_dag.py
[2026-03-21T16:21:18.038+0000] {logging_mixin.py:190} INFO - [2026-03-21T16:21:18.037+0000] {dag.py:3239} INFO - Sync 1 DAGs
[2026-03-21T16:21:18.082+0000] {logging_mixin.py:190} INFO - [2026-03-21T16:21:18.082+0000] {dag.py:4180} INFO - Setting next_dagrun for daily_job_scraping to 2026-03-21 12:00:00+00:00, run_after=2026-03-22 12:00:00+00:00
[2026-03-21T16:21:18.114+0000] {processor.py:208} INFO - Processing /opt/airflow/dags/job_scraping_dag.py took 2.940 seconds
[2026-03-21T16:21:48.449+0000] {processor.py:186} INFO - Started process (PID=632) to work on /opt/airflow/dags/job_scraping_dag.py
[2026-03-21T16:21:48.450+0000] {processor.py:914} INFO - Processing file /opt/airflow/dags/job_scraping_dag.py for tasks to queue
[2026-03-21T16:21:48.452+0000] {logging_mixin.py:190} INFO - [2026-03-21T16:21:48.452+0000] {dagbag.py:588} INFO - Filling up the DagBag from /opt/airflow/dags/job_scraping_dag.py
[2026-03-21T16:21:49.032+0000] {processor.py:925} INFO - DAG(s) 'daily_job_scraping' retrieved from /opt/airflow/dags/job_scraping_dag.py
[2026-03-21T16:21:49.057+0000] {logging_mixin.py:190} INFO - [2026-03-21T16:21:49.057+0000] {dag.py:3239} INFO - Sync 1 DAGs
[2026-03-21T16:21:49.076+0000] {logging_mixin.py:190} INFO - [2026-03-21T16:21:49.076+0000] {dag.py:4180} INFO - Setting next_dagrun for daily_job_scraping to 2026-03-21 12:00:00+00:00, run_after=2026-03-22 12:00:00+00:00
[2026-03-21T16:21:49.101+0000] {processor.py:208} INFO - Processing /opt/airflow/dags/job_scraping_dag.py took 0.658 seconds
[2026-03-21T16:22:19.204+0000] {processor.py:186} INFO - Started process (PID=638) to work on /opt/airflow/dags/job_scraping_dag.py
[2026-03-21T16:22:19.206+0000] {processor.py:914} INFO - Processing file /opt/airflow/dags/job_scraping_dag.py for tasks to queue
[2026-03-21T16:22:19.209+0000] {logging_mixin.py:190} INFO - [2026-03-21T16:22:19.208+0000] {dagbag.py:588} INFO - Filling up the DagBag from /opt/airflow/dags/job_scraping_dag.py
[2026-03-21T16:22:20.000+0000] {processor.py:925} INFO - DAG(s) 'daily_job_scraping' retrieved from /opt/airflow/dags/job_scraping_dag.py
[2026-03-21T16:22:20.031+0000] {logging_mixin.py:190} INFO - [2026-03-21T16:22:20.031+0000] {dag.py:3239} INFO - Sync 1 DAGs
[2026-03-21T16:22:20.055+0000] {logging_mixin.py:190} INFO - [2026-03-21T16:22:20.055+0000] {dag.py:4180} INFO - Setting next_dagrun for daily_job_scraping to 2026-03-21 12:00:00+00:00, run_after=2026-03-22 12:00:00+00:00
[2026-03-21T16:22:20.078+0000] {processor.py:208} INFO - Processing /opt/airflow/dags/job_scraping_dag.py took 0.880 seconds
[2026-03-21T16:22:50.345+0000] {processor.py:186} INFO - Started process (PID=644) to work on /opt/airflow/dags/job_scraping_dag.py
[2026-03-21T16:22:50.346+0000] {processor.py:914} INFO - Processing file /opt/airflow/dags/job_scraping_dag.py for tasks to queue
[2026-03-21T16:22:50.348+0000] {logging_mixin.py:190} INFO - [2026-03-21T16:22:50.348+0000] {dagbag.py:588} INFO - Filling up the DagBag from /opt/airflow/dags/job_scraping_dag.py
[2026-03-21T16:22:51.148+0000] {processor.py:925} INFO - DAG(s) 'daily_job_scraping' retrieved from /opt/airflow/dags/job_scraping_dag.py
[2026-03-21T16:22:51.192+0000] {logging_mixin.py:190} INFO - [2026-03-21T16:22:51.191+0000] {dag.py:3239} INFO - Sync 1 DAGs
[2026-03-21T16:22:51.233+0000] {logging_mixin.py:190} INFO - [2026-03-21T16:22:51.232+0000] {dag.py:4180} INFO - Setting next_dagrun for daily_job_scraping to 2026-03-21 12:00:00+00:00, run_after=2026-03-22 12:00:00+00:00
[2026-03-21T16:22:51.265+0000] {processor.py:208} INFO - Processing /opt/airflow/dags/job_scraping_dag.py took 0.926 seconds
[2026-03-21T16:23:21.607+0000] {processor.py:186} INFO - Started process (PID=650) to work on /opt/airflow/dags/job_scraping_dag.py
[2026-03-21T16:23:21.608+0000] {processor.py:914} INFO - Processing file /opt/airflow/dags/job_scraping_dag.py for tasks to queue
[2026-03-21T16:23:21.612+0000] {logging_mixin.py:190} INFO - [2026-03-21T16:23:21.611+0000] {dagbag.py:588} INFO - Filling up the DagBag from /opt/airflow/dags/job_scraping_dag.py
[2026-03-21T16:23:22.172+0000] {processor.py:925} INFO - DAG(s) 'daily_job_scraping' retrieved from /opt/airflow/dags/job_scraping_dag.py
[2026-03-21T16:23:22.197+0000] {logging_mixin.py:190} INFO - [2026-03-21T16:23:22.197+0000] {dag.py:3239} INFO - Sync 1 DAGs
[2026-03-21T16:23:22.217+0000] {logging_mixin.py:190} INFO - [2026-03-21T16:23:22.217+0000] {dag.py:4180} INFO - Setting next_dagrun for daily_job_scraping to 2026-03-21 12:00:00+00:00, run_after=2026-03-22 12:00:00+00:00
[2026-03-21T16:23:22.240+0000] {processor.py:208} INFO - Processing /opt/airflow/dags/job_scraping_dag.py took 0.639 seconds
[2026-03-21T16:23:52.318+0000] {processor.py:186} INFO - Started process (PID=656) to work on /opt/airflow/dags/job_scraping_dag.py
[2026-03-21T16:23:52.319+0000] {processor.py:914} INFO - Processing file /opt/airflow/dags/job_scraping_dag.py for tasks to queue
[2026-03-21T16:23:52.322+0000] {logging_mixin.py:190} INFO - [2026-03-21T16:23:52.321+0000] {dagbag.py:588} INFO - Filling up the DagBag from /opt/airflow/dags/job_scraping_dag.py
[2026-03-21T16:23:53.147+0000] {processor.py:925} INFO - DAG(s) 'daily_job_scraping' retrieved from /opt/airflow/dags/job_scraping_dag.py
[2026-03-21T16:23:53.183+0000] {logging_mixin.py:190} INFO - [2026-03-21T16:23:53.183+0000] {dag.py:3239} INFO - Sync 1 DAGs
[2026-03-21T16:23:53.217+0000] {logging_mixin.py:190} INFO - [2026-03-21T16:23:53.216+0000] {dag.py:4180} INFO - Setting next_dagrun for daily_job_scraping to 2026-03-21 12:00:00+00:00, run_after=2026-03-22 12:00:00+00:00
[2026-03-21T16:23:53.244+0000] {processor.py:208} INFO - Processing /opt/airflow/dags/job_scraping_dag.py took 0.932 seconds
[2026-03-21T16:24:23.591+0000] {processor.py:186} INFO - Started process (PID=662) to work on /opt/airflow/dags/job_scraping_dag.py
[2026-03-21T16:24:23.593+0000] {processor.py:914} INFO - Processing file /opt/airflow/dags/job_scraping_dag.py for tasks to queue
[2026-03-21T16:24:23.596+0000] {logging_mixin.py:190} INFO - [2026-03-21T16:24:23.595+0000] {dagbag.py:588} INFO - Filling up the DagBag from /opt/airflow/dags/job_scraping_dag.py
[2026-03-21T16:24:24.500+0000] {processor.py:925} INFO - DAG(s) 'daily_job_scraping' retrieved from /opt/airflow/dags/job_scraping_dag.py
[2026-03-21T16:24:24.529+0000] {logging_mixin.py:190} INFO - [2026-03-21T16:24:24.529+0000] {dag.py:3239} INFO - Sync 1 DAGs
[2026-03-21T16:24:24.554+0000] {logging_mixin.py:190} INFO - [2026-03-21T16:24:24.554+0000] {dag.py:4180} INFO - Setting next_dagrun for daily_job_scraping to 2026-03-21 12:00:00+00:00, run_after=2026-03-22 12:00:00+00:00
[2026-03-21T16:24:24.580+0000] {processor.py:208} INFO - Processing /opt/airflow/dags/job_scraping_dag.py took 0.996 seconds
[2026-03-21T16:24:54.923+0000] {processor.py:186} INFO - Started process (PID=668) to work on /opt/airflow/dags/job_scraping_dag.py
[2026-03-21T16:24:54.924+0000] {processor.py:914} INFO - Processing file /opt/airflow/dags/job_scraping_dag.py for tasks to queue
[2026-03-21T16:24:54.927+0000] {logging_mixin.py:190} INFO - [2026-03-21T16:24:54.926+0000] {dagbag.py:588} INFO - Filling up the DagBag from /opt/airflow/dags/job_scraping_dag.py
[2026-03-21T16:24:55.586+0000] {processor.py:925} INFO - DAG(s) 'daily_job_scraping' retrieved from /opt/airflow/dags/job_scraping_dag.py
[2026-03-21T16:24:55.613+0000] {logging_mixin.py:190} INFO - [2026-03-21T16:24:55.612+0000] {dag.py:3239} INFO - Sync 1 DAGs
[2026-03-21T16:24:55.634+0000] {logging_mixin.py:190} INFO - [2026-03-21T16:24:55.633+0000] {dag.py:4180} INFO - Setting next_dagrun for daily_job_scraping to 2026-03-21 12:00:00+00:00, run_after=2026-03-22 12:00:00+00:00
[2026-03-21T16:24:55.661+0000] {processor.py:208} INFO - Processing /opt/airflow/dags/job_scraping_dag.py took 0.743 seconds
[2026-03-21T16:25:25.940+0000] {processor.py:186} INFO - Started process (PID=674) to work on /opt/airflow/dags/job_scraping_dag.py
[2026-03-21T16:25:25.941+0000] {processor.py:914} INFO - Processing file /opt/airflow/dags/job_scraping_dag.py for tasks to queue
[2026-03-21T16:25:25.944+0000] {logging_mixin.py:190} INFO - [2026-03-21T16:25:25.944+0000] {dagbag.py:588} INFO - Filling up the DagBag from /opt/airflow/dags/job_scraping_dag.py
[2026-03-21T16:25:26.574+0000] {processor.py:925} INFO - DAG(s) 'daily_job_scraping' retrieved from /opt/airflow/dags/job_scraping_dag.py
[2026-03-21T16:25:26.599+0000] {logging_mixin.py:190} INFO - [2026-03-21T16:25:26.598+0000] {dag.py:3239} INFO - Sync 1 DAGs
[2026-03-21T16:25:26.622+0000] {logging_mixin.py:190} INFO - [2026-03-21T16:25:26.622+0000] {dag.py:4180} INFO - Setting next_dagrun for daily_job_scraping to 2026-03-21 12:00:00+00:00, run_after=2026-03-22 12:00:00+00:00
[2026-03-21T16:25:26.639+0000] {processor.py:208} INFO - Processing /opt/airflow/dags/job_scraping_dag.py took 0.705 seconds
[2026-03-21T16:25:56.851+0000] {processor.py:186} INFO - Started process (PID=680) to work on /opt/airflow/dags/job_scraping_dag.py
[2026-03-21T16:25:56.852+0000] {processor.py:914} INFO - Processing file /opt/airflow/dags/job_scraping_dag.py for tasks to queue
[2026-03-21T16:25:56.854+0000] {logging_mixin.py:190} INFO - [2026-03-21T16:25:56.854+0000] {dagbag.py:588} INFO - Filling up the DagBag from /opt/airflow/dags/job_scraping_dag.py
[2026-03-21T16:25:57.366+0000] {processor.py:925} INFO - DAG(s) 'daily_job_scraping' retrieved from /opt/airflow/dags/job_scraping_dag.py
[2026-03-21T16:25:57.390+0000] {logging_mixin.py:190} INFO - [2026-03-21T16:25:57.390+0000] {dag.py:3239} INFO - Sync 1 DAGs
[2026-03-21T16:25:57.408+0000] {logging_mixin.py:190} INFO - [2026-03-21T16:25:57.408+0000] {dag.py:4180} INFO - Setting next_dagrun for daily_job_scraping to 2026-03-21 12:00:00+00:00, run_after=2026-03-22 12:00:00+00:00
[2026-03-21T16:25:57.427+0000] {processor.py:208} INFO - Processing /opt/airflow/dags/job_scraping_dag.py took 0.582 seconds
[2026-03-21T16:26:27.744+0000] {processor.py:186} INFO - Started process (PID=686) to work on /opt/airflow/dags/job_scraping_dag.py
[2026-03-21T16:26:27.745+0000] {processor.py:914} INFO - Processing file /opt/airflow/dags/job_scraping_dag.py for tasks to queue
[2026-03-21T16:26:27.748+0000] {logging_mixin.py:190} INFO - [2026-03-21T16:26:27.748+0000] {dagbag.py:588} INFO - Filling up the DagBag from /opt/airflow/dags/job_scraping_dag.py
[2026-03-21T16:26:28.323+0000] {processor.py:925} INFO - DAG(s) 'daily_job_scraping' retrieved from /opt/airflow/dags/job_scraping_dag.py
[2026-03-21T16:26:28.344+0000] {logging_mixin.py:190} INFO - [2026-03-21T16:26:28.344+0000] {dag.py:3239} INFO - Sync 1 DAGs
[2026-03-21T16:26:28.362+0000] {logging_mixin.py:190} INFO - [2026-03-21T16:26:28.362+0000] {dag.py:4180} INFO - Setting next_dagrun for daily_job_scraping to 2026-03-21 12:00:00+00:00, run_after=2026-03-22 12:00:00+00:00
[2026-03-21T16:26:28.382+0000] {processor.py:208} INFO - Processing /opt/airflow/dags/job_scraping_dag.py took 0.644 seconds
[2026-03-21T16:26:58.658+0000] {processor.py:186} INFO - Started process (PID=692) to work on /opt/airflow/dags/job_scraping_dag.py
[2026-03-21T16:26:58.659+0000] {processor.py:914} INFO - Processing file /opt/airflow/dags/job_scraping_dag.py for tasks to queue
[2026-03-21T16:26:58.661+0000] {logging_mixin.py:190} INFO - [2026-03-21T16:26:58.661+0000] {dagbag.py:588} INFO - Filling up the DagBag from /opt/airflow/dags/job_scraping_dag.py
[2026-03-21T16:26:59.181+0000] {processor.py:925} INFO - DAG(s) 'daily_job_scraping' retrieved from /opt/airflow/dags/job_scraping_dag.py
[2026-03-21T16:26:59.210+0000] {logging_mixin.py:190} INFO - [2026-03-21T16:26:59.209+0000] {dag.py:3239} INFO - Sync 1 DAGs
[2026-03-21T16:26:59.229+0000] {logging_mixin.py:190} INFO - [2026-03-21T16:26:59.229+0000] {dag.py:4180} INFO - Setting next_dagrun for daily_job_scraping to 2026-03-21 12:00:00+00:00, run_after=2026-03-22 12:00:00+00:00
[2026-03-21T16:26:59.249+0000] {processor.py:208} INFO - Processing /opt/airflow/dags/job_scraping_dag.py took 0.597 seconds
[2026-03-21T16:27:29.561+0000] {processor.py:186} INFO - Started process (PID=698) to work on /opt/airflow/dags/job_scraping_dag.py
[2026-03-21T16:27:29.562+0000] {processor.py:914} INFO - Processing file /opt/airflow/dags/job_scraping_dag.py for tasks to queue
[2026-03-21T16:27:29.564+0000] {logging_mixin.py:190} INFO - [2026-03-21T16:27:29.564+0000] {dagbag.py:588} INFO - Filling up the DagBag from /opt/airflow/dags/job_scraping_dag.py
[2026-03-21T16:27:30.096+0000] {processor.py:925} INFO - DAG(s) 'daily_job_scraping' retrieved from /opt/airflow/dags/job_scraping_dag.py
[2026-03-21T16:27:30.118+0000] {logging_mixin.py:190} INFO - [2026-03-21T16:27:30.118+0000] {dag.py:3239} INFO - Sync 1 DAGs
[2026-03-21T16:27:30.137+0000] {logging_mixin.py:190} INFO - [2026-03-21T16:27:30.136+0000] {dag.py:4180} INFO - Setting next_dagrun for daily_job_scraping to 2026-03-21 12:00:00+00:00, run_after=2026-03-22 12:00:00+00:00
[2026-03-21T16:27:30.159+0000] {processor.py:208} INFO - Processing /opt/airflow/dags/job_scraping_dag.py took 0.603 seconds
[2026-03-21T16:28:00.445+0000] {processor.py:186} INFO - Started process (PID=704) to work on /opt/airflow/dags/job_scraping_dag.py
[2026-03-21T16:28:00.446+0000] {processor.py:914} INFO - Processing file /opt/airflow/dags/job_scraping_dag.py for tasks to queue
[2026-03-21T16:28:00.449+0000] {logging_mixin.py:190} INFO - [2026-03-21T16:28:00.448+0000] {dagbag.py:588} INFO - Filling up the DagBag from /opt/airflow/dags/job_scraping_dag.py
[2026-03-21T16:28:00.967+0000] {processor.py:925} INFO - DAG(s) 'daily_job_scraping' retrieved from /opt/airflow/dags/job_scraping_dag.py
[2026-03-21T16:28:00.992+0000] {logging_mixin.py:190} INFO - [2026-03-21T16:28:00.991+0000] {dag.py:3239} INFO - Sync 1 DAGs
[2026-03-21T16:28:01.012+0000] {logging_mixin.py:190} INFO - [2026-03-21T16:28:01.012+0000] {dag.py:4180} INFO - Setting next_dagrun for daily_job_scraping to 2026-03-21 12:00:00+00:00, run_after=2026-03-22 12:00:00+00:00
[2026-03-21T16:28:01.037+0000] {processor.py:208} INFO - Processing /opt/airflow/dags/job_scraping_dag.py took 0.598 seconds
[2026-03-21T16:28:31.447+0000] {processor.py:186} INFO - Started process (PID=710) to work on /opt/airflow/dags/job_scraping_dag.py
[2026-03-21T16:28:31.448+0000] {processor.py:914} INFO - Processing file /opt/airflow/dags/job_scraping_dag.py for tasks to queue
[2026-03-21T16:28:31.452+0000] {logging_mixin.py:190} INFO - [2026-03-21T16:28:31.451+0000] {dagbag.py:588} INFO - Filling up the DagBag from /opt/airflow/dags/job_scraping_dag.py
[2026-03-21T16:28:32.414+0000] {processor.py:925} INFO - DAG(s) 'daily_job_scraping' retrieved from /opt/airflow/dags/job_scraping_dag.py
[2026-03-21T16:28:32.452+0000] {logging_mixin.py:190} INFO - [2026-03-21T16:28:32.451+0000] {dag.py:3239} INFO - Sync 1 DAGs
[2026-03-21T16:28:32.480+0000] {logging_mixin.py:190} INFO - [2026-03-21T16:28:32.479+0000] {dag.py:4180} INFO - Setting next_dagrun for daily_job_scraping to 2026-03-21 12:00:00+00:00, run_after=2026-03-22 12:00:00+00:00
[2026-03-21T16:28:32.508+0000] {processor.py:208} INFO - Processing /opt/airflow/dags/job_scraping_dag.py took 1.068 seconds
[2026-03-21T16:29:02.733+0000] {processor.py:186} INFO - Started process (PID=716) to work on /opt/airflow/dags/job_scraping_dag.py
[2026-03-21T16:29:02.734+0000] {processor.py:914} INFO - Processing file /opt/airflow/dags/job_scraping_dag.py for tasks to queue
[2026-03-21T16:29:02.736+0000] {logging_mixin.py:190} INFO - [2026-03-21T16:29:02.736+0000] {dagbag.py:588} INFO - Filling up the DagBag from /opt/airflow/dags/job_scraping_dag.py
[2026-03-21T16:29:03.268+0000] {processor.py:925} INFO - DAG(s) 'daily_job_scraping' retrieved from /opt/airflow/dags/job_scraping_dag.py
[2026-03-21T16:29:03.291+0000] {logging_mixin.py:190} INFO - [2026-03-21T16:29:03.290+0000] {dag.py:3239} INFO - Sync 1 DAGs
[2026-03-21T16:29:03.308+0000] {logging_mixin.py:190} INFO - [2026-03-21T16:29:03.308+0000] {dag.py:4180} INFO - Setting next_dagrun for daily_job_scraping to 2026-03-21 12:00:00+00:00, run_after=2026-03-22 12:00:00+00:00
[2026-03-21T16:29:03.327+0000] {processor.py:208} INFO - Processing /opt/airflow/dags/job_scraping_dag.py took 0.600 seconds
[2026-03-21T16:29:33.638+0000] {processor.py:186} INFO - Started process (PID=722) to work on /opt/airflow/dags/job_scraping_dag.py
[2026-03-21T16:29:33.639+0000] {processor.py:914} INFO - Processing file /opt/airflow/dags/job_scraping_dag.py for tasks to queue
[2026-03-21T16:29:33.642+0000] {logging_mixin.py:190} INFO - [2026-03-21T16:29:33.641+0000] {dagbag.py:588} INFO - Filling up the DagBag from /opt/airflow/dags/job_scraping_dag.py
[2026-03-21T16:29:34.244+0000] {processor.py:925} INFO - DAG(s) 'daily_job_scraping' retrieved from /opt/airflow/dags/job_scraping_dag.py
[2026-03-21T16:29:34.269+0000] {logging_mixin.py:190} INFO - [2026-03-21T16:29:34.269+0000] {dag.py:3239} INFO - Sync 1 DAGs
[2026-03-21T16:29:34.288+0000] {logging_mixin.py:190} INFO - [2026-03-21T16:29:34.288+0000] {dag.py:4180} INFO - Setting next_dagrun for daily_job_scraping to 2026-03-21 12:00:00+00:00, run_after=2026-03-22 12:00:00+00:00
[2026-03-21T16:29:34.307+0000] {processor.py:208} INFO - Processing /opt/airflow/dags/job_scraping_dag.py took 0.674 seconds
[2026-03-21T16:30:04.594+0000] {processor.py:186} INFO - Started process (PID=728) to work on /opt/airflow/dags/job_scraping_dag.py
[2026-03-21T16:30:04.595+0000] {processor.py:914} INFO - Processing file /opt/airflow/dags/job_scraping_dag.py for tasks to queue
[2026-03-21T16:30:04.598+0000] {logging_mixin.py:190} INFO - [2026-03-21T16:30:04.598+0000] {dagbag.py:588} INFO - Filling up the DagBag from /opt/airflow/dags/job_scraping_dag.py
[2026-03-21T16:30:05.145+0000] {processor.py:925} INFO - DAG(s) 'daily_job_scraping' retrieved from /opt/airflow/dags/job_scraping_dag.py
[2026-03-21T16:30:05.169+0000] {logging_mixin.py:190} INFO - [2026-03-21T16:30:05.169+0000] {dag.py:3239} INFO - Sync 1 DAGs
[2026-03-21T16:30:05.188+0000] {logging_mixin.py:190} INFO - [2026-03-21T16:30:05.188+0000] {dag.py:4180} INFO - Setting next_dagrun for daily_job_scraping to 2026-03-21 12:00:00+00:00, run_after=2026-03-22 12:00:00+00:00
[2026-03-21T16:30:05.205+0000] {processor.py:208} INFO - Processing /opt/airflow/dags/job_scraping_dag.py took 0.618 seconds
[2026-03-21T16:30:35.459+0000] {processor.py:186} INFO - Started process (PID=734) to work on /opt/airflow/dags/job_scraping_dag.py
[2026-03-21T16:30:35.461+0000] {processor.py:914} INFO - Processing file /opt/airflow/dags/job_scraping_dag.py for tasks to queue
[2026-03-21T16:30:35.465+0000] {logging_mixin.py:190} INFO - [2026-03-21T16:30:35.464+0000] {dagbag.py:588} INFO - Filling up the DagBag from /opt/airflow/dags/job_scraping_dag.py
[2026-03-21T16:30:36.386+0000] {processor.py:925} INFO - DAG(s) 'daily_job_scraping' retrieved from /opt/airflow/dags/job_scraping_dag.py
[2026-03-21T16:30:36.466+0000] {logging_mixin.py:190} INFO - [2026-03-21T16:30:36.465+0000] {dag.py:3239} INFO - Sync 1 DAGs
[2026-03-21T16:30:36.531+0000] {logging_mixin.py:190} INFO - [2026-03-21T16:30:36.530+0000] {dag.py:4180} INFO - Setting next_dagrun for daily_job_scraping to 2026-03-21 12:00:00+00:00, run_after=2026-03-22 12:00:00+00:00
[2026-03-21T16:30:36.569+0000] {processor.py:208} INFO - Processing /opt/airflow/dags/job_scraping_dag.py took 1.123 seconds
[2026-03-21T16:31:07.158+0000] {processor.py:186} INFO - Started process (PID=740) to work on /opt/airflow/dags/job_scraping_dag.py
[2026-03-21T16:31:07.161+0000] {processor.py:914} INFO - Processing file /opt/airflow/dags/job_scraping_dag.py for tasks to queue
[2026-03-21T16:31:07.167+0000] {logging_mixin.py:190} INFO - [2026-03-21T16:31:07.167+0000] {dagbag.py:588} INFO - Filling up the DagBag from /opt/airflow/dags/job_scraping_dag.py
[2026-03-21T16:31:09.711+0000] {processor.py:925} INFO - DAG(s) 'daily_job_scraping' retrieved from /opt/airflow/dags/job_scraping_dag.py
[2026-03-21T16:31:09.763+0000] {logging_mixin.py:190} INFO - [2026-03-21T16:31:09.763+0000] {dag.py:3239} INFO - Sync 1 DAGs
[2026-03-21T16:31:09.813+0000] {logging_mixin.py:190} INFO - [2026-03-21T16:31:09.813+0000] {dag.py:4180} INFO - Setting next_dagrun for daily_job_scraping to 2026-03-21 12:00:00+00:00, run_after=2026-03-22 12:00:00+00:00
[2026-03-21T16:31:09.856+0000] {processor.py:208} INFO - Processing /opt/airflow/dags/job_scraping_dag.py took 2.719 seconds
[2026-03-21T16:31:40.386+0000] {processor.py:186} INFO - Started process (PID=746) to work on /opt/airflow/dags/job_scraping_dag.py
[2026-03-21T16:31:40.387+0000] {processor.py:914} INFO - Processing file /opt/airflow/dags/job_scraping_dag.py for tasks to queue
[2026-03-21T16:31:40.390+0000] {logging_mixin.py:190} INFO - [2026-03-21T16:31:40.389+0000] {dagbag.py:588} INFO - Filling up the DagBag from /opt/airflow/dags/job_scraping_dag.py
[2026-03-21T16:31:41.005+0000] {processor.py:925} INFO - DAG(s) 'daily_job_scraping' retrieved from /opt/airflow/dags/job_scraping_dag.py
[2026-03-21T16:31:41.055+0000] {logging_mixin.py:190} INFO - [2026-03-21T16:31:41.055+0000] {dag.py:3239} INFO - Sync 1 DAGs
[2026-03-21T16:31:41.090+0000] {logging_mixin.py:190} INFO - [2026-03-21T16:31:41.090+0000] {dag.py:4180} INFO - Setting next_dagrun for daily_job_scraping to 2026-03-21 12:00:00+00:00, run_after=2026-03-22 12:00:00+00:00
[2026-03-21T16:31:41.117+0000] {processor.py:208} INFO - Processing /opt/airflow/dags/job_scraping_dag.py took 0.736 seconds
[2026-03-21T16:32:11.442+0000] {processor.py:186} INFO - Started process (PID=752) to work on /opt/airflow/dags/job_scraping_dag.py
[2026-03-21T16:32:11.443+0000] {processor.py:914} INFO - Processing file /opt/airflow/dags/job_scraping_dag.py for tasks to queue
[2026-03-21T16:32:11.446+0000] {logging_mixin.py:190} INFO - [2026-03-21T16:32:11.445+0000] {dagbag.py:588} INFO - Filling up the DagBag from /opt/airflow/dags/job_scraping_dag.py
[2026-03-21T16:32:12.191+0000] {processor.py:925} INFO - DAG(s) 'daily_job_scraping' retrieved from /opt/airflow/dags/job_scraping_dag.py
[2026-03-21T16:32:12.223+0000] {logging_mixin.py:190} INFO - [2026-03-21T16:32:12.223+0000] {dag.py:3239} INFO - Sync 1 DAGs
[2026-03-21T16:32:12.254+0000] {logging_mixin.py:190} INFO - [2026-03-21T16:32:12.253+0000] {dag.py:4180} INFO - Setting next_dagrun for daily_job_scraping to 2026-03-21 12:00:00+00:00, run_after=2026-03-22 12:00:00+00:00
[2026-03-21T16:32:12.276+0000] {processor.py:208} INFO - Processing /opt/airflow/dags/job_scraping_dag.py took 0.840 seconds
[2026-03-21T16:32:42.608+0000] {processor.py:186} INFO - Started process (PID=758) to work on /opt/airflow/dags/job_scraping_dag.py
[2026-03-21T16:32:42.610+0000] {processor.py:914} INFO - Processing file /opt/airflow/dags/job_scraping_dag.py for tasks to queue
[2026-03-21T16:32:42.612+0000] {logging_mixin.py:190} INFO - [2026-03-21T16:32:42.612+0000] {dagbag.py:588} INFO - Filling up the DagBag from /opt/airflow/dags/job_scraping_dag.py
[2026-03-21T16:32:43.300+0000] {processor.py:925} INFO - DAG(s) 'daily_job_scraping' retrieved from /opt/airflow/dags/job_scraping_dag.py
[2026-03-21T16:32:43.335+0000] {logging_mixin.py:190} INFO - [2026-03-21T16:32:43.334+0000] {dag.py:3239} INFO - Sync 1 DAGs
[2026-03-21T16:32:43.360+0000] {logging_mixin.py:190} INFO - [2026-03-21T16:32:43.359+0000] {dag.py:4180} INFO - Setting next_dagrun for daily_job_scraping to 2026-03-21 12:00:00+00:00, run_after=2026-03-22 12:00:00+00:00
[2026-03-21T16:32:43.392+0000] {processor.py:208} INFO - Processing /opt/airflow/dags/job_scraping_dag.py took 0.791 seconds
[2026-03-21T16:33:13.666+0000] {processor.py:186} INFO - Started process (PID=764) to work on /opt/airflow/dags/job_scraping_dag.py
[2026-03-21T16:33:13.668+0000] {processor.py:914} INFO - Processing file /opt/airflow/dags/job_scraping_dag.py for tasks to queue
[2026-03-21T16:33:13.670+0000] {logging_mixin.py:190} INFO - [2026-03-21T16:33:13.670+0000] {dagbag.py:588} INFO - Filling up the DagBag from /opt/airflow/dags/job_scraping_dag.py
[2026-03-21T16:33:14.278+0000] {processor.py:925} INFO - DAG(s) 'daily_job_scraping' retrieved from /opt/airflow/dags/job_scraping_dag.py
[2026-03-21T16:33:14.310+0000] {logging_mixin.py:190} INFO - [2026-03-21T16:33:14.309+0000] {dag.py:3239} INFO - Sync 1 DAGs
[2026-03-21T16:33:14.347+0000] {logging_mixin.py:190} INFO - [2026-03-21T16:33:14.347+0000] {dag.py:4180} INFO - Setting next_dagrun for daily_job_scraping to 2026-03-21 12:00:00+00:00, run_after=2026-03-22 12:00:00+00:00
[2026-03-21T16:33:14.380+0000] {processor.py:208} INFO - Processing /opt/airflow/dags/job_scraping_dag.py took 0.719 seconds
[2026-03-21T16:33:44.641+0000] {processor.py:186} INFO - Started process (PID=770) to work on /opt/airflow/dags/job_scraping_dag.py
[2026-03-21T16:33:44.642+0000] {processor.py:914} INFO - Processing file /opt/airflow/dags/job_scraping_dag.py for tasks to queue
[2026-03-21T16:33:44.645+0000] {logging_mixin.py:190} INFO - [2026-03-21T16:33:44.645+0000] {dagbag.py:588} INFO - Filling up the DagBag from /opt/airflow/dags/job_scraping_dag.py
[2026-03-21T16:33:45.269+0000] {processor.py:925} INFO - DAG(s) 'daily_job_scraping' retrieved from /opt/airflow/dags/job_scraping_dag.py
[2026-03-21T16:33:45.295+0000] {logging_mixin.py:190} INFO - [2026-03-21T16:33:45.294+0000] {dag.py:3239} INFO - Sync 1 DAGs
[2026-03-21T16:33:45.315+0000] {logging_mixin.py:190} INFO - [2026-03-21T16:33:45.315+0000] {dag.py:4180} INFO - Setting next_dagrun for daily_job_scraping to 2026-03-21 12:00:00+00:00, run_after=2026-03-22 12:00:00+00:00
[2026-03-21T16:33:45.339+0000] {processor.py:208} INFO - Processing /opt/airflow/dags/job_scraping_dag.py took 0.703 seconds
[2026-03-21T16:34:15.620+0000] {processor.py:186} INFO - Started process (PID=776) to work on /opt/airflow/dags/job_scraping_dag.py
[2026-03-21T16:34:15.621+0000] {processor.py:914} INFO - Processing file /opt/airflow/dags/job_scraping_dag.py for tasks to queue
[2026-03-21T16:34:15.624+0000] {logging_mixin.py:190} INFO - [2026-03-21T16:34:15.623+0000] {dagbag.py:588} INFO - Filling up the DagBag from /opt/airflow/dags/job_scraping_dag.py
[2026-03-21T16:34:16.984+0000] {processor.py:925} INFO - DAG(s) 'daily_job_scraping' retrieved from /opt/airflow/dags/job_scraping_dag.py
[2026-03-21T16:34:17.054+0000] {logging_mixin.py:190} INFO - [2026-03-21T16:34:17.053+0000] {dag.py:3239} INFO - Sync 1 DAGs
[2026-03-21T16:34:17.121+0000] {logging_mixin.py:190} INFO - [2026-03-21T16:34:17.121+0000] {dag.py:4180} INFO - Setting next_dagrun for daily_job_scraping to 2026-03-21 12:00:00+00:00, run_after=2026-03-22 12:00:00+00:00
[2026-03-21T16:34:17.158+0000] {processor.py:208} INFO - Processing /opt/airflow/dags/job_scraping_dag.py took 1.545 seconds
[2026-03-21T16:34:47.344+0000] {processor.py:186} INFO - Started process (PID=782) to work on /opt/airflow/dags/job_scraping_dag.py
[2026-03-21T16:34:47.345+0000] {processor.py:914} INFO - Processing file /opt/airflow/dags/job_scraping_dag.py for tasks to queue
[2026-03-21T16:34:47.349+0000] {logging_mixin.py:190} INFO - [2026-03-21T16:34:47.348+0000] {dagbag.py:588} INFO - Filling up the DagBag from /opt/airflow/dags/job_scraping_dag.py
[2026-03-21T16:34:48.124+0000] {processor.py:925} INFO - DAG(s) 'daily_job_scraping' retrieved from /opt/airflow/dags/job_scraping_dag.py
[2026-03-21T16:34:48.149+0000] {logging_mixin.py:190} INFO - [2026-03-21T16:34:48.148+0000] {dag.py:3239} INFO - Sync 1 DAGs
[2026-03-21T16:34:48.176+0000] {logging_mixin.py:190} INFO - [2026-03-21T16:34:48.175+0000] {dag.py:4180} INFO - Setting next_dagrun for daily_job_scraping to 2026-03-21 12:00:00+00:00, run_after=2026-03-22 12:00:00+00:00
[2026-03-21T16:34:48.195+0000] {processor.py:208} INFO - Processing /opt/airflow/dags/job_scraping_dag.py took 0.856 seconds
[2026-03-21T16:35:18.490+0000] {processor.py:186} INFO - Started process (PID=788) to work on /opt/airflow/dags/job_scraping_dag.py
[2026-03-21T16:35:18.491+0000] {processor.py:914} INFO - Processing file /opt/airflow/dags/job_scraping_dag.py for tasks to queue
[2026-03-21T16:35:18.493+0000] {logging_mixin.py:190} INFO - [2026-03-21T16:35:18.493+0000] {dagbag.py:588} INFO - Filling up the DagBag from /opt/airflow/dags/job_scraping_dag.py
[2026-03-21T16:35:19.033+0000] {processor.py:925} INFO - DAG(s) 'daily_job_scraping' retrieved from /opt/airflow/dags/job_scraping_dag.py
[2026-03-21T16:35:19.058+0000] {logging_mixin.py:190} INFO - [2026-03-21T16:35:19.058+0000] {dag.py:3239} INFO - Sync 1 DAGs
[2026-03-21T16:35:19.078+0000] {logging_mixin.py:190} INFO - [2026-03-21T16:35:19.078+0000] {dag.py:4180} INFO - Setting next_dagrun for daily_job_scraping to 2026-03-21 12:00:00+00:00, run_after=2026-03-22 12:00:00+00:00
[2026-03-21T16:35:19.094+0000] {processor.py:208} INFO - Processing /opt/airflow/dags/job_scraping_dag.py took 0.610 seconds
[2026-03-21T16:35:49.307+0000] {processor.py:186} INFO - Started process (PID=794) to work on /opt/airflow/dags/job_scraping_dag.py
[2026-03-21T16:35:49.308+0000] {processor.py:914} INFO - Processing file /opt/airflow/dags/job_scraping_dag.py for tasks to queue
[2026-03-21T16:35:49.310+0000] {logging_mixin.py:190} INFO - [2026-03-21T16:35:49.310+0000] {dagbag.py:588} INFO - Filling up the DagBag from /opt/airflow/dags/job_scraping_dag.py
[2026-03-21T16:35:49.842+0000] {processor.py:925} INFO - DAG(s) 'daily_job_scraping' retrieved from /opt/airflow/dags/job_scraping_dag.py
[2026-03-21T16:35:49.866+0000] {logging_mixin.py:190} INFO - [2026-03-21T16:35:49.865+0000] {dag.py:3239} INFO - Sync 1 DAGs
[2026-03-21T16:35:49.884+0000] {logging_mixin.py:190} INFO - [2026-03-21T16:35:49.884+0000] {dag.py:4180} INFO - Setting next_dagrun for daily_job_scraping to 2026-03-21 12:00:00+00:00, run_after=2026-03-22 12:00:00+00:00
[2026-03-21T16:35:49.907+0000] {processor.py:208} INFO - Processing /opt/airflow/dags/job_scraping_dag.py took 0.606 seconds
[2026-03-21T16:36:20.234+0000] {processor.py:186} INFO - Started process (PID=800) to work on /opt/airflow/dags/job_scraping_dag.py
[2026-03-21T16:36:20.236+0000] {processor.py:914} INFO - Processing file /opt/airflow/dags/job_scraping_dag.py for tasks to queue
[2026-03-21T16:36:20.239+0000] {logging_mixin.py:190} INFO - [2026-03-21T16:36:20.239+0000] {dagbag.py:588} INFO - Filling up the DagBag from /opt/airflow/dags/job_scraping_dag.py
[2026-03-21T16:36:20.834+0000] {processor.py:925} INFO - DAG(s) 'daily_job_scraping' retrieved from /opt/airflow/dags/job_scraping_dag.py
[2026-03-21T16:36:20.863+0000] {logging_mixin.py:190} INFO - [2026-03-21T16:36:20.862+0000] {dag.py:3239} INFO - Sync 1 DAGs
[2026-03-21T16:36:20.886+0000] {logging_mixin.py:190} INFO - [2026-03-21T16:36:20.886+0000] {dag.py:4180} INFO - Setting next_dagrun for daily_job_scraping to 2026-03-21 12:00:00+00:00, run_after=2026-03-22 12:00:00+00:00
[2026-03-21T16:36:20.909+0000] {processor.py:208} INFO - Processing /opt/airflow/dags/job_scraping_dag.py took 0.681 seconds
[2026-03-21T16:36:51.206+0000] {processor.py:186} INFO - Started process (PID=806) to work on /opt/airflow/dags/job_scraping_dag.py
[2026-03-21T16:36:51.207+0000] {processor.py:914} INFO - Processing file /opt/airflow/dags/job_scraping_dag.py for tasks to queue
[2026-03-21T16:36:51.210+0000] {logging_mixin.py:190} INFO - [2026-03-21T16:36:51.210+0000] {dagbag.py:588} INFO - Filling up the DagBag from /opt/airflow/dags/job_scraping_dag.py
[2026-03-21T16:36:51.787+0000] {processor.py:925} INFO - DAG(s) 'daily_job_scraping' retrieved from /opt/airflow/dags/job_scraping_dag.py
[2026-03-21T16:36:51.809+0000] {logging_mixin.py:190} INFO - [2026-03-21T16:36:51.809+0000] {dag.py:3239} INFO - Sync 1 DAGs
[2026-03-21T16:36:51.828+0000] {logging_mixin.py:190} INFO - [2026-03-21T16:36:51.828+0000] {dag.py:4180} INFO - Setting next_dagrun for daily_job_scraping to 2026-03-21 12:00:00+00:00, run_after=2026-03-22 12:00:00+00:00
[2026-03-21T16:36:51.847+0000] {processor.py:208} INFO - Processing /opt/airflow/dags/job_scraping_dag.py took 0.647 seconds
[2026-03-21T16:37:21.957+0000] {processor.py:186} INFO - Started process (PID=812) to work on /opt/airflow/dags/job_scraping_dag.py
[2026-03-21T16:37:21.959+0000] {processor.py:914} INFO - Processing file /opt/airflow/dags/job_scraping_dag.py for tasks to queue
[2026-03-21T16:37:21.963+0000] {logging_mixin.py:190} INFO - [2026-03-21T16:37:21.962+0000] {dagbag.py:588} INFO - Filling up the DagBag from /opt/airflow/dags/job_scraping_dag.py
[2026-03-21T16:37:22.662+0000] {processor.py:925} INFO - DAG(s) 'daily_job_scraping' retrieved from /opt/airflow/dags/job_scraping_dag.py
[2026-03-21T16:37:22.687+0000] {logging_mixin.py:190} INFO - [2026-03-21T16:37:22.687+0000] {dag.py:3239} INFO - Sync 1 DAGs
[2026-03-21T16:37:22.707+0000] {logging_mixin.py:190} INFO - [2026-03-21T16:37:22.707+0000] {dag.py:4180} INFO - Setting next_dagrun for daily_job_scraping to 2026-03-21 12:00:00+00:00, run_after=2026-03-22 12:00:00+00:00
[2026-03-21T16:37:22.731+0000] {processor.py:208} INFO - Processing /opt/airflow/dags/job_scraping_dag.py took 0.782 seconds
[2026-03-21T16:37:53.066+0000] {processor.py:186} INFO - Started process (PID=818) to work on /opt/airflow/dags/job_scraping_dag.py
[2026-03-21T16:37:53.067+0000] {processor.py:914} INFO - Processing file /opt/airflow/dags/job_scraping_dag.py for tasks to queue
[2026-03-21T16:37:53.069+0000] {logging_mixin.py:190} INFO - [2026-03-21T16:37:53.069+0000] {dagbag.py:588} INFO - Filling up the DagBag from /opt/airflow/dags/job_scraping_dag.py
[2026-03-21T16:37:53.625+0000] {processor.py:925} INFO - DAG(s) 'daily_job_scraping' retrieved from /opt/airflow/dags/job_scraping_dag.py
[2026-03-21T16:37:53.651+0000] {logging_mixin.py:190} INFO - [2026-03-21T16:37:53.650+0000] {dag.py:3239} INFO - Sync 1 DAGs
[2026-03-21T16:37:53.671+0000] {logging_mixin.py:190} INFO - [2026-03-21T16:37:53.671+0000] {dag.py:4180} INFO - Setting next_dagrun for daily_job_scraping to 2026-03-21 12:00:00+00:00, run_after=2026-03-22 12:00:00+00:00
[2026-03-21T16:37:53.697+0000] {processor.py:208} INFO - Processing /opt/airflow/dags/job_scraping_dag.py took 0.637 seconds
[2026-03-21T16:38:23.996+0000] {processor.py:186} INFO - Started process (PID=824) to work on /opt/airflow/dags/job_scraping_dag.py
[2026-03-21T16:38:23.997+0000] {processor.py:914} INFO - Processing file /opt/airflow/dags/job_scraping_dag.py for tasks to queue
[2026-03-21T16:38:24.000+0000] {logging_mixin.py:190} INFO - [2026-03-21T16:38:23.999+0000] {dagbag.py:588} INFO - Filling up the DagBag from /opt/airflow/dags/job_scraping_dag.py
[2026-03-21T16:38:24.552+0000] {processor.py:925} INFO - DAG(s) 'daily_job_scraping' retrieved from /opt/airflow/dags/job_scraping_dag.py
[2026-03-21T16:38:24.583+0000] {logging_mixin.py:190} INFO - [2026-03-21T16:38:24.583+0000] {dag.py:3239} INFO - Sync 1 DAGs
[2026-03-21T16:38:24.605+0000] {logging_mixin.py:190} INFO - [2026-03-21T16:38:24.604+0000] {dag.py:4180} INFO - Setting next_dagrun for daily_job_scraping to 2026-03-21 12:00:00+00:00, run_after=2026-03-22 12:00:00+00:00
[2026-03-21T16:38:24.622+0000] {processor.py:208} INFO - Processing /opt/airflow/dags/job_scraping_dag.py took 0.631 seconds
[2026-03-21T16:38:54.858+0000] {processor.py:186} INFO - Started process (PID=830) to work on /opt/airflow/dags/job_scraping_dag.py
[2026-03-21T16:38:54.859+0000] {processor.py:914} INFO - Processing file /opt/airflow/dags/job_scraping_dag.py for tasks to queue
[2026-03-21T16:38:54.862+0000] {logging_mixin.py:190} INFO - [2026-03-21T16:38:54.861+0000] {dagbag.py:588} INFO - Filling up the DagBag from /opt/airflow/dags/job_scraping_dag.py
[2026-03-21T16:38:55.478+0000] {processor.py:925} INFO - DAG(s) 'daily_job_scraping' retrieved from /opt/airflow/dags/job_scraping_dag.py
[2026-03-21T16:38:55.500+0000] {logging_mixin.py:190} INFO - [2026-03-21T16:38:55.499+0000] {dag.py:3239} INFO - Sync 1 DAGs
[2026-03-21T16:38:55.521+0000] {logging_mixin.py:190} INFO - [2026-03-21T16:38:55.521+0000] {dag.py:4180} INFO - Setting next_dagrun for daily_job_scraping to 2026-03-21 12:00:00+00:00, run_after=2026-03-22 12:00:00+00:00
[2026-03-21T16:38:55.542+0000] {processor.py:208} INFO - Processing /opt/airflow/dags/job_scraping_dag.py took 0.691 seconds
[2026-03-21T16:39:25.823+0000] {processor.py:186} INFO - Started process (PID=836) to work on /opt/airflow/dags/job_scraping_dag.py
[2026-03-21T16:39:25.824+0000] {processor.py:914} INFO - Processing file /opt/airflow/dags/job_scraping_dag.py for tasks to queue
[2026-03-21T16:39:25.827+0000] {logging_mixin.py:190} INFO - [2026-03-21T16:39:25.826+0000] {dagbag.py:588} INFO - Filling up the DagBag from /opt/airflow/dags/job_scraping_dag.py
[2026-03-21T16:39:26.370+0000] {processor.py:925} INFO - DAG(s) 'daily_job_scraping' retrieved from /opt/airflow/dags/job_scraping_dag.py
[2026-03-21T16:39:26.395+0000] {logging_mixin.py:190} INFO - [2026-03-21T16:39:26.395+0000] {dag.py:3239} INFO - Sync 1 DAGs
[2026-03-21T16:39:26.420+0000] {logging_mixin.py:190} INFO - [2026-03-21T16:39:26.420+0000] {dag.py:4180} INFO - Setting next_dagrun for daily_job_scraping to 2026-03-21 12:00:00+00:00, run_after=2026-03-22 12:00:00+00:00
[2026-03-21T16:39:26.454+0000] {processor.py:208} INFO - Processing /opt/airflow/dags/job_scraping_dag.py took 0.638 seconds
[2026-03-21T16:39:56.801+0000] {processor.py:186} INFO - Started process (PID=842) to work on /opt/airflow/dags/job_scraping_dag.py
[2026-03-21T16:39:56.803+0000] {processor.py:914} INFO - Processing file /opt/airflow/dags/job_scraping_dag.py for tasks to queue
[2026-03-21T16:39:56.808+0000] {logging_mixin.py:190} INFO - [2026-03-21T16:39:56.807+0000] {dagbag.py:588} INFO - Filling up the DagBag from /opt/airflow/dags/job_scraping_dag.py
[2026-03-21T16:39:57.466+0000] {processor.py:925} INFO - DAG(s) 'daily_job_scraping' retrieved from /opt/airflow/dags/job_scraping_dag.py
[2026-03-21T16:39:57.489+0000] {logging_mixin.py:190} INFO - [2026-03-21T16:39:57.489+0000] {dag.py:3239} INFO - Sync 1 DAGs
[2026-03-21T16:39:57.506+0000] {logging_mixin.py:190} INFO - [2026-03-21T16:39:57.506+0000] {dag.py:4180} INFO - Setting next_dagrun for daily_job_scraping to 2026-03-21 12:00:00+00:00, run_after=2026-03-22 12:00:00+00:00
[2026-03-21T16:39:57.527+0000] {processor.py:208} INFO - Processing /opt/airflow/dags/job_scraping_dag.py took 0.738 seconds
[2026-03-21T16:40:27.631+0000] {processor.py:186} INFO - Started process (PID=848) to work on /opt/airflow/dags/job_scraping_dag.py
[2026-03-21T16:40:27.633+0000] {processor.py:914} INFO - Processing file /opt/airflow/dags/job_scraping_dag.py for tasks to queue
[2026-03-21T16:40:27.636+0000] {logging_mixin.py:190} INFO - [2026-03-21T16:40:27.636+0000] {dagbag.py:588} INFO - Filling up the DagBag from /opt/airflow/dags/job_scraping_dag.py
[2026-03-21T16:40:28.177+0000] {processor.py:925} INFO - DAG(s) 'daily_job_scraping' retrieved from /opt/airflow/dags/job_scraping_dag.py
[2026-03-21T16:40:28.201+0000] {logging_mixin.py:190} INFO - [2026-03-21T16:40:28.201+0000] {dag.py:3239} INFO - Sync 1 DAGs
[2026-03-21T16:40:28.221+0000] {logging_mixin.py:190} INFO - [2026-03-21T16:40:28.221+0000] {dag.py:4180} INFO - Setting next_dagrun for daily_job_scraping to 2026-03-21 12:00:00+00:00, run_after=2026-03-22 12:00:00+00:00
[2026-03-21T16:40:28.243+0000] {processor.py:208} INFO - Processing /opt/airflow/dags/job_scraping_dag.py took 0.618 seconds
[2026-03-21T16:40:58.548+0000] {processor.py:186} INFO - Started process (PID=854) to work on /opt/airflow/dags/job_scraping_dag.py
[2026-03-21T16:40:58.550+0000] {processor.py:914} INFO - Processing file /opt/airflow/dags/job_scraping_dag.py for tasks to queue
[2026-03-21T16:40:58.552+0000] {logging_mixin.py:190} INFO - [2026-03-21T16:40:58.552+0000] {dagbag.py:588} INFO - Filling up the DagBag from /opt/airflow/dags/job_scraping_dag.py
[2026-03-21T16:40:59.101+0000] {processor.py:925} INFO - DAG(s) 'daily_job_scraping' retrieved from /opt/airflow/dags/job_scraping_dag.py
[2026-03-21T16:40:59.127+0000] {logging_mixin.py:190} INFO - [2026-03-21T16:40:59.127+0000] {dag.py:3239} INFO - Sync 1 DAGs
[2026-03-21T16:40:59.147+0000] {logging_mixin.py:190} INFO - [2026-03-21T16:40:59.147+0000] {dag.py:4180} INFO - Setting next_dagrun for daily_job_scraping to 2026-03-21 12:00:00+00:00, run_after=2026-03-22 12:00:00+00:00
[2026-03-21T16:40:59.169+0000] {processor.py:208} INFO - Processing /opt/airflow/dags/job_scraping_dag.py took 0.626 seconds
[2026-03-21T16:41:29.468+0000] {processor.py:186} INFO - Started process (PID=860) to work on /opt/airflow/dags/job_scraping_dag.py
[2026-03-21T16:41:29.469+0000] {processor.py:914} INFO - Processing file /opt/airflow/dags/job_scraping_dag.py for tasks to queue
[2026-03-21T16:41:29.472+0000] {logging_mixin.py:190} INFO - [2026-03-21T16:41:29.472+0000] {dagbag.py:588} INFO - Filling up the DagBag from /opt/airflow/dags/job_scraping_dag.py
[2026-03-21T16:41:30.035+0000] {processor.py:925} INFO - DAG(s) 'daily_job_scraping' retrieved from /opt/airflow/dags/job_scraping_dag.py
[2026-03-21T16:41:30.058+0000] {logging_mixin.py:190} INFO - [2026-03-21T16:41:30.058+0000] {dag.py:3239} INFO - Sync 1 DAGs
[2026-03-21T16:41:30.078+0000] {logging_mixin.py:190} INFO - [2026-03-21T16:41:30.078+0000] {dag.py:4180} INFO - Setting next_dagrun for daily_job_scraping to 2026-03-21 12:00:00+00:00, run_after=2026-03-22 12:00:00+00:00
[2026-03-21T16:41:30.101+0000] {processor.py:208} INFO - Processing /opt/airflow/dags/job_scraping_dag.py took 0.638 seconds
[2026-03-21T16:42:00.421+0000] {processor.py:186} INFO - Started process (PID=866) to work on /opt/airflow/dags/job_scraping_dag.py
[2026-03-21T16:42:00.422+0000] {processor.py:914} INFO - Processing file /opt/airflow/dags/job_scraping_dag.py for tasks to queue
[2026-03-21T16:42:00.425+0000] {logging_mixin.py:190} INFO - [2026-03-21T16:42:00.424+0000] {dagbag.py:588} INFO - Filling up the DagBag from /opt/airflow/dags/job_scraping_dag.py
[2026-03-21T16:42:00.968+0000] {processor.py:925} INFO - DAG(s) 'daily_job_scraping' retrieved from /opt/airflow/dags/job_scraping_dag.py
[2026-03-21T16:42:00.991+0000] {logging_mixin.py:190} INFO - [2026-03-21T16:42:00.991+0000] {dag.py:3239} INFO - Sync 1 DAGs
[2026-03-21T16:42:01.011+0000] {logging_mixin.py:190} INFO - [2026-03-21T16:42:01.010+0000] {dag.py:4180} INFO - Setting next_dagrun for daily_job_scraping to 2026-03-21 12:00:00+00:00, run_after=2026-03-22 12:00:00+00:00
[2026-03-21T16:42:01.032+0000] {processor.py:208} INFO - Processing /opt/airflow/dags/job_scraping_dag.py took 0.617 seconds
[2026-03-21T16:42:31.312+0000] {processor.py:186} INFO - Started process (PID=872) to work on /opt/airflow/dags/job_scraping_dag.py
[2026-03-21T16:42:31.315+0000] {processor.py:914} INFO - Processing file /opt/airflow/dags/job_scraping_dag.py for tasks to queue
[2026-03-21T16:42:31.319+0000] {logging_mixin.py:190} INFO - [2026-03-21T16:42:31.319+0000] {dagbag.py:588} INFO - Filling up the DagBag from /opt/airflow/dags/job_scraping_dag.py
[2026-03-21T16:42:32.196+0000] {processor.py:925} INFO - DAG(s) 'daily_job_scraping' retrieved from /opt/airflow/dags/job_scraping_dag.py
[2026-03-21T16:42:32.233+0000] {logging_mixin.py:190} INFO - [2026-03-21T16:42:32.232+0000] {dag.py:3239} INFO - Sync 1 DAGs
[2026-03-21T16:42:32.270+0000] {logging_mixin.py:190} INFO - [2026-03-21T16:42:32.269+0000] {dag.py:4180} INFO - Setting next_dagrun for daily_job_scraping to 2026-03-21 12:00:00+00:00, run_after=2026-03-22 12:00:00+00:00
[2026-03-21T16:42:32.306+0000] {processor.py:208} INFO - Processing /opt/airflow/dags/job_scraping_dag.py took 1.005 seconds
[2026-03-21T16:43:02.575+0000] {processor.py:186} INFO - Started process (PID=878) to work on /opt/airflow/dags/job_scraping_dag.py
[2026-03-21T16:43:02.576+0000] {processor.py:914} INFO - Processing file /opt/airflow/dags/job_scraping_dag.py for tasks to queue
[2026-03-21T16:43:02.578+0000] {logging_mixin.py:190} INFO - [2026-03-21T16:43:02.578+0000] {dagbag.py:588} INFO - Filling up the DagBag from /opt/airflow/dags/job_scraping_dag.py
[2026-03-21T16:43:03.116+0000] {processor.py:925} INFO - DAG(s) 'daily_job_scraping' retrieved from /opt/airflow/dags/job_scraping_dag.py
[2026-03-21T16:43:03.140+0000] {logging_mixin.py:190} INFO - [2026-03-21T16:43:03.139+0000] {dag.py:3239} INFO - Sync 1 DAGs
[2026-03-21T16:43:03.158+0000] {logging_mixin.py:190} INFO - [2026-03-21T16:43:03.157+0000] {dag.py:4180} INFO - Setting next_dagrun for daily_job_scraping to 2026-03-21 12:00:00+00:00, run_after=2026-03-22 12:00:00+00:00
[2026-03-21T16:43:03.180+0000] {processor.py:208} INFO - Processing /opt/airflow/dags/job_scraping_dag.py took 0.610 seconds
[2026-03-21T16:43:33.570+0000] {processor.py:186} INFO - Started process (PID=884) to work on /opt/airflow/dags/job_scraping_dag.py
[2026-03-21T16:43:33.572+0000] {processor.py:914} INFO - Processing file /opt/airflow/dags/job_scraping_dag.py for tasks to queue
[2026-03-21T16:43:33.575+0000] {logging_mixin.py:190} INFO - [2026-03-21T16:43:33.575+0000] {dagbag.py:588} INFO - Filling up the DagBag from /opt/airflow/dags/job_scraping_dag.py
[2026-03-21T16:43:34.175+0000] {processor.py:925} INFO - DAG(s) 'daily_job_scraping' retrieved from /opt/airflow/dags/job_scraping_dag.py
[2026-03-21T16:43:34.197+0000] {logging_mixin.py:190} INFO - [2026-03-21T16:43:34.197+0000] {dag.py:3239} INFO - Sync 1 DAGs
[2026-03-21T16:43:34.216+0000] {logging_mixin.py:190} INFO - [2026-03-21T16:43:34.216+0000] {dag.py:4180} INFO - Setting next_dagrun for daily_job_scraping to 2026-03-21 12:00:00+00:00, run_after=2026-03-22 12:00:00+00:00
[2026-03-21T16:43:34.242+0000] {processor.py:208} INFO - Processing /opt/airflow/dags/job_scraping_dag.py took 0.679 seconds
[2026-03-21T16:44:04.609+0000] {processor.py:186} INFO - Started process (PID=890) to work on /opt/airflow/dags/job_scraping_dag.py
[2026-03-21T16:44:04.611+0000] {processor.py:914} INFO - Processing file /opt/airflow/dags/job_scraping_dag.py for tasks to queue
[2026-03-21T16:44:04.613+0000] {logging_mixin.py:190} INFO - [2026-03-21T16:44:04.613+0000] {dagbag.py:588} INFO - Filling up the DagBag from /opt/airflow/dags/job_scraping_dag.py
[2026-03-21T16:44:05.255+0000] {processor.py:925} INFO - DAG(s) 'daily_job_scraping' retrieved from /opt/airflow/dags/job_scraping_dag.py
[2026-03-21T16:44:05.279+0000] {logging_mixin.py:190} INFO - [2026-03-21T16:44:05.278+0000] {dag.py:3239} INFO - Sync 1 DAGs
[2026-03-21T16:44:05.312+0000] {logging_mixin.py:190} INFO - [2026-03-21T16:44:05.312+0000] {dag.py:4180} INFO - Setting next_dagrun for daily_job_scraping to 2026-03-21 12:00:00+00:00, run_after=2026-03-22 12:00:00+00:00
[2026-03-21T16:44:05.333+0000] {processor.py:208} INFO - Processing /opt/airflow/dags/job_scraping_dag.py took 0.730 seconds
[2026-03-21T16:44:35.599+0000] {processor.py:186} INFO - Started process (PID=896) to work on /opt/airflow/dags/job_scraping_dag.py
[2026-03-21T16:44:35.600+0000] {processor.py:914} INFO - Processing file /opt/airflow/dags/job_scraping_dag.py for tasks to queue
[2026-03-21T16:44:35.602+0000] {logging_mixin.py:190} INFO - [2026-03-21T16:44:35.602+0000] {dagbag.py:588} INFO - Filling up the DagBag from /opt/airflow/dags/job_scraping_dag.py
[2026-03-21T16:44:36.140+0000] {processor.py:925} INFO - DAG(s) 'daily_job_scraping' retrieved from /opt/airflow/dags/job_scraping_dag.py
[2026-03-21T16:44:36.165+0000] {logging_mixin.py:190} INFO - [2026-03-21T16:44:36.164+0000] {dag.py:3239} INFO - Sync 1 DAGs
[2026-03-21T16:44:36.184+0000] {logging_mixin.py:190} INFO - [2026-03-21T16:44:36.183+0000] {dag.py:4180} INFO - Setting next_dagrun for daily_job_scraping to 2026-03-21 12:00:00+00:00, run_after=2026-03-22 12:00:00+00:00
[2026-03-21T16:44:36.216+0000] {processor.py:208} INFO - Processing /opt/airflow/dags/job_scraping_dag.py took 0.623 seconds
[2026-03-21T16:45:06.466+0000] {processor.py:186} INFO - Started process (PID=902) to work on /opt/airflow/dags/job_scraping_dag.py
[2026-03-21T16:45:06.468+0000] {processor.py:914} INFO - Processing file /opt/airflow/dags/job_scraping_dag.py for tasks to queue
[2026-03-21T16:45:06.470+0000] {logging_mixin.py:190} INFO - [2026-03-21T16:45:06.470+0000] {dagbag.py:588} INFO - Filling up the DagBag from /opt/airflow/dags/job_scraping_dag.py
[2026-03-21T16:45:07.095+0000] {processor.py:925} INFO - DAG(s) 'daily_job_scraping' retrieved from /opt/airflow/dags/job_scraping_dag.py
[2026-03-21T16:45:07.128+0000] {logging_mixin.py:190} INFO - [2026-03-21T16:45:07.127+0000] {dag.py:3239} INFO - Sync 1 DAGs
[2026-03-21T16:45:07.154+0000] {logging_mixin.py:190} INFO - [2026-03-21T16:45:07.153+0000] {dag.py:4180} INFO - Setting next_dagrun for daily_job_scraping to 2026-03-21 12:00:00+00:00, run_after=2026-03-22 12:00:00+00:00
[2026-03-21T16:45:07.197+0000] {processor.py:208} INFO - Processing /opt/airflow/dags/job_scraping_dag.py took 0.735 seconds
[2026-03-21T16:45:37.547+0000] {processor.py:186} INFO - Started process (PID=908) to work on /opt/airflow/dags/job_scraping_dag.py
[2026-03-21T16:45:37.548+0000] {processor.py:914} INFO - Processing file /opt/airflow/dags/job_scraping_dag.py for tasks to queue
[2026-03-21T16:45:37.550+0000] {logging_mixin.py:190} INFO - [2026-03-21T16:45:37.550+0000] {dagbag.py:588} INFO - Filling up the DagBag from /opt/airflow/dags/job_scraping_dag.py
[2026-03-21T16:45:38.086+0000] {processor.py:925} INFO - DAG(s) 'daily_job_scraping' retrieved from /opt/airflow/dags/job_scraping_dag.py
[2026-03-21T16:45:38.108+0000] {logging_mixin.py:190} INFO - [2026-03-21T16:45:38.108+0000] {dag.py:3239} INFO - Sync 1 DAGs
[2026-03-21T16:45:38.127+0000] {logging_mixin.py:190} INFO - [2026-03-21T16:45:38.127+0000] {dag.py:4180} INFO - Setting next_dagrun for daily_job_scraping to 2026-03-21 12:00:00+00:00, run_after=2026-03-22 12:00:00+00:00
[2026-03-21T16:45:38.149+0000] {processor.py:208} INFO - Processing /opt/airflow/dags/job_scraping_dag.py took 0.609 seconds
[2026-03-21T16:46:08.484+0000] {processor.py:186} INFO - Started process (PID=914) to work on /opt/airflow/dags/job_scraping_dag.py
[2026-03-21T16:46:08.485+0000] {processor.py:914} INFO - Processing file /opt/airflow/dags/job_scraping_dag.py for tasks to queue
[2026-03-21T16:46:08.487+0000] {logging_mixin.py:190} INFO - [2026-03-21T16:46:08.487+0000] {dagbag.py:588} INFO - Filling up the DagBag from /opt/airflow/dags/job_scraping_dag.py
[2026-03-21T16:46:09.057+0000] {processor.py:925} INFO - DAG(s) 'daily_job_scraping' retrieved from /opt/airflow/dags/job_scraping_dag.py
[2026-03-21T16:46:09.084+0000] {logging_mixin.py:190} INFO - [2026-03-21T16:46:09.083+0000] {dag.py:3239} INFO - Sync 1 DAGs
[2026-03-21T16:46:09.102+0000] {logging_mixin.py:190} INFO - [2026-03-21T16:46:09.102+0000] {dag.py:4180} INFO - Setting next_dagrun for daily_job_scraping to 2026-03-21 12:00:00+00:00, run_after=2026-03-22 12:00:00+00:00
[2026-03-21T16:46:09.120+0000] {processor.py:208} INFO - Processing /opt/airflow/dags/job_scraping_dag.py took 0.642 seconds
[2026-03-21T16:46:39.397+0000] {processor.py:186} INFO - Started process (PID=920) to work on /opt/airflow/dags/job_scraping_dag.py
[2026-03-21T16:46:39.398+0000] {processor.py:914} INFO - Processing file /opt/airflow/dags/job_scraping_dag.py for tasks to queue
[2026-03-21T16:46:39.400+0000] {logging_mixin.py:190} INFO - [2026-03-21T16:46:39.400+0000] {dagbag.py:588} INFO - Filling up the DagBag from /opt/airflow/dags/job_scraping_dag.py
[2026-03-21T16:46:39.931+0000] {processor.py:925} INFO - DAG(s) 'daily_job_scraping' retrieved from /opt/airflow/dags/job_scraping_dag.py
[2026-03-21T16:46:39.956+0000] {logging_mixin.py:190} INFO - [2026-03-21T16:46:39.956+0000] {dag.py:3239} INFO - Sync 1 DAGs
[2026-03-21T16:46:39.976+0000] {logging_mixin.py:190} INFO - [2026-03-21T16:46:39.976+0000] {dag.py:4180} INFO - Setting next_dagrun for daily_job_scraping to 2026-03-21 12:00:00+00:00, run_after=2026-03-22 12:00:00+00:00
[2026-03-21T16:46:40.002+0000] {processor.py:208} INFO - Processing /opt/airflow/dags/job_scraping_dag.py took 0.611 seconds
[2026-03-21T16:47:10.253+0000] {processor.py:186} INFO - Started process (PID=926) to work on /opt/airflow/dags/job_scraping_dag.py
[2026-03-21T16:47:10.255+0000] {processor.py:914} INFO - Processing file /opt/airflow/dags/job_scraping_dag.py for tasks to queue
[2026-03-21T16:47:10.258+0000] {logging_mixin.py:190} INFO - [2026-03-21T16:47:10.257+0000] {dagbag.py:588} INFO - Filling up the DagBag from /opt/airflow/dags/job_scraping_dag.py
[2026-03-21T16:47:10.784+0000] {processor.py:925} INFO - DAG(s) 'daily_job_scraping' retrieved from /opt/airflow/dags/job_scraping_dag.py
[2026-03-21T16:47:10.808+0000] {logging_mixin.py:190} INFO - [2026-03-21T16:47:10.807+0000] {dag.py:3239} INFO - Sync 1 DAGs
[2026-03-21T16:47:10.827+0000] {logging_mixin.py:190} INFO - [2026-03-21T16:47:10.827+0000] {dag.py:4180} INFO - Setting next_dagrun for daily_job_scraping to 2026-03-21 12:00:00+00:00, run_after=2026-03-22 12:00:00+00:00
[2026-03-21T16:47:10.853+0000] {processor.py:208} INFO - Processing /opt/airflow/dags/job_scraping_dag.py took 0.605 seconds
[2026-03-21T16:47:41.161+0000] {processor.py:186} INFO - Started process (PID=932) to work on /opt/airflow/dags/job_scraping_dag.py
[2026-03-21T16:47:41.162+0000] {processor.py:914} INFO - Processing file /opt/airflow/dags/job_scraping_dag.py for tasks to queue
[2026-03-21T16:47:41.165+0000] {logging_mixin.py:190} INFO - [2026-03-21T16:47:41.165+0000] {dagbag.py:588} INFO - Filling up the DagBag from /opt/airflow/dags/job_scraping_dag.py
[2026-03-21T16:47:41.692+0000] {processor.py:925} INFO - DAG(s) 'daily_job_scraping' retrieved from /opt/airflow/dags/job_scraping_dag.py
[2026-03-21T16:47:41.716+0000] {logging_mixin.py:190} INFO - [2026-03-21T16:47:41.716+0000] {dag.py:3239} INFO - Sync 1 DAGs
[2026-03-21T16:47:41.735+0000] {logging_mixin.py:190} INFO - [2026-03-21T16:47:41.735+0000] {dag.py:4180} INFO - Setting next_dagrun for daily_job_scraping to 2026-03-21 12:00:00+00:00, run_after=2026-03-22 12:00:00+00:00
[2026-03-21T16:47:41.756+0000] {processor.py:208} INFO - Processing /opt/airflow/dags/job_scraping_dag.py took 0.602 seconds
[2026-03-21T16:48:12.034+0000] {processor.py:186} INFO - Started process (PID=938) to work on /opt/airflow/dags/job_scraping_dag.py
[2026-03-21T16:48:12.035+0000] {processor.py:914} INFO - Processing file /opt/airflow/dags/job_scraping_dag.py for tasks to queue
[2026-03-21T16:48:12.037+0000] {logging_mixin.py:190} INFO - [2026-03-21T16:48:12.037+0000] {dagbag.py:588} INFO - Filling up the DagBag from /opt/airflow/dags/job_scraping_dag.py
[2026-03-21T16:48:12.659+0000] {processor.py:925} INFO - DAG(s) 'daily_job_scraping' retrieved from /opt/airflow/dags/job_scraping_dag.py
[2026-03-21T16:48:12.683+0000] {logging_mixin.py:190} INFO - [2026-03-21T16:48:12.682+0000] {dag.py:3239} INFO - Sync 1 DAGs
[2026-03-21T16:48:12.702+0000] {logging_mixin.py:190} INFO - [2026-03-21T16:48:12.702+0000] {dag.py:4180} INFO - Setting next_dagrun for daily_job_scraping to 2026-03-21 12:00:00+00:00, run_after=2026-03-22 12:00:00+00:00
[2026-03-21T16:48:12.721+0000] {processor.py:208} INFO - Processing /opt/airflow/dags/job_scraping_dag.py took 0.693 seconds
[2026-03-21T16:48:43.063+0000] {processor.py:186} INFO - Started process (PID=944) to work on /opt/airflow/dags/job_scraping_dag.py
[2026-03-21T16:48:43.064+0000] {processor.py:914} INFO - Processing file /opt/airflow/dags/job_scraping_dag.py for tasks to queue
[2026-03-21T16:48:43.066+0000] {logging_mixin.py:190} INFO - [2026-03-21T16:48:43.066+0000] {dagbag.py:588} INFO - Filling up the DagBag from /opt/airflow/dags/job_scraping_dag.py
[2026-03-21T16:48:43.586+0000] {processor.py:925} INFO - DAG(s) 'daily_job_scraping' retrieved from /opt/airflow/dags/job_scraping_dag.py
[2026-03-21T16:48:43.610+0000] {logging_mixin.py:190} INFO - [2026-03-21T16:48:43.610+0000] {dag.py:3239} INFO - Sync 1 DAGs
[2026-03-21T16:48:43.635+0000] {logging_mixin.py:190} INFO - [2026-03-21T16:48:43.635+0000] {dag.py:4180} INFO - Setting next_dagrun for daily_job_scraping to 2026-03-21 12:00:00+00:00, run_after=2026-03-22 12:00:00+00:00
[2026-03-21T16:48:43.657+0000] {processor.py:208} INFO - Processing /opt/airflow/dags/job_scraping_dag.py took 0.600 seconds
[2026-03-21T16:49:13.983+0000] {processor.py:186} INFO - Started process (PID=950) to work on /opt/airflow/dags/job_scraping_dag.py
[2026-03-21T16:49:13.984+0000] {processor.py:914} INFO - Processing file /opt/airflow/dags/job_scraping_dag.py for tasks to queue
[2026-03-21T16:49:13.986+0000] {logging_mixin.py:190} INFO - [2026-03-21T16:49:13.986+0000] {dagbag.py:588} INFO - Filling up the DagBag from /opt/airflow/dags/job_scraping_dag.py
[2026-03-21T16:49:14.545+0000] {processor.py:925} INFO - DAG(s) 'daily_job_scraping' retrieved from /opt/airflow/dags/job_scraping_dag.py
[2026-03-21T16:49:14.570+0000] {logging_mixin.py:190} INFO - [2026-03-21T16:49:14.569+0000] {dag.py:3239} INFO - Sync 1 DAGs
[2026-03-21T16:49:14.589+0000] {logging_mixin.py:190} INFO - [2026-03-21T16:49:14.589+0000] {dag.py:4180} INFO - Setting next_dagrun for daily_job_scraping to 2026-03-21 12:00:00+00:00, run_after=2026-03-22 12:00:00+00:00
[2026-03-21T16:49:14.610+0000] {processor.py:208} INFO - Processing /opt/airflow/dags/job_scraping_dag.py took 0.633 seconds
[2026-03-21T16:49:45.025+0000] {processor.py:186} INFO - Started process (PID=956) to work on /opt/airflow/dags/job_scraping_dag.py
[2026-03-21T16:49:45.026+0000] {processor.py:914} INFO - Processing file /opt/airflow/dags/job_scraping_dag.py for tasks to queue
[2026-03-21T16:49:45.029+0000] {logging_mixin.py:190} INFO - [2026-03-21T16:49:45.028+0000] {dagbag.py:588} INFO - Filling up the DagBag from /opt/airflow/dags/job_scraping_dag.py
[2026-03-21T16:49:45.654+0000] {processor.py:925} INFO - DAG(s) 'daily_job_scraping' retrieved from /opt/airflow/dags/job_scraping_dag.py
[2026-03-21T16:49:45.682+0000] {logging_mixin.py:190} INFO - [2026-03-21T16:49:45.682+0000] {dag.py:3239} INFO - Sync 1 DAGs
[2026-03-21T16:49:45.704+0000] {logging_mixin.py:190} INFO - [2026-03-21T16:49:45.704+0000] {dag.py:4180} INFO - Setting next_dagrun for daily_job_scraping to 2026-03-21 12:00:00+00:00, run_after=2026-03-22 12:00:00+00:00
[2026-03-21T16:49:45.733+0000] {processor.py:208} INFO - Processing /opt/airflow/dags/job_scraping_dag.py took 0.716 seconds
[2026-03-21T16:50:15.861+0000] {processor.py:186} INFO - Started process (PID=962) to work on /opt/airflow/dags/job_scraping_dag.py
[2026-03-21T16:50:15.862+0000] {processor.py:914} INFO - Processing file /opt/airflow/dags/job_scraping_dag.py for tasks to queue
[2026-03-21T16:50:15.865+0000] {logging_mixin.py:190} INFO - [2026-03-21T16:50:15.864+0000] {dagbag.py:588} INFO - Filling up the DagBag from /opt/airflow/dags/job_scraping_dag.py
[2026-03-21T16:50:16.579+0000] {processor.py:925} INFO - DAG(s) 'daily_job_scraping' retrieved from /opt/airflow/dags/job_scraping_dag.py
[2026-03-21T16:50:16.603+0000] {logging_mixin.py:190} INFO - [2026-03-21T16:50:16.602+0000] {dag.py:3239} INFO - Sync 1 DAGs
[2026-03-21T16:50:16.623+0000] {logging_mixin.py:190} INFO - [2026-03-21T16:50:16.623+0000] {dag.py:4180} INFO - Setting next_dagrun for daily_job_scraping to 2026-03-21 12:00:00+00:00, run_after=2026-03-22 12:00:00+00:00
[2026-03-21T16:50:16.645+0000] {processor.py:208} INFO - Processing /opt/airflow/dags/job_scraping_dag.py took 0.789 seconds
[2026-03-21T16:50:46.981+0000] {processor.py:186} INFO - Started process (PID=968) to work on /opt/airflow/dags/job_scraping_dag.py
[2026-03-21T16:50:46.984+0000] {processor.py:914} INFO - Processing file /opt/airflow/dags/job_scraping_dag.py for tasks to queue
[2026-03-21T16:50:46.992+0000] {logging_mixin.py:190} INFO - [2026-03-21T16:50:46.992+0000] {dagbag.py:588} INFO - Filling up the DagBag from /opt/airflow/dags/job_scraping_dag.py
[2026-03-21T16:50:48.014+0000] {processor.py:925} INFO - DAG(s) 'daily_job_scraping' retrieved from /opt/airflow/dags/job_scraping_dag.py
[2026-03-21T16:50:48.050+0000] {logging_mixin.py:190} INFO - [2026-03-21T16:50:48.049+0000] {dag.py:3239} INFO - Sync 1 DAGs
[2026-03-21T16:50:48.079+0000] {logging_mixin.py:190} INFO - [2026-03-21T16:50:48.079+0000] {dag.py:4180} INFO - Setting next_dagrun for daily_job_scraping to 2026-03-21 12:00:00+00:00, run_after=2026-03-22 12:00:00+00:00
[2026-03-21T16:50:48.115+0000] {processor.py:208} INFO - Processing /opt/airflow/dags/job_scraping_dag.py took 1.144 seconds
[2026-03-21T16:51:18.296+0000] {processor.py:186} INFO - Started process (PID=974) to work on /opt/airflow/dags/job_scraping_dag.py
[2026-03-21T16:51:18.298+0000] {processor.py:914} INFO - Processing file /opt/airflow/dags/job_scraping_dag.py for tasks to queue
[2026-03-21T16:51:18.301+0000] {logging_mixin.py:190} INFO - [2026-03-21T16:51:18.301+0000] {dagbag.py:588} INFO - Filling up the DagBag from /opt/airflow/dags/job_scraping_dag.py
[2026-03-21T16:51:19.398+0000] {processor.py:925} INFO - DAG(s) 'daily_job_scraping' retrieved from /opt/airflow/dags/job_scraping_dag.py
[2026-03-21T16:51:19.431+0000] {logging_mixin.py:190} INFO - [2026-03-21T16:51:19.430+0000] {dag.py:3239} INFO - Sync 1 DAGs
[2026-03-21T16:51:19.461+0000] {logging_mixin.py:190} INFO - [2026-03-21T16:51:19.461+0000] {dag.py:4180} INFO - Setting next_dagrun for daily_job_scraping to 2026-03-21 12:00:00+00:00, run_after=2026-03-22 12:00:00+00:00
[2026-03-21T16:51:19.489+0000] {processor.py:208} INFO - Processing /opt/airflow/dags/job_scraping_dag.py took 1.202 seconds
[2026-03-21T16:51:49.727+0000] {processor.py:186} INFO - Started process (PID=980) to work on /opt/airflow/dags/job_scraping_dag.py
[2026-03-21T16:51:49.729+0000] {processor.py:914} INFO - Processing file /opt/airflow/dags/job_scraping_dag.py for tasks to queue
[2026-03-21T16:51:49.733+0000] {logging_mixin.py:190} INFO - [2026-03-21T16:51:49.732+0000] {dagbag.py:588} INFO - Filling up the DagBag from /opt/airflow/dags/job_scraping_dag.py
[2026-03-21T16:51:50.362+0000] {processor.py:925} INFO - DAG(s) 'daily_job_scraping' retrieved from /opt/airflow/dags/job_scraping_dag.py
[2026-03-21T16:51:50.394+0000] {logging_mixin.py:190} INFO - [2026-03-21T16:51:50.393+0000] {dag.py:3239} INFO - Sync 1 DAGs
[2026-03-21T16:51:50.421+0000] {logging_mixin.py:190} INFO - [2026-03-21T16:51:50.421+0000] {dag.py:4180} INFO - Setting next_dagrun for daily_job_scraping to 2026-03-21 12:00:00+00:00, run_after=2026-03-22 12:00:00+00:00
[2026-03-21T16:51:50.455+0000] {processor.py:208} INFO - Processing /opt/airflow/dags/job_scraping_dag.py took 0.735 seconds
[2026-03-21T16:52:20.830+0000] {processor.py:186} INFO - Started process (PID=986) to work on /opt/airflow/dags/job_scraping_dag.py
[2026-03-21T16:52:20.831+0000] {processor.py:914} INFO - Processing file /opt/airflow/dags/job_scraping_dag.py for tasks to queue
[2026-03-21T16:52:20.835+0000] {logging_mixin.py:190} INFO - [2026-03-21T16:52:20.835+0000] {dagbag.py:588} INFO - Filling up the DagBag from /opt/airflow/dags/job_scraping_dag.py
[2026-03-21T16:52:21.537+0000] {processor.py:925} INFO - DAG(s) 'daily_job_scraping' retrieved from /opt/airflow/dags/job_scraping_dag.py
[2026-03-21T16:52:21.569+0000] {logging_mixin.py:190} INFO - [2026-03-21T16:52:21.568+0000] {dag.py:3239} INFO - Sync 1 DAGs
[2026-03-21T16:52:21.594+0000] {logging_mixin.py:190} INFO - [2026-03-21T16:52:21.593+0000] {dag.py:4180} INFO - Setting next_dagrun for daily_job_scraping to 2026-03-21 12:00:00+00:00, run_after=2026-03-22 12:00:00+00:00
[2026-03-21T16:52:21.621+0000] {processor.py:208} INFO - Processing /opt/airflow/dags/job_scraping_dag.py took 0.797 seconds
[2026-03-21T16:52:52.007+0000] {processor.py:186} INFO - Started process (PID=992) to work on /opt/airflow/dags/job_scraping_dag.py
[2026-03-21T16:52:52.009+0000] {processor.py:914} INFO - Processing file /opt/airflow/dags/job_scraping_dag.py for tasks to queue
[2026-03-21T16:52:52.015+0000] {logging_mixin.py:190} INFO - [2026-03-21T16:52:52.014+0000] {dagbag.py:588} INFO - Filling up the DagBag from /opt/airflow/dags/job_scraping_dag.py
[2026-03-21T16:52:53.611+0000] {processor.py:925} INFO - DAG(s) 'daily_job_scraping' retrieved from /opt/airflow/dags/job_scraping_dag.py
[2026-03-21T16:52:53.655+0000] {logging_mixin.py:190} INFO - [2026-03-21T16:52:53.655+0000] {dag.py:3239} INFO - Sync 1 DAGs
[2026-03-21T16:52:53.695+0000] {logging_mixin.py:190} INFO - [2026-03-21T16:52:53.694+0000] {dag.py:4180} INFO - Setting next_dagrun for daily_job_scraping to 2026-03-21 12:00:00+00:00, run_after=2026-03-22 12:00:00+00:00
[2026-03-21T16:52:53.724+0000] {processor.py:208} INFO - Processing /opt/airflow/dags/job_scraping_dag.py took 1.727 seconds
[2026-03-21T16:53:24.112+0000] {processor.py:186} INFO - Started process (PID=998) to work on /opt/airflow/dags/job_scraping_dag.py
[2026-03-21T16:53:24.113+0000] {processor.py:914} INFO - Processing file /opt/airflow/dags/job_scraping_dag.py for tasks to queue
[2026-03-21T16:53:24.116+0000] {logging_mixin.py:190} INFO - [2026-03-21T16:53:24.115+0000] {dagbag.py:588} INFO - Filling up the DagBag from /opt/airflow/dags/job_scraping_dag.py
[2026-03-21T16:53:24.754+0000] {processor.py:925} INFO - DAG(s) 'daily_job_scraping' retrieved from /opt/airflow/dags/job_scraping_dag.py
[2026-03-21T16:53:24.791+0000] {logging_mixin.py:190} INFO - [2026-03-21T16:53:24.790+0000] {dag.py:3239} INFO - Sync 1 DAGs
[2026-03-21T16:53:24.819+0000] {logging_mixin.py:190} INFO - [2026-03-21T16:53:24.819+0000] {dag.py:4180} INFO - Setting next_dagrun for daily_job_scraping to 2026-03-21 12:00:00+00:00, run_after=2026-03-22 12:00:00+00:00
[2026-03-21T16:53:24.844+0000] {processor.py:208} INFO - Processing /opt/airflow/dags/job_scraping_dag.py took 0.739 seconds
[2026-03-21T16:53:55.023+0000] {processor.py:186} INFO - Started process (PID=1004) to work on /opt/airflow/dags/job_scraping_dag.py
[2026-03-21T16:53:55.025+0000] {processor.py:914} INFO - Processing file /opt/airflow/dags/job_scraping_dag.py for tasks to queue
[2026-03-21T16:53:55.029+0000] {logging_mixin.py:190} INFO - [2026-03-21T16:53:55.028+0000] {dagbag.py:588} INFO - Filling up the DagBag from /opt/airflow/dags/job_scraping_dag.py
[2026-03-21T16:53:56.203+0000] {processor.py:925} INFO - DAG(s) 'daily_job_scraping' retrieved from /opt/airflow/dags/job_scraping_dag.py
[2026-03-21T16:53:56.239+0000] {logging_mixin.py:190} INFO - [2026-03-21T16:53:56.238+0000] {dag.py:3239} INFO - Sync 1 DAGs
[2026-03-21T16:53:56.274+0000] {logging_mixin.py:190} INFO - [2026-03-21T16:53:56.274+0000] {dag.py:4180} INFO - Setting next_dagrun for daily_job_scraping to 2026-03-21 12:00:00+00:00, run_after=2026-03-22 12:00:00+00:00
[2026-03-21T16:53:56.355+0000] {processor.py:208} INFO - Processing /opt/airflow/dags/job_scraping_dag.py took 1.343 seconds
[2026-03-21T16:54:26.600+0000] {processor.py:186} INFO - Started process (PID=1010) to work on /opt/airflow/dags/job_scraping_dag.py
[2026-03-21T16:54:26.602+0000] {processor.py:914} INFO - Processing file /opt/airflow/dags/job_scraping_dag.py for tasks to queue
[2026-03-21T16:54:26.606+0000] {logging_mixin.py:190} INFO - [2026-03-21T16:54:26.605+0000] {dagbag.py:588} INFO - Filling up the DagBag from /opt/airflow/dags/job_scraping_dag.py
[2026-03-21T16:54:28.034+0000] {processor.py:925} INFO - DAG(s) 'daily_job_scraping' retrieved from /opt/airflow/dags/job_scraping_dag.py
[2026-03-21T16:54:28.107+0000] {logging_mixin.py:190} INFO - [2026-03-21T16:54:28.107+0000] {dag.py:3239} INFO - Sync 1 DAGs
[2026-03-21T16:54:28.144+0000] {logging_mixin.py:190} INFO - [2026-03-21T16:54:28.143+0000] {dag.py:4180} INFO - Setting next_dagrun for daily_job_scraping to 2026-03-21 12:00:00+00:00, run_after=2026-03-22 12:00:00+00:00
[2026-03-21T16:54:28.174+0000] {processor.py:208} INFO - Processing /opt/airflow/dags/job_scraping_dag.py took 1.583 seconds
[2026-03-21T16:54:58.511+0000] {processor.py:186} INFO - Started process (PID=1016) to work on /opt/airflow/dags/job_scraping_dag.py
[2026-03-21T16:54:58.512+0000] {processor.py:914} INFO - Processing file /opt/airflow/dags/job_scraping_dag.py for tasks to queue
[2026-03-21T16:54:58.514+0000] {logging_mixin.py:190} INFO - [2026-03-21T16:54:58.514+0000] {dagbag.py:588} INFO - Filling up the DagBag from /opt/airflow/dags/job_scraping_dag.py
[2026-03-21T16:54:59.180+0000] {processor.py:925} INFO - DAG(s) 'daily_job_scraping' retrieved from /opt/airflow/dags/job_scraping_dag.py
[2026-03-21T16:54:59.213+0000] {logging_mixin.py:190} INFO - [2026-03-21T16:54:59.212+0000] {dag.py:3239} INFO - Sync 1 DAGs
[2026-03-21T16:54:59.238+0000] {logging_mixin.py:190} INFO - [2026-03-21T16:54:59.237+0000] {dag.py:4180} INFO - Setting next_dagrun for daily_job_scraping to 2026-03-21 12:00:00+00:00, run_after=2026-03-22 12:00:00+00:00
[2026-03-21T16:54:59.267+0000] {processor.py:208} INFO - Processing /opt/airflow/dags/job_scraping_dag.py took 0.763 seconds
[2026-03-21T16:55:29.592+0000] {processor.py:186} INFO - Started process (PID=1022) to work on /opt/airflow/dags/job_scraping_dag.py
[2026-03-21T16:55:29.594+0000] {processor.py:914} INFO - Processing file /opt/airflow/dags/job_scraping_dag.py for tasks to queue
[2026-03-21T16:55:29.600+0000] {logging_mixin.py:190} INFO - [2026-03-21T16:55:29.600+0000] {dagbag.py:588} INFO - Filling up the DagBag from /opt/airflow/dags/job_scraping_dag.py
[2026-03-21T16:55:30.448+0000] {processor.py:925} INFO - DAG(s) 'daily_job_scraping' retrieved from /opt/airflow/dags/job_scraping_dag.py
[2026-03-21T16:55:30.481+0000] {logging_mixin.py:190} INFO - [2026-03-21T16:55:30.480+0000] {dag.py:3239} INFO - Sync 1 DAGs
[2026-03-21T16:55:30.506+0000] {logging_mixin.py:190} INFO - [2026-03-21T16:55:30.505+0000] {dag.py:4180} INFO - Setting next_dagrun for daily_job_scraping to 2026-03-21 12:00:00+00:00, run_after=2026-03-22 12:00:00+00:00
[2026-03-21T16:55:30.529+0000] {processor.py:208} INFO - Processing /opt/airflow/dags/job_scraping_dag.py took 0.947 seconds
[2026-03-21T16:56:00.853+0000] {processor.py:186} INFO - Started process (PID=1028) to work on /opt/airflow/dags/job_scraping_dag.py
[2026-03-21T16:56:00.854+0000] {processor.py:914} INFO - Processing file /opt/airflow/dags/job_scraping_dag.py for tasks to queue
[2026-03-21T16:56:00.857+0000] {logging_mixin.py:190} INFO - [2026-03-21T16:56:00.856+0000] {dagbag.py:588} INFO - Filling up the DagBag from /opt/airflow/dags/job_scraping_dag.py
[2026-03-21T16:56:01.394+0000] {processor.py:925} INFO - DAG(s) 'daily_job_scraping' retrieved from /opt/airflow/dags/job_scraping_dag.py
[2026-03-21T16:56:01.417+0000] {logging_mixin.py:190} INFO - [2026-03-21T16:56:01.417+0000] {dag.py:3239} INFO - Sync 1 DAGs
[2026-03-21T16:56:01.435+0000] {logging_mixin.py:190} INFO - [2026-03-21T16:56:01.435+0000] {dag.py:4180} INFO - Setting next_dagrun for daily_job_scraping to 2026-03-21 12:00:00+00:00, run_after=2026-03-22 12:00:00+00:00
[2026-03-21T16:56:01.453+0000] {processor.py:208} INFO - Processing /opt/airflow/dags/job_scraping_dag.py took 0.607 seconds
[2026-03-21T16:56:31.860+0000] {processor.py:186} INFO - Started process (PID=1034) to work on /opt/airflow/dags/job_scraping_dag.py
[2026-03-21T16:56:31.862+0000] {processor.py:914} INFO - Processing file /opt/airflow/dags/job_scraping_dag.py for tasks to queue
[2026-03-21T16:56:31.866+0000] {logging_mixin.py:190} INFO - [2026-03-21T16:56:31.866+0000] {dagbag.py:588} INFO - Filling up the DagBag from /opt/airflow/dags/job_scraping_dag.py
[2026-03-21T16:56:33.899+0000] {processor.py:925} INFO - DAG(s) 'daily_job_scraping' retrieved from /opt/airflow/dags/job_scraping_dag.py
[2026-03-21T16:56:33.984+0000] {logging_mixin.py:190} INFO - [2026-03-21T16:56:33.983+0000] {dag.py:3239} INFO - Sync 1 DAGs
[2026-03-21T16:56:34.038+0000] {logging_mixin.py:190} INFO - [2026-03-21T16:56:34.038+0000] {dag.py:4180} INFO - Setting next_dagrun for daily_job_scraping to 2026-03-21 12:00:00+00:00, run_after=2026-03-22 12:00:00+00:00
[2026-03-21T16:56:34.084+0000] {processor.py:208} INFO - Processing /opt/airflow/dags/job_scraping_dag.py took 2.235 seconds
[2026-03-21T16:57:04.454+0000] {processor.py:186} INFO - Started process (PID=1040) to work on /opt/airflow/dags/job_scraping_dag.py
[2026-03-21T16:57:04.455+0000] {processor.py:914} INFO - Processing file /opt/airflow/dags/job_scraping_dag.py for tasks to queue
[2026-03-21T16:57:04.457+0000] {logging_mixin.py:190} INFO - [2026-03-21T16:57:04.457+0000] {dagbag.py:588} INFO - Filling up the DagBag from /opt/airflow/dags/job_scraping_dag.py
[2026-03-21T16:57:04.999+0000] {processor.py:925} INFO - DAG(s) 'daily_job_scraping' retrieved from /opt/airflow/dags/job_scraping_dag.py
[2026-03-21T16:57:05.025+0000] {logging_mixin.py:190} INFO - [2026-03-21T16:57:05.024+0000] {dag.py:3239} INFO - Sync 1 DAGs
[2026-03-21T16:57:05.050+0000] {logging_mixin.py:190} INFO - [2026-03-21T16:57:05.050+0000] {dag.py:4180} INFO - Setting next_dagrun for daily_job_scraping to 2026-03-21 12:00:00+00:00, run_after=2026-03-22 12:00:00+00:00
[2026-03-21T16:57:05.072+0000] {processor.py:208} INFO - Processing /opt/airflow/dags/job_scraping_dag.py took 0.625 seconds
[2026-03-21T16:57:35.331+0000] {processor.py:186} INFO - Started process (PID=1046) to work on /opt/airflow/dags/job_scraping_dag.py
[2026-03-21T16:57:35.332+0000] {processor.py:914} INFO - Processing file /opt/airflow/dags/job_scraping_dag.py for tasks to queue
[2026-03-21T16:57:35.335+0000] {logging_mixin.py:190} INFO - [2026-03-21T16:57:35.335+0000] {dagbag.py:588} INFO - Filling up the DagBag from /opt/airflow/dags/job_scraping_dag.py
[2026-03-21T16:57:36.012+0000] {processor.py:925} INFO - DAG(s) 'daily_job_scraping' retrieved from /opt/airflow/dags/job_scraping_dag.py
[2026-03-21T16:57:36.042+0000] {logging_mixin.py:190} INFO - [2026-03-21T16:57:36.041+0000] {dag.py:3239} INFO - Sync 1 DAGs
[2026-03-21T16:57:36.069+0000] {logging_mixin.py:190} INFO - [2026-03-21T16:57:36.069+0000] {dag.py:4180} INFO - Setting next_dagrun for daily_job_scraping to 2026-03-21 12:00:00+00:00, run_after=2026-03-22 12:00:00+00:00
[2026-03-21T16:57:36.092+0000] {processor.py:208} INFO - Processing /opt/airflow/dags/job_scraping_dag.py took 0.767 seconds
[2026-03-21T16:58:06.381+0000] {processor.py:186} INFO - Started process (PID=1052) to work on /opt/airflow/dags/job_scraping_dag.py
[2026-03-21T16:58:06.383+0000] {processor.py:914} INFO - Processing file /opt/airflow/dags/job_scraping_dag.py for tasks to queue
[2026-03-21T16:58:06.385+0000] {logging_mixin.py:190} INFO - [2026-03-21T16:58:06.385+0000] {dagbag.py:588} INFO - Filling up the DagBag from /opt/airflow/dags/job_scraping_dag.py
[2026-03-21T16:58:06.947+0000] {processor.py:925} INFO - DAG(s) 'daily_job_scraping' retrieved from /opt/airflow/dags/job_scraping_dag.py
[2026-03-21T16:58:06.972+0000] {logging_mixin.py:190} INFO - [2026-03-21T16:58:06.972+0000] {dag.py:3239} INFO - Sync 1 DAGs
[2026-03-21T16:58:06.994+0000] {logging_mixin.py:190} INFO - [2026-03-21T16:58:06.994+0000] {dag.py:4180} INFO - Setting next_dagrun for daily_job_scraping to 2026-03-21 12:00:00+00:00, run_after=2026-03-22 12:00:00+00:00
[2026-03-21T16:58:07.019+0000] {processor.py:208} INFO - Processing /opt/airflow/dags/job_scraping_dag.py took 0.644 seconds
[2026-03-21T16:58:37.368+0000] {processor.py:186} INFO - Started process (PID=1058) to work on /opt/airflow/dags/job_scraping_dag.py
[2026-03-21T16:58:37.370+0000] {processor.py:914} INFO - Processing file /opt/airflow/dags/job_scraping_dag.py for tasks to queue
[2026-03-21T16:58:37.374+0000] {logging_mixin.py:190} INFO - [2026-03-21T16:58:37.374+0000] {dagbag.py:588} INFO - Filling up the DagBag from /opt/airflow/dags/job_scraping_dag.py
[2026-03-21T16:58:38.091+0000] {processor.py:925} INFO - DAG(s) 'daily_job_scraping' retrieved from /opt/airflow/dags/job_scraping_dag.py
[2026-03-21T16:58:38.115+0000] {logging_mixin.py:190} INFO - [2026-03-21T16:58:38.114+0000] {dag.py:3239} INFO - Sync 1 DAGs
[2026-03-21T16:58:38.137+0000] {logging_mixin.py:190} INFO - [2026-03-21T16:58:38.137+0000] {dag.py:4180} INFO - Setting next_dagrun for daily_job_scraping to 2026-03-21 12:00:00+00:00, run_after=2026-03-22 12:00:00+00:00
[2026-03-21T16:58:38.160+0000] {processor.py:208} INFO - Processing /opt/airflow/dags/job_scraping_dag.py took 0.803 seconds
[2026-03-21T16:59:08.499+0000] {processor.py:186} INFO - Started process (PID=1064) to work on /opt/airflow/dags/job_scraping_dag.py
[2026-03-21T16:59:08.500+0000] {processor.py:914} INFO - Processing file /opt/airflow/dags/job_scraping_dag.py for tasks to queue
[2026-03-21T16:59:08.502+0000] {logging_mixin.py:190} INFO - [2026-03-21T16:59:08.501+0000] {dagbag.py:588} INFO - Filling up the DagBag from /opt/airflow/dags/job_scraping_dag.py
[2026-03-21T16:59:09.041+0000] {processor.py:925} INFO - DAG(s) 'daily_job_scraping' retrieved from /opt/airflow/dags/job_scraping_dag.py
[2026-03-21T16:59:09.061+0000] {logging_mixin.py:190} INFO - [2026-03-21T16:59:09.061+0000] {dag.py:3239} INFO - Sync 1 DAGs
[2026-03-21T16:59:09.077+0000] {logging_mixin.py:190} INFO - [2026-03-21T16:59:09.077+0000] {dag.py:4180} INFO - Setting next_dagrun for daily_job_scraping to 2026-03-21 12:00:00+00:00, run_after=2026-03-22 12:00:00+00:00
[2026-03-21T16:59:09.096+0000] {processor.py:208} INFO - Processing /opt/airflow/dags/job_scraping_dag.py took 0.603 seconds
[2026-03-21T16:59:39.360+0000] {processor.py:186} INFO - Started process (PID=1070) to work on /opt/airflow/dags/job_scraping_dag.py
[2026-03-21T16:59:39.361+0000] {processor.py:914} INFO - Processing file /opt/airflow/dags/job_scraping_dag.py for tasks to queue
[2026-03-21T16:59:39.364+0000] {logging_mixin.py:190} INFO - [2026-03-21T16:59:39.363+0000] {dagbag.py:588} INFO - Filling up the DagBag from /opt/airflow/dags/job_scraping_dag.py
[2026-03-21T16:59:39.959+0000] {processor.py:925} INFO - DAG(s) 'daily_job_scraping' retrieved from /opt/airflow/dags/job_scraping_dag.py
[2026-03-21T16:59:39.986+0000] {logging_mixin.py:190} INFO - [2026-03-21T16:59:39.986+0000] {dag.py:3239} INFO - Sync 1 DAGs
[2026-03-21T16:59:40.011+0000] {logging_mixin.py:190} INFO - [2026-03-21T16:59:40.011+0000] {dag.py:4180} INFO - Setting next_dagrun for daily_job_scraping to 2026-03-21 12:00:00+00:00, run_after=2026-03-22 12:00:00+00:00
[2026-03-21T16:59:40.036+0000] {processor.py:208} INFO - Processing /opt/airflow/dags/job_scraping_dag.py took 0.682 seconds
[2026-03-21T17:00:10.453+0000] {processor.py:186} INFO - Started process (PID=1076) to work on /opt/airflow/dags/job_scraping_dag.py
[2026-03-21T17:00:10.454+0000] {processor.py:914} INFO - Processing file /opt/airflow/dags/job_scraping_dag.py for tasks to queue
[2026-03-21T17:00:10.457+0000] {logging_mixin.py:190} INFO - [2026-03-21T17:00:10.457+0000] {dagbag.py:588} INFO - Filling up the DagBag from /opt/airflow/dags/job_scraping_dag.py
[2026-03-21T17:00:11.277+0000] {processor.py:925} INFO - DAG(s) 'daily_job_scraping' retrieved from /opt/airflow/dags/job_scraping_dag.py
[2026-03-21T17:00:11.307+0000] {logging_mixin.py:190} INFO - [2026-03-21T17:00:11.307+0000] {dag.py:3239} INFO - Sync 1 DAGs
[2026-03-21T17:00:11.334+0000] {logging_mixin.py:190} INFO - [2026-03-21T17:00:11.334+0000] {dag.py:4180} INFO - Setting next_dagrun for daily_job_scraping to 2026-03-21 12:00:00+00:00, run_after=2026-03-22 12:00:00+00:00
[2026-03-21T17:00:11.363+0000] {processor.py:208} INFO - Processing /opt/airflow/dags/job_scraping_dag.py took 0.916 seconds
[2026-03-21T17:00:41.713+0000] {processor.py:186} INFO - Started process (PID=1082) to work on /opt/airflow/dags/job_scraping_dag.py
[2026-03-21T17:00:41.714+0000] {processor.py:914} INFO - Processing file /opt/airflow/dags/job_scraping_dag.py for tasks to queue
[2026-03-21T17:00:41.718+0000] {logging_mixin.py:190} INFO - [2026-03-21T17:00:41.717+0000] {dagbag.py:588} INFO - Filling up the DagBag from /opt/airflow/dags/job_scraping_dag.py
[2026-03-21T17:00:42.478+0000] {processor.py:925} INFO - DAG(s) 'daily_job_scraping' retrieved from /opt/airflow/dags/job_scraping_dag.py
[2026-03-21T17:00:42.505+0000] {logging_mixin.py:190} INFO - [2026-03-21T17:00:42.504+0000] {dag.py:3239} INFO - Sync 1 DAGs
[2026-03-21T17:00:42.527+0000] {logging_mixin.py:190} INFO - [2026-03-21T17:00:42.527+0000] {dag.py:4180} INFO - Setting next_dagrun for daily_job_scraping to 2026-03-21 12:00:00+00:00, run_after=2026-03-22 12:00:00+00:00
[2026-03-21T17:00:42.552+0000] {processor.py:208} INFO - Processing /opt/airflow/dags/job_scraping_dag.py took 0.845 seconds
[2026-03-21T17:01:12.893+0000] {processor.py:186} INFO - Started process (PID=1088) to work on /opt/airflow/dags/job_scraping_dag.py
[2026-03-21T17:01:12.894+0000] {processor.py:914} INFO - Processing file /opt/airflow/dags/job_scraping_dag.py for tasks to queue
[2026-03-21T17:01:12.897+0000] {logging_mixin.py:190} INFO - [2026-03-21T17:01:12.896+0000] {dagbag.py:588} INFO - Filling up the DagBag from /opt/airflow/dags/job_scraping_dag.py
[2026-03-21T17:01:13.592+0000] {processor.py:925} INFO - DAG(s) 'daily_job_scraping' retrieved from /opt/airflow/dags/job_scraping_dag.py
[2026-03-21T17:01:13.623+0000] {logging_mixin.py:190} INFO - [2026-03-21T17:01:13.623+0000] {dag.py:3239} INFO - Sync 1 DAGs
[2026-03-21T17:01:13.646+0000] {logging_mixin.py:190} INFO - [2026-03-21T17:01:13.646+0000] {dag.py:4180} INFO - Setting next_dagrun for daily_job_scraping to 2026-03-21 12:00:00+00:00, run_after=2026-03-22 12:00:00+00:00
[2026-03-21T17:01:13.666+0000] {processor.py:208} INFO - Processing /opt/airflow/dags/job_scraping_dag.py took 0.779 seconds
[2026-03-21T17:01:44.010+0000] {processor.py:186} INFO - Started process (PID=1094) to work on /opt/airflow/dags/job_scraping_dag.py
[2026-03-21T17:01:44.012+0000] {processor.py:914} INFO - Processing file /opt/airflow/dags/job_scraping_dag.py for tasks to queue
[2026-03-21T17:01:44.014+0000] {logging_mixin.py:190} INFO - [2026-03-21T17:01:44.014+0000] {dagbag.py:588} INFO - Filling up the DagBag from /opt/airflow/dags/job_scraping_dag.py
[2026-03-21T17:01:44.756+0000] {processor.py:925} INFO - DAG(s) 'daily_job_scraping' retrieved from /opt/airflow/dags/job_scraping_dag.py
[2026-03-21T17:01:44.793+0000] {logging_mixin.py:190} INFO - [2026-03-21T17:01:44.793+0000] {dag.py:3239} INFO - Sync 1 DAGs
[2026-03-21T17:01:44.820+0000] {logging_mixin.py:190} INFO - [2026-03-21T17:01:44.820+0000] {dag.py:4180} INFO - Setting next_dagrun for daily_job_scraping to 2026-03-21 12:00:00+00:00, run_after=2026-03-22 12:00:00+00:00
[2026-03-21T17:01:44.854+0000] {processor.py:208} INFO - Processing /opt/airflow/dags/job_scraping_dag.py took 0.851 seconds
[2026-03-21T17:02:15.251+0000] {processor.py:186} INFO - Started process (PID=1100) to work on /opt/airflow/dags/job_scraping_dag.py
[2026-03-21T17:02:15.252+0000] {processor.py:914} INFO - Processing file /opt/airflow/dags/job_scraping_dag.py for tasks to queue
[2026-03-21T17:02:15.254+0000] {logging_mixin.py:190} INFO - [2026-03-21T17:02:15.254+0000] {dagbag.py:588} INFO - Filling up the DagBag from /opt/airflow/dags/job_scraping_dag.py
[2026-03-21T17:02:15.860+0000] {processor.py:925} INFO - DAG(s) 'daily_job_scraping' retrieved from /opt/airflow/dags/job_scraping_dag.py
[2026-03-21T17:02:15.936+0000] {logging_mixin.py:190} INFO - [2026-03-21T17:02:15.935+0000] {dag.py:3239} INFO - Sync 1 DAGs
[2026-03-21T17:02:15.968+0000] {logging_mixin.py:190} INFO - [2026-03-21T17:02:15.968+0000] {dag.py:4180} INFO - Setting next_dagrun for daily_job_scraping to 2026-03-21 12:00:00+00:00, run_after=2026-03-22 12:00:00+00:00
[2026-03-21T17:02:15.991+0000] {processor.py:208} INFO - Processing /opt/airflow/dags/job_scraping_dag.py took 0.747 seconds
[2026-03-21T17:02:46.419+0000] {processor.py:186} INFO - Started process (PID=1106) to work on /opt/airflow/dags/job_scraping_dag.py
[2026-03-21T17:02:46.420+0000] {processor.py:914} INFO - Processing file /opt/airflow/dags/job_scraping_dag.py for tasks to queue
[2026-03-21T17:02:46.422+0000] {logging_mixin.py:190} INFO - [2026-03-21T17:02:46.422+0000] {dagbag.py:588} INFO - Filling up the DagBag from /opt/airflow/dags/job_scraping_dag.py
[2026-03-21T17:02:46.960+0000] {processor.py:925} INFO - DAG(s) 'daily_job_scraping' retrieved from /opt/airflow/dags/job_scraping_dag.py
[2026-03-21T17:02:46.986+0000] {logging_mixin.py:190} INFO - [2026-03-21T17:02:46.986+0000] {dag.py:3239} INFO - Sync 1 DAGs
[2026-03-21T17:02:47.006+0000] {logging_mixin.py:190} INFO - [2026-03-21T17:02:47.006+0000] {dag.py:4180} INFO - Setting next_dagrun for daily_job_scraping to 2026-03-21 12:00:00+00:00, run_after=2026-03-22 12:00:00+00:00
[2026-03-21T17:02:47.031+0000] {processor.py:208} INFO - Processing /opt/airflow/dags/job_scraping_dag.py took 0.619 seconds
[2026-03-21T17:03:17.289+0000] {processor.py:186} INFO - Started process (PID=1112) to work on /opt/airflow/dags/job_scraping_dag.py
[2026-03-21T17:03:17.290+0000] {processor.py:914} INFO - Processing file /opt/airflow/dags/job_scraping_dag.py for tasks to queue
[2026-03-21T17:03:17.292+0000] {logging_mixin.py:190} INFO - [2026-03-21T17:03:17.292+0000] {dagbag.py:588} INFO - Filling up the DagBag from /opt/airflow/dags/job_scraping_dag.py
[2026-03-21T17:03:17.931+0000] {processor.py:925} INFO - DAG(s) 'daily_job_scraping' retrieved from /opt/airflow/dags/job_scraping_dag.py
[2026-03-21T17:03:17.979+0000] {logging_mixin.py:190} INFO - [2026-03-21T17:03:17.978+0000] {dag.py:3239} INFO - Sync 1 DAGs
[2026-03-21T17:03:18.020+0000] {logging_mixin.py:190} INFO - [2026-03-21T17:03:18.020+0000] {dag.py:4180} INFO - Setting next_dagrun for daily_job_scraping to 2026-03-21 12:00:00+00:00, run_after=2026-03-22 12:00:00+00:00
[2026-03-21T17:03:18.050+0000] {processor.py:208} INFO - Processing /opt/airflow/dags/job_scraping_dag.py took 0.768 seconds
[2026-03-21T17:03:48.318+0000] {processor.py:186} INFO - Started process (PID=1118) to work on /opt/airflow/dags/job_scraping_dag.py
[2026-03-21T17:03:48.319+0000] {processor.py:914} INFO - Processing file /opt/airflow/dags/job_scraping_dag.py for tasks to queue
[2026-03-21T17:03:48.322+0000] {logging_mixin.py:190} INFO - [2026-03-21T17:03:48.322+0000] {dagbag.py:588} INFO - Filling up the DagBag from /opt/airflow/dags/job_scraping_dag.py
[2026-03-21T17:03:48.913+0000] {processor.py:925} INFO - DAG(s) 'daily_job_scraping' retrieved from /opt/airflow/dags/job_scraping_dag.py
[2026-03-21T17:03:48.937+0000] {logging_mixin.py:190} INFO - [2026-03-21T17:03:48.937+0000] {dag.py:3239} INFO - Sync 1 DAGs
[2026-03-21T17:03:48.956+0000] {logging_mixin.py:190} INFO - [2026-03-21T17:03:48.956+0000] {dag.py:4180} INFO - Setting next_dagrun for daily_job_scraping to 2026-03-21 12:00:00+00:00, run_after=2026-03-22 12:00:00+00:00
[2026-03-21T17:03:48.976+0000] {processor.py:208} INFO - Processing /opt/airflow/dags/job_scraping_dag.py took 0.664 seconds
[2026-03-21T17:04:19.310+0000] {processor.py:186} INFO - Started process (PID=1124) to work on /opt/airflow/dags/job_scraping_dag.py
[2026-03-21T17:04:19.311+0000] {processor.py:914} INFO - Processing file /opt/airflow/dags/job_scraping_dag.py for tasks to queue
[2026-03-21T17:04:19.313+0000] {logging_mixin.py:190} INFO - [2026-03-21T17:04:19.313+0000] {dagbag.py:588} INFO - Filling up the DagBag from /opt/airflow/dags/job_scraping_dag.py
[2026-03-21T17:04:19.886+0000] {processor.py:925} INFO - DAG(s) 'daily_job_scraping' retrieved from /opt/airflow/dags/job_scraping_dag.py
[2026-03-21T17:04:19.907+0000] {logging_mixin.py:190} INFO - [2026-03-21T17:04:19.907+0000] {dag.py:3239} INFO - Sync 1 DAGs
[2026-03-21T17:04:19.928+0000] {logging_mixin.py:190} INFO - [2026-03-21T17:04:19.928+0000] {dag.py:4180} INFO - Setting next_dagrun for daily_job_scraping to 2026-03-21 12:00:00+00:00, run_after=2026-03-22 12:00:00+00:00
[2026-03-21T17:04:19.954+0000] {processor.py:208} INFO - Processing /opt/airflow/dags/job_scraping_dag.py took 0.650 seconds
[2026-03-21T17:04:50.322+0000] {processor.py:186} INFO - Started process (PID=1130) to work on /opt/airflow/dags/job_scraping_dag.py
[2026-03-21T17:04:50.324+0000] {processor.py:914} INFO - Processing file /opt/airflow/dags/job_scraping_dag.py for tasks to queue
[2026-03-21T17:04:50.327+0000] {logging_mixin.py:190} INFO - [2026-03-21T17:04:50.327+0000] {dagbag.py:588} INFO - Filling up the DagBag from /opt/airflow/dags/job_scraping_dag.py
[2026-03-21T17:04:50.977+0000] {processor.py:925} INFO - DAG(s) 'daily_job_scraping' retrieved from /opt/airflow/dags/job_scraping_dag.py
[2026-03-21T17:04:51.011+0000] {logging_mixin.py:190} INFO - [2026-03-21T17:04:51.010+0000] {dag.py:3239} INFO - Sync 1 DAGs
[2026-03-21T17:04:51.042+0000] {logging_mixin.py:190} INFO - [2026-03-21T17:04:51.041+0000] {dag.py:4180} INFO - Setting next_dagrun for daily_job_scraping to 2026-03-21 12:00:00+00:00, run_after=2026-03-22 12:00:00+00:00
[2026-03-21T17:04:51.072+0000] {processor.py:208} INFO - Processing /opt/airflow/dags/job_scraping_dag.py took 0.757 seconds
[2026-03-21T17:05:21.418+0000] {processor.py:186} INFO - Started process (PID=1136) to work on /opt/airflow/dags/job_scraping_dag.py
[2026-03-21T17:05:21.419+0000] {processor.py:914} INFO - Processing file /opt/airflow/dags/job_scraping_dag.py for tasks to queue
[2026-03-21T17:05:21.422+0000] {logging_mixin.py:190} INFO - [2026-03-21T17:05:21.421+0000] {dagbag.py:588} INFO - Filling up the DagBag from /opt/airflow/dags/job_scraping_dag.py
[2026-03-21T17:05:21.955+0000] {processor.py:925} INFO - DAG(s) 'daily_job_scraping' retrieved from /opt/airflow/dags/job_scraping_dag.py
[2026-03-21T17:05:21.978+0000] {logging_mixin.py:190} INFO - [2026-03-21T17:05:21.978+0000] {dag.py:3239} INFO - Sync 1 DAGs
[2026-03-21T17:05:22.000+0000] {logging_mixin.py:190} INFO - [2026-03-21T17:05:22.000+0000] {dag.py:4180} INFO - Setting next_dagrun for daily_job_scraping to 2026-03-21 12:00:00+00:00, run_after=2026-03-22 12:00:00+00:00
[2026-03-21T17:05:22.023+0000] {processor.py:208} INFO - Processing /opt/airflow/dags/job_scraping_dag.py took 0.612 seconds
[2026-03-21T17:05:52.346+0000] {processor.py:186} INFO - Started process (PID=1142) to work on /opt/airflow/dags/job_scraping_dag.py
[2026-03-21T17:05:52.347+0000] {processor.py:914} INFO - Processing file /opt/airflow/dags/job_scraping_dag.py for tasks to queue
[2026-03-21T17:05:52.349+0000] {logging_mixin.py:190} INFO - [2026-03-21T17:05:52.349+0000] {dagbag.py:588} INFO - Filling up the DagBag from /opt/airflow/dags/job_scraping_dag.py
[2026-03-21T17:05:53.140+0000] {processor.py:925} INFO - DAG(s) 'daily_job_scraping' retrieved from /opt/airflow/dags/job_scraping_dag.py
[2026-03-21T17:05:53.172+0000] {logging_mixin.py:190} INFO - [2026-03-21T17:05:53.172+0000] {dag.py:3239} INFO - Sync 1 DAGs
[2026-03-21T17:05:53.207+0000] {logging_mixin.py:190} INFO - [2026-03-21T17:05:53.206+0000] {dag.py:4180} INFO - Setting next_dagrun for daily_job_scraping to 2026-03-21 12:00:00+00:00, run_after=2026-03-22 12:00:00+00:00
[2026-03-21T17:05:53.242+0000] {processor.py:208} INFO - Processing /opt/airflow/dags/job_scraping_dag.py took 0.902 seconds
[2026-03-21T17:06:23.573+0000] {processor.py:186} INFO - Started process (PID=1148) to work on /opt/airflow/dags/job_scraping_dag.py
[2026-03-21T17:06:23.574+0000] {processor.py:914} INFO - Processing file /opt/airflow/dags/job_scraping_dag.py for tasks to queue
[2026-03-21T17:06:23.576+0000] {logging_mixin.py:190} INFO - [2026-03-21T17:06:23.576+0000] {dagbag.py:588} INFO - Filling up the DagBag from /opt/airflow/dags/job_scraping_dag.py
[2026-03-21T17:06:24.128+0000] {processor.py:925} INFO - DAG(s) 'daily_job_scraping' retrieved from /opt/airflow/dags/job_scraping_dag.py
[2026-03-21T17:06:24.158+0000] {logging_mixin.py:190} INFO - [2026-03-21T17:06:24.157+0000] {dag.py:3239} INFO - Sync 1 DAGs
[2026-03-21T17:06:24.179+0000] {logging_mixin.py:190} INFO - [2026-03-21T17:06:24.179+0000] {dag.py:4180} INFO - Setting next_dagrun for daily_job_scraping to 2026-03-21 12:00:00+00:00, run_after=2026-03-22 12:00:00+00:00
[2026-03-21T17:06:24.201+0000] {processor.py:208} INFO - Processing /opt/airflow/dags/job_scraping_dag.py took 0.634 seconds
[2026-03-21T17:06:54.477+0000] {processor.py:186} INFO - Started process (PID=1154) to work on /opt/airflow/dags/job_scraping_dag.py
[2026-03-21T17:06:54.479+0000] {processor.py:914} INFO - Processing file /opt/airflow/dags/job_scraping_dag.py for tasks to queue
[2026-03-21T17:06:54.486+0000] {logging_mixin.py:190} INFO - [2026-03-21T17:06:54.484+0000] {dagbag.py:588} INFO - Filling up the DagBag from /opt/airflow/dags/job_scraping_dag.py
[2026-03-21T17:06:55.663+0000] {processor.py:925} INFO - DAG(s) 'daily_job_scraping' retrieved from /opt/airflow/dags/job_scraping_dag.py
[2026-03-21T17:06:55.738+0000] {logging_mixin.py:190} INFO - [2026-03-21T17:06:55.737+0000] {dag.py:3239} INFO - Sync 1 DAGs
[2026-03-21T17:06:55.873+0000] {logging_mixin.py:190} INFO - [2026-03-21T17:06:55.872+0000] {dag.py:4180} INFO - Setting next_dagrun for daily_job_scraping to 2026-03-21 12:00:00+00:00, run_after=2026-03-22 12:00:00+00:00
[2026-03-21T17:06:55.933+0000] {processor.py:208} INFO - Processing /opt/airflow/dags/job_scraping_dag.py took 1.471 seconds
[2026-03-21T17:07:26.320+0000] {processor.py:186} INFO - Started process (PID=1160) to work on /opt/airflow/dags/job_scraping_dag.py
[2026-03-21T17:07:26.321+0000] {processor.py:914} INFO - Processing file /opt/airflow/dags/job_scraping_dag.py for tasks to queue
[2026-03-21T17:07:26.324+0000] {logging_mixin.py:190} INFO - [2026-03-21T17:07:26.324+0000] {dagbag.py:588} INFO - Filling up the DagBag from /opt/airflow/dags/job_scraping_dag.py
[2026-03-21T17:07:27.062+0000] {processor.py:925} INFO - DAG(s) 'daily_job_scraping' retrieved from /opt/airflow/dags/job_scraping_dag.py
[2026-03-21T17:07:27.098+0000] {logging_mixin.py:190} INFO - [2026-03-21T17:07:27.097+0000] {dag.py:3239} INFO - Sync 1 DAGs
[2026-03-21T17:07:27.128+0000] {logging_mixin.py:190} INFO - [2026-03-21T17:07:27.128+0000] {dag.py:4180} INFO - Setting next_dagrun for daily_job_scraping to 2026-03-21 12:00:00+00:00, run_after=2026-03-22 12:00:00+00:00
[2026-03-21T17:07:27.161+0000] {processor.py:208} INFO - Processing /opt/airflow/dags/job_scraping_dag.py took 0.846 seconds
[2026-03-21T17:07:57.519+0000] {processor.py:186} INFO - Started process (PID=1166) to work on /opt/airflow/dags/job_scraping_dag.py
[2026-03-21T17:07:57.520+0000] {processor.py:914} INFO - Processing file /opt/airflow/dags/job_scraping_dag.py for tasks to queue
[2026-03-21T17:07:57.522+0000] {logging_mixin.py:190} INFO - [2026-03-21T17:07:57.522+0000] {dagbag.py:588} INFO - Filling up the DagBag from /opt/airflow/dags/job_scraping_dag.py
[2026-03-21T17:07:58.174+0000] {processor.py:925} INFO - DAG(s) 'daily_job_scraping' retrieved from /opt/airflow/dags/job_scraping_dag.py
[2026-03-21T17:07:58.206+0000] {logging_mixin.py:190} INFO - [2026-03-21T17:07:58.205+0000] {dag.py:3239} INFO - Sync 1 DAGs
[2026-03-21T17:07:58.236+0000] {logging_mixin.py:190} INFO - [2026-03-21T17:07:58.236+0000] {dag.py:4180} INFO - Setting next_dagrun for daily_job_scraping to 2026-03-21 12:00:00+00:00, run_after=2026-03-22 12:00:00+00:00
[2026-03-21T17:07:58.273+0000] {processor.py:208} INFO - Processing /opt/airflow/dags/job_scraping_dag.py took 0.761 seconds
[2026-03-21T17:08:28.359+0000] {processor.py:186} INFO - Started process (PID=1172) to work on /opt/airflow/dags/job_scraping_dag.py
[2026-03-21T17:08:28.360+0000] {processor.py:914} INFO - Processing file /opt/airflow/dags/job_scraping_dag.py for tasks to queue
[2026-03-21T17:08:28.362+0000] {logging_mixin.py:190} INFO - [2026-03-21T17:08:28.362+0000] {dagbag.py:588} INFO - Filling up the DagBag from /opt/airflow/dags/job_scraping_dag.py
[2026-03-21T17:08:28.987+0000] {processor.py:925} INFO - DAG(s) 'daily_job_scraping' retrieved from /opt/airflow/dags/job_scraping_dag.py
[2026-03-21T17:08:29.022+0000] {logging_mixin.py:190} INFO - [2026-03-21T17:08:29.022+0000] {dag.py:3239} INFO - Sync 1 DAGs
[2026-03-21T17:08:29.048+0000] {logging_mixin.py:190} INFO - [2026-03-21T17:08:29.048+0000] {dag.py:4180} INFO - Setting next_dagrun for daily_job_scraping to 2026-03-21 12:00:00+00:00, run_after=2026-03-22 12:00:00+00:00
[2026-03-21T17:08:29.076+0000] {processor.py:208} INFO - Processing /opt/airflow/dags/job_scraping_dag.py took 0.723 seconds
[2026-03-21T17:08:59.357+0000] {processor.py:186} INFO - Started process (PID=1178) to work on /opt/airflow/dags/job_scraping_dag.py
[2026-03-21T17:08:59.358+0000] {processor.py:914} INFO - Processing file /opt/airflow/dags/job_scraping_dag.py for tasks to queue
[2026-03-21T17:08:59.361+0000] {logging_mixin.py:190} INFO - [2026-03-21T17:08:59.360+0000] {dagbag.py:588} INFO - Filling up the DagBag from /opt/airflow/dags/job_scraping_dag.py
[2026-03-21T17:08:59.959+0000] {processor.py:925} INFO - DAG(s) 'daily_job_scraping' retrieved from /opt/airflow/dags/job_scraping_dag.py
[2026-03-21T17:08:59.998+0000] {logging_mixin.py:190} INFO - [2026-03-21T17:08:59.997+0000] {dag.py:3239} INFO - Sync 1 DAGs
[2026-03-21T17:09:00.033+0000] {logging_mixin.py:190} INFO - [2026-03-21T17:09:00.033+0000] {dag.py:4180} INFO - Setting next_dagrun for daily_job_scraping to 2026-03-21 12:00:00+00:00, run_after=2026-03-22 12:00:00+00:00
[2026-03-21T17:09:00.062+0000] {processor.py:208} INFO - Processing /opt/airflow/dags/job_scraping_dag.py took 0.710 seconds
[2026-03-21T17:09:30.407+0000] {processor.py:186} INFO - Started process (PID=1184) to work on /opt/airflow/dags/job_scraping_dag.py
[2026-03-21T17:09:30.408+0000] {processor.py:914} INFO - Processing file /opt/airflow/dags/job_scraping_dag.py for tasks to queue
[2026-03-21T17:09:30.410+0000] {logging_mixin.py:190} INFO - [2026-03-21T17:09:30.410+0000] {dagbag.py:588} INFO - Filling up the DagBag from /opt/airflow/dags/job_scraping_dag.py
[2026-03-21T17:09:31.009+0000] {processor.py:925} INFO - DAG(s) 'daily_job_scraping' retrieved from /opt/airflow/dags/job_scraping_dag.py
[2026-03-21T17:09:31.039+0000] {logging_mixin.py:190} INFO - [2026-03-21T17:09:31.038+0000] {dag.py:3239} INFO - Sync 1 DAGs
[2026-03-21T17:09:31.062+0000] {logging_mixin.py:190} INFO - [2026-03-21T17:09:31.062+0000] {dag.py:4180} INFO - Setting next_dagrun for daily_job_scraping to 2026-03-21 12:00:00+00:00, run_after=2026-03-22 12:00:00+00:00
[2026-03-21T17:09:31.115+0000] {processor.py:208} INFO - Processing /opt/airflow/dags/job_scraping_dag.py took 0.714 seconds
[2026-03-21T17:10:01.521+0000] {processor.py:186} INFO - Started process (PID=1190) to work on /opt/airflow/dags/job_scraping_dag.py
[2026-03-21T17:10:01.523+0000] {processor.py:914} INFO - Processing file /opt/airflow/dags/job_scraping_dag.py for tasks to queue
[2026-03-21T17:10:01.526+0000] {logging_mixin.py:190} INFO - [2026-03-21T17:10:01.525+0000] {dagbag.py:588} INFO - Filling up the DagBag from /opt/airflow/dags/job_scraping_dag.py
[2026-03-21T17:10:02.435+0000] {processor.py:925} INFO - DAG(s) 'daily_job_scraping' retrieved from /opt/airflow/dags/job_scraping_dag.py
[2026-03-21T17:10:02.468+0000] {logging_mixin.py:190} INFO - [2026-03-21T17:10:02.468+0000] {dag.py:3239} INFO - Sync 1 DAGs
[2026-03-21T17:10:02.492+0000] {logging_mixin.py:190} INFO - [2026-03-21T17:10:02.492+0000] {dag.py:4180} INFO - Setting next_dagrun for daily_job_scraping to 2026-03-21 12:00:00+00:00, run_after=2026-03-22 12:00:00+00:00
[2026-03-21T17:10:02.518+0000] {processor.py:208} INFO - Processing /opt/airflow/dags/job_scraping_dag.py took 1.003 seconds
[2026-03-21T17:10:32.839+0000] {processor.py:186} INFO - Started process (PID=1196) to work on /opt/airflow/dags/job_scraping_dag.py
[2026-03-21T17:10:32.840+0000] {processor.py:914} INFO - Processing file /opt/airflow/dags/job_scraping_dag.py for tasks to queue
[2026-03-21T17:10:32.842+0000] {logging_mixin.py:190} INFO - [2026-03-21T17:10:32.842+0000] {dagbag.py:588} INFO - Filling up the DagBag from /opt/airflow/dags/job_scraping_dag.py
[2026-03-21T17:10:33.584+0000] {processor.py:925} INFO - DAG(s) 'daily_job_scraping' retrieved from /opt/airflow/dags/job_scraping_dag.py
[2026-03-21T17:10:33.617+0000] {logging_mixin.py:190} INFO - [2026-03-21T17:10:33.617+0000] {dag.py:3239} INFO - Sync 1 DAGs
[2026-03-21T17:10:33.663+0000] {logging_mixin.py:190} INFO - [2026-03-21T17:10:33.663+0000] {dag.py:4180} INFO - Setting next_dagrun for daily_job_scraping to 2026-03-21 12:00:00+00:00, run_after=2026-03-22 12:00:00+00:00
[2026-03-21T17:10:33.716+0000] {processor.py:208} INFO - Processing /opt/airflow/dags/job_scraping_dag.py took 0.882 seconds
[2026-03-21T17:11:04.197+0000] {processor.py:186} INFO - Started process (PID=1202) to work on /opt/airflow/dags/job_scraping_dag.py
[2026-03-21T17:11:04.199+0000] {processor.py:914} INFO - Processing file /opt/airflow/dags/job_scraping_dag.py for tasks to queue
[2026-03-21T17:11:04.203+0000] {logging_mixin.py:190} INFO - [2026-03-21T17:11:04.202+0000] {dagbag.py:588} INFO - Filling up the DagBag from /opt/airflow/dags/job_scraping_dag.py
[2026-03-21T17:11:04.915+0000] {processor.py:925} INFO - DAG(s) 'daily_job_scraping' retrieved from /opt/airflow/dags/job_scraping_dag.py
[2026-03-21T17:11:04.946+0000] {logging_mixin.py:190} INFO - [2026-03-21T17:11:04.946+0000] {dag.py:3239} INFO - Sync 1 DAGs
[2026-03-21T17:11:04.971+0000] {logging_mixin.py:190} INFO - [2026-03-21T17:11:04.971+0000] {dag.py:4180} INFO - Setting next_dagrun for daily_job_scraping to 2026-03-21 12:00:00+00:00, run_after=2026-03-22 12:00:00+00:00
[2026-03-21T17:11:05.001+0000] {processor.py:208} INFO - Processing /opt/airflow/dags/job_scraping_dag.py took 0.809 seconds
[2026-03-21T17:11:35.322+0000] {processor.py:186} INFO - Started process (PID=1208) to work on /opt/airflow/dags/job_scraping_dag.py
[2026-03-21T17:11:35.323+0000] {processor.py:914} INFO - Processing file /opt/airflow/dags/job_scraping_dag.py for tasks to queue
[2026-03-21T17:11:35.326+0000] {logging_mixin.py:190} INFO - [2026-03-21T17:11:35.325+0000] {dagbag.py:588} INFO - Filling up the DagBag from /opt/airflow/dags/job_scraping_dag.py
[2026-03-21T17:11:35.896+0000] {processor.py:925} INFO - DAG(s) 'daily_job_scraping' retrieved from /opt/airflow/dags/job_scraping_dag.py
[2026-03-21T17:11:35.925+0000] {logging_mixin.py:190} INFO - [2026-03-21T17:11:35.924+0000] {dag.py:3239} INFO - Sync 1 DAGs
[2026-03-21T17:11:35.949+0000] {logging_mixin.py:190} INFO - [2026-03-21T17:11:35.949+0000] {dag.py:4180} INFO - Setting next_dagrun for daily_job_scraping to 2026-03-21 12:00:00+00:00, run_after=2026-03-22 12:00:00+00:00
[2026-03-21T17:11:35.972+0000] {processor.py:208} INFO - Processing /opt/airflow/dags/job_scraping_dag.py took 0.656 seconds
[2026-03-21T17:12:06.298+0000] {processor.py:186} INFO - Started process (PID=1214) to work on /opt/airflow/dags/job_scraping_dag.py
[2026-03-21T17:12:06.300+0000] {processor.py:914} INFO - Processing file /opt/airflow/dags/job_scraping_dag.py for tasks to queue
[2026-03-21T17:12:06.303+0000] {logging_mixin.py:190} INFO - [2026-03-21T17:12:06.303+0000] {dagbag.py:588} INFO - Filling up the DagBag from /opt/airflow/dags/job_scraping_dag.py
[2026-03-21T17:12:06.965+0000] {processor.py:925} INFO - DAG(s) 'daily_job_scraping' retrieved from /opt/airflow/dags/job_scraping_dag.py
[2026-03-21T17:12:07.003+0000] {logging_mixin.py:190} INFO - [2026-03-21T17:12:07.002+0000] {dag.py:3239} INFO - Sync 1 DAGs
[2026-03-21T17:12:07.033+0000] {logging_mixin.py:190} INFO - [2026-03-21T17:12:07.032+0000] {dag.py:4180} INFO - Setting next_dagrun for daily_job_scraping to 2026-03-21 12:00:00+00:00, run_after=2026-03-22 12:00:00+00:00
[2026-03-21T17:12:07.058+0000] {processor.py:208} INFO - Processing /opt/airflow/dags/job_scraping_dag.py took 0.766 seconds
[2026-03-21T17:12:37.440+0000] {processor.py:186} INFO - Started process (PID=1220) to work on /opt/airflow/dags/job_scraping_dag.py
[2026-03-21T17:12:37.442+0000] {processor.py:914} INFO - Processing file /opt/airflow/dags/job_scraping_dag.py for tasks to queue
[2026-03-21T17:12:37.446+0000] {logging_mixin.py:190} INFO - [2026-03-21T17:12:37.445+0000] {dagbag.py:588} INFO - Filling up the DagBag from /opt/airflow/dags/job_scraping_dag.py
[2026-03-21T17:12:38.199+0000] {processor.py:925} INFO - DAG(s) 'daily_job_scraping' retrieved from /opt/airflow/dags/job_scraping_dag.py
[2026-03-21T17:12:38.275+0000] {logging_mixin.py:190} INFO - [2026-03-21T17:12:38.274+0000] {dag.py:3239} INFO - Sync 1 DAGs
[2026-03-21T17:12:38.312+0000] {logging_mixin.py:190} INFO - [2026-03-21T17:12:38.311+0000] {dag.py:4180} INFO - Setting next_dagrun for daily_job_scraping to 2026-03-21 12:00:00+00:00, run_after=2026-03-22 12:00:00+00:00
[2026-03-21T17:12:38.345+0000] {processor.py:208} INFO - Processing /opt/airflow/dags/job_scraping_dag.py took 0.921 seconds
[2026-03-21T17:13:08.715+0000] {processor.py:186} INFO - Started process (PID=1226) to work on /opt/airflow/dags/job_scraping_dag.py
[2026-03-21T17:13:08.716+0000] {processor.py:914} INFO - Processing file /opt/airflow/dags/job_scraping_dag.py for tasks to queue
[2026-03-21T17:13:08.720+0000] {logging_mixin.py:190} INFO - [2026-03-21T17:13:08.720+0000] {dagbag.py:588} INFO - Filling up the DagBag from /opt/airflow/dags/job_scraping_dag.py
[2026-03-21T17:13:09.529+0000] {processor.py:925} INFO - DAG(s) 'daily_job_scraping' retrieved from /opt/airflow/dags/job_scraping_dag.py
[2026-03-21T17:13:09.568+0000] {logging_mixin.py:190} INFO - [2026-03-21T17:13:09.567+0000] {dag.py:3239} INFO - Sync 1 DAGs
[2026-03-21T17:13:09.602+0000] {logging_mixin.py:190} INFO - [2026-03-21T17:13:09.602+0000] {dag.py:4180} INFO - Setting next_dagrun for daily_job_scraping to 2026-03-21 12:00:00+00:00, run_after=2026-03-22 12:00:00+00:00
[2026-03-21T17:13:09.633+0000] {processor.py:208} INFO - Processing /opt/airflow/dags/job_scraping_dag.py took 0.927 seconds
[2026-03-21T17:13:39.988+0000] {processor.py:186} INFO - Started process (PID=1232) to work on /opt/airflow/dags/job_scraping_dag.py
[2026-03-21T17:13:39.989+0000] {processor.py:914} INFO - Processing file /opt/airflow/dags/job_scraping_dag.py for tasks to queue
[2026-03-21T17:13:39.993+0000] {logging_mixin.py:190} INFO - [2026-03-21T17:13:39.993+0000] {dagbag.py:588} INFO - Filling up the DagBag from /opt/airflow/dags/job_scraping_dag.py
[2026-03-21T17:13:41.068+0000] {processor.py:925} INFO - DAG(s) 'daily_job_scraping' retrieved from /opt/airflow/dags/job_scraping_dag.py
[2026-03-21T17:13:41.107+0000] {logging_mixin.py:190} INFO - [2026-03-21T17:13:41.106+0000] {dag.py:3239} INFO - Sync 1 DAGs
[2026-03-21T17:13:41.137+0000] {logging_mixin.py:190} INFO - [2026-03-21T17:13:41.136+0000] {dag.py:4180} INFO - Setting next_dagrun for daily_job_scraping to 2026-03-21 12:00:00+00:00, run_after=2026-03-22 12:00:00+00:00
[2026-03-21T17:13:41.168+0000] {processor.py:208} INFO - Processing /opt/airflow/dags/job_scraping_dag.py took 1.188 seconds
[2026-03-21T17:14:11.253+0000] {processor.py:186} INFO - Started process (PID=1238) to work on /opt/airflow/dags/job_scraping_dag.py
[2026-03-21T17:14:11.254+0000] {processor.py:914} INFO - Processing file /opt/airflow/dags/job_scraping_dag.py for tasks to queue
[2026-03-21T17:14:11.256+0000] {logging_mixin.py:190} INFO - [2026-03-21T17:14:11.256+0000] {dagbag.py:588} INFO - Filling up the DagBag from /opt/airflow/dags/job_scraping_dag.py
[2026-03-21T17:14:11.782+0000] {processor.py:925} INFO - DAG(s) 'daily_job_scraping' retrieved from /opt/airflow/dags/job_scraping_dag.py
[2026-03-21T17:14:11.805+0000] {logging_mixin.py:190} INFO - [2026-03-21T17:14:11.805+0000] {dag.py:3239} INFO - Sync 1 DAGs
[2026-03-21T17:14:11.824+0000] {logging_mixin.py:190} INFO - [2026-03-21T17:14:11.824+0000] {dag.py:4180} INFO - Setting next_dagrun for daily_job_scraping to 2026-03-21 12:00:00+00:00, run_after=2026-03-22 12:00:00+00:00
[2026-03-21T17:14:11.849+0000] {processor.py:208} INFO - Processing /opt/airflow/dags/job_scraping_dag.py took 0.602 seconds
[2026-03-21T17:14:42.311+0000] {processor.py:186} INFO - Started process (PID=1244) to work on /opt/airflow/dags/job_scraping_dag.py
[2026-03-21T17:14:42.313+0000] {processor.py:914} INFO - Processing file /opt/airflow/dags/job_scraping_dag.py for tasks to queue
[2026-03-21T17:14:42.321+0000] {logging_mixin.py:190} INFO - [2026-03-21T17:14:42.320+0000] {dagbag.py:588} INFO - Filling up the DagBag from /opt/airflow/dags/job_scraping_dag.py
[2026-03-21T17:14:43.335+0000] {processor.py:925} INFO - DAG(s) 'daily_job_scraping' retrieved from /opt/airflow/dags/job_scraping_dag.py
[2026-03-21T17:14:43.370+0000] {logging_mixin.py:190} INFO - [2026-03-21T17:14:43.370+0000] {dag.py:3239} INFO - Sync 1 DAGs
[2026-03-21T17:14:43.401+0000] {logging_mixin.py:190} INFO - [2026-03-21T17:14:43.401+0000] {dag.py:4180} INFO - Setting next_dagrun for daily_job_scraping to 2026-03-21 12:00:00+00:00, run_after=2026-03-22 12:00:00+00:00
[2026-03-21T17:14:43.426+0000] {processor.py:208} INFO - Processing /opt/airflow/dags/job_scraping_dag.py took 1.128 seconds
[2026-03-21T17:15:13.565+0000] {processor.py:186} INFO - Started process (PID=1250) to work on /opt/airflow/dags/job_scraping_dag.py
[2026-03-21T17:15:13.567+0000] {processor.py:914} INFO - Processing file /opt/airflow/dags/job_scraping_dag.py for tasks to queue
[2026-03-21T17:15:13.569+0000] {logging_mixin.py:190} INFO - [2026-03-21T17:15:13.569+0000] {dagbag.py:588} INFO - Filling up the DagBag from /opt/airflow/dags/job_scraping_dag.py
[2026-03-21T17:15:14.221+0000] {processor.py:925} INFO - DAG(s) 'daily_job_scraping' retrieved from /opt/airflow/dags/job_scraping_dag.py
[2026-03-21T17:15:14.248+0000] {logging_mixin.py:190} INFO - [2026-03-21T17:15:14.248+0000] {dag.py:3239} INFO - Sync 1 DAGs
[2026-03-21T17:15:14.268+0000] {logging_mixin.py:190} INFO - [2026-03-21T17:15:14.268+0000] {dag.py:4180} INFO - Setting next_dagrun for daily_job_scraping to 2026-03-21 12:00:00+00:00, run_after=2026-03-22 12:00:00+00:00
[2026-03-21T17:15:14.290+0000] {processor.py:208} INFO - Processing /opt/airflow/dags/job_scraping_dag.py took 0.731 seconds
[2026-03-21T17:15:44.662+0000] {processor.py:186} INFO - Started process (PID=1256) to work on /opt/airflow/dags/job_scraping_dag.py
[2026-03-21T17:15:44.664+0000] {processor.py:914} INFO - Processing file /opt/airflow/dags/job_scraping_dag.py for tasks to queue
[2026-03-21T17:15:44.667+0000] {logging_mixin.py:190} INFO - [2026-03-21T17:15:44.667+0000] {dagbag.py:588} INFO - Filling up the DagBag from /opt/airflow/dags/job_scraping_dag.py
[2026-03-21T17:15:45.920+0000] {processor.py:925} INFO - DAG(s) 'daily_job_scraping' retrieved from /opt/airflow/dags/job_scraping_dag.py
[2026-03-21T17:15:45.958+0000] {logging_mixin.py:190} INFO - [2026-03-21T17:15:45.958+0000] {dag.py:3239} INFO - Sync 1 DAGs
[2026-03-21T17:15:46.004+0000] {logging_mixin.py:190} INFO - [2026-03-21T17:15:46.004+0000] {dag.py:4180} INFO - Setting next_dagrun for daily_job_scraping to 2026-03-21 12:00:00+00:00, run_after=2026-03-22 12:00:00+00:00
[2026-03-21T17:15:46.036+0000] {processor.py:208} INFO - Processing /opt/airflow/dags/job_scraping_dag.py took 1.384 seconds
[2026-03-21T17:16:16.443+0000] {processor.py:186} INFO - Started process (PID=1262) to work on /opt/airflow/dags/job_scraping_dag.py
[2026-03-21T17:16:16.446+0000] {processor.py:914} INFO - Processing file /opt/airflow/dags/job_scraping_dag.py for tasks to queue
[2026-03-21T17:16:16.450+0000] {logging_mixin.py:190} INFO - [2026-03-21T17:16:16.450+0000] {dagbag.py:588} INFO - Filling up the DagBag from /opt/airflow/dags/job_scraping_dag.py
[2026-03-21T17:16:17.415+0000] {processor.py:925} INFO - DAG(s) 'daily_job_scraping' retrieved from /opt/airflow/dags/job_scraping_dag.py
[2026-03-21T17:16:17.448+0000] {logging_mixin.py:190} INFO - [2026-03-21T17:16:17.448+0000] {dag.py:3239} INFO - Sync 1 DAGs
[2026-03-21T17:16:17.476+0000] {logging_mixin.py:190} INFO - [2026-03-21T17:16:17.475+0000] {dag.py:4180} INFO - Setting next_dagrun for daily_job_scraping to 2026-03-21 12:00:00+00:00, run_after=2026-03-22 12:00:00+00:00
[2026-03-21T17:16:17.500+0000] {processor.py:208} INFO - Processing /opt/airflow/dags/job_scraping_dag.py took 1.067 seconds
[2026-03-21T17:16:47.679+0000] {processor.py:186} INFO - Started process (PID=1268) to work on /opt/airflow/dags/job_scraping_dag.py
[2026-03-21T17:16:47.680+0000] {processor.py:914} INFO - Processing file /opt/airflow/dags/job_scraping_dag.py for tasks to queue
[2026-03-21T17:16:47.683+0000] {logging_mixin.py:190} INFO - [2026-03-21T17:16:47.682+0000] {dagbag.py:588} INFO - Filling up the DagBag from /opt/airflow/dags/job_scraping_dag.py
[2026-03-21T17:16:48.623+0000] {processor.py:925} INFO - DAG(s) 'daily_job_scraping' retrieved from /opt/airflow/dags/job_scraping_dag.py
[2026-03-21T17:16:48.712+0000] {logging_mixin.py:190} INFO - [2026-03-21T17:16:48.711+0000] {dag.py:3239} INFO - Sync 1 DAGs
[2026-03-21T17:16:48.762+0000] {logging_mixin.py:190} INFO - [2026-03-21T17:16:48.761+0000] {dag.py:4180} INFO - Setting next_dagrun for daily_job_scraping to 2026-03-21 12:00:00+00:00, run_after=2026-03-22 12:00:00+00:00
[2026-03-21T17:16:48.809+0000] {processor.py:208} INFO - Processing /opt/airflow/dags/job_scraping_dag.py took 1.136 seconds
[2026-03-21T17:17:19.057+0000] {processor.py:186} INFO - Started process (PID=1274) to work on /opt/airflow/dags/job_scraping_dag.py
[2026-03-21T17:17:19.060+0000] {processor.py:914} INFO - Processing file /opt/airflow/dags/job_scraping_dag.py for tasks to queue
[2026-03-21T17:17:19.063+0000] {logging_mixin.py:190} INFO - [2026-03-21T17:17:19.063+0000] {dagbag.py:588} INFO - Filling up the DagBag from /opt/airflow/dags/job_scraping_dag.py
[2026-03-21T17:17:19.813+0000] {processor.py:925} INFO - DAG(s) 'daily_job_scraping' retrieved from /opt/airflow/dags/job_scraping_dag.py
[2026-03-21T17:17:19.848+0000] {logging_mixin.py:190} INFO - [2026-03-21T17:17:19.848+0000] {dag.py:3239} INFO - Sync 1 DAGs
[2026-03-21T17:17:19.871+0000] {logging_mixin.py:190} INFO - [2026-03-21T17:17:19.871+0000] {dag.py:4180} INFO - Setting next_dagrun for daily_job_scraping to 2026-03-21 12:00:00+00:00, run_after=2026-03-22 12:00:00+00:00
[2026-03-21T17:17:19.905+0000] {processor.py:208} INFO - Processing /opt/airflow/dags/job_scraping_dag.py took 0.855 seconds
[2026-03-21T17:17:50.295+0000] {processor.py:186} INFO - Started process (PID=1280) to work on /opt/airflow/dags/job_scraping_dag.py
[2026-03-21T17:17:50.296+0000] {processor.py:914} INFO - Processing file /opt/airflow/dags/job_scraping_dag.py for tasks to queue
[2026-03-21T17:17:50.300+0000] {logging_mixin.py:190} INFO - [2026-03-21T17:17:50.300+0000] {dagbag.py:588} INFO - Filling up the DagBag from /opt/airflow/dags/job_scraping_dag.py
[2026-03-21T17:17:51.254+0000] {processor.py:925} INFO - DAG(s) 'daily_job_scraping' retrieved from /opt/airflow/dags/job_scraping_dag.py
[2026-03-21T17:17:51.286+0000] {logging_mixin.py:190} INFO - [2026-03-21T17:17:51.286+0000] {dag.py:3239} INFO - Sync 1 DAGs
[2026-03-21T17:17:51.315+0000] {logging_mixin.py:190} INFO - [2026-03-21T17:17:51.315+0000] {dag.py:4180} INFO - Setting next_dagrun for daily_job_scraping to 2026-03-21 12:00:00+00:00, run_after=2026-03-22 12:00:00+00:00
[2026-03-21T17:17:51.344+0000] {processor.py:208} INFO - Processing /opt/airflow/dags/job_scraping_dag.py took 1.058 seconds
[2026-03-21T17:18:21.610+0000] {processor.py:186} INFO - Started process (PID=1286) to work on /opt/airflow/dags/job_scraping_dag.py
[2026-03-21T17:18:21.613+0000] {processor.py:914} INFO - Processing file /opt/airflow/dags/job_scraping_dag.py for tasks to queue
[2026-03-21T17:18:21.618+0000] {logging_mixin.py:190} INFO - [2026-03-21T17:18:21.617+0000] {dagbag.py:588} INFO - Filling up the DagBag from /opt/airflow/dags/job_scraping_dag.py
[2026-03-21T17:18:22.559+0000] {processor.py:925} INFO - DAG(s) 'daily_job_scraping' retrieved from /opt/airflow/dags/job_scraping_dag.py
[2026-03-21T17:18:22.609+0000] {logging_mixin.py:190} INFO - [2026-03-21T17:18:22.609+0000] {dag.py:3239} INFO - Sync 1 DAGs
[2026-03-21T17:18:22.657+0000] {logging_mixin.py:190} INFO - [2026-03-21T17:18:22.656+0000] {dag.py:4180} INFO - Setting next_dagrun for daily_job_scraping to 2026-03-21 12:00:00+00:00, run_after=2026-03-22 12:00:00+00:00
[2026-03-21T17:18:22.685+0000] {processor.py:208} INFO - Processing /opt/airflow/dags/job_scraping_dag.py took 1.087 seconds
[2026-03-21T17:18:53.070+0000] {processor.py:186} INFO - Started process (PID=1292) to work on /opt/airflow/dags/job_scraping_dag.py
[2026-03-21T17:18:53.072+0000] {processor.py:914} INFO - Processing file /opt/airflow/dags/job_scraping_dag.py for tasks to queue
[2026-03-21T17:18:53.076+0000] {logging_mixin.py:190} INFO - [2026-03-21T17:18:53.075+0000] {dagbag.py:588} INFO - Filling up the DagBag from /opt/airflow/dags/job_scraping_dag.py
[2026-03-21T17:18:53.994+0000] {processor.py:925} INFO - DAG(s) 'daily_job_scraping' retrieved from /opt/airflow/dags/job_scraping_dag.py
[2026-03-21T17:18:54.028+0000] {logging_mixin.py:190} INFO - [2026-03-21T17:18:54.027+0000] {dag.py:3239} INFO - Sync 1 DAGs
[2026-03-21T17:18:54.066+0000] {logging_mixin.py:190} INFO - [2026-03-21T17:18:54.066+0000] {dag.py:4180} INFO - Setting next_dagrun for daily_job_scraping to 2026-03-21 12:00:00+00:00, run_after=2026-03-22 12:00:00+00:00
[2026-03-21T17:18:54.097+0000] {processor.py:208} INFO - Processing /opt/airflow/dags/job_scraping_dag.py took 1.036 seconds
[2026-03-21T17:19:24.521+0000] {processor.py:186} INFO - Started process (PID=1298) to work on /opt/airflow/dags/job_scraping_dag.py
[2026-03-21T17:19:24.524+0000] {processor.py:914} INFO - Processing file /opt/airflow/dags/job_scraping_dag.py for tasks to queue
[2026-03-21T17:19:24.531+0000] {logging_mixin.py:190} INFO - [2026-03-21T17:19:24.530+0000] {dagbag.py:588} INFO - Filling up the DagBag from /opt/airflow/dags/job_scraping_dag.py
[2026-03-21T17:19:25.642+0000] {processor.py:925} INFO - DAG(s) 'daily_job_scraping' retrieved from /opt/airflow/dags/job_scraping_dag.py
[2026-03-21T17:19:25.701+0000] {logging_mixin.py:190} INFO - [2026-03-21T17:19:25.701+0000] {dag.py:3239} INFO - Sync 1 DAGs
[2026-03-21T17:19:25.741+0000] {logging_mixin.py:190} INFO - [2026-03-21T17:19:25.740+0000] {dag.py:4180} INFO - Setting next_dagrun for daily_job_scraping to 2026-03-21 12:00:00+00:00, run_after=2026-03-22 12:00:00+00:00
[2026-03-21T17:19:25.764+0000] {processor.py:208} INFO - Processing /opt/airflow/dags/job_scraping_dag.py took 1.263 seconds
[2026-03-21T17:19:56.110+0000] {processor.py:186} INFO - Started process (PID=1304) to work on /opt/airflow/dags/job_scraping_dag.py
[2026-03-21T17:19:56.111+0000] {processor.py:914} INFO - Processing file /opt/airflow/dags/job_scraping_dag.py for tasks to queue
[2026-03-21T17:19:56.114+0000] {logging_mixin.py:190} INFO - [2026-03-21T17:19:56.114+0000] {dagbag.py:588} INFO - Filling up the DagBag from /opt/airflow/dags/job_scraping_dag.py
[2026-03-21T17:19:57.054+0000] {processor.py:925} INFO - DAG(s) 'daily_job_scraping' retrieved from /opt/airflow/dags/job_scraping_dag.py
[2026-03-21T17:19:57.098+0000] {logging_mixin.py:190} INFO - [2026-03-21T17:19:57.097+0000] {dag.py:3239} INFO - Sync 1 DAGs
[2026-03-21T17:19:57.131+0000] {logging_mixin.py:190} INFO - [2026-03-21T17:19:57.131+0000] {dag.py:4180} INFO - Setting next_dagrun for daily_job_scraping to 2026-03-21 12:00:00+00:00, run_after=2026-03-22 12:00:00+00:00
[2026-03-21T17:19:57.158+0000] {processor.py:208} INFO - Processing /opt/airflow/dags/job_scraping_dag.py took 1.054 seconds
[2026-03-21T17:20:27.393+0000] {processor.py:186} INFO - Started process (PID=1310) to work on /opt/airflow/dags/job_scraping_dag.py
[2026-03-21T17:20:27.394+0000] {processor.py:914} INFO - Processing file /opt/airflow/dags/job_scraping_dag.py for tasks to queue
[2026-03-21T17:20:27.396+0000] {logging_mixin.py:190} INFO - [2026-03-21T17:20:27.396+0000] {dagbag.py:588} INFO - Filling up the DagBag from /opt/airflow/dags/job_scraping_dag.py
[2026-03-21T17:20:27.948+0000] {processor.py:925} INFO - DAG(s) 'daily_job_scraping' retrieved from /opt/airflow/dags/job_scraping_dag.py
[2026-03-21T17:20:27.982+0000] {logging_mixin.py:190} INFO - [2026-03-21T17:20:27.981+0000] {dag.py:3239} INFO - Sync 1 DAGs
[2026-03-21T17:20:28.006+0000] {logging_mixin.py:190} INFO - [2026-03-21T17:20:28.006+0000] {dag.py:4180} INFO - Setting next_dagrun for daily_job_scraping to 2026-03-21 12:00:00+00:00, run_after=2026-03-22 12:00:00+00:00
[2026-03-21T17:20:28.044+0000] {processor.py:208} INFO - Processing /opt/airflow/dags/job_scraping_dag.py took 0.658 seconds
[2026-03-21T17:20:58.332+0000] {processor.py:186} INFO - Started process (PID=1316) to work on /opt/airflow/dags/job_scraping_dag.py
[2026-03-21T17:20:58.333+0000] {processor.py:914} INFO - Processing file /opt/airflow/dags/job_scraping_dag.py for tasks to queue
[2026-03-21T17:20:58.336+0000] {logging_mixin.py:190} INFO - [2026-03-21T17:20:58.336+0000] {dagbag.py:588} INFO - Filling up the DagBag from /opt/airflow/dags/job_scraping_dag.py
[2026-03-21T17:20:59.085+0000] {processor.py:925} INFO - DAG(s) 'daily_job_scraping' retrieved from /opt/airflow/dags/job_scraping_dag.py
[2026-03-21T17:20:59.119+0000] {logging_mixin.py:190} INFO - [2026-03-21T17:20:59.118+0000] {dag.py:3239} INFO - Sync 1 DAGs
[2026-03-21T17:20:59.145+0000] {logging_mixin.py:190} INFO - [2026-03-21T17:20:59.144+0000] {dag.py:4180} INFO - Setting next_dagrun for daily_job_scraping to 2026-03-21 12:00:00+00:00, run_after=2026-03-22 12:00:00+00:00
[2026-03-21T17:20:59.172+0000] {processor.py:208} INFO - Processing /opt/airflow/dags/job_scraping_dag.py took 0.846 seconds
[2026-03-21T17:21:29.499+0000] {processor.py:186} INFO - Started process (PID=1322) to work on /opt/airflow/dags/job_scraping_dag.py
[2026-03-21T17:21:29.500+0000] {processor.py:914} INFO - Processing file /opt/airflow/dags/job_scraping_dag.py for tasks to queue
[2026-03-21T17:21:29.503+0000] {logging_mixin.py:190} INFO - [2026-03-21T17:21:29.502+0000] {dagbag.py:588} INFO - Filling up the DagBag from /opt/airflow/dags/job_scraping_dag.py
[2026-03-21T17:21:30.076+0000] {processor.py:925} INFO - DAG(s) 'daily_job_scraping' retrieved from /opt/airflow/dags/job_scraping_dag.py
[2026-03-21T17:21:30.098+0000] {logging_mixin.py:190} INFO - [2026-03-21T17:21:30.098+0000] {dag.py:3239} INFO - Sync 1 DAGs
[2026-03-21T17:21:30.119+0000] {logging_mixin.py:190} INFO - [2026-03-21T17:21:30.119+0000] {dag.py:4180} INFO - Setting next_dagrun for daily_job_scraping to 2026-03-21 12:00:00+00:00, run_after=2026-03-22 12:00:00+00:00
[2026-03-21T17:21:30.140+0000] {processor.py:208} INFO - Processing /opt/airflow/dags/job_scraping_dag.py took 0.646 seconds
[2026-03-21T17:22:00.255+0000] {processor.py:186} INFO - Started process (PID=1328) to work on /opt/airflow/dags/job_scraping_dag.py
[2026-03-21T17:22:00.256+0000] {processor.py:914} INFO - Processing file /opt/airflow/dags/job_scraping_dag.py for tasks to queue
[2026-03-21T17:22:00.259+0000] {logging_mixin.py:190} INFO - [2026-03-21T17:22:00.258+0000] {dagbag.py:588} INFO - Filling up the DagBag from /opt/airflow/dags/job_scraping_dag.py
[2026-03-21T17:22:00.810+0000] {processor.py:925} INFO - DAG(s) 'daily_job_scraping' retrieved from /opt/airflow/dags/job_scraping_dag.py
[2026-03-21T17:22:00.833+0000] {logging_mixin.py:190} INFO - [2026-03-21T17:22:00.833+0000] {dag.py:3239} INFO - Sync 1 DAGs
[2026-03-21T17:22:00.852+0000] {logging_mixin.py:190} INFO - [2026-03-21T17:22:00.852+0000] {dag.py:4180} INFO - Setting next_dagrun for daily_job_scraping to 2026-03-21 12:00:00+00:00, run_after=2026-03-22 12:00:00+00:00
[2026-03-21T17:22:00.873+0000] {processor.py:208} INFO - Processing /opt/airflow/dags/job_scraping_dag.py took 0.625 seconds
[2026-03-21T17:22:31.227+0000] {processor.py:186} INFO - Started process (PID=1334) to work on /opt/airflow/dags/job_scraping_dag.py
[2026-03-21T17:22:31.229+0000] {processor.py:914} INFO - Processing file /opt/airflow/dags/job_scraping_dag.py for tasks to queue
[2026-03-21T17:22:31.233+0000] {logging_mixin.py:190} INFO - [2026-03-21T17:22:31.232+0000] {dagbag.py:588} INFO - Filling up the DagBag from /opt/airflow/dags/job_scraping_dag.py
[2026-03-21T17:22:32.102+0000] {processor.py:925} INFO - DAG(s) 'daily_job_scraping' retrieved from /opt/airflow/dags/job_scraping_dag.py
[2026-03-21T17:22:32.184+0000] {logging_mixin.py:190} INFO - [2026-03-21T17:22:32.183+0000] {dag.py:3239} INFO - Sync 1 DAGs
[2026-03-21T17:22:32.239+0000] {logging_mixin.py:190} INFO - [2026-03-21T17:22:32.238+0000] {dag.py:4180} INFO - Setting next_dagrun for daily_job_scraping to 2026-03-21 12:00:00+00:00, run_after=2026-03-22 12:00:00+00:00
[2026-03-21T17:22:32.273+0000] {processor.py:208} INFO - Processing /opt/airflow/dags/job_scraping_dag.py took 1.052 seconds
[2026-03-21T17:23:02.479+0000] {processor.py:186} INFO - Started process (PID=1340) to work on /opt/airflow/dags/job_scraping_dag.py
[2026-03-21T17:23:02.480+0000] {processor.py:914} INFO - Processing file /opt/airflow/dags/job_scraping_dag.py for tasks to queue
[2026-03-21T17:23:02.482+0000] {logging_mixin.py:190} INFO - [2026-03-21T17:23:02.482+0000] {dagbag.py:588} INFO - Filling up the DagBag from /opt/airflow/dags/job_scraping_dag.py
[2026-03-21T17:23:03.120+0000] {processor.py:925} INFO - DAG(s) 'daily_job_scraping' retrieved from /opt/airflow/dags/job_scraping_dag.py
[2026-03-21T17:23:03.154+0000] {logging_mixin.py:190} INFO - [2026-03-21T17:23:03.154+0000] {dag.py:3239} INFO - Sync 1 DAGs
[2026-03-21T17:23:03.180+0000] {logging_mixin.py:190} INFO - [2026-03-21T17:23:03.180+0000] {dag.py:4180} INFO - Setting next_dagrun for daily_job_scraping to 2026-03-21 12:00:00+00:00, run_after=2026-03-22 12:00:00+00:00
[2026-03-21T17:23:03.209+0000] {processor.py:208} INFO - Processing /opt/airflow/dags/job_scraping_dag.py took 0.736 seconds
[2026-03-21T17:23:33.563+0000] {processor.py:186} INFO - Started process (PID=1346) to work on /opt/airflow/dags/job_scraping_dag.py
[2026-03-21T17:23:33.565+0000] {processor.py:914} INFO - Processing file /opt/airflow/dags/job_scraping_dag.py for tasks to queue
[2026-03-21T17:23:33.567+0000] {logging_mixin.py:190} INFO - [2026-03-21T17:23:33.567+0000] {dagbag.py:588} INFO - Filling up the DagBag from /opt/airflow/dags/job_scraping_dag.py
[2026-03-21T17:23:34.129+0000] {processor.py:925} INFO - DAG(s) 'daily_job_scraping' retrieved from /opt/airflow/dags/job_scraping_dag.py
[2026-03-21T17:23:34.153+0000] {logging_mixin.py:190} INFO - [2026-03-21T17:23:34.152+0000] {dag.py:3239} INFO - Sync 1 DAGs
[2026-03-21T17:23:34.174+0000] {logging_mixin.py:190} INFO - [2026-03-21T17:23:34.174+0000] {dag.py:4180} INFO - Setting next_dagrun for daily_job_scraping to 2026-03-21 12:00:00+00:00, run_after=2026-03-22 12:00:00+00:00
[2026-03-21T17:23:34.246+0000] {processor.py:208} INFO - Processing /opt/airflow/dags/job_scraping_dag.py took 0.689 seconds
[2026-03-21T17:24:04.638+0000] {processor.py:186} INFO - Started process (PID=1352) to work on /opt/airflow/dags/job_scraping_dag.py
[2026-03-21T17:24:04.640+0000] {processor.py:914} INFO - Processing file /opt/airflow/dags/job_scraping_dag.py for tasks to queue
[2026-03-21T17:24:04.642+0000] {logging_mixin.py:190} INFO - [2026-03-21T17:24:04.642+0000] {dagbag.py:588} INFO - Filling up the DagBag from /opt/airflow/dags/job_scraping_dag.py
[2026-03-21T17:24:05.169+0000] {processor.py:925} INFO - DAG(s) 'daily_job_scraping' retrieved from /opt/airflow/dags/job_scraping_dag.py
[2026-03-21T17:24:05.195+0000] {logging_mixin.py:190} INFO - [2026-03-21T17:24:05.194+0000] {dag.py:3239} INFO - Sync 1 DAGs
[2026-03-21T17:24:05.215+0000] {logging_mixin.py:190} INFO - [2026-03-21T17:24:05.215+0000] {dag.py:4180} INFO - Setting next_dagrun for daily_job_scraping to 2026-03-21 12:00:00+00:00, run_after=2026-03-22 12:00:00+00:00
[2026-03-21T17:24:05.255+0000] {processor.py:208} INFO - Processing /opt/airflow/dags/job_scraping_dag.py took 0.623 seconds
[2026-03-21T17:24:35.579+0000] {processor.py:186} INFO - Started process (PID=1358) to work on /opt/airflow/dags/job_scraping_dag.py
[2026-03-21T17:24:35.580+0000] {processor.py:914} INFO - Processing file /opt/airflow/dags/job_scraping_dag.py for tasks to queue
[2026-03-21T17:24:35.583+0000] {logging_mixin.py:190} INFO - [2026-03-21T17:24:35.582+0000] {dagbag.py:588} INFO - Filling up the DagBag from /opt/airflow/dags/job_scraping_dag.py
[2026-03-21T17:24:36.085+0000] {processor.py:925} INFO - DAG(s) 'daily_job_scraping' retrieved from /opt/airflow/dags/job_scraping_dag.py
[2026-03-21T17:24:36.109+0000] {logging_mixin.py:190} INFO - [2026-03-21T17:24:36.109+0000] {dag.py:3239} INFO - Sync 1 DAGs
[2026-03-21T17:24:36.128+0000] {logging_mixin.py:190} INFO - [2026-03-21T17:24:36.128+0000] {dag.py:4180} INFO - Setting next_dagrun for daily_job_scraping to 2026-03-21 12:00:00+00:00, run_after=2026-03-22 12:00:00+00:00
[2026-03-21T17:24:36.152+0000] {processor.py:208} INFO - Processing /opt/airflow/dags/job_scraping_dag.py took 0.578 seconds
[2026-03-21T17:25:06.427+0000] {processor.py:186} INFO - Started process (PID=1364) to work on /opt/airflow/dags/job_scraping_dag.py
[2026-03-21T17:25:06.428+0000] {processor.py:914} INFO - Processing file /opt/airflow/dags/job_scraping_dag.py for tasks to queue
[2026-03-21T17:25:06.431+0000] {logging_mixin.py:190} INFO - [2026-03-21T17:25:06.431+0000] {dagbag.py:588} INFO - Filling up the DagBag from /opt/airflow/dags/job_scraping_dag.py
[2026-03-21T17:25:06.999+0000] {processor.py:925} INFO - DAG(s) 'daily_job_scraping' retrieved from /opt/airflow/dags/job_scraping_dag.py
[2026-03-21T17:25:07.031+0000] {logging_mixin.py:190} INFO - [2026-03-21T17:25:07.031+0000] {dag.py:3239} INFO - Sync 1 DAGs
[2026-03-21T17:25:07.050+0000] {logging_mixin.py:190} INFO - [2026-03-21T17:25:07.050+0000] {dag.py:4180} INFO - Setting next_dagrun for daily_job_scraping to 2026-03-21 12:00:00+00:00, run_after=2026-03-22 12:00:00+00:00
[2026-03-21T17:25:07.071+0000] {processor.py:208} INFO - Processing /opt/airflow/dags/job_scraping_dag.py took 0.651 seconds
[2026-03-21T17:25:37.431+0000] {processor.py:186} INFO - Started process (PID=1370) to work on /opt/airflow/dags/job_scraping_dag.py
[2026-03-21T17:25:37.432+0000] {processor.py:914} INFO - Processing file /opt/airflow/dags/job_scraping_dag.py for tasks to queue
[2026-03-21T17:25:37.435+0000] {logging_mixin.py:190} INFO - [2026-03-21T17:25:37.434+0000] {dagbag.py:588} INFO - Filling up the DagBag from /opt/airflow/dags/job_scraping_dag.py
[2026-03-21T17:25:37.985+0000] {processor.py:925} INFO - DAG(s) 'daily_job_scraping' retrieved from /opt/airflow/dags/job_scraping_dag.py
[2026-03-21T17:25:38.008+0000] {logging_mixin.py:190} INFO - [2026-03-21T17:25:38.007+0000] {dag.py:3239} INFO - Sync 1 DAGs
[2026-03-21T17:25:38.026+0000] {logging_mixin.py:190} INFO - [2026-03-21T17:25:38.025+0000] {dag.py:4180} INFO - Setting next_dagrun for daily_job_scraping to 2026-03-21 12:00:00+00:00, run_after=2026-03-22 12:00:00+00:00
[2026-03-21T17:25:38.052+0000] {processor.py:208} INFO - Processing /opt/airflow/dags/job_scraping_dag.py took 0.628 seconds
[2026-03-21T17:26:08.406+0000] {processor.py:186} INFO - Started process (PID=1376) to work on /opt/airflow/dags/job_scraping_dag.py
[2026-03-21T17:26:08.407+0000] {processor.py:914} INFO - Processing file /opt/airflow/dags/job_scraping_dag.py for tasks to queue
[2026-03-21T17:26:08.409+0000] {logging_mixin.py:190} INFO - [2026-03-21T17:26:08.409+0000] {dagbag.py:588} INFO - Filling up the DagBag from /opt/airflow/dags/job_scraping_dag.py
[2026-03-21T17:26:08.992+0000] {processor.py:925} INFO - DAG(s) 'daily_job_scraping' retrieved from /opt/airflow/dags/job_scraping_dag.py
[2026-03-21T17:26:09.013+0000] {logging_mixin.py:190} INFO - [2026-03-21T17:26:09.013+0000] {dag.py:3239} INFO - Sync 1 DAGs
[2026-03-21T17:26:09.031+0000] {logging_mixin.py:190} INFO - [2026-03-21T17:26:09.031+0000] {dag.py:4180} INFO - Setting next_dagrun for daily_job_scraping to 2026-03-21 12:00:00+00:00, run_after=2026-03-22 12:00:00+00:00
[2026-03-21T17:26:09.051+0000] {processor.py:208} INFO - Processing /opt/airflow/dags/job_scraping_dag.py took 0.650 seconds
[2026-03-21T17:26:39.110+0000] {processor.py:186} INFO - Started process (PID=1382) to work on /opt/airflow/dags/job_scraping_dag.py
[2026-03-21T17:26:39.111+0000] {processor.py:914} INFO - Processing file /opt/airflow/dags/job_scraping_dag.py for tasks to queue
[2026-03-21T17:26:39.114+0000] {logging_mixin.py:190} INFO - [2026-03-21T17:26:39.114+0000] {dagbag.py:588} INFO - Filling up the DagBag from /opt/airflow/dags/job_scraping_dag.py
[2026-03-21T17:26:39.724+0000] {processor.py:925} INFO - DAG(s) 'daily_job_scraping' retrieved from /opt/airflow/dags/job_scraping_dag.py
[2026-03-21T17:26:39.749+0000] {logging_mixin.py:190} INFO - [2026-03-21T17:26:39.748+0000] {dag.py:3239} INFO - Sync 1 DAGs
[2026-03-21T17:26:39.767+0000] {logging_mixin.py:190} INFO - [2026-03-21T17:26:39.767+0000] {dag.py:4180} INFO - Setting next_dagrun for daily_job_scraping to 2026-03-21 12:00:00+00:00, run_after=2026-03-22 12:00:00+00:00
[2026-03-21T17:26:39.788+0000] {processor.py:208} INFO - Processing /opt/airflow/dags/job_scraping_dag.py took 0.684 seconds
[2026-03-21T17:27:10.105+0000] {processor.py:186} INFO - Started process (PID=1388) to work on /opt/airflow/dags/job_scraping_dag.py
[2026-03-21T17:27:10.106+0000] {processor.py:914} INFO - Processing file /opt/airflow/dags/job_scraping_dag.py for tasks to queue
[2026-03-21T17:27:10.108+0000] {logging_mixin.py:190} INFO - [2026-03-21T17:27:10.108+0000] {dagbag.py:588} INFO - Filling up the DagBag from /opt/airflow/dags/job_scraping_dag.py
[2026-03-21T17:27:10.617+0000] {processor.py:925} INFO - DAG(s) 'daily_job_scraping' retrieved from /opt/airflow/dags/job_scraping_dag.py
[2026-03-21T17:27:10.639+0000] {logging_mixin.py:190} INFO - [2026-03-21T17:27:10.639+0000] {dag.py:3239} INFO - Sync 1 DAGs
[2026-03-21T17:27:10.659+0000] {logging_mixin.py:190} INFO - [2026-03-21T17:27:10.659+0000] {dag.py:4180} INFO - Setting next_dagrun for daily_job_scraping to 2026-03-21 12:00:00+00:00, run_after=2026-03-22 12:00:00+00:00
[2026-03-21T17:27:10.678+0000] {processor.py:208} INFO - Processing /opt/airflow/dags/job_scraping_dag.py took 0.578 seconds
[2026-03-21T17:27:40.764+0000] {processor.py:186} INFO - Started process (PID=1394) to work on /opt/airflow/dags/job_scraping_dag.py
[2026-03-21T17:27:40.765+0000] {processor.py:914} INFO - Processing file /opt/airflow/dags/job_scraping_dag.py for tasks to queue
[2026-03-21T17:27:40.767+0000] {logging_mixin.py:190} INFO - [2026-03-21T17:27:40.767+0000] {dagbag.py:588} INFO - Filling up the DagBag from /opt/airflow/dags/job_scraping_dag.py
[2026-03-21T17:27:41.313+0000] {processor.py:925} INFO - DAG(s) 'daily_job_scraping' retrieved from /opt/airflow/dags/job_scraping_dag.py
[2026-03-21T17:27:41.336+0000] {logging_mixin.py:190} INFO - [2026-03-21T17:27:41.336+0000] {dag.py:3239} INFO - Sync 1 DAGs
[2026-03-21T17:27:41.353+0000] {logging_mixin.py:190} INFO - [2026-03-21T17:27:41.352+0000] {dag.py:4180} INFO - Setting next_dagrun for daily_job_scraping to 2026-03-21 12:00:00+00:00, run_after=2026-03-22 12:00:00+00:00
[2026-03-21T17:27:41.375+0000] {processor.py:208} INFO - Processing /opt/airflow/dags/job_scraping_dag.py took 0.617 seconds
[2026-03-21T17:28:11.778+0000] {processor.py:186} INFO - Started process (PID=1400) to work on /opt/airflow/dags/job_scraping_dag.py
[2026-03-21T17:28:11.780+0000] {processor.py:914} INFO - Processing file /opt/airflow/dags/job_scraping_dag.py for tasks to queue
[2026-03-21T17:28:11.785+0000] {logging_mixin.py:190} INFO - [2026-03-21T17:28:11.784+0000] {dagbag.py:588} INFO - Filling up the DagBag from /opt/airflow/dags/job_scraping_dag.py
[2026-03-21T17:28:12.303+0000] {processor.py:925} INFO - DAG(s) 'daily_job_scraping' retrieved from /opt/airflow/dags/job_scraping_dag.py
[2026-03-21T17:28:12.326+0000] {logging_mixin.py:190} INFO - [2026-03-21T17:28:12.326+0000] {dag.py:3239} INFO - Sync 1 DAGs
[2026-03-21T17:28:12.343+0000] {logging_mixin.py:190} INFO - [2026-03-21T17:28:12.343+0000] {dag.py:4180} INFO - Setting next_dagrun for daily_job_scraping to 2026-03-21 12:00:00+00:00, run_after=2026-03-22 12:00:00+00:00
[2026-03-21T17:28:12.365+0000] {processor.py:208} INFO - Processing /opt/airflow/dags/job_scraping_dag.py took 0.597 seconds
[2026-03-21T17:28:42.715+0000] {processor.py:186} INFO - Started process (PID=1406) to work on /opt/airflow/dags/job_scraping_dag.py
[2026-03-21T17:28:42.716+0000] {processor.py:914} INFO - Processing file /opt/airflow/dags/job_scraping_dag.py for tasks to queue
[2026-03-21T17:28:42.718+0000] {logging_mixin.py:190} INFO - [2026-03-21T17:28:42.718+0000] {dagbag.py:588} INFO - Filling up the DagBag from /opt/airflow/dags/job_scraping_dag.py
[2026-03-21T17:28:43.246+0000] {processor.py:925} INFO - DAG(s) 'daily_job_scraping' retrieved from /opt/airflow/dags/job_scraping_dag.py
[2026-03-21T17:28:43.268+0000] {logging_mixin.py:190} INFO - [2026-03-21T17:28:43.267+0000] {dag.py:3239} INFO - Sync 1 DAGs
[2026-03-21T17:28:43.285+0000] {logging_mixin.py:190} INFO - [2026-03-21T17:28:43.285+0000] {dag.py:4180} INFO - Setting next_dagrun for daily_job_scraping to 2026-03-21 12:00:00+00:00, run_after=2026-03-22 12:00:00+00:00
[2026-03-21T17:28:43.307+0000] {processor.py:208} INFO - Processing /opt/airflow/dags/job_scraping_dag.py took 0.598 seconds
[2026-03-21T17:29:13.797+0000] {processor.py:186} INFO - Started process (PID=1412) to work on /opt/airflow/dags/job_scraping_dag.py
[2026-03-21T17:29:13.802+0000] {processor.py:914} INFO - Processing file /opt/airflow/dags/job_scraping_dag.py for tasks to queue
[2026-03-21T17:29:13.807+0000] {logging_mixin.py:190} INFO - [2026-03-21T17:29:13.806+0000] {dagbag.py:588} INFO - Filling up the DagBag from /opt/airflow/dags/job_scraping_dag.py
[2026-03-21T17:29:15.995+0000] {processor.py:925} INFO - DAG(s) 'daily_job_scraping' retrieved from /opt/airflow/dags/job_scraping_dag.py
[2026-03-21T17:29:16.079+0000] {logging_mixin.py:190} INFO - [2026-03-21T17:29:16.078+0000] {dag.py:3239} INFO - Sync 1 DAGs
[2026-03-21T17:29:16.159+0000] {logging_mixin.py:190} INFO - [2026-03-21T17:29:16.158+0000] {dag.py:4180} INFO - Setting next_dagrun for daily_job_scraping to 2026-03-21 12:00:00+00:00, run_after=2026-03-22 12:00:00+00:00
[2026-03-21T17:29:16.233+0000] {processor.py:208} INFO - Processing /opt/airflow/dags/job_scraping_dag.py took 2.452 seconds
[2026-03-21T17:29:46.455+0000] {processor.py:186} INFO - Started process (PID=1418) to work on /opt/airflow/dags/job_scraping_dag.py
[2026-03-21T17:29:46.457+0000] {processor.py:914} INFO - Processing file /opt/airflow/dags/job_scraping_dag.py for tasks to queue
[2026-03-21T17:29:46.461+0000] {logging_mixin.py:190} INFO - [2026-03-21T17:29:46.460+0000] {dagbag.py:588} INFO - Filling up the DagBag from /opt/airflow/dags/job_scraping_dag.py
[2026-03-21T17:29:47.540+0000] {processor.py:925} INFO - DAG(s) 'daily_job_scraping' retrieved from /opt/airflow/dags/job_scraping_dag.py
[2026-03-21T17:29:47.586+0000] {logging_mixin.py:190} INFO - [2026-03-21T17:29:47.586+0000] {dag.py:3239} INFO - Sync 1 DAGs
[2026-03-21T17:29:47.620+0000] {logging_mixin.py:190} INFO - [2026-03-21T17:29:47.619+0000] {dag.py:4180} INFO - Setting next_dagrun for daily_job_scraping to 2026-03-21 12:00:00+00:00, run_after=2026-03-22 12:00:00+00:00
[2026-03-21T17:29:47.648+0000] {processor.py:208} INFO - Processing /opt/airflow/dags/job_scraping_dag.py took 1.202 seconds
[2026-03-21T17:30:17.724+0000] {processor.py:186} INFO - Started process (PID=1424) to work on /opt/airflow/dags/job_scraping_dag.py
[2026-03-21T17:30:17.726+0000] {processor.py:914} INFO - Processing file /opt/airflow/dags/job_scraping_dag.py for tasks to queue
[2026-03-21T17:30:17.729+0000] {logging_mixin.py:190} INFO - [2026-03-21T17:30:17.728+0000] {dagbag.py:588} INFO - Filling up the DagBag from /opt/airflow/dags/job_scraping_dag.py
[2026-03-21T17:30:18.550+0000] {processor.py:925} INFO - DAG(s) 'daily_job_scraping' retrieved from /opt/airflow/dags/job_scraping_dag.py
[2026-03-21T17:30:18.584+0000] {logging_mixin.py:190} INFO - [2026-03-21T17:30:18.584+0000] {dag.py:3239} INFO - Sync 1 DAGs
[2026-03-21T17:30:18.610+0000] {logging_mixin.py:190} INFO - [2026-03-21T17:30:18.609+0000] {dag.py:4180} INFO - Setting next_dagrun for daily_job_scraping to 2026-03-21 12:00:00+00:00, run_after=2026-03-22 12:00:00+00:00
[2026-03-21T17:30:18.635+0000] {processor.py:208} INFO - Processing /opt/airflow/dags/job_scraping_dag.py took 0.918 seconds
[2026-03-21T17:30:48.948+0000] {processor.py:186} INFO - Started process (PID=1430) to work on /opt/airflow/dags/job_scraping_dag.py
[2026-03-21T17:30:48.950+0000] {processor.py:914} INFO - Processing file /opt/airflow/dags/job_scraping_dag.py for tasks to queue
[2026-03-21T17:30:48.956+0000] {logging_mixin.py:190} INFO - [2026-03-21T17:30:48.955+0000] {dagbag.py:588} INFO - Filling up the DagBag from /opt/airflow/dags/job_scraping_dag.py
[2026-03-21T17:30:50.072+0000] {processor.py:925} INFO - DAG(s) 'daily_job_scraping' retrieved from /opt/airflow/dags/job_scraping_dag.py
[2026-03-21T17:30:50.106+0000] {logging_mixin.py:190} INFO - [2026-03-21T17:30:50.106+0000] {dag.py:3239} INFO - Sync 1 DAGs
[2026-03-21T17:30:50.132+0000] {logging_mixin.py:190} INFO - [2026-03-21T17:30:50.132+0000] {dag.py:4180} INFO - Setting next_dagrun for daily_job_scraping to 2026-03-21 12:00:00+00:00, run_after=2026-03-22 12:00:00+00:00
[2026-03-21T17:30:50.156+0000] {processor.py:208} INFO - Processing /opt/airflow/dags/job_scraping_dag.py took 1.221 seconds
[2026-03-21T17:31:20.460+0000] {processor.py:186} INFO - Started process (PID=1436) to work on /opt/airflow/dags/job_scraping_dag.py
[2026-03-21T17:31:20.462+0000] {processor.py:914} INFO - Processing file /opt/airflow/dags/job_scraping_dag.py for tasks to queue
[2026-03-21T17:31:20.467+0000] {logging_mixin.py:190} INFO - [2026-03-21T17:31:20.466+0000] {dagbag.py:588} INFO - Filling up the DagBag from /opt/airflow/dags/job_scraping_dag.py
[2026-03-21T17:31:21.414+0000] {processor.py:925} INFO - DAG(s) 'daily_job_scraping' retrieved from /opt/airflow/dags/job_scraping_dag.py
[2026-03-21T17:31:21.463+0000] {logging_mixin.py:190} INFO - [2026-03-21T17:31:21.463+0000] {dag.py:3239} INFO - Sync 1 DAGs
[2026-03-21T17:31:21.499+0000] {logging_mixin.py:190} INFO - [2026-03-21T17:31:21.499+0000] {dag.py:4180} INFO - Setting next_dagrun for daily_job_scraping to 2026-03-21 12:00:00+00:00, run_after=2026-03-22 12:00:00+00:00
[2026-03-21T17:31:21.530+0000] {processor.py:208} INFO - Processing /opt/airflow/dags/job_scraping_dag.py took 1.079 seconds
[2026-03-21T17:31:51.761+0000] {processor.py:186} INFO - Started process (PID=1442) to work on /opt/airflow/dags/job_scraping_dag.py
[2026-03-21T17:31:51.762+0000] {processor.py:914} INFO - Processing file /opt/airflow/dags/job_scraping_dag.py for tasks to queue
[2026-03-21T17:31:51.765+0000] {logging_mixin.py:190} INFO - [2026-03-21T17:31:51.765+0000] {dagbag.py:588} INFO - Filling up the DagBag from /opt/airflow/dags/job_scraping_dag.py
[2026-03-21T17:31:52.493+0000] {processor.py:925} INFO - DAG(s) 'daily_job_scraping' retrieved from /opt/airflow/dags/job_scraping_dag.py
[2026-03-21T17:31:52.524+0000] {logging_mixin.py:190} INFO - [2026-03-21T17:31:52.523+0000] {dag.py:3239} INFO - Sync 1 DAGs
[2026-03-21T17:31:52.552+0000] {logging_mixin.py:190} INFO - [2026-03-21T17:31:52.552+0000] {dag.py:4180} INFO - Setting next_dagrun for daily_job_scraping to 2026-03-21 12:00:00+00:00, run_after=2026-03-22 12:00:00+00:00
[2026-03-21T17:31:52.577+0000] {processor.py:208} INFO - Processing /opt/airflow/dags/job_scraping_dag.py took 0.823 seconds
[2026-03-21T17:32:22.913+0000] {processor.py:186} INFO - Started process (PID=1448) to work on /opt/airflow/dags/job_scraping_dag.py
[2026-03-21T17:32:22.915+0000] {processor.py:914} INFO - Processing file /opt/airflow/dags/job_scraping_dag.py for tasks to queue
[2026-03-21T17:32:22.918+0000] {logging_mixin.py:190} INFO - [2026-03-21T17:32:22.917+0000] {dagbag.py:588} INFO - Filling up the DagBag from /opt/airflow/dags/job_scraping_dag.py
[2026-03-21T17:32:23.689+0000] {processor.py:925} INFO - DAG(s) 'daily_job_scraping' retrieved from /opt/airflow/dags/job_scraping_dag.py
[2026-03-21T17:32:23.722+0000] {logging_mixin.py:190} INFO - [2026-03-21T17:32:23.721+0000] {dag.py:3239} INFO - Sync 1 DAGs
[2026-03-21T17:32:23.747+0000] {logging_mixin.py:190} INFO - [2026-03-21T17:32:23.747+0000] {dag.py:4180} INFO - Setting next_dagrun for daily_job_scraping to 2026-03-21 12:00:00+00:00, run_after=2026-03-22 12:00:00+00:00
[2026-03-21T17:32:23.771+0000] {processor.py:208} INFO - Processing /opt/airflow/dags/job_scraping_dag.py took 0.866 seconds
[2026-03-21T17:32:54.072+0000] {processor.py:186} INFO - Started process (PID=1454) to work on /opt/airflow/dags/job_scraping_dag.py
[2026-03-21T17:32:54.073+0000] {processor.py:914} INFO - Processing file /opt/airflow/dags/job_scraping_dag.py for tasks to queue
[2026-03-21T17:32:54.075+0000] {logging_mixin.py:190} INFO - [2026-03-21T17:32:54.075+0000] {dagbag.py:588} INFO - Filling up the DagBag from /opt/airflow/dags/job_scraping_dag.py
[2026-03-21T17:32:55.010+0000] {processor.py:925} INFO - DAG(s) 'daily_job_scraping' retrieved from /opt/airflow/dags/job_scraping_dag.py
[2026-03-21T17:32:55.047+0000] {logging_mixin.py:190} INFO - [2026-03-21T17:32:55.046+0000] {dag.py:3239} INFO - Sync 1 DAGs
[2026-03-21T17:32:55.077+0000] {logging_mixin.py:190} INFO - [2026-03-21T17:32:55.077+0000] {dag.py:4180} INFO - Setting next_dagrun for daily_job_scraping to 2026-03-21 12:00:00+00:00, run_after=2026-03-22 12:00:00+00:00
[2026-03-21T17:32:55.100+0000] {processor.py:208} INFO - Processing /opt/airflow/dags/job_scraping_dag.py took 1.035 seconds
[2026-03-21T17:33:25.345+0000] {processor.py:186} INFO - Started process (PID=1460) to work on /opt/airflow/dags/job_scraping_dag.py
[2026-03-21T17:33:25.346+0000] {processor.py:914} INFO - Processing file /opt/airflow/dags/job_scraping_dag.py for tasks to queue
[2026-03-21T17:33:25.349+0000] {logging_mixin.py:190} INFO - [2026-03-21T17:33:25.349+0000] {dagbag.py:588} INFO - Filling up the DagBag from /opt/airflow/dags/job_scraping_dag.py
[2026-03-21T17:33:26.051+0000] {processor.py:925} INFO - DAG(s) 'daily_job_scraping' retrieved from /opt/airflow/dags/job_scraping_dag.py
[2026-03-21T17:33:26.085+0000] {logging_mixin.py:190} INFO - [2026-03-21T17:33:26.085+0000] {dag.py:3239} INFO - Sync 1 DAGs
[2026-03-21T17:33:26.116+0000] {logging_mixin.py:190} INFO - [2026-03-21T17:33:26.116+0000] {dag.py:4180} INFO - Setting next_dagrun for daily_job_scraping to 2026-03-21 12:00:00+00:00, run_after=2026-03-22 12:00:00+00:00
[2026-03-21T17:33:26.138+0000] {processor.py:208} INFO - Processing /opt/airflow/dags/job_scraping_dag.py took 0.800 seconds
[2026-03-21T17:33:56.430+0000] {processor.py:186} INFO - Started process (PID=1466) to work on /opt/airflow/dags/job_scraping_dag.py
[2026-03-21T17:33:56.431+0000] {processor.py:914} INFO - Processing file /opt/airflow/dags/job_scraping_dag.py for tasks to queue
[2026-03-21T17:33:56.433+0000] {logging_mixin.py:190} INFO - [2026-03-21T17:33:56.433+0000] {dagbag.py:588} INFO - Filling up the DagBag from /opt/airflow/dags/job_scraping_dag.py
[2026-03-21T17:33:57.211+0000] {processor.py:925} INFO - DAG(s) 'daily_job_scraping' retrieved from /opt/airflow/dags/job_scraping_dag.py
[2026-03-21T17:33:57.246+0000] {logging_mixin.py:190} INFO - [2026-03-21T17:33:57.246+0000] {dag.py:3239} INFO - Sync 1 DAGs
[2026-03-21T17:33:57.281+0000] {logging_mixin.py:190} INFO - [2026-03-21T17:33:57.280+0000] {dag.py:4180} INFO - Setting next_dagrun for daily_job_scraping to 2026-03-21 12:00:00+00:00, run_after=2026-03-22 12:00:00+00:00
[2026-03-21T17:33:57.309+0000] {processor.py:208} INFO - Processing /opt/airflow/dags/job_scraping_dag.py took 0.886 seconds
[2026-03-21T17:34:27.607+0000] {processor.py:186} INFO - Started process (PID=1472) to work on /opt/airflow/dags/job_scraping_dag.py
[2026-03-21T17:34:27.609+0000] {processor.py:914} INFO - Processing file /opt/airflow/dags/job_scraping_dag.py for tasks to queue
[2026-03-21T17:34:27.613+0000] {logging_mixin.py:190} INFO - [2026-03-21T17:34:27.613+0000] {dagbag.py:588} INFO - Filling up the DagBag from /opt/airflow/dags/job_scraping_dag.py
[2026-03-21T17:34:28.449+0000] {processor.py:925} INFO - DAG(s) 'daily_job_scraping' retrieved from /opt/airflow/dags/job_scraping_dag.py
[2026-03-21T17:34:28.480+0000] {logging_mixin.py:190} INFO - [2026-03-21T17:34:28.480+0000] {dag.py:3239} INFO - Sync 1 DAGs
[2026-03-21T17:34:28.506+0000] {logging_mixin.py:190} INFO - [2026-03-21T17:34:28.506+0000] {dag.py:4180} INFO - Setting next_dagrun for daily_job_scraping to 2026-03-21 12:00:00+00:00, run_after=2026-03-22 12:00:00+00:00
[2026-03-21T17:34:28.531+0000] {processor.py:208} INFO - Processing /opt/airflow/dags/job_scraping_dag.py took 0.932 seconds
[2026-03-21T17:34:58.861+0000] {processor.py:186} INFO - Started process (PID=1478) to work on /opt/airflow/dags/job_scraping_dag.py
[2026-03-21T17:34:58.863+0000] {processor.py:914} INFO - Processing file /opt/airflow/dags/job_scraping_dag.py for tasks to queue
[2026-03-21T17:34:58.869+0000] {logging_mixin.py:190} INFO - [2026-03-21T17:34:58.868+0000] {dagbag.py:588} INFO - Filling up the DagBag from /opt/airflow/dags/job_scraping_dag.py
[2026-03-21T17:35:00.206+0000] {processor.py:925} INFO - DAG(s) 'daily_job_scraping' retrieved from /opt/airflow/dags/job_scraping_dag.py
[2026-03-21T17:35:00.239+0000] {logging_mixin.py:190} INFO - [2026-03-21T17:35:00.239+0000] {dag.py:3239} INFO - Sync 1 DAGs
[2026-03-21T17:35:00.268+0000] {logging_mixin.py:190} INFO - [2026-03-21T17:35:00.267+0000] {dag.py:4180} INFO - Setting next_dagrun for daily_job_scraping to 2026-03-21 12:00:00+00:00, run_after=2026-03-22 12:00:00+00:00
[2026-03-21T17:35:00.292+0000] {processor.py:208} INFO - Processing /opt/airflow/dags/job_scraping_dag.py took 1.440 seconds
[2026-03-21T17:35:30.563+0000] {processor.py:186} INFO - Started process (PID=1484) to work on /opt/airflow/dags/job_scraping_dag.py
[2026-03-21T17:35:30.564+0000] {processor.py:914} INFO - Processing file /opt/airflow/dags/job_scraping_dag.py for tasks to queue
[2026-03-21T17:35:30.567+0000] {logging_mixin.py:190} INFO - [2026-03-21T17:35:30.567+0000] {dagbag.py:588} INFO - Filling up the DagBag from /opt/airflow/dags/job_scraping_dag.py
[2026-03-21T17:35:31.281+0000] {processor.py:925} INFO - DAG(s) 'daily_job_scraping' retrieved from /opt/airflow/dags/job_scraping_dag.py
[2026-03-21T17:35:31.325+0000] {logging_mixin.py:190} INFO - [2026-03-21T17:35:31.324+0000] {dag.py:3239} INFO - Sync 1 DAGs
[2026-03-21T17:35:31.362+0000] {logging_mixin.py:190} INFO - [2026-03-21T17:35:31.362+0000] {dag.py:4180} INFO - Setting next_dagrun for daily_job_scraping to 2026-03-21 12:00:00+00:00, run_after=2026-03-22 12:00:00+00:00
[2026-03-21T17:35:31.386+0000] {processor.py:208} INFO - Processing /opt/airflow/dags/job_scraping_dag.py took 0.829 seconds
[2026-03-21T17:36:01.613+0000] {processor.py:186} INFO - Started process (PID=1490) to work on /opt/airflow/dags/job_scraping_dag.py
[2026-03-21T17:36:01.615+0000] {processor.py:914} INFO - Processing file /opt/airflow/dags/job_scraping_dag.py for tasks to queue
[2026-03-21T17:36:01.620+0000] {logging_mixin.py:190} INFO - [2026-03-21T17:36:01.620+0000] {dagbag.py:588} INFO - Filling up the DagBag from /opt/airflow/dags/job_scraping_dag.py
[2026-03-21T17:36:02.441+0000] {processor.py:925} INFO - DAG(s) 'daily_job_scraping' retrieved from /opt/airflow/dags/job_scraping_dag.py
[2026-03-21T17:36:02.477+0000] {logging_mixin.py:190} INFO - [2026-03-21T17:36:02.476+0000] {dag.py:3239} INFO - Sync 1 DAGs
[2026-03-21T17:36:02.511+0000] {logging_mixin.py:190} INFO - [2026-03-21T17:36:02.511+0000] {dag.py:4180} INFO - Setting next_dagrun for daily_job_scraping to 2026-03-21 12:00:00+00:00, run_after=2026-03-22 12:00:00+00:00
[2026-03-21T17:36:02.536+0000] {processor.py:208} INFO - Processing /opt/airflow/dags/job_scraping_dag.py took 0.934 seconds
[2026-03-21T17:36:32.848+0000] {processor.py:186} INFO - Started process (PID=1496) to work on /opt/airflow/dags/job_scraping_dag.py
[2026-03-21T17:36:32.849+0000] {processor.py:914} INFO - Processing file /opt/airflow/dags/job_scraping_dag.py for tasks to queue
[2026-03-21T17:36:32.852+0000] {logging_mixin.py:190} INFO - [2026-03-21T17:36:32.852+0000] {dagbag.py:588} INFO - Filling up the DagBag from /opt/airflow/dags/job_scraping_dag.py
[2026-03-21T17:36:33.556+0000] {processor.py:925} INFO - DAG(s) 'daily_job_scraping' retrieved from /opt/airflow/dags/job_scraping_dag.py
[2026-03-21T17:36:33.588+0000] {logging_mixin.py:190} INFO - [2026-03-21T17:36:33.588+0000] {dag.py:3239} INFO - Sync 1 DAGs
[2026-03-21T17:36:33.616+0000] {logging_mixin.py:190} INFO - [2026-03-21T17:36:33.616+0000] {dag.py:4180} INFO - Setting next_dagrun for daily_job_scraping to 2026-03-21 12:00:00+00:00, run_after=2026-03-22 12:00:00+00:00
[2026-03-21T17:36:33.642+0000] {processor.py:208} INFO - Processing /opt/airflow/dags/job_scraping_dag.py took 0.801 seconds
[2026-03-21T17:37:03.972+0000] {processor.py:186} INFO - Started process (PID=1502) to work on /opt/airflow/dags/job_scraping_dag.py
[2026-03-21T17:37:03.974+0000] {processor.py:914} INFO - Processing file /opt/airflow/dags/job_scraping_dag.py for tasks to queue
[2026-03-21T17:37:03.978+0000] {logging_mixin.py:190} INFO - [2026-03-21T17:37:03.978+0000] {dagbag.py:588} INFO - Filling up the DagBag from /opt/airflow/dags/job_scraping_dag.py
[2026-03-21T17:37:04.820+0000] {processor.py:925} INFO - DAG(s) 'daily_job_scraping' retrieved from /opt/airflow/dags/job_scraping_dag.py
[2026-03-21T17:37:04.894+0000] {logging_mixin.py:190} INFO - [2026-03-21T17:37:04.893+0000] {dag.py:3239} INFO - Sync 1 DAGs
[2026-03-21T17:37:04.986+0000] {logging_mixin.py:190} INFO - [2026-03-21T17:37:04.985+0000] {dag.py:4180} INFO - Setting next_dagrun for daily_job_scraping to 2026-03-21 12:00:00+00:00, run_after=2026-03-22 12:00:00+00:00
[2026-03-21T17:37:05.040+0000] {processor.py:208} INFO - Processing /opt/airflow/dags/job_scraping_dag.py took 1.076 seconds
[2026-03-21T17:37:35.282+0000] {processor.py:186} INFO - Started process (PID=1508) to work on /opt/airflow/dags/job_scraping_dag.py
[2026-03-21T17:37:35.283+0000] {processor.py:914} INFO - Processing file /opt/airflow/dags/job_scraping_dag.py for tasks to queue
[2026-03-21T17:37:35.286+0000] {logging_mixin.py:190} INFO - [2026-03-21T17:37:35.286+0000] {dagbag.py:588} INFO - Filling up the DagBag from /opt/airflow/dags/job_scraping_dag.py
[2026-03-21T17:37:35.999+0000] {processor.py:925} INFO - DAG(s) 'daily_job_scraping' retrieved from /opt/airflow/dags/job_scraping_dag.py
[2026-03-21T17:37:36.034+0000] {logging_mixin.py:190} INFO - [2026-03-21T17:37:36.033+0000] {dag.py:3239} INFO - Sync 1 DAGs
[2026-03-21T17:37:36.060+0000] {logging_mixin.py:190} INFO - [2026-03-21T17:37:36.059+0000] {dag.py:4180} INFO - Setting next_dagrun for daily_job_scraping to 2026-03-21 12:00:00+00:00, run_after=2026-03-22 12:00:00+00:00
[2026-03-21T17:37:36.083+0000] {processor.py:208} INFO - Processing /opt/airflow/dags/job_scraping_dag.py took 0.809 seconds
[2026-03-21T17:38:06.359+0000] {processor.py:186} INFO - Started process (PID=1514) to work on /opt/airflow/dags/job_scraping_dag.py
[2026-03-21T17:38:06.361+0000] {processor.py:914} INFO - Processing file /opt/airflow/dags/job_scraping_dag.py for tasks to queue
[2026-03-21T17:38:06.364+0000] {logging_mixin.py:190} INFO - [2026-03-21T17:38:06.363+0000] {dagbag.py:588} INFO - Filling up the DagBag from /opt/airflow/dags/job_scraping_dag.py
[2026-03-21T17:38:07.193+0000] {processor.py:925} INFO - DAG(s) 'daily_job_scraping' retrieved from /opt/airflow/dags/job_scraping_dag.py
[2026-03-21T17:38:07.227+0000] {logging_mixin.py:190} INFO - [2026-03-21T17:38:07.227+0000] {dag.py:3239} INFO - Sync 1 DAGs
[2026-03-21T17:38:07.256+0000] {logging_mixin.py:190} INFO - [2026-03-21T17:38:07.255+0000] {dag.py:4180} INFO - Setting next_dagrun for daily_job_scraping to 2026-03-21 12:00:00+00:00, run_after=2026-03-22 12:00:00+00:00
[2026-03-21T17:38:07.280+0000] {processor.py:208} INFO - Processing /opt/airflow/dags/job_scraping_dag.py took 0.927 seconds
[2026-03-21T17:38:37.634+0000] {processor.py:186} INFO - Started process (PID=1520) to work on /opt/airflow/dags/job_scraping_dag.py
[2026-03-21T17:38:37.638+0000] {processor.py:914} INFO - Processing file /opt/airflow/dags/job_scraping_dag.py for tasks to queue
[2026-03-21T17:38:37.649+0000] {logging_mixin.py:190} INFO - [2026-03-21T17:38:37.648+0000] {dagbag.py:588} INFO - Filling up the DagBag from /opt/airflow/dags/job_scraping_dag.py
[2026-03-21T17:38:38.498+0000] {processor.py:925} INFO - DAG(s) 'daily_job_scraping' retrieved from /opt/airflow/dags/job_scraping_dag.py
[2026-03-21T17:38:38.531+0000] {logging_mixin.py:190} INFO - [2026-03-21T17:38:38.530+0000] {dag.py:3239} INFO - Sync 1 DAGs
[2026-03-21T17:38:38.556+0000] {logging_mixin.py:190} INFO - [2026-03-21T17:38:38.555+0000] {dag.py:4180} INFO - Setting next_dagrun for daily_job_scraping to 2026-03-21 12:00:00+00:00, run_after=2026-03-22 12:00:00+00:00
[2026-03-21T17:38:38.578+0000] {processor.py:208} INFO - Processing /opt/airflow/dags/job_scraping_dag.py took 0.961 seconds
[2026-03-21T17:39:08.876+0000] {processor.py:186} INFO - Started process (PID=1526) to work on /opt/airflow/dags/job_scraping_dag.py
[2026-03-21T17:39:08.877+0000] {processor.py:914} INFO - Processing file /opt/airflow/dags/job_scraping_dag.py for tasks to queue
[2026-03-21T17:39:08.880+0000] {logging_mixin.py:190} INFO - [2026-03-21T17:39:08.880+0000] {dagbag.py:588} INFO - Filling up the DagBag from /opt/airflow/dags/job_scraping_dag.py
[2026-03-21T17:39:09.859+0000] {processor.py:925} INFO - DAG(s) 'daily_job_scraping' retrieved from /opt/airflow/dags/job_scraping_dag.py
[2026-03-21T17:39:09.913+0000] {logging_mixin.py:190} INFO - [2026-03-21T17:39:09.911+0000] {dag.py:3239} INFO - Sync 1 DAGs
[2026-03-21T17:39:09.978+0000] {logging_mixin.py:190} INFO - [2026-03-21T17:39:09.978+0000] {dag.py:4180} INFO - Setting next_dagrun for daily_job_scraping to 2026-03-21 12:00:00+00:00, run_after=2026-03-22 12:00:00+00:00
[2026-03-21T17:39:10.026+0000] {processor.py:208} INFO - Processing /opt/airflow/dags/job_scraping_dag.py took 1.156 seconds
[2026-03-21T17:39:40.152+0000] {processor.py:186} INFO - Started process (PID=1532) to work on /opt/airflow/dags/job_scraping_dag.py
[2026-03-21T17:39:40.153+0000] {processor.py:914} INFO - Processing file /opt/airflow/dags/job_scraping_dag.py for tasks to queue
[2026-03-21T17:39:40.156+0000] {logging_mixin.py:190} INFO - [2026-03-21T17:39:40.156+0000] {dagbag.py:588} INFO - Filling up the DagBag from /opt/airflow/dags/job_scraping_dag.py
[2026-03-21T17:39:40.849+0000] {processor.py:925} INFO - DAG(s) 'daily_job_scraping' retrieved from /opt/airflow/dags/job_scraping_dag.py
[2026-03-21T17:39:40.880+0000] {logging_mixin.py:190} INFO - [2026-03-21T17:39:40.880+0000] {dag.py:3239} INFO - Sync 1 DAGs
[2026-03-21T17:39:40.906+0000] {logging_mixin.py:190} INFO - [2026-03-21T17:39:40.906+0000] {dag.py:4180} INFO - Setting next_dagrun for daily_job_scraping to 2026-03-21 12:00:00+00:00, run_after=2026-03-22 12:00:00+00:00
[2026-03-21T17:39:40.933+0000] {processor.py:208} INFO - Processing /opt/airflow/dags/job_scraping_dag.py took 0.788 seconds
[2026-03-21T17:40:11.297+0000] {processor.py:186} INFO - Started process (PID=1538) to work on /opt/airflow/dags/job_scraping_dag.py
[2026-03-21T17:40:11.299+0000] {processor.py:914} INFO - Processing file /opt/airflow/dags/job_scraping_dag.py for tasks to queue
[2026-03-21T17:40:11.302+0000] {logging_mixin.py:190} INFO - [2026-03-21T17:40:11.302+0000] {dagbag.py:588} INFO - Filling up the DagBag from /opt/airflow/dags/job_scraping_dag.py
[2026-03-21T17:40:11.866+0000] {processor.py:925} INFO - DAG(s) 'daily_job_scraping' retrieved from /opt/airflow/dags/job_scraping_dag.py
[2026-03-21T17:40:11.887+0000] {logging_mixin.py:190} INFO - [2026-03-21T17:40:11.887+0000] {dag.py:3239} INFO - Sync 1 DAGs
[2026-03-21T17:40:11.905+0000] {logging_mixin.py:190} INFO - [2026-03-21T17:40:11.905+0000] {dag.py:4180} INFO - Setting next_dagrun for daily_job_scraping to 2026-03-21 12:00:00+00:00, run_after=2026-03-22 12:00:00+00:00
[2026-03-21T17:40:11.925+0000] {processor.py:208} INFO - Processing /opt/airflow/dags/job_scraping_dag.py took 0.633 seconds
[2026-03-21T17:40:42.291+0000] {processor.py:186} INFO - Started process (PID=1544) to work on /opt/airflow/dags/job_scraping_dag.py
[2026-03-21T17:40:42.292+0000] {processor.py:914} INFO - Processing file /opt/airflow/dags/job_scraping_dag.py for tasks to queue
[2026-03-21T17:40:42.295+0000] {logging_mixin.py:190} INFO - [2026-03-21T17:40:42.295+0000] {dagbag.py:588} INFO - Filling up the DagBag from /opt/airflow/dags/job_scraping_dag.py
[2026-03-21T17:40:42.821+0000] {processor.py:925} INFO - DAG(s) 'daily_job_scraping' retrieved from /opt/airflow/dags/job_scraping_dag.py
[2026-03-21T17:40:42.842+0000] {logging_mixin.py:190} INFO - [2026-03-21T17:40:42.842+0000] {dag.py:3239} INFO - Sync 1 DAGs
[2026-03-21T17:40:42.861+0000] {logging_mixin.py:190} INFO - [2026-03-21T17:40:42.860+0000] {dag.py:4180} INFO - Setting next_dagrun for daily_job_scraping to 2026-03-21 12:00:00+00:00, run_after=2026-03-22 12:00:00+00:00
[2026-03-21T17:40:42.881+0000] {processor.py:208} INFO - Processing /opt/airflow/dags/job_scraping_dag.py took 0.596 seconds
[2026-03-21T17:41:13.118+0000] {processor.py:186} INFO - Started process (PID=1550) to work on /opt/airflow/dags/job_scraping_dag.py
[2026-03-21T17:41:13.119+0000] {processor.py:914} INFO - Processing file /opt/airflow/dags/job_scraping_dag.py for tasks to queue
[2026-03-21T17:41:13.121+0000] {logging_mixin.py:190} INFO - [2026-03-21T17:41:13.120+0000] {dagbag.py:588} INFO - Filling up the DagBag from /opt/airflow/dags/job_scraping_dag.py
[2026-03-21T17:41:13.615+0000] {processor.py:925} INFO - DAG(s) 'daily_job_scraping' retrieved from /opt/airflow/dags/job_scraping_dag.py
[2026-03-21T17:41:13.642+0000] {logging_mixin.py:190} INFO - [2026-03-21T17:41:13.642+0000] {dag.py:3239} INFO - Sync 1 DAGs
[2026-03-21T17:41:13.661+0000] {logging_mixin.py:190} INFO - [2026-03-21T17:41:13.661+0000] {dag.py:4180} INFO - Setting next_dagrun for daily_job_scraping to 2026-03-21 12:00:00+00:00, run_after=2026-03-22 12:00:00+00:00
[2026-03-21T17:41:13.683+0000] {processor.py:208} INFO - Processing /opt/airflow/dags/job_scraping_dag.py took 0.570 seconds
[2026-03-21T17:41:44.044+0000] {processor.py:186} INFO - Started process (PID=1556) to work on /opt/airflow/dags/job_scraping_dag.py
[2026-03-21T17:41:44.046+0000] {processor.py:914} INFO - Processing file /opt/airflow/dags/job_scraping_dag.py for tasks to queue
[2026-03-21T17:41:44.048+0000] {logging_mixin.py:190} INFO - [2026-03-21T17:41:44.048+0000] {dagbag.py:588} INFO - Filling up the DagBag from /opt/airflow/dags/job_scraping_dag.py
[2026-03-21T17:41:44.547+0000] {processor.py:925} INFO - DAG(s) 'daily_job_scraping' retrieved from /opt/airflow/dags/job_scraping_dag.py
[2026-03-21T17:41:44.568+0000] {logging_mixin.py:190} INFO - [2026-03-21T17:41:44.567+0000] {dag.py:3239} INFO - Sync 1 DAGs
[2026-03-21T17:41:44.585+0000] {logging_mixin.py:190} INFO - [2026-03-21T17:41:44.584+0000] {dag.py:4180} INFO - Setting next_dagrun for daily_job_scraping to 2026-03-21 12:00:00+00:00, run_after=2026-03-22 12:00:00+00:00
[2026-03-21T17:41:44.606+0000] {processor.py:208} INFO - Processing /opt/airflow/dags/job_scraping_dag.py took 0.568 seconds
[2026-03-21T17:42:14.678+0000] {processor.py:186} INFO - Started process (PID=1562) to work on /opt/airflow/dags/job_scraping_dag.py
[2026-03-21T17:42:14.680+0000] {processor.py:914} INFO - Processing file /opt/airflow/dags/job_scraping_dag.py for tasks to queue
[2026-03-21T17:42:14.682+0000] {logging_mixin.py:190} INFO - [2026-03-21T17:42:14.682+0000] {dagbag.py:588} INFO - Filling up the DagBag from /opt/airflow/dags/job_scraping_dag.py
[2026-03-21T17:42:15.472+0000] {processor.py:925} INFO - DAG(s) 'daily_job_scraping' retrieved from /opt/airflow/dags/job_scraping_dag.py
[2026-03-21T17:42:15.495+0000] {logging_mixin.py:190} INFO - [2026-03-21T17:42:15.495+0000] {dag.py:3239} INFO - Sync 1 DAGs
[2026-03-21T17:42:15.514+0000] {logging_mixin.py:190} INFO - [2026-03-21T17:42:15.514+0000] {dag.py:4180} INFO - Setting next_dagrun for daily_job_scraping to 2026-03-21 12:00:00+00:00, run_after=2026-03-22 12:00:00+00:00
[2026-03-21T17:42:15.538+0000] {processor.py:208} INFO - Processing /opt/airflow/dags/job_scraping_dag.py took 0.865 seconds
[2026-03-21T17:42:45.933+0000] {processor.py:186} INFO - Started process (PID=1568) to work on /opt/airflow/dags/job_scraping_dag.py
[2026-03-21T17:42:45.935+0000] {processor.py:914} INFO - Processing file /opt/airflow/dags/job_scraping_dag.py for tasks to queue
[2026-03-21T17:42:45.938+0000] {logging_mixin.py:190} INFO - [2026-03-21T17:42:45.937+0000] {dagbag.py:588} INFO - Filling up the DagBag from /opt/airflow/dags/job_scraping_dag.py
[2026-03-21T17:42:46.501+0000] {processor.py:925} INFO - DAG(s) 'daily_job_scraping' retrieved from /opt/airflow/dags/job_scraping_dag.py
[2026-03-21T17:42:46.525+0000] {logging_mixin.py:190} INFO - [2026-03-21T17:42:46.525+0000] {dag.py:3239} INFO - Sync 1 DAGs
[2026-03-21T17:42:46.544+0000] {logging_mixin.py:190} INFO - [2026-03-21T17:42:46.543+0000] {dag.py:4180} INFO - Setting next_dagrun for daily_job_scraping to 2026-03-21 12:00:00+00:00, run_after=2026-03-22 12:00:00+00:00
[2026-03-21T17:42:46.565+0000] {processor.py:208} INFO - Processing /opt/airflow/dags/job_scraping_dag.py took 0.638 seconds
[2026-03-21T17:43:16.997+0000] {processor.py:186} INFO - Started process (PID=1574) to work on /opt/airflow/dags/job_scraping_dag.py
[2026-03-21T17:43:16.999+0000] {processor.py:914} INFO - Processing file /opt/airflow/dags/job_scraping_dag.py for tasks to queue
[2026-03-21T17:43:17.002+0000] {logging_mixin.py:190} INFO - [2026-03-21T17:43:17.001+0000] {dagbag.py:588} INFO - Filling up the DagBag from /opt/airflow/dags/job_scraping_dag.py
[2026-03-21T17:43:17.556+0000] {processor.py:925} INFO - DAG(s) 'daily_job_scraping' retrieved from /opt/airflow/dags/job_scraping_dag.py
[2026-03-21T17:43:17.587+0000] {logging_mixin.py:190} INFO - [2026-03-21T17:43:17.587+0000] {dag.py:3239} INFO - Sync 1 DAGs
[2026-03-21T17:43:17.609+0000] {logging_mixin.py:190} INFO - [2026-03-21T17:43:17.609+0000] {dag.py:4180} INFO - Setting next_dagrun for daily_job_scraping to 2026-03-21 12:00:00+00:00, run_after=2026-03-22 12:00:00+00:00
[2026-03-21T17:43:17.628+0000] {processor.py:208} INFO - Processing /opt/airflow/dags/job_scraping_dag.py took 0.637 seconds
[2026-03-21T17:43:47.992+0000] {processor.py:186} INFO - Started process (PID=1580) to work on /opt/airflow/dags/job_scraping_dag.py
[2026-03-21T17:43:47.994+0000] {processor.py:914} INFO - Processing file /opt/airflow/dags/job_scraping_dag.py for tasks to queue
[2026-03-21T17:43:47.996+0000] {logging_mixin.py:190} INFO - [2026-03-21T17:43:47.996+0000] {dagbag.py:588} INFO - Filling up the DagBag from /opt/airflow/dags/job_scraping_dag.py
[2026-03-21T17:43:48.537+0000] {processor.py:925} INFO - DAG(s) 'daily_job_scraping' retrieved from /opt/airflow/dags/job_scraping_dag.py
[2026-03-21T17:43:48.562+0000] {logging_mixin.py:190} INFO - [2026-03-21T17:43:48.562+0000] {dag.py:3239} INFO - Sync 1 DAGs
[2026-03-21T17:43:48.582+0000] {logging_mixin.py:190} INFO - [2026-03-21T17:43:48.581+0000] {dag.py:4180} INFO - Setting next_dagrun for daily_job_scraping to 2026-03-21 12:00:00+00:00, run_after=2026-03-22 12:00:00+00:00
[2026-03-21T17:43:48.596+0000] {processor.py:208} INFO - Processing /opt/airflow/dags/job_scraping_dag.py took 0.611 seconds
[2026-03-21T17:44:18.814+0000] {processor.py:186} INFO - Started process (PID=1586) to work on /opt/airflow/dags/job_scraping_dag.py
[2026-03-21T17:44:18.815+0000] {processor.py:914} INFO - Processing file /opt/airflow/dags/job_scraping_dag.py for tasks to queue
[2026-03-21T17:44:18.818+0000] {logging_mixin.py:190} INFO - [2026-03-21T17:44:18.818+0000] {dagbag.py:588} INFO - Filling up the DagBag from /opt/airflow/dags/job_scraping_dag.py
[2026-03-21T17:44:19.342+0000] {processor.py:925} INFO - DAG(s) 'daily_job_scraping' retrieved from /opt/airflow/dags/job_scraping_dag.py
[2026-03-21T17:44:19.366+0000] {logging_mixin.py:190} INFO - [2026-03-21T17:44:19.365+0000] {dag.py:3239} INFO - Sync 1 DAGs
[2026-03-21T17:44:19.382+0000] {logging_mixin.py:190} INFO - [2026-03-21T17:44:19.382+0000] {dag.py:4180} INFO - Setting next_dagrun for daily_job_scraping to 2026-03-21 12:00:00+00:00, run_after=2026-03-22 12:00:00+00:00
[2026-03-21T17:44:19.403+0000] {processor.py:208} INFO - Processing /opt/airflow/dags/job_scraping_dag.py took 0.595 seconds
[2026-03-21T17:44:49.725+0000] {processor.py:186} INFO - Started process (PID=1592) to work on /opt/airflow/dags/job_scraping_dag.py
[2026-03-21T17:44:49.727+0000] {processor.py:914} INFO - Processing file /opt/airflow/dags/job_scraping_dag.py for tasks to queue
[2026-03-21T17:44:49.729+0000] {logging_mixin.py:190} INFO - [2026-03-21T17:44:49.729+0000] {dagbag.py:588} INFO - Filling up the DagBag from /opt/airflow/dags/job_scraping_dag.py
[2026-03-21T17:44:50.704+0000] {processor.py:925} INFO - DAG(s) 'daily_job_scraping' retrieved from /opt/airflow/dags/job_scraping_dag.py
[2026-03-21T17:44:50.755+0000] {logging_mixin.py:190} INFO - [2026-03-21T17:44:50.754+0000] {dag.py:3239} INFO - Sync 1 DAGs
[2026-03-21T17:44:50.807+0000] {logging_mixin.py:190} INFO - [2026-03-21T17:44:50.806+0000] {dag.py:4180} INFO - Setting next_dagrun for daily_job_scraping to 2026-03-21 12:00:00+00:00, run_after=2026-03-22 12:00:00+00:00
[2026-03-21T17:44:50.846+0000] {processor.py:208} INFO - Processing /opt/airflow/dags/job_scraping_dag.py took 1.127 seconds
[2026-03-21T17:45:21.068+0000] {processor.py:186} INFO - Started process (PID=1598) to work on /opt/airflow/dags/job_scraping_dag.py
[2026-03-21T17:45:21.070+0000] {processor.py:914} INFO - Processing file /opt/airflow/dags/job_scraping_dag.py for tasks to queue
[2026-03-21T17:45:21.072+0000] {logging_mixin.py:190} INFO - [2026-03-21T17:45:21.071+0000] {dagbag.py:588} INFO - Filling up the DagBag from /opt/airflow/dags/job_scraping_dag.py
[2026-03-21T17:45:21.574+0000] {processor.py:925} INFO - DAG(s) 'daily_job_scraping' retrieved from /opt/airflow/dags/job_scraping_dag.py
[2026-03-21T17:45:21.597+0000] {logging_mixin.py:190} INFO - [2026-03-21T17:45:21.596+0000] {dag.py:3239} INFO - Sync 1 DAGs
[2026-03-21T17:45:21.615+0000] {logging_mixin.py:190} INFO - [2026-03-21T17:45:21.614+0000] {dag.py:4180} INFO - Setting next_dagrun for daily_job_scraping to 2026-03-21 12:00:00+00:00, run_after=2026-03-22 12:00:00+00:00
[2026-03-21T17:45:21.634+0000] {processor.py:208} INFO - Processing /opt/airflow/dags/job_scraping_dag.py took 0.571 seconds
[2026-03-21T17:45:51.930+0000] {processor.py:186} INFO - Started process (PID=1604) to work on /opt/airflow/dags/job_scraping_dag.py
[2026-03-21T17:45:51.931+0000] {processor.py:914} INFO - Processing file /opt/airflow/dags/job_scraping_dag.py for tasks to queue
[2026-03-21T17:45:51.934+0000] {logging_mixin.py:190} INFO - [2026-03-21T17:45:51.934+0000] {dagbag.py:588} INFO - Filling up the DagBag from /opt/airflow/dags/job_scraping_dag.py
[2026-03-21T17:45:52.455+0000] {processor.py:925} INFO - DAG(s) 'daily_job_scraping' retrieved from /opt/airflow/dags/job_scraping_dag.py
[2026-03-21T17:45:52.481+0000] {logging_mixin.py:190} INFO - [2026-03-21T17:45:52.481+0000] {dag.py:3239} INFO - Sync 1 DAGs
[2026-03-21T17:45:52.517+0000] {logging_mixin.py:190} INFO - [2026-03-21T17:45:52.516+0000] {dag.py:4180} INFO - Setting next_dagrun for daily_job_scraping to 2026-03-21 12:00:00+00:00, run_after=2026-03-22 12:00:00+00:00
[2026-03-21T17:45:52.560+0000] {processor.py:208} INFO - Processing /opt/airflow/dags/job_scraping_dag.py took 0.635 seconds
[2026-03-21T17:46:22.849+0000] {processor.py:186} INFO - Started process (PID=1610) to work on /opt/airflow/dags/job_scraping_dag.py
[2026-03-21T17:46:22.850+0000] {processor.py:914} INFO - Processing file /opt/airflow/dags/job_scraping_dag.py for tasks to queue
[2026-03-21T17:46:22.852+0000] {logging_mixin.py:190} INFO - [2026-03-21T17:46:22.852+0000] {dagbag.py:588} INFO - Filling up the DagBag from /opt/airflow/dags/job_scraping_dag.py
[2026-03-21T17:46:23.434+0000] {processor.py:925} INFO - DAG(s) 'daily_job_scraping' retrieved from /opt/airflow/dags/job_scraping_dag.py
[2026-03-21T17:46:23.458+0000] {logging_mixin.py:190} INFO - [2026-03-21T17:46:23.457+0000] {dag.py:3239} INFO - Sync 1 DAGs
[2026-03-21T17:46:23.476+0000] {logging_mixin.py:190} INFO - [2026-03-21T17:46:23.476+0000] {dag.py:4180} INFO - Setting next_dagrun for daily_job_scraping to 2026-03-21 12:00:00+00:00, run_after=2026-03-22 12:00:00+00:00
[2026-03-21T17:46:23.498+0000] {processor.py:208} INFO - Processing /opt/airflow/dags/job_scraping_dag.py took 0.654 seconds
[2026-03-21T17:46:53.830+0000] {processor.py:186} INFO - Started process (PID=1616) to work on /opt/airflow/dags/job_scraping_dag.py
[2026-03-21T17:46:53.831+0000] {processor.py:914} INFO - Processing file /opt/airflow/dags/job_scraping_dag.py for tasks to queue
[2026-03-21T17:46:53.834+0000] {logging_mixin.py:190} INFO - [2026-03-21T17:46:53.833+0000] {dagbag.py:588} INFO - Filling up the DagBag from /opt/airflow/dags/job_scraping_dag.py
[2026-03-21T17:46:54.359+0000] {processor.py:925} INFO - DAG(s) 'daily_job_scraping' retrieved from /opt/airflow/dags/job_scraping_dag.py
[2026-03-21T17:46:54.383+0000] {logging_mixin.py:190} INFO - [2026-03-21T17:46:54.383+0000] {dag.py:3239} INFO - Sync 1 DAGs
[2026-03-21T17:46:54.403+0000] {logging_mixin.py:190} INFO - [2026-03-21T17:46:54.402+0000] {dag.py:4180} INFO - Setting next_dagrun for daily_job_scraping to 2026-03-21 12:00:00+00:00, run_after=2026-03-22 12:00:00+00:00
[2026-03-21T17:46:54.424+0000] {processor.py:208} INFO - Processing /opt/airflow/dags/job_scraping_dag.py took 0.599 seconds
[2026-03-21T17:47:24.712+0000] {processor.py:186} INFO - Started process (PID=1622) to work on /opt/airflow/dags/job_scraping_dag.py
[2026-03-21T17:47:24.713+0000] {processor.py:914} INFO - Processing file /opt/airflow/dags/job_scraping_dag.py for tasks to queue
[2026-03-21T17:47:24.715+0000] {logging_mixin.py:190} INFO - [2026-03-21T17:47:24.715+0000] {dagbag.py:588} INFO - Filling up the DagBag from /opt/airflow/dags/job_scraping_dag.py
[2026-03-21T17:47:25.226+0000] {processor.py:925} INFO - DAG(s) 'daily_job_scraping' retrieved from /opt/airflow/dags/job_scraping_dag.py
[2026-03-21T17:47:25.257+0000] {logging_mixin.py:190} INFO - [2026-03-21T17:47:25.256+0000] {dag.py:3239} INFO - Sync 1 DAGs
[2026-03-21T17:47:25.292+0000] {logging_mixin.py:190} INFO - [2026-03-21T17:47:25.291+0000] {dag.py:4180} INFO - Setting next_dagrun for daily_job_scraping to 2026-03-21 12:00:00+00:00, run_after=2026-03-22 12:00:00+00:00
[2026-03-21T17:47:25.333+0000] {processor.py:208} INFO - Processing /opt/airflow/dags/job_scraping_dag.py took 0.626 seconds
[2026-03-21T17:47:55.560+0000] {processor.py:186} INFO - Started process (PID=1628) to work on /opt/airflow/dags/job_scraping_dag.py
[2026-03-21T17:47:55.561+0000] {processor.py:914} INFO - Processing file /opt/airflow/dags/job_scraping_dag.py for tasks to queue
[2026-03-21T17:47:55.563+0000] {logging_mixin.py:190} INFO - [2026-03-21T17:47:55.563+0000] {dagbag.py:588} INFO - Filling up the DagBag from /opt/airflow/dags/job_scraping_dag.py
[2026-03-21T17:47:56.126+0000] {processor.py:925} INFO - DAG(s) 'daily_job_scraping' retrieved from /opt/airflow/dags/job_scraping_dag.py
[2026-03-21T17:47:56.150+0000] {logging_mixin.py:190} INFO - [2026-03-21T17:47:56.149+0000] {dag.py:3239} INFO - Sync 1 DAGs
[2026-03-21T17:47:56.170+0000] {logging_mixin.py:190} INFO - [2026-03-21T17:47:56.169+0000] {dag.py:4180} INFO - Setting next_dagrun for daily_job_scraping to 2026-03-21 12:00:00+00:00, run_after=2026-03-22 12:00:00+00:00
[2026-03-21T17:47:56.191+0000] {processor.py:208} INFO - Processing /opt/airflow/dags/job_scraping_dag.py took 0.637 seconds
[2026-03-21T17:48:26.493+0000] {processor.py:186} INFO - Started process (PID=1634) to work on /opt/airflow/dags/job_scraping_dag.py
[2026-03-21T17:48:26.494+0000] {processor.py:914} INFO - Processing file /opt/airflow/dags/job_scraping_dag.py for tasks to queue
[2026-03-21T17:48:26.497+0000] {logging_mixin.py:190} INFO - [2026-03-21T17:48:26.497+0000] {dagbag.py:588} INFO - Filling up the DagBag from /opt/airflow/dags/job_scraping_dag.py
[2026-03-21T17:48:27.052+0000] {processor.py:925} INFO - DAG(s) 'daily_job_scraping' retrieved from /opt/airflow/dags/job_scraping_dag.py
[2026-03-21T17:48:27.074+0000] {logging_mixin.py:190} INFO - [2026-03-21T17:48:27.074+0000] {dag.py:3239} INFO - Sync 1 DAGs
[2026-03-21T17:48:27.097+0000] {logging_mixin.py:190} INFO - [2026-03-21T17:48:27.097+0000] {dag.py:4180} INFO - Setting next_dagrun for daily_job_scraping to 2026-03-21 12:00:00+00:00, run_after=2026-03-22 12:00:00+00:00
[2026-03-21T17:48:27.115+0000] {processor.py:208} INFO - Processing /opt/airflow/dags/job_scraping_dag.py took 0.628 seconds
[2026-03-21T17:48:57.371+0000] {processor.py:186} INFO - Started process (PID=1640) to work on /opt/airflow/dags/job_scraping_dag.py
[2026-03-21T17:48:57.372+0000] {processor.py:914} INFO - Processing file /opt/airflow/dags/job_scraping_dag.py for tasks to queue
[2026-03-21T17:48:57.374+0000] {logging_mixin.py:190} INFO - [2026-03-21T17:48:57.374+0000] {dagbag.py:588} INFO - Filling up the DagBag from /opt/airflow/dags/job_scraping_dag.py
[2026-03-21T17:48:57.923+0000] {processor.py:925} INFO - DAG(s) 'daily_job_scraping' retrieved from /opt/airflow/dags/job_scraping_dag.py
[2026-03-21T17:48:57.950+0000] {logging_mixin.py:190} INFO - [2026-03-21T17:48:57.949+0000] {dag.py:3239} INFO - Sync 1 DAGs
[2026-03-21T17:48:57.971+0000] {logging_mixin.py:190} INFO - [2026-03-21T17:48:57.971+0000] {dag.py:4180} INFO - Setting next_dagrun for daily_job_scraping to 2026-03-21 12:00:00+00:00, run_after=2026-03-22 12:00:00+00:00
[2026-03-21T17:48:57.999+0000] {processor.py:208} INFO - Processing /opt/airflow/dags/job_scraping_dag.py took 0.633 seconds
[2026-03-21T17:49:28.330+0000] {processor.py:186} INFO - Started process (PID=1646) to work on /opt/airflow/dags/job_scraping_dag.py
[2026-03-21T17:49:28.332+0000] {processor.py:914} INFO - Processing file /opt/airflow/dags/job_scraping_dag.py for tasks to queue
[2026-03-21T17:49:28.335+0000] {logging_mixin.py:190} INFO - [2026-03-21T17:49:28.335+0000] {dagbag.py:588} INFO - Filling up the DagBag from /opt/airflow/dags/job_scraping_dag.py
[2026-03-21T17:49:28.877+0000] {processor.py:925} INFO - DAG(s) 'daily_job_scraping' retrieved from /opt/airflow/dags/job_scraping_dag.py
[2026-03-21T17:49:28.902+0000] {logging_mixin.py:190} INFO - [2026-03-21T17:49:28.901+0000] {dag.py:3239} INFO - Sync 1 DAGs
[2026-03-21T17:49:28.922+0000] {logging_mixin.py:190} INFO - [2026-03-21T17:49:28.922+0000] {dag.py:4180} INFO - Setting next_dagrun for daily_job_scraping to 2026-03-21 12:00:00+00:00, run_after=2026-03-22 12:00:00+00:00
[2026-03-21T17:49:28.947+0000] {processor.py:208} INFO - Processing /opt/airflow/dags/job_scraping_dag.py took 0.625 seconds
[2026-03-21T17:49:59.283+0000] {processor.py:186} INFO - Started process (PID=1652) to work on /opt/airflow/dags/job_scraping_dag.py
[2026-03-21T17:49:59.285+0000] {processor.py:914} INFO - Processing file /opt/airflow/dags/job_scraping_dag.py for tasks to queue
[2026-03-21T17:49:59.287+0000] {logging_mixin.py:190} INFO - [2026-03-21T17:49:59.287+0000] {dagbag.py:588} INFO - Filling up the DagBag from /opt/airflow/dags/job_scraping_dag.py
[2026-03-21T17:49:59.897+0000] {processor.py:925} INFO - DAG(s) 'daily_job_scraping' retrieved from /opt/airflow/dags/job_scraping_dag.py
[2026-03-21T17:49:59.929+0000] {logging_mixin.py:190} INFO - [2026-03-21T17:49:59.929+0000] {dag.py:3239} INFO - Sync 1 DAGs
[2026-03-21T17:49:59.968+0000] {logging_mixin.py:190} INFO - [2026-03-21T17:49:59.968+0000] {dag.py:4180} INFO - Setting next_dagrun for daily_job_scraping to 2026-03-21 12:00:00+00:00, run_after=2026-03-22 12:00:00+00:00
[2026-03-21T17:49:59.992+0000] {processor.py:208} INFO - Processing /opt/airflow/dags/job_scraping_dag.py took 0.714 seconds
[2026-03-21T17:50:30.174+0000] {processor.py:186} INFO - Started process (PID=1658) to work on /opt/airflow/dags/job_scraping_dag.py
[2026-03-21T17:50:30.175+0000] {processor.py:914} INFO - Processing file /opt/airflow/dags/job_scraping_dag.py for tasks to queue
[2026-03-21T17:50:30.177+0000] {logging_mixin.py:190} INFO - [2026-03-21T17:50:30.177+0000] {dagbag.py:588} INFO - Filling up the DagBag from /opt/airflow/dags/job_scraping_dag.py
[2026-03-21T17:50:30.779+0000] {processor.py:925} INFO - DAG(s) 'daily_job_scraping' retrieved from /opt/airflow/dags/job_scraping_dag.py
[2026-03-21T17:50:30.805+0000] {logging_mixin.py:190} INFO - [2026-03-21T17:50:30.804+0000] {dag.py:3239} INFO - Sync 1 DAGs
[2026-03-21T17:50:30.823+0000] {logging_mixin.py:190} INFO - [2026-03-21T17:50:30.823+0000] {dag.py:4180} INFO - Setting next_dagrun for daily_job_scraping to 2026-03-21 12:00:00+00:00, run_after=2026-03-22 12:00:00+00:00
[2026-03-21T17:50:30.847+0000] {processor.py:208} INFO - Processing /opt/airflow/dags/job_scraping_dag.py took 0.679 seconds
[2026-03-21T17:51:01.122+0000] {processor.py:186} INFO - Started process (PID=1664) to work on /opt/airflow/dags/job_scraping_dag.py
[2026-03-21T17:51:01.124+0000] {processor.py:914} INFO - Processing file /opt/airflow/dags/job_scraping_dag.py for tasks to queue
[2026-03-21T17:51:01.126+0000] {logging_mixin.py:190} INFO - [2026-03-21T17:51:01.126+0000] {dagbag.py:588} INFO - Filling up the DagBag from /opt/airflow/dags/job_scraping_dag.py
[2026-03-21T17:51:01.679+0000] {processor.py:925} INFO - DAG(s) 'daily_job_scraping' retrieved from /opt/airflow/dags/job_scraping_dag.py
[2026-03-21T17:51:01.703+0000] {logging_mixin.py:190} INFO - [2026-03-21T17:51:01.703+0000] {dag.py:3239} INFO - Sync 1 DAGs
[2026-03-21T17:51:01.723+0000] {logging_mixin.py:190} INFO - [2026-03-21T17:51:01.722+0000] {dag.py:4180} INFO - Setting next_dagrun for daily_job_scraping to 2026-03-21 12:00:00+00:00, run_after=2026-03-22 12:00:00+00:00
[2026-03-21T17:51:01.742+0000] {processor.py:208} INFO - Processing /opt/airflow/dags/job_scraping_dag.py took 0.625 seconds
[2026-03-21T17:51:31.828+0000] {processor.py:186} INFO - Started process (PID=1670) to work on /opt/airflow/dags/job_scraping_dag.py
[2026-03-21T17:51:31.830+0000] {processor.py:914} INFO - Processing file /opt/airflow/dags/job_scraping_dag.py for tasks to queue
[2026-03-21T17:51:31.833+0000] {logging_mixin.py:190} INFO - [2026-03-21T17:51:31.832+0000] {dagbag.py:588} INFO - Filling up the DagBag from /opt/airflow/dags/job_scraping_dag.py
[2026-03-21T17:51:32.378+0000] {processor.py:925} INFO - DAG(s) 'daily_job_scraping' retrieved from /opt/airflow/dags/job_scraping_dag.py
[2026-03-21T17:51:32.404+0000] {logging_mixin.py:190} INFO - [2026-03-21T17:51:32.403+0000] {dag.py:3239} INFO - Sync 1 DAGs
[2026-03-21T17:51:32.425+0000] {logging_mixin.py:190} INFO - [2026-03-21T17:51:32.425+0000] {dag.py:4180} INFO - Setting next_dagrun for daily_job_scraping to 2026-03-21 12:00:00+00:00, run_after=2026-03-22 12:00:00+00:00
[2026-03-21T17:51:32.445+0000] {processor.py:208} INFO - Processing /opt/airflow/dags/job_scraping_dag.py took 0.623 seconds
[2026-03-21T17:52:02.747+0000] {processor.py:186} INFO - Started process (PID=1676) to work on /opt/airflow/dags/job_scraping_dag.py
[2026-03-21T17:52:02.748+0000] {processor.py:914} INFO - Processing file /opt/airflow/dags/job_scraping_dag.py for tasks to queue
[2026-03-21T17:52:02.751+0000] {logging_mixin.py:190} INFO - [2026-03-21T17:52:02.750+0000] {dagbag.py:588} INFO - Filling up the DagBag from /opt/airflow/dags/job_scraping_dag.py
[2026-03-21T17:52:03.292+0000] {processor.py:925} INFO - DAG(s) 'daily_job_scraping' retrieved from /opt/airflow/dags/job_scraping_dag.py
[2026-03-21T17:52:03.315+0000] {logging_mixin.py:190} INFO - [2026-03-21T17:52:03.315+0000] {dag.py:3239} INFO - Sync 1 DAGs
[2026-03-21T17:52:03.334+0000] {logging_mixin.py:190} INFO - [2026-03-21T17:52:03.334+0000] {dag.py:4180} INFO - Setting next_dagrun for daily_job_scraping to 2026-03-21 12:00:00+00:00, run_after=2026-03-22 12:00:00+00:00
[2026-03-21T17:52:03.361+0000] {processor.py:208} INFO - Processing /opt/airflow/dags/job_scraping_dag.py took 0.620 seconds
[2026-03-21T17:52:33.641+0000] {processor.py:186} INFO - Started process (PID=1682) to work on /opt/airflow/dags/job_scraping_dag.py
[2026-03-21T17:52:33.642+0000] {processor.py:914} INFO - Processing file /opt/airflow/dags/job_scraping_dag.py for tasks to queue
[2026-03-21T17:52:33.645+0000] {logging_mixin.py:190} INFO - [2026-03-21T17:52:33.645+0000] {dagbag.py:588} INFO - Filling up the DagBag from /opt/airflow/dags/job_scraping_dag.py
[2026-03-21T17:52:34.221+0000] {processor.py:925} INFO - DAG(s) 'daily_job_scraping' retrieved from /opt/airflow/dags/job_scraping_dag.py
[2026-03-21T17:52:34.248+0000] {logging_mixin.py:190} INFO - [2026-03-21T17:52:34.248+0000] {dag.py:3239} INFO - Sync 1 DAGs
[2026-03-21T17:52:34.267+0000] {logging_mixin.py:190} INFO - [2026-03-21T17:52:34.267+0000] {dag.py:4180} INFO - Setting next_dagrun for daily_job_scraping to 2026-03-21 12:00:00+00:00, run_after=2026-03-22 12:00:00+00:00
[2026-03-21T17:52:34.303+0000] {processor.py:208} INFO - Processing /opt/airflow/dags/job_scraping_dag.py took 0.667 seconds
[2026-03-21T17:53:04.592+0000] {processor.py:186} INFO - Started process (PID=1688) to work on /opt/airflow/dags/job_scraping_dag.py
[2026-03-21T17:53:04.593+0000] {processor.py:914} INFO - Processing file /opt/airflow/dags/job_scraping_dag.py for tasks to queue
[2026-03-21T17:53:04.595+0000] {logging_mixin.py:190} INFO - [2026-03-21T17:53:04.595+0000] {dagbag.py:588} INFO - Filling up the DagBag from /opt/airflow/dags/job_scraping_dag.py
[2026-03-21T17:53:05.130+0000] {processor.py:925} INFO - DAG(s) 'daily_job_scraping' retrieved from /opt/airflow/dags/job_scraping_dag.py
[2026-03-21T17:53:05.156+0000] {logging_mixin.py:190} INFO - [2026-03-21T17:53:05.156+0000] {dag.py:3239} INFO - Sync 1 DAGs
[2026-03-21T17:53:05.174+0000] {logging_mixin.py:190} INFO - [2026-03-21T17:53:05.174+0000] {dag.py:4180} INFO - Setting next_dagrun for daily_job_scraping to 2026-03-21 12:00:00+00:00, run_after=2026-03-22 12:00:00+00:00
[2026-03-21T17:53:05.196+0000] {processor.py:208} INFO - Processing /opt/airflow/dags/job_scraping_dag.py took 0.610 seconds
[2026-03-21T17:53:35.467+0000] {processor.py:186} INFO - Started process (PID=1694) to work on /opt/airflow/dags/job_scraping_dag.py
[2026-03-21T17:53:35.469+0000] {processor.py:914} INFO - Processing file /opt/airflow/dags/job_scraping_dag.py for tasks to queue
[2026-03-21T17:53:35.471+0000] {logging_mixin.py:190} INFO - [2026-03-21T17:53:35.471+0000] {dagbag.py:588} INFO - Filling up the DagBag from /opt/airflow/dags/job_scraping_dag.py
[2026-03-21T17:53:36.084+0000] {processor.py:925} INFO - DAG(s) 'daily_job_scraping' retrieved from /opt/airflow/dags/job_scraping_dag.py
[2026-03-21T17:53:36.106+0000] {logging_mixin.py:190} INFO - [2026-03-21T17:53:36.106+0000] {dag.py:3239} INFO - Sync 1 DAGs
[2026-03-21T17:53:36.125+0000] {logging_mixin.py:190} INFO - [2026-03-21T17:53:36.125+0000] {dag.py:4180} INFO - Setting next_dagrun for daily_job_scraping to 2026-03-21 12:00:00+00:00, run_after=2026-03-22 12:00:00+00:00
[2026-03-21T17:53:36.148+0000] {processor.py:208} INFO - Processing /opt/airflow/dags/job_scraping_dag.py took 0.686 seconds
[2026-03-21T17:54:06.508+0000] {processor.py:186} INFO - Started process (PID=1700) to work on /opt/airflow/dags/job_scraping_dag.py
[2026-03-21T17:54:06.510+0000] {processor.py:914} INFO - Processing file /opt/airflow/dags/job_scraping_dag.py for tasks to queue
[2026-03-21T17:54:06.512+0000] {logging_mixin.py:190} INFO - [2026-03-21T17:54:06.511+0000] {dagbag.py:588} INFO - Filling up the DagBag from /opt/airflow/dags/job_scraping_dag.py
[2026-03-21T17:54:07.029+0000] {processor.py:925} INFO - DAG(s) 'daily_job_scraping' retrieved from /opt/airflow/dags/job_scraping_dag.py
[2026-03-21T17:54:07.050+0000] {logging_mixin.py:190} INFO - [2026-03-21T17:54:07.050+0000] {dag.py:3239} INFO - Sync 1 DAGs
[2026-03-21T17:54:07.069+0000] {logging_mixin.py:190} INFO - [2026-03-21T17:54:07.069+0000] {dag.py:4180} INFO - Setting next_dagrun for daily_job_scraping to 2026-03-21 12:00:00+00:00, run_after=2026-03-22 12:00:00+00:00
[2026-03-21T17:54:07.086+0000] {processor.py:208} INFO - Processing /opt/airflow/dags/job_scraping_dag.py took 0.583 seconds
[2026-03-21T17:54:37.343+0000] {processor.py:186} INFO - Started process (PID=1706) to work on /opt/airflow/dags/job_scraping_dag.py
[2026-03-21T17:54:37.344+0000] {processor.py:914} INFO - Processing file /opt/airflow/dags/job_scraping_dag.py for tasks to queue
[2026-03-21T17:54:37.346+0000] {logging_mixin.py:190} INFO - [2026-03-21T17:54:37.346+0000] {dagbag.py:588} INFO - Filling up the DagBag from /opt/airflow/dags/job_scraping_dag.py
[2026-03-21T17:54:37.856+0000] {processor.py:925} INFO - DAG(s) 'daily_job_scraping' retrieved from /opt/airflow/dags/job_scraping_dag.py
[2026-03-21T17:54:37.885+0000] {logging_mixin.py:190} INFO - [2026-03-21T17:54:37.884+0000] {dag.py:3239} INFO - Sync 1 DAGs
[2026-03-21T17:54:37.904+0000] {logging_mixin.py:190} INFO - [2026-03-21T17:54:37.903+0000] {dag.py:4180} INFO - Setting next_dagrun for daily_job_scraping to 2026-03-21 12:00:00+00:00, run_after=2026-03-22 12:00:00+00:00
[2026-03-21T17:54:37.924+0000] {processor.py:208} INFO - Processing /opt/airflow/dags/job_scraping_dag.py took 0.589 seconds
[2026-03-21T17:55:08.240+0000] {processor.py:186} INFO - Started process (PID=1712) to work on /opt/airflow/dags/job_scraping_dag.py
[2026-03-21T17:55:08.241+0000] {processor.py:914} INFO - Processing file /opt/airflow/dags/job_scraping_dag.py for tasks to queue
[2026-03-21T17:55:08.244+0000] {logging_mixin.py:190} INFO - [2026-03-21T17:55:08.244+0000] {dagbag.py:588} INFO - Filling up the DagBag from /opt/airflow/dags/job_scraping_dag.py
[2026-03-21T17:55:08.803+0000] {processor.py:925} INFO - DAG(s) 'daily_job_scraping' retrieved from /opt/airflow/dags/job_scraping_dag.py
[2026-03-21T17:55:08.829+0000] {logging_mixin.py:190} INFO - [2026-03-21T17:55:08.829+0000] {dag.py:3239} INFO - Sync 1 DAGs
[2026-03-21T17:55:08.850+0000] {logging_mixin.py:190} INFO - [2026-03-21T17:55:08.850+0000] {dag.py:4180} INFO - Setting next_dagrun for daily_job_scraping to 2026-03-21 12:00:00+00:00, run_after=2026-03-22 12:00:00+00:00
[2026-03-21T17:55:09.445+0000] {processor.py:208} INFO - Processing /opt/airflow/dags/job_scraping_dag.py took 1.211 seconds
[2026-03-21T17:55:39.516+0000] {processor.py:186} INFO - Started process (PID=1718) to work on /opt/airflow/dags/job_scraping_dag.py
[2026-03-21T17:55:39.517+0000] {processor.py:914} INFO - Processing file /opt/airflow/dags/job_scraping_dag.py for tasks to queue
[2026-03-21T17:55:39.519+0000] {logging_mixin.py:190} INFO - [2026-03-21T17:55:39.519+0000] {dagbag.py:588} INFO - Filling up the DagBag from /opt/airflow/dags/job_scraping_dag.py
[2026-03-21T17:55:40.076+0000] {processor.py:925} INFO - DAG(s) 'daily_job_scraping' retrieved from /opt/airflow/dags/job_scraping_dag.py
[2026-03-21T17:55:40.108+0000] {logging_mixin.py:190} INFO - [2026-03-21T17:55:40.107+0000] {dag.py:3239} INFO - Sync 1 DAGs
[2026-03-21T17:55:40.136+0000] {logging_mixin.py:190} INFO - [2026-03-21T17:55:40.136+0000] {dag.py:4180} INFO - Setting next_dagrun for daily_job_scraping to 2026-03-21 12:00:00+00:00, run_after=2026-03-22 12:00:00+00:00
[2026-03-21T17:55:40.169+0000] {processor.py:208} INFO - Processing /opt/airflow/dags/job_scraping_dag.py took 0.659 seconds
[2026-03-21T17:56:10.511+0000] {processor.py:186} INFO - Started process (PID=1724) to work on /opt/airflow/dags/job_scraping_dag.py
[2026-03-21T17:56:10.513+0000] {processor.py:914} INFO - Processing file /opt/airflow/dags/job_scraping_dag.py for tasks to queue
[2026-03-21T17:56:10.517+0000] {logging_mixin.py:190} INFO - [2026-03-21T17:56:10.516+0000] {dagbag.py:588} INFO - Filling up the DagBag from /opt/airflow/dags/job_scraping_dag.py
[2026-03-21T17:56:11.130+0000] {processor.py:925} INFO - DAG(s) 'daily_job_scraping' retrieved from /opt/airflow/dags/job_scraping_dag.py
[2026-03-21T17:56:11.153+0000] {logging_mixin.py:190} INFO - [2026-03-21T17:56:11.153+0000] {dag.py:3239} INFO - Sync 1 DAGs
[2026-03-21T17:56:11.174+0000] {logging_mixin.py:190} INFO - [2026-03-21T17:56:11.174+0000] {dag.py:4180} INFO - Setting next_dagrun for daily_job_scraping to 2026-03-21 12:00:00+00:00, run_after=2026-03-22 12:00:00+00:00
[2026-03-21T17:56:11.194+0000] {processor.py:208} INFO - Processing /opt/airflow/dags/job_scraping_dag.py took 0.691 seconds
[2026-03-21T17:56:41.530+0000] {processor.py:186} INFO - Started process (PID=1730) to work on /opt/airflow/dags/job_scraping_dag.py
[2026-03-21T17:56:41.532+0000] {processor.py:914} INFO - Processing file /opt/airflow/dags/job_scraping_dag.py for tasks to queue
[2026-03-21T17:56:41.534+0000] {logging_mixin.py:190} INFO - [2026-03-21T17:56:41.534+0000] {dagbag.py:588} INFO - Filling up the DagBag from /opt/airflow/dags/job_scraping_dag.py
[2026-03-21T17:56:42.046+0000] {processor.py:925} INFO - DAG(s) 'daily_job_scraping' retrieved from /opt/airflow/dags/job_scraping_dag.py
[2026-03-21T17:56:42.071+0000] {logging_mixin.py:190} INFO - [2026-03-21T17:56:42.071+0000] {dag.py:3239} INFO - Sync 1 DAGs
[2026-03-21T17:56:42.090+0000] {logging_mixin.py:190} INFO - [2026-03-21T17:56:42.089+0000] {dag.py:4180} INFO - Setting next_dagrun for daily_job_scraping to 2026-03-21 12:00:00+00:00, run_after=2026-03-22 12:00:00+00:00
[2026-03-21T17:56:42.117+0000] {processor.py:208} INFO - Processing /opt/airflow/dags/job_scraping_dag.py took 0.592 seconds
[2026-03-21T17:57:12.397+0000] {processor.py:186} INFO - Started process (PID=1736) to work on /opt/airflow/dags/job_scraping_dag.py
[2026-03-21T17:57:12.399+0000] {processor.py:914} INFO - Processing file /opt/airflow/dags/job_scraping_dag.py for tasks to queue
[2026-03-21T17:57:12.402+0000] {logging_mixin.py:190} INFO - [2026-03-21T17:57:12.401+0000] {dagbag.py:588} INFO - Filling up the DagBag from /opt/airflow/dags/job_scraping_dag.py
[2026-03-21T17:57:12.908+0000] {processor.py:925} INFO - DAG(s) 'daily_job_scraping' retrieved from /opt/airflow/dags/job_scraping_dag.py
[2026-03-21T17:57:12.931+0000] {logging_mixin.py:190} INFO - [2026-03-21T17:57:12.931+0000] {dag.py:3239} INFO - Sync 1 DAGs
[2026-03-21T17:57:12.948+0000] {logging_mixin.py:190} INFO - [2026-03-21T17:57:12.948+0000] {dag.py:4180} INFO - Setting next_dagrun for daily_job_scraping to 2026-03-21 12:00:00+00:00, run_after=2026-03-22 12:00:00+00:00
[2026-03-21T17:57:12.971+0000] {processor.py:208} INFO - Processing /opt/airflow/dags/job_scraping_dag.py took 0.581 seconds
[2026-03-21T17:57:43.048+0000] {processor.py:186} INFO - Started process (PID=1742) to work on /opt/airflow/dags/job_scraping_dag.py
[2026-03-21T17:57:43.050+0000] {processor.py:914} INFO - Processing file /opt/airflow/dags/job_scraping_dag.py for tasks to queue
[2026-03-21T17:57:43.052+0000] {logging_mixin.py:190} INFO - [2026-03-21T17:57:43.052+0000] {dagbag.py:588} INFO - Filling up the DagBag from /opt/airflow/dags/job_scraping_dag.py
[2026-03-21T17:57:43.587+0000] {processor.py:925} INFO - DAG(s) 'daily_job_scraping' retrieved from /opt/airflow/dags/job_scraping_dag.py
[2026-03-21T17:57:43.611+0000] {logging_mixin.py:190} INFO - [2026-03-21T17:57:43.611+0000] {dag.py:3239} INFO - Sync 1 DAGs
[2026-03-21T17:57:43.630+0000] {logging_mixin.py:190} INFO - [2026-03-21T17:57:43.629+0000] {dag.py:4180} INFO - Setting next_dagrun for daily_job_scraping to 2026-03-21 12:00:00+00:00, run_after=2026-03-22 12:00:00+00:00
[2026-03-21T17:57:43.648+0000] {processor.py:208} INFO - Processing /opt/airflow/dags/job_scraping_dag.py took 0.606 seconds
[2026-03-21T17:58:13.895+0000] {processor.py:186} INFO - Started process (PID=1748) to work on /opt/airflow/dags/job_scraping_dag.py
[2026-03-21T17:58:13.897+0000] {processor.py:914} INFO - Processing file /opt/airflow/dags/job_scraping_dag.py for tasks to queue
[2026-03-21T17:58:13.899+0000] {logging_mixin.py:190} INFO - [2026-03-21T17:58:13.898+0000] {dagbag.py:588} INFO - Filling up the DagBag from /opt/airflow/dags/job_scraping_dag.py
[2026-03-21T17:58:14.414+0000] {processor.py:925} INFO - DAG(s) 'daily_job_scraping' retrieved from /opt/airflow/dags/job_scraping_dag.py
[2026-03-21T17:58:14.438+0000] {logging_mixin.py:190} INFO - [2026-03-21T17:58:14.437+0000] {dag.py:3239} INFO - Sync 1 DAGs
[2026-03-21T17:58:14.455+0000] {logging_mixin.py:190} INFO - [2026-03-21T17:58:14.455+0000] {dag.py:4180} INFO - Setting next_dagrun for daily_job_scraping to 2026-03-21 12:00:00+00:00, run_after=2026-03-22 12:00:00+00:00
[2026-03-21T17:58:14.477+0000] {processor.py:208} INFO - Processing /opt/airflow/dags/job_scraping_dag.py took 0.588 seconds
[2026-03-21T17:58:44.844+0000] {processor.py:186} INFO - Started process (PID=1754) to work on /opt/airflow/dags/job_scraping_dag.py
[2026-03-21T17:58:44.846+0000] {processor.py:914} INFO - Processing file /opt/airflow/dags/job_scraping_dag.py for tasks to queue
[2026-03-21T17:58:44.848+0000] {logging_mixin.py:190} INFO - [2026-03-21T17:58:44.848+0000] {dagbag.py:588} INFO - Filling up the DagBag from /opt/airflow/dags/job_scraping_dag.py
[2026-03-21T17:58:45.437+0000] {processor.py:925} INFO - DAG(s) 'daily_job_scraping' retrieved from /opt/airflow/dags/job_scraping_dag.py
[2026-03-21T17:58:45.461+0000] {logging_mixin.py:190} INFO - [2026-03-21T17:58:45.461+0000] {dag.py:3239} INFO - Sync 1 DAGs
[2026-03-21T17:58:45.482+0000] {logging_mixin.py:190} INFO - [2026-03-21T17:58:45.482+0000] {dag.py:4180} INFO - Setting next_dagrun for daily_job_scraping to 2026-03-21 12:00:00+00:00, run_after=2026-03-22 12:00:00+00:00
[2026-03-21T17:58:45.505+0000] {processor.py:208} INFO - Processing /opt/airflow/dags/job_scraping_dag.py took 0.668 seconds
[2026-03-21T17:59:15.816+0000] {processor.py:186} INFO - Started process (PID=1760) to work on /opt/airflow/dags/job_scraping_dag.py
[2026-03-21T17:59:15.817+0000] {processor.py:914} INFO - Processing file /opt/airflow/dags/job_scraping_dag.py for tasks to queue
[2026-03-21T17:59:15.820+0000] {logging_mixin.py:190} INFO - [2026-03-21T17:59:15.819+0000] {dagbag.py:588} INFO - Filling up the DagBag from /opt/airflow/dags/job_scraping_dag.py
[2026-03-21T17:59:16.427+0000] {processor.py:925} INFO - DAG(s) 'daily_job_scraping' retrieved from /opt/airflow/dags/job_scraping_dag.py
[2026-03-21T17:59:16.464+0000] {logging_mixin.py:190} INFO - [2026-03-21T17:59:16.463+0000] {dag.py:3239} INFO - Sync 1 DAGs
[2026-03-21T17:59:16.494+0000] {logging_mixin.py:190} INFO - [2026-03-21T17:59:16.494+0000] {dag.py:4180} INFO - Setting next_dagrun for daily_job_scraping to 2026-03-21 12:00:00+00:00, run_after=2026-03-22 12:00:00+00:00
[2026-03-21T17:59:16.522+0000] {processor.py:208} INFO - Processing /opt/airflow/dags/job_scraping_dag.py took 0.713 seconds
[2026-03-21T17:59:46.806+0000] {processor.py:186} INFO - Started process (PID=1766) to work on /opt/airflow/dags/job_scraping_dag.py
[2026-03-21T17:59:46.807+0000] {processor.py:914} INFO - Processing file /opt/airflow/dags/job_scraping_dag.py for tasks to queue
[2026-03-21T17:59:46.810+0000] {logging_mixin.py:190} INFO - [2026-03-21T17:59:46.810+0000] {dagbag.py:588} INFO - Filling up the DagBag from /opt/airflow/dags/job_scraping_dag.py
[2026-03-21T17:59:47.361+0000] {processor.py:925} INFO - DAG(s) 'daily_job_scraping' retrieved from /opt/airflow/dags/job_scraping_dag.py
[2026-03-21T17:59:47.384+0000] {logging_mixin.py:190} INFO - [2026-03-21T17:59:47.383+0000] {dag.py:3239} INFO - Sync 1 DAGs
[2026-03-21T17:59:47.403+0000] {logging_mixin.py:190} INFO - [2026-03-21T17:59:47.403+0000] {dag.py:4180} INFO - Setting next_dagrun for daily_job_scraping to 2026-03-21 12:00:00+00:00, run_after=2026-03-22 12:00:00+00:00
[2026-03-21T17:59:47.423+0000] {processor.py:208} INFO - Processing /opt/airflow/dags/job_scraping_dag.py took 0.623 seconds
[2026-03-21T18:00:17.765+0000] {processor.py:186} INFO - Started process (PID=1772) to work on /opt/airflow/dags/job_scraping_dag.py
[2026-03-21T18:00:17.767+0000] {processor.py:914} INFO - Processing file /opt/airflow/dags/job_scraping_dag.py for tasks to queue
[2026-03-21T18:00:17.771+0000] {logging_mixin.py:190} INFO - [2026-03-21T18:00:17.770+0000] {dagbag.py:588} INFO - Filling up the DagBag from /opt/airflow/dags/job_scraping_dag.py
[2026-03-21T18:00:18.390+0000] {processor.py:925} INFO - DAG(s) 'daily_job_scraping' retrieved from /opt/airflow/dags/job_scraping_dag.py
[2026-03-21T18:00:18.420+0000] {logging_mixin.py:190} INFO - [2026-03-21T18:00:18.419+0000] {dag.py:3239} INFO - Sync 1 DAGs
[2026-03-21T18:00:18.439+0000] {logging_mixin.py:190} INFO - [2026-03-21T18:00:18.439+0000] {dag.py:4180} INFO - Setting next_dagrun for daily_job_scraping to 2026-03-21 12:00:00+00:00, run_after=2026-03-22 12:00:00+00:00
[2026-03-21T18:00:18.463+0000] {processor.py:208} INFO - Processing /opt/airflow/dags/job_scraping_dag.py took 0.705 seconds
[2026-03-21T18:00:48.803+0000] {processor.py:186} INFO - Started process (PID=1778) to work on /opt/airflow/dags/job_scraping_dag.py
[2026-03-21T18:00:48.804+0000] {processor.py:914} INFO - Processing file /opt/airflow/dags/job_scraping_dag.py for tasks to queue
[2026-03-21T18:00:48.806+0000] {logging_mixin.py:190} INFO - [2026-03-21T18:00:48.806+0000] {dagbag.py:588} INFO - Filling up the DagBag from /opt/airflow/dags/job_scraping_dag.py
[2026-03-21T18:00:49.348+0000] {processor.py:925} INFO - DAG(s) 'daily_job_scraping' retrieved from /opt/airflow/dags/job_scraping_dag.py
[2026-03-21T18:00:49.369+0000] {logging_mixin.py:190} INFO - [2026-03-21T18:00:49.369+0000] {dag.py:3239} INFO - Sync 1 DAGs
[2026-03-21T18:00:49.387+0000] {logging_mixin.py:190} INFO - [2026-03-21T18:00:49.387+0000] {dag.py:4180} INFO - Setting next_dagrun for daily_job_scraping to 2026-03-21 12:00:00+00:00, run_after=2026-03-22 12:00:00+00:00
[2026-03-21T18:00:49.407+0000] {processor.py:208} INFO - Processing /opt/airflow/dags/job_scraping_dag.py took 0.610 seconds
[2026-03-21T18:01:19.625+0000] {processor.py:186} INFO - Started process (PID=1784) to work on /opt/airflow/dags/job_scraping_dag.py
[2026-03-21T18:01:19.626+0000] {processor.py:914} INFO - Processing file /opt/airflow/dags/job_scraping_dag.py for tasks to queue
[2026-03-21T18:01:19.629+0000] {logging_mixin.py:190} INFO - [2026-03-21T18:01:19.628+0000] {dagbag.py:588} INFO - Filling up the DagBag from /opt/airflow/dags/job_scraping_dag.py
[2026-03-21T18:01:20.215+0000] {processor.py:925} INFO - DAG(s) 'daily_job_scraping' retrieved from /opt/airflow/dags/job_scraping_dag.py
[2026-03-21T18:01:20.244+0000] {logging_mixin.py:190} INFO - [2026-03-21T18:01:20.244+0000] {dag.py:3239} INFO - Sync 1 DAGs
[2026-03-21T18:01:20.269+0000] {logging_mixin.py:190} INFO - [2026-03-21T18:01:20.269+0000] {dag.py:4180} INFO - Setting next_dagrun for daily_job_scraping to 2026-03-21 12:00:00+00:00, run_after=2026-03-22 12:00:00+00:00
[2026-03-21T18:01:20.297+0000] {processor.py:208} INFO - Processing /opt/airflow/dags/job_scraping_dag.py took 0.679 seconds
[2026-03-21T18:01:50.624+0000] {processor.py:186} INFO - Started process (PID=1790) to work on /opt/airflow/dags/job_scraping_dag.py
[2026-03-21T18:01:50.625+0000] {processor.py:914} INFO - Processing file /opt/airflow/dags/job_scraping_dag.py for tasks to queue
[2026-03-21T18:01:50.627+0000] {logging_mixin.py:190} INFO - [2026-03-21T18:01:50.627+0000] {dagbag.py:588} INFO - Filling up the DagBag from /opt/airflow/dags/job_scraping_dag.py
[2026-03-21T18:01:51.229+0000] {processor.py:925} INFO - DAG(s) 'daily_job_scraping' retrieved from /opt/airflow/dags/job_scraping_dag.py
[2026-03-21T18:01:51.253+0000] {logging_mixin.py:190} INFO - [2026-03-21T18:01:51.253+0000] {dag.py:3239} INFO - Sync 1 DAGs
[2026-03-21T18:01:51.273+0000] {logging_mixin.py:190} INFO - [2026-03-21T18:01:51.272+0000] {dag.py:4180} INFO - Setting next_dagrun for daily_job_scraping to 2026-03-21 12:00:00+00:00, run_after=2026-03-22 12:00:00+00:00
[2026-03-21T18:01:51.293+0000] {processor.py:208} INFO - Processing /opt/airflow/dags/job_scraping_dag.py took 0.675 seconds
[2026-03-21T18:02:21.628+0000] {processor.py:186} INFO - Started process (PID=1796) to work on /opt/airflow/dags/job_scraping_dag.py
[2026-03-21T18:02:21.629+0000] {processor.py:914} INFO - Processing file /opt/airflow/dags/job_scraping_dag.py for tasks to queue
[2026-03-21T18:02:21.631+0000] {logging_mixin.py:190} INFO - [2026-03-21T18:02:21.631+0000] {dagbag.py:588} INFO - Filling up the DagBag from /opt/airflow/dags/job_scraping_dag.py
[2026-03-21T18:02:22.305+0000] {processor.py:925} INFO - DAG(s) 'daily_job_scraping' retrieved from /opt/airflow/dags/job_scraping_dag.py
[2026-03-21T18:02:22.329+0000] {logging_mixin.py:190} INFO - [2026-03-21T18:02:22.329+0000] {dag.py:3239} INFO - Sync 1 DAGs
[2026-03-21T18:02:22.349+0000] {logging_mixin.py:190} INFO - [2026-03-21T18:02:22.349+0000] {dag.py:4180} INFO - Setting next_dagrun for daily_job_scraping to 2026-03-21 12:00:00+00:00, run_after=2026-03-22 12:00:00+00:00
[2026-03-21T18:02:22.370+0000] {processor.py:208} INFO - Processing /opt/airflow/dags/job_scraping_dag.py took 0.748 seconds
[2026-03-21T18:02:52.667+0000] {processor.py:186} INFO - Started process (PID=1802) to work on /opt/airflow/dags/job_scraping_dag.py
[2026-03-21T18:02:52.668+0000] {processor.py:914} INFO - Processing file /opt/airflow/dags/job_scraping_dag.py for tasks to queue
[2026-03-21T18:02:52.671+0000] {logging_mixin.py:190} INFO - [2026-03-21T18:02:52.670+0000] {dagbag.py:588} INFO - Filling up the DagBag from /opt/airflow/dags/job_scraping_dag.py
[2026-03-21T18:02:53.217+0000] {processor.py:925} INFO - DAG(s) 'daily_job_scraping' retrieved from /opt/airflow/dags/job_scraping_dag.py
[2026-03-21T18:02:53.241+0000] {logging_mixin.py:190} INFO - [2026-03-21T18:02:53.240+0000] {dag.py:3239} INFO - Sync 1 DAGs
[2026-03-21T18:02:53.262+0000] {logging_mixin.py:190} INFO - [2026-03-21T18:02:53.261+0000] {dag.py:4180} INFO - Setting next_dagrun for daily_job_scraping to 2026-03-21 12:00:00+00:00, run_after=2026-03-22 12:00:00+00:00
[2026-03-21T18:02:53.281+0000] {processor.py:208} INFO - Processing /opt/airflow/dags/job_scraping_dag.py took 0.619 seconds
[2026-03-21T18:03:23.568+0000] {processor.py:186} INFO - Started process (PID=1808) to work on /opt/airflow/dags/job_scraping_dag.py
[2026-03-21T18:03:23.569+0000] {processor.py:914} INFO - Processing file /opt/airflow/dags/job_scraping_dag.py for tasks to queue
[2026-03-21T18:03:23.572+0000] {logging_mixin.py:190} INFO - [2026-03-21T18:03:23.572+0000] {dagbag.py:588} INFO - Filling up the DagBag from /opt/airflow/dags/job_scraping_dag.py
[2026-03-21T18:03:24.122+0000] {processor.py:925} INFO - DAG(s) 'daily_job_scraping' retrieved from /opt/airflow/dags/job_scraping_dag.py
[2026-03-21T18:03:24.146+0000] {logging_mixin.py:190} INFO - [2026-03-21T18:03:24.146+0000] {dag.py:3239} INFO - Sync 1 DAGs
[2026-03-21T18:03:24.163+0000] {logging_mixin.py:190} INFO - [2026-03-21T18:03:24.163+0000] {dag.py:4180} INFO - Setting next_dagrun for daily_job_scraping to 2026-03-21 12:00:00+00:00, run_after=2026-03-22 12:00:00+00:00
[2026-03-21T18:03:24.185+0000] {processor.py:208} INFO - Processing /opt/airflow/dags/job_scraping_dag.py took 0.626 seconds
[2026-03-21T18:03:54.527+0000] {processor.py:186} INFO - Started process (PID=1814) to work on /opt/airflow/dags/job_scraping_dag.py
[2026-03-21T18:03:54.529+0000] {processor.py:914} INFO - Processing file /opt/airflow/dags/job_scraping_dag.py for tasks to queue
[2026-03-21T18:03:54.532+0000] {logging_mixin.py:190} INFO - [2026-03-21T18:03:54.531+0000] {dagbag.py:588} INFO - Filling up the DagBag from /opt/airflow/dags/job_scraping_dag.py
[2026-03-21T18:03:55.108+0000] {processor.py:925} INFO - DAG(s) 'daily_job_scraping' retrieved from /opt/airflow/dags/job_scraping_dag.py
[2026-03-21T18:03:55.131+0000] {logging_mixin.py:190} INFO - [2026-03-21T18:03:55.131+0000] {dag.py:3239} INFO - Sync 1 DAGs
[2026-03-21T18:03:55.153+0000] {logging_mixin.py:190} INFO - [2026-03-21T18:03:55.153+0000] {dag.py:4180} INFO - Setting next_dagrun for daily_job_scraping to 2026-03-21 12:00:00+00:00, run_after=2026-03-22 12:00:00+00:00
[2026-03-21T18:03:55.171+0000] {processor.py:208} INFO - Processing /opt/airflow/dags/job_scraping_dag.py took 0.650 seconds
[2026-03-21T18:04:25.400+0000] {processor.py:186} INFO - Started process (PID=1820) to work on /opt/airflow/dags/job_scraping_dag.py
[2026-03-21T18:04:25.401+0000] {processor.py:914} INFO - Processing file /opt/airflow/dags/job_scraping_dag.py for tasks to queue
[2026-03-21T18:04:25.403+0000] {logging_mixin.py:190} INFO - [2026-03-21T18:04:25.403+0000] {dagbag.py:588} INFO - Filling up the DagBag from /opt/airflow/dags/job_scraping_dag.py
[2026-03-21T18:04:25.932+0000] {processor.py:925} INFO - DAG(s) 'daily_job_scraping' retrieved from /opt/airflow/dags/job_scraping_dag.py
[2026-03-21T18:04:25.955+0000] {logging_mixin.py:190} INFO - [2026-03-21T18:04:25.955+0000] {dag.py:3239} INFO - Sync 1 DAGs
[2026-03-21T18:04:25.974+0000] {logging_mixin.py:190} INFO - [2026-03-21T18:04:25.974+0000] {dag.py:4180} INFO - Setting next_dagrun for daily_job_scraping to 2026-03-21 12:00:00+00:00, run_after=2026-03-22 12:00:00+00:00
[2026-03-21T18:04:25.995+0000] {processor.py:208} INFO - Processing /opt/airflow/dags/job_scraping_dag.py took 0.600 seconds
[2026-03-21T18:04:56.272+0000] {processor.py:186} INFO - Started process (PID=1826) to work on /opt/airflow/dags/job_scraping_dag.py
[2026-03-21T18:04:56.274+0000] {processor.py:914} INFO - Processing file /opt/airflow/dags/job_scraping_dag.py for tasks to queue
[2026-03-21T18:04:56.276+0000] {logging_mixin.py:190} INFO - [2026-03-21T18:04:56.276+0000] {dagbag.py:588} INFO - Filling up the DagBag from /opt/airflow/dags/job_scraping_dag.py
[2026-03-21T18:04:56.822+0000] {processor.py:925} INFO - DAG(s) 'daily_job_scraping' retrieved from /opt/airflow/dags/job_scraping_dag.py
[2026-03-21T18:04:56.847+0000] {logging_mixin.py:190} INFO - [2026-03-21T18:04:56.846+0000] {dag.py:3239} INFO - Sync 1 DAGs
[2026-03-21T18:04:56.865+0000] {logging_mixin.py:190} INFO - [2026-03-21T18:04:56.865+0000] {dag.py:4180} INFO - Setting next_dagrun for daily_job_scraping to 2026-03-21 12:00:00+00:00, run_after=2026-03-22 12:00:00+00:00
[2026-03-21T18:04:56.889+0000] {processor.py:208} INFO - Processing /opt/airflow/dags/job_scraping_dag.py took 0.623 seconds
[2026-03-21T18:05:27.226+0000] {processor.py:186} INFO - Started process (PID=1832) to work on /opt/airflow/dags/job_scraping_dag.py
[2026-03-21T18:05:27.227+0000] {processor.py:914} INFO - Processing file /opt/airflow/dags/job_scraping_dag.py for tasks to queue
[2026-03-21T18:05:27.229+0000] {logging_mixin.py:190} INFO - [2026-03-21T18:05:27.229+0000] {dagbag.py:588} INFO - Filling up the DagBag from /opt/airflow/dags/job_scraping_dag.py
[2026-03-21T18:05:27.759+0000] {processor.py:925} INFO - DAG(s) 'daily_job_scraping' retrieved from /opt/airflow/dags/job_scraping_dag.py
[2026-03-21T18:05:27.782+0000] {logging_mixin.py:190} INFO - [2026-03-21T18:05:27.782+0000] {dag.py:3239} INFO - Sync 1 DAGs
[2026-03-21T18:05:27.801+0000] {logging_mixin.py:190} INFO - [2026-03-21T18:05:27.800+0000] {dag.py:4180} INFO - Setting next_dagrun for daily_job_scraping to 2026-03-21 12:00:00+00:00, run_after=2026-03-22 12:00:00+00:00
[2026-03-21T18:05:27.822+0000] {processor.py:208} INFO - Processing /opt/airflow/dags/job_scraping_dag.py took 0.602 seconds
[2026-03-21T18:05:58.111+0000] {processor.py:186} INFO - Started process (PID=1838) to work on /opt/airflow/dags/job_scraping_dag.py
[2026-03-21T18:05:58.113+0000] {processor.py:914} INFO - Processing file /opt/airflow/dags/job_scraping_dag.py for tasks to queue
[2026-03-21T18:05:58.115+0000] {logging_mixin.py:190} INFO - [2026-03-21T18:05:58.114+0000] {dagbag.py:588} INFO - Filling up the DagBag from /opt/airflow/dags/job_scraping_dag.py
[2026-03-21T18:05:58.658+0000] {processor.py:925} INFO - DAG(s) 'daily_job_scraping' retrieved from /opt/airflow/dags/job_scraping_dag.py
[2026-03-21T18:05:58.685+0000] {logging_mixin.py:190} INFO - [2026-03-21T18:05:58.684+0000] {dag.py:3239} INFO - Sync 1 DAGs
[2026-03-21T18:05:58.704+0000] {logging_mixin.py:190} INFO - [2026-03-21T18:05:58.704+0000] {dag.py:4180} INFO - Setting next_dagrun for daily_job_scraping to 2026-03-21 12:00:00+00:00, run_after=2026-03-22 12:00:00+00:00
[2026-03-21T18:05:58.724+0000] {processor.py:208} INFO - Processing /opt/airflow/dags/job_scraping_dag.py took 0.619 seconds
[2026-03-21T18:06:28.830+0000] {processor.py:186} INFO - Started process (PID=1844) to work on /opt/airflow/dags/job_scraping_dag.py
[2026-03-21T18:06:28.832+0000] {processor.py:914} INFO - Processing file /opt/airflow/dags/job_scraping_dag.py for tasks to queue
[2026-03-21T18:06:28.834+0000] {logging_mixin.py:190} INFO - [2026-03-21T18:06:28.834+0000] {dagbag.py:588} INFO - Filling up the DagBag from /opt/airflow/dags/job_scraping_dag.py
[2026-03-21T18:06:29.413+0000] {processor.py:925} INFO - DAG(s) 'daily_job_scraping' retrieved from /opt/airflow/dags/job_scraping_dag.py
[2026-03-21T18:06:29.439+0000] {logging_mixin.py:190} INFO - [2026-03-21T18:06:29.439+0000] {dag.py:3239} INFO - Sync 1 DAGs
[2026-03-21T18:06:29.460+0000] {logging_mixin.py:190} INFO - [2026-03-21T18:06:29.459+0000] {dag.py:4180} INFO - Setting next_dagrun for daily_job_scraping to 2026-03-21 12:00:00+00:00, run_after=2026-03-22 12:00:00+00:00
[2026-03-21T18:06:29.480+0000] {processor.py:208} INFO - Processing /opt/airflow/dags/job_scraping_dag.py took 0.657 seconds
[2026-03-21T18:06:59.815+0000] {processor.py:186} INFO - Started process (PID=1850) to work on /opt/airflow/dags/job_scraping_dag.py
[2026-03-21T18:06:59.816+0000] {processor.py:914} INFO - Processing file /opt/airflow/dags/job_scraping_dag.py for tasks to queue
[2026-03-21T18:06:59.818+0000] {logging_mixin.py:190} INFO - [2026-03-21T18:06:59.818+0000] {dagbag.py:588} INFO - Filling up the DagBag from /opt/airflow/dags/job_scraping_dag.py
[2026-03-21T18:07:00.361+0000] {processor.py:925} INFO - DAG(s) 'daily_job_scraping' retrieved from /opt/airflow/dags/job_scraping_dag.py
[2026-03-21T18:07:00.385+0000] {logging_mixin.py:190} INFO - [2026-03-21T18:07:00.384+0000] {dag.py:3239} INFO - Sync 1 DAGs
[2026-03-21T18:07:00.402+0000] {logging_mixin.py:190} INFO - [2026-03-21T18:07:00.402+0000] {dag.py:4180} INFO - Setting next_dagrun for daily_job_scraping to 2026-03-21 12:00:00+00:00, run_after=2026-03-22 12:00:00+00:00
[2026-03-21T18:07:00.422+0000] {processor.py:208} INFO - Processing /opt/airflow/dags/job_scraping_dag.py took 0.613 seconds
[2026-03-21T18:07:30.496+0000] {processor.py:186} INFO - Started process (PID=1856) to work on /opt/airflow/dags/job_scraping_dag.py
[2026-03-21T18:07:30.497+0000] {processor.py:914} INFO - Processing file /opt/airflow/dags/job_scraping_dag.py for tasks to queue
[2026-03-21T18:07:30.500+0000] {logging_mixin.py:190} INFO - [2026-03-21T18:07:30.499+0000] {dagbag.py:588} INFO - Filling up the DagBag from /opt/airflow/dags/job_scraping_dag.py
[2026-03-21T18:07:31.526+0000] {processor.py:925} INFO - DAG(s) 'daily_job_scraping' retrieved from /opt/airflow/dags/job_scraping_dag.py
[2026-03-21T18:07:31.602+0000] {logging_mixin.py:190} INFO - [2026-03-21T18:07:31.601+0000] {dag.py:3239} INFO - Sync 1 DAGs
[2026-03-21T18:07:31.647+0000] {logging_mixin.py:190} INFO - [2026-03-21T18:07:31.647+0000] {dag.py:4180} INFO - Setting next_dagrun for daily_job_scraping to 2026-03-21 12:00:00+00:00, run_after=2026-03-22 12:00:00+00:00
[2026-03-21T18:07:31.679+0000] {processor.py:208} INFO - Processing /opt/airflow/dags/job_scraping_dag.py took 1.191 seconds
[2026-03-21T18:08:02.044+0000] {processor.py:186} INFO - Started process (PID=1862) to work on /opt/airflow/dags/job_scraping_dag.py
[2026-03-21T18:08:02.045+0000] {processor.py:914} INFO - Processing file /opt/airflow/dags/job_scraping_dag.py for tasks to queue
[2026-03-21T18:08:02.048+0000] {logging_mixin.py:190} INFO - [2026-03-21T18:08:02.047+0000] {dagbag.py:588} INFO - Filling up the DagBag from /opt/airflow/dags/job_scraping_dag.py
[2026-03-21T18:08:02.557+0000] {processor.py:925} INFO - DAG(s) 'daily_job_scraping' retrieved from /opt/airflow/dags/job_scraping_dag.py
[2026-03-21T18:08:02.583+0000] {logging_mixin.py:190} INFO - [2026-03-21T18:08:02.583+0000] {dag.py:3239} INFO - Sync 1 DAGs
[2026-03-21T18:08:02.606+0000] {logging_mixin.py:190} INFO - [2026-03-21T18:08:02.606+0000] {dag.py:4180} INFO - Setting next_dagrun for daily_job_scraping to 2026-03-21 12:00:00+00:00, run_after=2026-03-22 12:00:00+00:00
[2026-03-21T18:08:02.626+0000] {processor.py:208} INFO - Processing /opt/airflow/dags/job_scraping_dag.py took 0.589 seconds
[2026-03-21T18:08:32.910+0000] {processor.py:186} INFO - Started process (PID=1868) to work on /opt/airflow/dags/job_scraping_dag.py
[2026-03-21T18:08:32.911+0000] {processor.py:914} INFO - Processing file /opt/airflow/dags/job_scraping_dag.py for tasks to queue
[2026-03-21T18:08:32.913+0000] {logging_mixin.py:190} INFO - [2026-03-21T18:08:32.913+0000] {dagbag.py:588} INFO - Filling up the DagBag from /opt/airflow/dags/job_scraping_dag.py
[2026-03-21T18:08:33.460+0000] {processor.py:925} INFO - DAG(s) 'daily_job_scraping' retrieved from /opt/airflow/dags/job_scraping_dag.py
[2026-03-21T18:08:33.483+0000] {logging_mixin.py:190} INFO - [2026-03-21T18:08:33.483+0000] {dag.py:3239} INFO - Sync 1 DAGs
[2026-03-21T18:08:33.500+0000] {logging_mixin.py:190} INFO - [2026-03-21T18:08:33.500+0000] {dag.py:4180} INFO - Setting next_dagrun for daily_job_scraping to 2026-03-21 12:00:00+00:00, run_after=2026-03-22 12:00:00+00:00
[2026-03-21T18:08:33.522+0000] {processor.py:208} INFO - Processing /opt/airflow/dags/job_scraping_dag.py took 0.618 seconds
[2026-03-21T18:09:03.584+0000] {processor.py:186} INFO - Started process (PID=1874) to work on /opt/airflow/dags/job_scraping_dag.py
[2026-03-21T18:09:03.585+0000] {processor.py:914} INFO - Processing file /opt/airflow/dags/job_scraping_dag.py for tasks to queue
[2026-03-21T18:09:03.588+0000] {logging_mixin.py:190} INFO - [2026-03-21T18:09:03.587+0000] {dagbag.py:588} INFO - Filling up the DagBag from /opt/airflow/dags/job_scraping_dag.py
[2026-03-21T18:09:04.112+0000] {processor.py:925} INFO - DAG(s) 'daily_job_scraping' retrieved from /opt/airflow/dags/job_scraping_dag.py
[2026-03-21T18:09:04.137+0000] {logging_mixin.py:190} INFO - [2026-03-21T18:09:04.136+0000] {dag.py:3239} INFO - Sync 1 DAGs
[2026-03-21T18:09:04.154+0000] {logging_mixin.py:190} INFO - [2026-03-21T18:09:04.154+0000] {dag.py:4180} INFO - Setting next_dagrun for daily_job_scraping to 2026-03-21 12:00:00+00:00, run_after=2026-03-22 12:00:00+00:00
[2026-03-21T18:09:04.176+0000] {processor.py:208} INFO - Processing /opt/airflow/dags/job_scraping_dag.py took 0.598 seconds
[2026-03-21T18:09:34.433+0000] {processor.py:186} INFO - Started process (PID=1880) to work on /opt/airflow/dags/job_scraping_dag.py
[2026-03-21T18:09:34.434+0000] {processor.py:914} INFO - Processing file /opt/airflow/dags/job_scraping_dag.py for tasks to queue
[2026-03-21T18:09:34.437+0000] {logging_mixin.py:190} INFO - [2026-03-21T18:09:34.437+0000] {dagbag.py:588} INFO - Filling up the DagBag from /opt/airflow/dags/job_scraping_dag.py
[2026-03-21T18:09:34.962+0000] {processor.py:925} INFO - DAG(s) 'daily_job_scraping' retrieved from /opt/airflow/dags/job_scraping_dag.py
[2026-03-21T18:09:34.985+0000] {logging_mixin.py:190} INFO - [2026-03-21T18:09:34.984+0000] {dag.py:3239} INFO - Sync 1 DAGs
[2026-03-21T18:09:35.003+0000] {logging_mixin.py:190} INFO - [2026-03-21T18:09:35.003+0000] {dag.py:4180} INFO - Setting next_dagrun for daily_job_scraping to 2026-03-21 12:00:00+00:00, run_after=2026-03-22 12:00:00+00:00
[2026-03-21T18:09:35.027+0000] {processor.py:208} INFO - Processing /opt/airflow/dags/job_scraping_dag.py took 0.602 seconds
[2026-03-21T18:10:05.377+0000] {processor.py:186} INFO - Started process (PID=1886) to work on /opt/airflow/dags/job_scraping_dag.py
[2026-03-21T18:10:05.378+0000] {processor.py:914} INFO - Processing file /opt/airflow/dags/job_scraping_dag.py for tasks to queue
[2026-03-21T18:10:05.381+0000] {logging_mixin.py:190} INFO - [2026-03-21T18:10:05.380+0000] {dagbag.py:588} INFO - Filling up the DagBag from /opt/airflow/dags/job_scraping_dag.py
[2026-03-21T18:10:05.927+0000] {processor.py:925} INFO - DAG(s) 'daily_job_scraping' retrieved from /opt/airflow/dags/job_scraping_dag.py
[2026-03-21T18:10:05.950+0000] {logging_mixin.py:190} INFO - [2026-03-21T18:10:05.950+0000] {dag.py:3239} INFO - Sync 1 DAGs
[2026-03-21T18:10:05.970+0000] {logging_mixin.py:190} INFO - [2026-03-21T18:10:05.970+0000] {dag.py:4180} INFO - Setting next_dagrun for daily_job_scraping to 2026-03-21 12:00:00+00:00, run_after=2026-03-22 12:00:00+00:00
[2026-03-21T18:10:05.990+0000] {processor.py:208} INFO - Processing /opt/airflow/dags/job_scraping_dag.py took 0.620 seconds
[2026-03-21T18:10:36.256+0000] {processor.py:186} INFO - Started process (PID=1892) to work on /opt/airflow/dags/job_scraping_dag.py
[2026-03-21T18:10:36.257+0000] {processor.py:914} INFO - Processing file /opt/airflow/dags/job_scraping_dag.py for tasks to queue
[2026-03-21T18:10:36.259+0000] {logging_mixin.py:190} INFO - [2026-03-21T18:10:36.259+0000] {dagbag.py:588} INFO - Filling up the DagBag from /opt/airflow/dags/job_scraping_dag.py
[2026-03-21T18:10:36.883+0000] {processor.py:925} INFO - DAG(s) 'daily_job_scraping' retrieved from /opt/airflow/dags/job_scraping_dag.py
[2026-03-21T18:10:36.908+0000] {logging_mixin.py:190} INFO - [2026-03-21T18:10:36.907+0000] {dag.py:3239} INFO - Sync 1 DAGs
[2026-03-21T18:10:36.929+0000] {logging_mixin.py:190} INFO - [2026-03-21T18:10:36.929+0000] {dag.py:4180} INFO - Setting next_dagrun for daily_job_scraping to 2026-03-21 12:00:00+00:00, run_after=2026-03-22 12:00:00+00:00
[2026-03-21T18:10:36.947+0000] {processor.py:208} INFO - Processing /opt/airflow/dags/job_scraping_dag.py took 0.697 seconds
[2026-03-21T18:11:07.141+0000] {processor.py:186} INFO - Started process (PID=1898) to work on /opt/airflow/dags/job_scraping_dag.py
[2026-03-21T18:11:07.142+0000] {processor.py:914} INFO - Processing file /opt/airflow/dags/job_scraping_dag.py for tasks to queue
[2026-03-21T18:11:07.144+0000] {logging_mixin.py:190} INFO - [2026-03-21T18:11:07.143+0000] {dagbag.py:588} INFO - Filling up the DagBag from /opt/airflow/dags/job_scraping_dag.py
[2026-03-21T18:11:07.702+0000] {processor.py:925} INFO - DAG(s) 'daily_job_scraping' retrieved from /opt/airflow/dags/job_scraping_dag.py
[2026-03-21T18:11:07.725+0000] {logging_mixin.py:190} INFO - [2026-03-21T18:11:07.725+0000] {dag.py:3239} INFO - Sync 1 DAGs
[2026-03-21T18:11:07.743+0000] {logging_mixin.py:190} INFO - [2026-03-21T18:11:07.743+0000] {dag.py:4180} INFO - Setting next_dagrun for daily_job_scraping to 2026-03-21 12:00:00+00:00, run_after=2026-03-22 12:00:00+00:00
[2026-03-21T18:11:07.765+0000] {processor.py:208} INFO - Processing /opt/airflow/dags/job_scraping_dag.py took 0.630 seconds
[2026-03-21T18:11:38.097+0000] {processor.py:186} INFO - Started process (PID=1904) to work on /opt/airflow/dags/job_scraping_dag.py
[2026-03-21T18:11:38.099+0000] {processor.py:914} INFO - Processing file /opt/airflow/dags/job_scraping_dag.py for tasks to queue
[2026-03-21T18:11:38.102+0000] {logging_mixin.py:190} INFO - [2026-03-21T18:11:38.101+0000] {dagbag.py:588} INFO - Filling up the DagBag from /opt/airflow/dags/job_scraping_dag.py
[2026-03-21T18:11:39.015+0000] {processor.py:925} INFO - DAG(s) 'daily_job_scraping' retrieved from /opt/airflow/dags/job_scraping_dag.py
[2026-03-21T18:11:39.054+0000] {logging_mixin.py:190} INFO - [2026-03-21T18:11:39.053+0000] {dag.py:3239} INFO - Sync 1 DAGs
[2026-03-21T18:11:39.091+0000] {logging_mixin.py:190} INFO - [2026-03-21T18:11:39.090+0000] {dag.py:4180} INFO - Setting next_dagrun for daily_job_scraping to 2026-03-21 12:00:00+00:00, run_after=2026-03-22 12:00:00+00:00
[2026-03-21T18:11:39.119+0000] {processor.py:208} INFO - Processing /opt/airflow/dags/job_scraping_dag.py took 1.028 seconds
[2026-03-21T18:12:09.474+0000] {processor.py:186} INFO - Started process (PID=1910) to work on /opt/airflow/dags/job_scraping_dag.py
[2026-03-21T18:12:09.475+0000] {processor.py:914} INFO - Processing file /opt/airflow/dags/job_scraping_dag.py for tasks to queue
[2026-03-21T18:12:09.480+0000] {logging_mixin.py:190} INFO - [2026-03-21T18:12:09.479+0000] {dagbag.py:588} INFO - Filling up the DagBag from /opt/airflow/dags/job_scraping_dag.py
[2026-03-21T18:12:10.031+0000] {processor.py:925} INFO - DAG(s) 'daily_job_scraping' retrieved from /opt/airflow/dags/job_scraping_dag.py
[2026-03-21T18:12:10.053+0000] {logging_mixin.py:190} INFO - [2026-03-21T18:12:10.053+0000] {dag.py:3239} INFO - Sync 1 DAGs
[2026-03-21T18:12:10.072+0000] {logging_mixin.py:190} INFO - [2026-03-21T18:12:10.072+0000] {dag.py:4180} INFO - Setting next_dagrun for daily_job_scraping to 2026-03-21 12:00:00+00:00, run_after=2026-03-22 12:00:00+00:00
[2026-03-21T18:12:10.092+0000] {processor.py:208} INFO - Processing /opt/airflow/dags/job_scraping_dag.py took 0.625 seconds
[2026-03-21T18:12:40.388+0000] {processor.py:186} INFO - Started process (PID=1916) to work on /opt/airflow/dags/job_scraping_dag.py
[2026-03-21T18:12:40.390+0000] {processor.py:914} INFO - Processing file /opt/airflow/dags/job_scraping_dag.py for tasks to queue
[2026-03-21T18:12:40.393+0000] {logging_mixin.py:190} INFO - [2026-03-21T18:12:40.392+0000] {dagbag.py:588} INFO - Filling up the DagBag from /opt/airflow/dags/job_scraping_dag.py
[2026-03-21T18:12:40.954+0000] {processor.py:925} INFO - DAG(s) 'daily_job_scraping' retrieved from /opt/airflow/dags/job_scraping_dag.py
[2026-03-21T18:12:40.985+0000] {logging_mixin.py:190} INFO - [2026-03-21T18:12:40.984+0000] {dag.py:3239} INFO - Sync 1 DAGs
[2026-03-21T18:12:41.020+0000] {logging_mixin.py:190} INFO - [2026-03-21T18:12:41.019+0000] {dag.py:4180} INFO - Setting next_dagrun for daily_job_scraping to 2026-03-21 12:00:00+00:00, run_after=2026-03-22 12:00:00+00:00
[2026-03-21T18:12:41.047+0000] {processor.py:208} INFO - Processing /opt/airflow/dags/job_scraping_dag.py took 0.664 seconds
[2026-03-21T18:13:11.283+0000] {processor.py:186} INFO - Started process (PID=1922) to work on /opt/airflow/dags/job_scraping_dag.py
[2026-03-21T18:13:11.284+0000] {processor.py:914} INFO - Processing file /opt/airflow/dags/job_scraping_dag.py for tasks to queue
[2026-03-21T18:13:11.286+0000] {logging_mixin.py:190} INFO - [2026-03-21T18:13:11.286+0000] {dagbag.py:588} INFO - Filling up the DagBag from /opt/airflow/dags/job_scraping_dag.py
[2026-03-21T18:13:11.858+0000] {processor.py:925} INFO - DAG(s) 'daily_job_scraping' retrieved from /opt/airflow/dags/job_scraping_dag.py
[2026-03-21T18:13:11.883+0000] {logging_mixin.py:190} INFO - [2026-03-21T18:13:11.882+0000] {dag.py:3239} INFO - Sync 1 DAGs
[2026-03-21T18:13:11.901+0000] {logging_mixin.py:190} INFO - [2026-03-21T18:13:11.901+0000] {dag.py:4180} INFO - Setting next_dagrun for daily_job_scraping to 2026-03-21 12:00:00+00:00, run_after=2026-03-22 12:00:00+00:00
[2026-03-21T18:13:11.923+0000] {processor.py:208} INFO - Processing /opt/airflow/dags/job_scraping_dag.py took 0.646 seconds
[2026-03-21T18:13:42.317+0000] {processor.py:186} INFO - Started process (PID=1928) to work on /opt/airflow/dags/job_scraping_dag.py
[2026-03-21T18:13:42.319+0000] {processor.py:914} INFO - Processing file /opt/airflow/dags/job_scraping_dag.py for tasks to queue
[2026-03-21T18:13:42.321+0000] {logging_mixin.py:190} INFO - [2026-03-21T18:13:42.321+0000] {dagbag.py:588} INFO - Filling up the DagBag from /opt/airflow/dags/job_scraping_dag.py
[2026-03-21T18:13:42.851+0000] {processor.py:925} INFO - DAG(s) 'daily_job_scraping' retrieved from /opt/airflow/dags/job_scraping_dag.py
[2026-03-21T18:13:42.873+0000] {logging_mixin.py:190} INFO - [2026-03-21T18:13:42.873+0000] {dag.py:3239} INFO - Sync 1 DAGs
[2026-03-21T18:13:42.890+0000] {logging_mixin.py:190} INFO - [2026-03-21T18:13:42.890+0000] {dag.py:4180} INFO - Setting next_dagrun for daily_job_scraping to 2026-03-21 12:00:00+00:00, run_after=2026-03-22 12:00:00+00:00
[2026-03-21T18:13:42.910+0000] {processor.py:208} INFO - Processing /opt/airflow/dags/job_scraping_dag.py took 0.598 seconds
[2026-03-21T18:14:13.248+0000] {processor.py:186} INFO - Started process (PID=1934) to work on /opt/airflow/dags/job_scraping_dag.py
[2026-03-21T18:14:13.251+0000] {processor.py:914} INFO - Processing file /opt/airflow/dags/job_scraping_dag.py for tasks to queue
[2026-03-21T18:14:13.255+0000] {logging_mixin.py:190} INFO - [2026-03-21T18:14:13.254+0000] {dagbag.py:588} INFO - Filling up the DagBag from /opt/airflow/dags/job_scraping_dag.py
[2026-03-21T18:14:13.796+0000] {processor.py:925} INFO - DAG(s) 'daily_job_scraping' retrieved from /opt/airflow/dags/job_scraping_dag.py
[2026-03-21T18:14:13.819+0000] {logging_mixin.py:190} INFO - [2026-03-21T18:14:13.819+0000] {dag.py:3239} INFO - Sync 1 DAGs
[2026-03-21T18:14:13.837+0000] {logging_mixin.py:190} INFO - [2026-03-21T18:14:13.837+0000] {dag.py:4180} INFO - Setting next_dagrun for daily_job_scraping to 2026-03-21 12:00:00+00:00, run_after=2026-03-22 12:00:00+00:00
[2026-03-21T18:14:13.858+0000] {processor.py:208} INFO - Processing /opt/airflow/dags/job_scraping_dag.py took 0.619 seconds
[2026-03-21T18:14:44.090+0000] {processor.py:186} INFO - Started process (PID=1940) to work on /opt/airflow/dags/job_scraping_dag.py
[2026-03-21T18:14:44.091+0000] {processor.py:914} INFO - Processing file /opt/airflow/dags/job_scraping_dag.py for tasks to queue
[2026-03-21T18:14:44.094+0000] {logging_mixin.py:190} INFO - [2026-03-21T18:14:44.094+0000] {dagbag.py:588} INFO - Filling up the DagBag from /opt/airflow/dags/job_scraping_dag.py
[2026-03-21T18:14:44.623+0000] {processor.py:925} INFO - DAG(s) 'daily_job_scraping' retrieved from /opt/airflow/dags/job_scraping_dag.py
[2026-03-21T18:14:44.647+0000] {logging_mixin.py:190} INFO - [2026-03-21T18:14:44.647+0000] {dag.py:3239} INFO - Sync 1 DAGs
[2026-03-21T18:14:44.665+0000] {logging_mixin.py:190} INFO - [2026-03-21T18:14:44.665+0000] {dag.py:4180} INFO - Setting next_dagrun for daily_job_scraping to 2026-03-21 12:00:00+00:00, run_after=2026-03-22 12:00:00+00:00
[2026-03-21T18:14:44.686+0000] {processor.py:208} INFO - Processing /opt/airflow/dags/job_scraping_dag.py took 0.603 seconds
[2026-03-21T18:15:15.055+0000] {processor.py:186} INFO - Started process (PID=1946) to work on /opt/airflow/dags/job_scraping_dag.py
[2026-03-21T18:15:15.056+0000] {processor.py:914} INFO - Processing file /opt/airflow/dags/job_scraping_dag.py for tasks to queue
[2026-03-21T18:15:15.058+0000] {logging_mixin.py:190} INFO - [2026-03-21T18:15:15.058+0000] {dagbag.py:588} INFO - Filling up the DagBag from /opt/airflow/dags/job_scraping_dag.py
[2026-03-21T18:15:15.564+0000] {processor.py:925} INFO - DAG(s) 'daily_job_scraping' retrieved from /opt/airflow/dags/job_scraping_dag.py
[2026-03-21T18:15:15.585+0000] {logging_mixin.py:190} INFO - [2026-03-21T18:15:15.584+0000] {dag.py:3239} INFO - Sync 1 DAGs
[2026-03-21T18:15:15.602+0000] {logging_mixin.py:190} INFO - [2026-03-21T18:15:15.602+0000] {dag.py:4180} INFO - Setting next_dagrun for daily_job_scraping to 2026-03-21 12:00:00+00:00, run_after=2026-03-22 12:00:00+00:00
[2026-03-21T18:15:15.620+0000] {processor.py:208} INFO - Processing /opt/airflow/dags/job_scraping_dag.py took 0.571 seconds
[2026-03-21T18:15:45.902+0000] {processor.py:186} INFO - Started process (PID=1952) to work on /opt/airflow/dags/job_scraping_dag.py
[2026-03-21T18:15:45.903+0000] {processor.py:914} INFO - Processing file /opt/airflow/dags/job_scraping_dag.py for tasks to queue
[2026-03-21T18:15:45.905+0000] {logging_mixin.py:190} INFO - [2026-03-21T18:15:45.905+0000] {dagbag.py:588} INFO - Filling up the DagBag from /opt/airflow/dags/job_scraping_dag.py
[2026-03-21T18:15:46.427+0000] {processor.py:925} INFO - DAG(s) 'daily_job_scraping' retrieved from /opt/airflow/dags/job_scraping_dag.py
[2026-03-21T18:15:46.450+0000] {logging_mixin.py:190} INFO - [2026-03-21T18:15:46.450+0000] {dag.py:3239} INFO - Sync 1 DAGs
[2026-03-21T18:15:46.467+0000] {logging_mixin.py:190} INFO - [2026-03-21T18:15:46.467+0000] {dag.py:4180} INFO - Setting next_dagrun for daily_job_scraping to 2026-03-21 12:00:00+00:00, run_after=2026-03-22 12:00:00+00:00
[2026-03-21T18:15:46.488+0000] {processor.py:208} INFO - Processing /opt/airflow/dags/job_scraping_dag.py took 0.592 seconds
[2026-03-21T18:16:16.876+0000] {processor.py:186} INFO - Started process (PID=1958) to work on /opt/airflow/dags/job_scraping_dag.py
[2026-03-21T18:16:16.878+0000] {processor.py:914} INFO - Processing file /opt/airflow/dags/job_scraping_dag.py for tasks to queue
[2026-03-21T18:16:16.882+0000] {logging_mixin.py:190} INFO - [2026-03-21T18:16:16.881+0000] {dagbag.py:588} INFO - Filling up the DagBag from /opt/airflow/dags/job_scraping_dag.py
[2026-03-21T18:16:17.483+0000] {processor.py:925} INFO - DAG(s) 'daily_job_scraping' retrieved from /opt/airflow/dags/job_scraping_dag.py
[2026-03-21T18:16:17.505+0000] {logging_mixin.py:190} INFO - [2026-03-21T18:16:17.505+0000] {dag.py:3239} INFO - Sync 1 DAGs
[2026-03-21T18:16:17.522+0000] {logging_mixin.py:190} INFO - [2026-03-21T18:16:17.522+0000] {dag.py:4180} INFO - Setting next_dagrun for daily_job_scraping to 2026-03-21 12:00:00+00:00, run_after=2026-03-22 12:00:00+00:00
[2026-03-21T18:16:17.543+0000] {processor.py:208} INFO - Processing /opt/airflow/dags/job_scraping_dag.py took 0.675 seconds
[2026-03-21T21:49:55.682+0000] {processor.py:186} INFO - Started process (PID=1964) to work on /opt/airflow/dags/job_scraping_dag.py
[2026-03-21T21:49:55.720+0000] {processor.py:914} INFO - Processing file /opt/airflow/dags/job_scraping_dag.py for tasks to queue
[2026-03-21T21:49:55.730+0000] {logging_mixin.py:190} INFO - [2026-03-21T21:49:55.729+0000] {dagbag.py:588} INFO - Filling up the DagBag from /opt/airflow/dags/job_scraping_dag.py
[2026-03-21T21:49:58.808+0000] {processor.py:925} INFO - DAG(s) 'daily_job_scraping' retrieved from /opt/airflow/dags/job_scraping_dag.py
[2026-03-21T21:49:58.915+0000] {logging_mixin.py:190} INFO - [2026-03-21T21:49:58.914+0000] {dag.py:3239} INFO - Sync 1 DAGs
[2026-03-21T21:49:59.097+0000] {logging_mixin.py:190} INFO - [2026-03-21T21:49:59.097+0000] {dag.py:4180} INFO - Setting next_dagrun for daily_job_scraping to 2026-03-21 12:00:00+00:00, run_after=2026-03-22 12:00:00+00:00
[2026-03-21T22:13:08.881+0000] {processor.py:208} INFO - Processing /opt/airflow/dags/job_scraping_dag.py took 3.554 seconds
[2026-03-21T22:13:39.607+0000] {processor.py:186} INFO - Started process (PID=1970) to work on /opt/airflow/dags/job_scraping_dag.py
[2026-03-21T22:13:39.612+0000] {processor.py:914} INFO - Processing file /opt/airflow/dags/job_scraping_dag.py for tasks to queue
[2026-03-21T22:13:39.627+0000] {logging_mixin.py:190} INFO - [2026-03-21T22:13:39.626+0000] {dagbag.py:588} INFO - Filling up the DagBag from /opt/airflow/dags/job_scraping_dag.py
[2026-03-21T22:13:42.852+0000] {processor.py:925} INFO - DAG(s) 'daily_job_scraping' retrieved from /opt/airflow/dags/job_scraping_dag.py
[2026-03-21T22:13:43.582+0000] {logging_mixin.py:190} INFO - [2026-03-21T22:13:43.581+0000] {dag.py:3239} INFO - Sync 1 DAGs
[2026-03-21T22:13:43.638+0000] {logging_mixin.py:190} INFO - [2026-03-21T22:13:43.637+0000] {dag.py:4180} INFO - Setting next_dagrun for daily_job_scraping to 2026-03-21 12:00:00+00:00, run_after=2026-03-22 12:00:00+00:00
[2026-03-21T22:13:43.686+0000] {processor.py:208} INFO - Processing /opt/airflow/dags/job_scraping_dag.py took 4.100 seconds
[2026-03-21T22:14:13.938+0000] {processor.py:186} INFO - Started process (PID=1976) to work on /opt/airflow/dags/job_scraping_dag.py
[2026-03-21T22:14:13.940+0000] {processor.py:914} INFO - Processing file /opt/airflow/dags/job_scraping_dag.py for tasks to queue
[2026-03-21T22:14:13.941+0000] {logging_mixin.py:190} INFO - [2026-03-21T22:14:13.941+0000] {dagbag.py:588} INFO - Filling up the DagBag from /opt/airflow/dags/job_scraping_dag.py
[2026-03-21T22:14:14.707+0000] {processor.py:925} INFO - DAG(s) 'daily_job_scraping' retrieved from /opt/airflow/dags/job_scraping_dag.py
[2026-03-21T22:14:14.743+0000] {logging_mixin.py:190} INFO - [2026-03-21T22:14:14.743+0000] {dag.py:3239} INFO - Sync 1 DAGs
[2026-03-21T22:14:14.776+0000] {logging_mixin.py:190} INFO - [2026-03-21T22:14:14.775+0000] {dag.py:4180} INFO - Setting next_dagrun for daily_job_scraping to 2026-03-21 12:00:00+00:00, run_after=2026-03-22 12:00:00+00:00
[2026-03-21T22:14:14.806+0000] {processor.py:208} INFO - Processing /opt/airflow/dags/job_scraping_dag.py took 0.874 seconds
[2026-03-21T22:14:45.212+0000] {processor.py:186} INFO - Started process (PID=1982) to work on /opt/airflow/dags/job_scraping_dag.py
[2026-03-21T22:14:45.214+0000] {processor.py:914} INFO - Processing file /opt/airflow/dags/job_scraping_dag.py for tasks to queue
[2026-03-21T22:14:45.215+0000] {logging_mixin.py:190} INFO - [2026-03-21T22:14:45.215+0000] {dagbag.py:588} INFO - Filling up the DagBag from /opt/airflow/dags/job_scraping_dag.py
[2026-03-21T22:14:45.824+0000] {processor.py:925} INFO - DAG(s) 'daily_job_scraping' retrieved from /opt/airflow/dags/job_scraping_dag.py
[2026-03-21T22:14:45.852+0000] {logging_mixin.py:190} INFO - [2026-03-21T22:14:45.852+0000] {dag.py:3239} INFO - Sync 1 DAGs
[2026-03-21T22:14:45.875+0000] {logging_mixin.py:190} INFO - [2026-03-21T22:14:45.875+0000] {dag.py:4180} INFO - Setting next_dagrun for daily_job_scraping to 2026-03-21 12:00:00+00:00, run_after=2026-03-22 12:00:00+00:00
[2026-03-21T22:14:45.901+0000] {processor.py:208} INFO - Processing /opt/airflow/dags/job_scraping_dag.py took 0.696 seconds
[2026-03-21T22:15:16.178+0000] {processor.py:186} INFO - Started process (PID=1988) to work on /opt/airflow/dags/job_scraping_dag.py
[2026-03-21T22:15:16.180+0000] {processor.py:914} INFO - Processing file /opt/airflow/dags/job_scraping_dag.py for tasks to queue
[2026-03-21T22:15:16.182+0000] {logging_mixin.py:190} INFO - [2026-03-21T22:15:16.181+0000] {dagbag.py:588} INFO - Filling up the DagBag from /opt/airflow/dags/job_scraping_dag.py
[2026-03-21T22:15:16.760+0000] {processor.py:925} INFO - DAG(s) 'daily_job_scraping' retrieved from /opt/airflow/dags/job_scraping_dag.py
[2026-03-21T22:15:16.789+0000] {logging_mixin.py:190} INFO - [2026-03-21T22:15:16.788+0000] {dag.py:3239} INFO - Sync 1 DAGs
[2026-03-21T22:15:16.813+0000] {logging_mixin.py:190} INFO - [2026-03-21T22:15:16.813+0000] {dag.py:4180} INFO - Setting next_dagrun for daily_job_scraping to 2026-03-21 12:00:00+00:00, run_after=2026-03-22 12:00:00+00:00
[2026-03-21T22:15:16.835+0000] {processor.py:208} INFO - Processing /opt/airflow/dags/job_scraping_dag.py took 0.664 seconds
[2026-03-21T22:15:47.175+0000] {processor.py:186} INFO - Started process (PID=1994) to work on /opt/airflow/dags/job_scraping_dag.py
[2026-03-21T22:15:47.177+0000] {processor.py:914} INFO - Processing file /opt/airflow/dags/job_scraping_dag.py for tasks to queue
[2026-03-21T22:15:47.178+0000] {logging_mixin.py:190} INFO - [2026-03-21T22:15:47.178+0000] {dagbag.py:588} INFO - Filling up the DagBag from /opt/airflow/dags/job_scraping_dag.py
[2026-03-21T22:15:47.751+0000] {processor.py:925} INFO - DAG(s) 'daily_job_scraping' retrieved from /opt/airflow/dags/job_scraping_dag.py
[2026-03-21T22:15:47.777+0000] {logging_mixin.py:190} INFO - [2026-03-21T22:15:47.777+0000] {dag.py:3239} INFO - Sync 1 DAGs
[2026-03-21T22:15:47.802+0000] {logging_mixin.py:190} INFO - [2026-03-21T22:15:47.802+0000] {dag.py:4180} INFO - Setting next_dagrun for daily_job_scraping to 2026-03-21 12:00:00+00:00, run_after=2026-03-22 12:00:00+00:00
[2026-03-21T22:15:47.822+0000] {processor.py:208} INFO - Processing /opt/airflow/dags/job_scraping_dag.py took 0.653 seconds
[2026-03-21T22:16:18.131+0000] {processor.py:186} INFO - Started process (PID=2000) to work on /opt/airflow/dags/job_scraping_dag.py
[2026-03-21T22:16:18.132+0000] {processor.py:914} INFO - Processing file /opt/airflow/dags/job_scraping_dag.py for tasks to queue
[2026-03-21T22:16:18.133+0000] {logging_mixin.py:190} INFO - [2026-03-21T22:16:18.133+0000] {dagbag.py:588} INFO - Filling up the DagBag from /opt/airflow/dags/job_scraping_dag.py
[2026-03-21T22:16:18.658+0000] {processor.py:925} INFO - DAG(s) 'daily_job_scraping' retrieved from /opt/airflow/dags/job_scraping_dag.py
[2026-03-21T22:16:18.681+0000] {logging_mixin.py:190} INFO - [2026-03-21T22:16:18.680+0000] {dag.py:3239} INFO - Sync 1 DAGs
[2026-03-21T22:16:18.699+0000] {logging_mixin.py:190} INFO - [2026-03-21T22:16:18.698+0000] {dag.py:4180} INFO - Setting next_dagrun for daily_job_scraping to 2026-03-21 12:00:00+00:00, run_after=2026-03-22 12:00:00+00:00
[2026-03-21T22:16:18.722+0000] {processor.py:208} INFO - Processing /opt/airflow/dags/job_scraping_dag.py took 0.596 seconds
[2026-03-21T22:16:49.011+0000] {processor.py:186} INFO - Started process (PID=2006) to work on /opt/airflow/dags/job_scraping_dag.py
[2026-03-21T22:16:49.013+0000] {processor.py:914} INFO - Processing file /opt/airflow/dags/job_scraping_dag.py for tasks to queue
[2026-03-21T22:16:49.014+0000] {logging_mixin.py:190} INFO - [2026-03-21T22:16:49.014+0000] {dagbag.py:588} INFO - Filling up the DagBag from /opt/airflow/dags/job_scraping_dag.py
[2026-03-21T22:16:49.727+0000] {processor.py:925} INFO - DAG(s) 'daily_job_scraping' retrieved from /opt/airflow/dags/job_scraping_dag.py
[2026-03-21T22:16:49.749+0000] {logging_mixin.py:190} INFO - [2026-03-21T22:16:49.749+0000] {dag.py:3239} INFO - Sync 1 DAGs
[2026-03-21T22:16:49.772+0000] {logging_mixin.py:190} INFO - [2026-03-21T22:16:49.772+0000] {dag.py:4180} INFO - Setting next_dagrun for daily_job_scraping to 2026-03-21 12:00:00+00:00, run_after=2026-03-22 12:00:00+00:00
[2026-03-21T22:16:49.794+0000] {processor.py:208} INFO - Processing /opt/airflow/dags/job_scraping_dag.py took 0.788 seconds
[2026-03-21T22:17:19.912+0000] {processor.py:186} INFO - Started process (PID=2012) to work on /opt/airflow/dags/job_scraping_dag.py
[2026-03-21T22:17:19.913+0000] {processor.py:914} INFO - Processing file /opt/airflow/dags/job_scraping_dag.py for tasks to queue
[2026-03-21T22:17:19.915+0000] {logging_mixin.py:190} INFO - [2026-03-21T22:17:19.914+0000] {dagbag.py:588} INFO - Filling up the DagBag from /opt/airflow/dags/job_scraping_dag.py
[2026-03-21T22:17:20.435+0000] {processor.py:925} INFO - DAG(s) 'daily_job_scraping' retrieved from /opt/airflow/dags/job_scraping_dag.py
[2026-03-21T22:17:20.457+0000] {logging_mixin.py:190} INFO - [2026-03-21T22:17:20.457+0000] {dag.py:3239} INFO - Sync 1 DAGs
[2026-03-21T22:17:20.479+0000] {logging_mixin.py:190} INFO - [2026-03-21T22:17:20.478+0000] {dag.py:4180} INFO - Setting next_dagrun for daily_job_scraping to 2026-03-21 12:00:00+00:00, run_after=2026-03-22 12:00:00+00:00
[2026-03-21T22:17:20.525+0000] {processor.py:208} INFO - Processing /opt/airflow/dags/job_scraping_dag.py took 0.619 seconds
[2026-03-21T22:17:50.842+0000] {processor.py:186} INFO - Started process (PID=2018) to work on /opt/airflow/dags/job_scraping_dag.py
[2026-03-21T22:17:50.843+0000] {processor.py:914} INFO - Processing file /opt/airflow/dags/job_scraping_dag.py for tasks to queue
[2026-03-21T22:17:50.844+0000] {logging_mixin.py:190} INFO - [2026-03-21T22:17:50.844+0000] {dagbag.py:588} INFO - Filling up the DagBag from /opt/airflow/dags/job_scraping_dag.py
[2026-03-21T22:17:51.388+0000] {processor.py:925} INFO - DAG(s) 'daily_job_scraping' retrieved from /opt/airflow/dags/job_scraping_dag.py
[2026-03-21T22:17:51.415+0000] {logging_mixin.py:190} INFO - [2026-03-21T22:17:51.415+0000] {dag.py:3239} INFO - Sync 1 DAGs
[2026-03-21T22:17:51.434+0000] {logging_mixin.py:190} INFO - [2026-03-21T22:17:51.433+0000] {dag.py:4180} INFO - Setting next_dagrun for daily_job_scraping to 2026-03-21 12:00:00+00:00, run_after=2026-03-22 12:00:00+00:00
[2026-03-21T22:17:51.451+0000] {processor.py:208} INFO - Processing /opt/airflow/dags/job_scraping_dag.py took 0.615 seconds
[2026-03-21T22:18:21.661+0000] {processor.py:186} INFO - Started process (PID=2024) to work on /opt/airflow/dags/job_scraping_dag.py
[2026-03-21T22:18:21.662+0000] {processor.py:914} INFO - Processing file /opt/airflow/dags/job_scraping_dag.py for tasks to queue
[2026-03-21T22:18:21.664+0000] {logging_mixin.py:190} INFO - [2026-03-21T22:18:21.664+0000] {dagbag.py:588} INFO - Filling up the DagBag from /opt/airflow/dags/job_scraping_dag.py
[2026-03-21T22:18:22.268+0000] {processor.py:925} INFO - DAG(s) 'daily_job_scraping' retrieved from /opt/airflow/dags/job_scraping_dag.py
[2026-03-21T22:18:22.291+0000] {logging_mixin.py:190} INFO - [2026-03-21T22:18:22.290+0000] {dag.py:3239} INFO - Sync 1 DAGs
[2026-03-21T22:18:22.309+0000] {logging_mixin.py:190} INFO - [2026-03-21T22:18:22.309+0000] {dag.py:4180} INFO - Setting next_dagrun for daily_job_scraping to 2026-03-21 12:00:00+00:00, run_after=2026-03-22 12:00:00+00:00
[2026-03-21T22:18:22.333+0000] {processor.py:208} INFO - Processing /opt/airflow/dags/job_scraping_dag.py took 0.677 seconds
[2026-03-21T22:18:52.666+0000] {processor.py:186} INFO - Started process (PID=2030) to work on /opt/airflow/dags/job_scraping_dag.py
[2026-03-21T22:18:52.667+0000] {processor.py:914} INFO - Processing file /opt/airflow/dags/job_scraping_dag.py for tasks to queue
[2026-03-21T22:18:52.670+0000] {logging_mixin.py:190} INFO - [2026-03-21T22:18:52.669+0000] {dagbag.py:588} INFO - Filling up the DagBag from /opt/airflow/dags/job_scraping_dag.py
[2026-03-21T22:18:53.199+0000] {processor.py:925} INFO - DAG(s) 'daily_job_scraping' retrieved from /opt/airflow/dags/job_scraping_dag.py
[2026-03-21T22:18:53.222+0000] {logging_mixin.py:190} INFO - [2026-03-21T22:18:53.222+0000] {dag.py:3239} INFO - Sync 1 DAGs
[2026-03-21T22:18:53.239+0000] {logging_mixin.py:190} INFO - [2026-03-21T22:18:53.239+0000] {dag.py:4180} INFO - Setting next_dagrun for daily_job_scraping to 2026-03-21 12:00:00+00:00, run_after=2026-03-22 12:00:00+00:00
[2026-03-21T22:18:53.265+0000] {processor.py:208} INFO - Processing /opt/airflow/dags/job_scraping_dag.py took 0.605 seconds
[2026-03-21T22:19:23.605+0000] {processor.py:186} INFO - Started process (PID=2036) to work on /opt/airflow/dags/job_scraping_dag.py
[2026-03-21T22:19:23.607+0000] {processor.py:914} INFO - Processing file /opt/airflow/dags/job_scraping_dag.py for tasks to queue
[2026-03-21T22:19:23.608+0000] {logging_mixin.py:190} INFO - [2026-03-21T22:19:23.608+0000] {dagbag.py:588} INFO - Filling up the DagBag from /opt/airflow/dags/job_scraping_dag.py
[2026-03-21T22:19:24.134+0000] {processor.py:925} INFO - DAG(s) 'daily_job_scraping' retrieved from /opt/airflow/dags/job_scraping_dag.py
[2026-03-21T22:19:24.157+0000] {logging_mixin.py:190} INFO - [2026-03-21T22:19:24.157+0000] {dag.py:3239} INFO - Sync 1 DAGs
[2026-03-21T22:19:24.185+0000] {logging_mixin.py:190} INFO - [2026-03-21T22:19:24.185+0000] {dag.py:4180} INFO - Setting next_dagrun for daily_job_scraping to 2026-03-21 12:00:00+00:00, run_after=2026-03-22 12:00:00+00:00
[2026-03-21T22:19:24.205+0000] {processor.py:208} INFO - Processing /opt/airflow/dags/job_scraping_dag.py took 0.606 seconds
[2026-03-21T22:19:54.405+0000] {processor.py:186} INFO - Started process (PID=2042) to work on /opt/airflow/dags/job_scraping_dag.py
[2026-03-21T22:19:54.406+0000] {processor.py:914} INFO - Processing file /opt/airflow/dags/job_scraping_dag.py for tasks to queue
[2026-03-21T22:19:54.408+0000] {logging_mixin.py:190} INFO - [2026-03-21T22:19:54.407+0000] {dagbag.py:588} INFO - Filling up the DagBag from /opt/airflow/dags/job_scraping_dag.py
[2026-03-21T22:19:55.014+0000] {processor.py:925} INFO - DAG(s) 'daily_job_scraping' retrieved from /opt/airflow/dags/job_scraping_dag.py
[2026-03-21T22:19:55.037+0000] {logging_mixin.py:190} INFO - [2026-03-21T22:19:55.037+0000] {dag.py:3239} INFO - Sync 1 DAGs
[2026-03-21T22:19:55.055+0000] {logging_mixin.py:190} INFO - [2026-03-21T22:19:55.055+0000] {dag.py:4180} INFO - Setting next_dagrun for daily_job_scraping to 2026-03-21 12:00:00+00:00, run_after=2026-03-22 12:00:00+00:00
[2026-03-21T22:19:55.076+0000] {processor.py:208} INFO - Processing /opt/airflow/dags/job_scraping_dag.py took 0.678 seconds
[2026-03-21T22:20:25.451+0000] {processor.py:186} INFO - Started process (PID=2048) to work on /opt/airflow/dags/job_scraping_dag.py
[2026-03-21T22:20:25.452+0000] {processor.py:914} INFO - Processing file /opt/airflow/dags/job_scraping_dag.py for tasks to queue
[2026-03-21T22:20:25.454+0000] {logging_mixin.py:190} INFO - [2026-03-21T22:20:25.454+0000] {dagbag.py:588} INFO - Filling up the DagBag from /opt/airflow/dags/job_scraping_dag.py
[2026-03-21T22:20:26.052+0000] {processor.py:925} INFO - DAG(s) 'daily_job_scraping' retrieved from /opt/airflow/dags/job_scraping_dag.py
[2026-03-21T22:20:26.074+0000] {logging_mixin.py:190} INFO - [2026-03-21T22:20:26.073+0000] {dag.py:3239} INFO - Sync 1 DAGs
[2026-03-21T22:20:26.092+0000] {logging_mixin.py:190} INFO - [2026-03-21T22:20:26.092+0000] {dag.py:4180} INFO - Setting next_dagrun for daily_job_scraping to 2026-03-21 12:00:00+00:00, run_after=2026-03-22 12:00:00+00:00
[2026-03-21T22:20:26.112+0000] {processor.py:208} INFO - Processing /opt/airflow/dags/job_scraping_dag.py took 0.666 seconds
[2026-03-21T22:20:56.415+0000] {processor.py:186} INFO - Started process (PID=2054) to work on /opt/airflow/dags/job_scraping_dag.py
[2026-03-21T22:20:56.416+0000] {processor.py:914} INFO - Processing file /opt/airflow/dags/job_scraping_dag.py for tasks to queue
[2026-03-21T22:20:56.418+0000] {logging_mixin.py:190} INFO - [2026-03-21T22:20:56.417+0000] {dagbag.py:588} INFO - Filling up the DagBag from /opt/airflow/dags/job_scraping_dag.py
[2026-03-21T22:20:56.998+0000] {processor.py:925} INFO - DAG(s) 'daily_job_scraping' retrieved from /opt/airflow/dags/job_scraping_dag.py
[2026-03-21T22:20:57.024+0000] {logging_mixin.py:190} INFO - [2026-03-21T22:20:57.023+0000] {dag.py:3239} INFO - Sync 1 DAGs
[2026-03-21T22:20:57.044+0000] {logging_mixin.py:190} INFO - [2026-03-21T22:20:57.044+0000] {dag.py:4180} INFO - Setting next_dagrun for daily_job_scraping to 2026-03-21 12:00:00+00:00, run_after=2026-03-22 12:00:00+00:00
[2026-03-21T22:20:57.064+0000] {processor.py:208} INFO - Processing /opt/airflow/dags/job_scraping_dag.py took 0.655 seconds
[2026-03-21T22:21:27.279+0000] {processor.py:186} INFO - Started process (PID=2060) to work on /opt/airflow/dags/job_scraping_dag.py
[2026-03-21T22:21:27.280+0000] {processor.py:914} INFO - Processing file /opt/airflow/dags/job_scraping_dag.py for tasks to queue
[2026-03-21T22:21:27.282+0000] {logging_mixin.py:190} INFO - [2026-03-21T22:21:27.281+0000] {dagbag.py:588} INFO - Filling up the DagBag from /opt/airflow/dags/job_scraping_dag.py
[2026-03-21T22:21:27.893+0000] {processor.py:925} INFO - DAG(s) 'daily_job_scraping' retrieved from /opt/airflow/dags/job_scraping_dag.py
[2026-03-21T22:21:27.919+0000] {logging_mixin.py:190} INFO - [2026-03-21T22:21:27.919+0000] {dag.py:3239} INFO - Sync 1 DAGs
[2026-03-21T22:21:27.938+0000] {logging_mixin.py:190} INFO - [2026-03-21T22:21:27.938+0000] {dag.py:4180} INFO - Setting next_dagrun for daily_job_scraping to 2026-03-21 12:00:00+00:00, run_after=2026-03-22 12:00:00+00:00
[2026-03-21T22:21:27.962+0000] {processor.py:208} INFO - Processing /opt/airflow/dags/job_scraping_dag.py took 0.691 seconds
[2026-03-21T22:21:58.352+0000] {processor.py:186} INFO - Started process (PID=2066) to work on /opt/airflow/dags/job_scraping_dag.py
[2026-03-21T22:21:58.353+0000] {processor.py:914} INFO - Processing file /opt/airflow/dags/job_scraping_dag.py for tasks to queue
[2026-03-21T22:21:58.355+0000] {logging_mixin.py:190} INFO - [2026-03-21T22:21:58.355+0000] {dagbag.py:588} INFO - Filling up the DagBag from /opt/airflow/dags/job_scraping_dag.py
[2026-03-21T22:21:58.911+0000] {processor.py:925} INFO - DAG(s) 'daily_job_scraping' retrieved from /opt/airflow/dags/job_scraping_dag.py
[2026-03-21T22:21:58.933+0000] {logging_mixin.py:190} INFO - [2026-03-21T22:21:58.933+0000] {dag.py:3239} INFO - Sync 1 DAGs
[2026-03-21T22:21:58.952+0000] {logging_mixin.py:190} INFO - [2026-03-21T22:21:58.952+0000] {dag.py:4180} INFO - Setting next_dagrun for daily_job_scraping to 2026-03-21 12:00:00+00:00, run_after=2026-03-22 12:00:00+00:00
[2026-03-21T22:21:58.972+0000] {processor.py:208} INFO - Processing /opt/airflow/dags/job_scraping_dag.py took 0.626 seconds
[2026-03-21T22:22:29.272+0000] {processor.py:186} INFO - Started process (PID=2072) to work on /opt/airflow/dags/job_scraping_dag.py
[2026-03-21T22:22:29.274+0000] {processor.py:914} INFO - Processing file /opt/airflow/dags/job_scraping_dag.py for tasks to queue
[2026-03-21T22:22:29.275+0000] {logging_mixin.py:190} INFO - [2026-03-21T22:22:29.275+0000] {dagbag.py:588} INFO - Filling up the DagBag from /opt/airflow/dags/job_scraping_dag.py
[2026-03-21T22:22:30.036+0000] {processor.py:925} INFO - DAG(s) 'daily_job_scraping' retrieved from /opt/airflow/dags/job_scraping_dag.py
[2026-03-21T22:22:30.057+0000] {logging_mixin.py:190} INFO - [2026-03-21T22:22:30.057+0000] {dag.py:3239} INFO - Sync 1 DAGs
[2026-03-21T22:22:30.076+0000] {logging_mixin.py:190} INFO - [2026-03-21T22:22:30.076+0000] {dag.py:4180} INFO - Setting next_dagrun for daily_job_scraping to 2026-03-21 12:00:00+00:00, run_after=2026-03-22 12:00:00+00:00
[2026-03-21T22:22:30.092+0000] {processor.py:208} INFO - Processing /opt/airflow/dags/job_scraping_dag.py took 0.826 seconds
[2026-03-21T22:23:00.483+0000] {processor.py:186} INFO - Started process (PID=2078) to work on /opt/airflow/dags/job_scraping_dag.py
[2026-03-21T22:23:00.494+0000] {processor.py:914} INFO - Processing file /opt/airflow/dags/job_scraping_dag.py for tasks to queue
[2026-03-21T22:23:00.501+0000] {logging_mixin.py:190} INFO - [2026-03-21T22:23:00.500+0000] {dagbag.py:588} INFO - Filling up the DagBag from /opt/airflow/dags/job_scraping_dag.py
[2026-03-21T22:23:01.489+0000] {processor.py:925} INFO - DAG(s) 'daily_job_scraping' retrieved from /opt/airflow/dags/job_scraping_dag.py
[2026-03-21T22:23:01.525+0000] {logging_mixin.py:190} INFO - [2026-03-21T22:23:01.524+0000] {dag.py:3239} INFO - Sync 1 DAGs
[2026-03-21T22:23:01.557+0000] {logging_mixin.py:190} INFO - [2026-03-21T22:23:01.557+0000] {dag.py:4180} INFO - Setting next_dagrun for daily_job_scraping to 2026-03-21 12:00:00+00:00, run_after=2026-03-22 12:00:00+00:00
[2026-03-21T22:23:01.584+0000] {processor.py:208} INFO - Processing /opt/airflow/dags/job_scraping_dag.py took 1.115 seconds
[2026-03-21T22:23:31.765+0000] {processor.py:186} INFO - Started process (PID=2084) to work on /opt/airflow/dags/job_scraping_dag.py
[2026-03-21T22:23:31.767+0000] {processor.py:914} INFO - Processing file /opt/airflow/dags/job_scraping_dag.py for tasks to queue
[2026-03-21T22:23:31.769+0000] {logging_mixin.py:190} INFO - [2026-03-21T22:23:31.769+0000] {dagbag.py:588} INFO - Filling up the DagBag from /opt/airflow/dags/job_scraping_dag.py
[2026-03-21T22:23:32.787+0000] {processor.py:925} INFO - DAG(s) 'daily_job_scraping' retrieved from /opt/airflow/dags/job_scraping_dag.py
[2026-03-21T22:23:32.837+0000] {logging_mixin.py:190} INFO - [2026-03-21T22:23:32.836+0000] {dag.py:3239} INFO - Sync 1 DAGs
[2026-03-21T22:23:32.879+0000] {logging_mixin.py:190} INFO - [2026-03-21T22:23:32.879+0000] {dag.py:4180} INFO - Setting next_dagrun for daily_job_scraping to 2026-03-21 12:00:00+00:00, run_after=2026-03-22 12:00:00+00:00
[2026-03-21T22:23:32.921+0000] {processor.py:208} INFO - Processing /opt/airflow/dags/job_scraping_dag.py took 1.168 seconds
[2026-03-21T22:24:03.145+0000] {processor.py:186} INFO - Started process (PID=2090) to work on /opt/airflow/dags/job_scraping_dag.py
[2026-03-21T22:24:03.147+0000] {processor.py:914} INFO - Processing file /opt/airflow/dags/job_scraping_dag.py for tasks to queue
[2026-03-21T22:24:03.149+0000] {logging_mixin.py:190} INFO - [2026-03-21T22:24:03.149+0000] {dagbag.py:588} INFO - Filling up the DagBag from /opt/airflow/dags/job_scraping_dag.py
[2026-03-21T22:24:04.105+0000] {processor.py:925} INFO - DAG(s) 'daily_job_scraping' retrieved from /opt/airflow/dags/job_scraping_dag.py
[2026-03-21T22:24:04.171+0000] {logging_mixin.py:190} INFO - [2026-03-21T22:24:04.170+0000] {dag.py:3239} INFO - Sync 1 DAGs
[2026-03-21T22:24:04.237+0000] {logging_mixin.py:190} INFO - [2026-03-21T22:24:04.237+0000] {dag.py:4180} INFO - Setting next_dagrun for daily_job_scraping to 2026-03-21 12:00:00+00:00, run_after=2026-03-22 12:00:00+00:00
[2026-03-21T22:24:04.304+0000] {processor.py:208} INFO - Processing /opt/airflow/dags/job_scraping_dag.py took 1.165 seconds
[2026-03-21T22:24:34.693+0000] {processor.py:186} INFO - Started process (PID=2096) to work on /opt/airflow/dags/job_scraping_dag.py
[2026-03-21T22:24:34.695+0000] {processor.py:914} INFO - Processing file /opt/airflow/dags/job_scraping_dag.py for tasks to queue
[2026-03-21T22:24:34.696+0000] {logging_mixin.py:190} INFO - [2026-03-21T22:24:34.696+0000] {dagbag.py:588} INFO - Filling up the DagBag from /opt/airflow/dags/job_scraping_dag.py
[2026-03-21T22:24:35.288+0000] {processor.py:925} INFO - DAG(s) 'daily_job_scraping' retrieved from /opt/airflow/dags/job_scraping_dag.py
[2026-03-21T22:24:35.314+0000] {logging_mixin.py:190} INFO - [2026-03-21T22:24:35.314+0000] {dag.py:3239} INFO - Sync 1 DAGs
[2026-03-21T22:24:35.338+0000] {logging_mixin.py:190} INFO - [2026-03-21T22:24:35.338+0000] {dag.py:4180} INFO - Setting next_dagrun for daily_job_scraping to 2026-03-21 12:00:00+00:00, run_after=2026-03-22 12:00:00+00:00
[2026-03-21T22:24:35.362+0000] {processor.py:208} INFO - Processing /opt/airflow/dags/job_scraping_dag.py took 0.675 seconds
[2026-03-21T22:25:05.696+0000] {processor.py:186} INFO - Started process (PID=2102) to work on /opt/airflow/dags/job_scraping_dag.py
[2026-03-21T22:25:05.697+0000] {processor.py:914} INFO - Processing file /opt/airflow/dags/job_scraping_dag.py for tasks to queue
[2026-03-21T22:25:05.698+0000] {logging_mixin.py:190} INFO - [2026-03-21T22:25:05.698+0000] {dagbag.py:588} INFO - Filling up the DagBag from /opt/airflow/dags/job_scraping_dag.py
[2026-03-21T22:25:06.346+0000] {processor.py:925} INFO - DAG(s) 'daily_job_scraping' retrieved from /opt/airflow/dags/job_scraping_dag.py
[2026-03-21T22:25:06.376+0000] {logging_mixin.py:190} INFO - [2026-03-21T22:25:06.376+0000] {dag.py:3239} INFO - Sync 1 DAGs
[2026-03-21T22:25:06.400+0000] {logging_mixin.py:190} INFO - [2026-03-21T22:25:06.400+0000] {dag.py:4180} INFO - Setting next_dagrun for daily_job_scraping to 2026-03-21 12:00:00+00:00, run_after=2026-03-22 12:00:00+00:00
[2026-03-21T22:25:06.425+0000] {processor.py:208} INFO - Processing /opt/airflow/dags/job_scraping_dag.py took 0.735 seconds
[2026-03-21T22:25:36.726+0000] {processor.py:186} INFO - Started process (PID=2108) to work on /opt/airflow/dags/job_scraping_dag.py
[2026-03-21T22:25:36.728+0000] {processor.py:914} INFO - Processing file /opt/airflow/dags/job_scraping_dag.py for tasks to queue
[2026-03-21T22:25:36.729+0000] {logging_mixin.py:190} INFO - [2026-03-21T22:25:36.729+0000] {dagbag.py:588} INFO - Filling up the DagBag from /opt/airflow/dags/job_scraping_dag.py
[2026-03-21T22:25:37.266+0000] {processor.py:925} INFO - DAG(s) 'daily_job_scraping' retrieved from /opt/airflow/dags/job_scraping_dag.py
[2026-03-21T22:25:37.290+0000] {logging_mixin.py:190} INFO - [2026-03-21T22:25:37.290+0000] {dag.py:3239} INFO - Sync 1 DAGs
[2026-03-21T22:25:37.309+0000] {logging_mixin.py:190} INFO - [2026-03-21T22:25:37.308+0000] {dag.py:4180} INFO - Setting next_dagrun for daily_job_scraping to 2026-03-21 12:00:00+00:00, run_after=2026-03-22 12:00:00+00:00
[2026-03-21T22:25:37.330+0000] {processor.py:208} INFO - Processing /opt/airflow/dags/job_scraping_dag.py took 0.610 seconds
[2026-03-21T22:26:07.494+0000] {processor.py:186} INFO - Started process (PID=2114) to work on /opt/airflow/dags/job_scraping_dag.py
[2026-03-21T22:26:07.496+0000] {processor.py:914} INFO - Processing file /opt/airflow/dags/job_scraping_dag.py for tasks to queue
[2026-03-21T22:26:07.498+0000] {logging_mixin.py:190} INFO - [2026-03-21T22:26:07.497+0000] {dagbag.py:588} INFO - Filling up the DagBag from /opt/airflow/dags/job_scraping_dag.py
[2026-03-21T22:26:08.265+0000] {processor.py:925} INFO - DAG(s) 'daily_job_scraping' retrieved from /opt/airflow/dags/job_scraping_dag.py
[2026-03-21T22:26:08.295+0000] {logging_mixin.py:190} INFO - [2026-03-21T22:26:08.295+0000] {dag.py:3239} INFO - Sync 1 DAGs
[2026-03-21T22:26:08.321+0000] {logging_mixin.py:190} INFO - [2026-03-21T22:26:08.320+0000] {dag.py:4180} INFO - Setting next_dagrun for daily_job_scraping to 2026-03-21 12:00:00+00:00, run_after=2026-03-22 12:00:00+00:00
[2026-03-21T22:26:08.349+0000] {processor.py:208} INFO - Processing /opt/airflow/dags/job_scraping_dag.py took 0.862 seconds
[2026-03-21T22:26:38.688+0000] {processor.py:186} INFO - Started process (PID=2120) to work on /opt/airflow/dags/job_scraping_dag.py
[2026-03-21T22:26:38.689+0000] {processor.py:914} INFO - Processing file /opt/airflow/dags/job_scraping_dag.py for tasks to queue
[2026-03-21T22:26:38.690+0000] {logging_mixin.py:190} INFO - [2026-03-21T22:26:38.690+0000] {dagbag.py:588} INFO - Filling up the DagBag from /opt/airflow/dags/job_scraping_dag.py
[2026-03-21T22:26:39.222+0000] {processor.py:925} INFO - DAG(s) 'daily_job_scraping' retrieved from /opt/airflow/dags/job_scraping_dag.py
[2026-03-21T22:26:39.245+0000] {logging_mixin.py:190} INFO - [2026-03-21T22:26:39.244+0000] {dag.py:3239} INFO - Sync 1 DAGs
[2026-03-21T22:26:39.264+0000] {logging_mixin.py:190} INFO - [2026-03-21T22:26:39.263+0000] {dag.py:4180} INFO - Setting next_dagrun for daily_job_scraping to 2026-03-21 12:00:00+00:00, run_after=2026-03-22 12:00:00+00:00
[2026-03-21T22:26:39.282+0000] {processor.py:208} INFO - Processing /opt/airflow/dags/job_scraping_dag.py took 0.601 seconds
[2026-03-21T22:27:09.565+0000] {processor.py:186} INFO - Started process (PID=2126) to work on /opt/airflow/dags/job_scraping_dag.py
[2026-03-21T22:27:09.566+0000] {processor.py:914} INFO - Processing file /opt/airflow/dags/job_scraping_dag.py for tasks to queue
[2026-03-21T22:27:09.568+0000] {logging_mixin.py:190} INFO - [2026-03-21T22:27:09.567+0000] {dagbag.py:588} INFO - Filling up the DagBag from /opt/airflow/dags/job_scraping_dag.py
[2026-03-21T22:27:10.268+0000] {processor.py:925} INFO - DAG(s) 'daily_job_scraping' retrieved from /opt/airflow/dags/job_scraping_dag.py
[2026-03-21T22:27:10.293+0000] {logging_mixin.py:190} INFO - [2026-03-21T22:27:10.293+0000] {dag.py:3239} INFO - Sync 1 DAGs
[2026-03-21T22:27:10.311+0000] {logging_mixin.py:190} INFO - [2026-03-21T22:27:10.311+0000] {dag.py:4180} INFO - Setting next_dagrun for daily_job_scraping to 2026-03-21 12:00:00+00:00, run_after=2026-03-22 12:00:00+00:00
[2026-03-21T22:27:10.331+0000] {processor.py:208} INFO - Processing /opt/airflow/dags/job_scraping_dag.py took 0.771 seconds
[2026-03-21T22:27:40.489+0000] {processor.py:186} INFO - Started process (PID=2132) to work on /opt/airflow/dags/job_scraping_dag.py
[2026-03-21T22:27:40.490+0000] {processor.py:914} INFO - Processing file /opt/airflow/dags/job_scraping_dag.py for tasks to queue
[2026-03-21T22:27:40.492+0000] {logging_mixin.py:190} INFO - [2026-03-21T22:27:40.491+0000] {dagbag.py:588} INFO - Filling up the DagBag from /opt/airflow/dags/job_scraping_dag.py
[2026-03-21T22:27:41.029+0000] {processor.py:925} INFO - DAG(s) 'daily_job_scraping' retrieved from /opt/airflow/dags/job_scraping_dag.py
[2026-03-21T22:27:41.051+0000] {logging_mixin.py:190} INFO - [2026-03-21T22:27:41.050+0000] {dag.py:3239} INFO - Sync 1 DAGs
[2026-03-21T22:27:41.069+0000] {logging_mixin.py:190} INFO - [2026-03-21T22:27:41.069+0000] {dag.py:4180} INFO - Setting next_dagrun for daily_job_scraping to 2026-03-21 12:00:00+00:00, run_after=2026-03-22 12:00:00+00:00
[2026-03-21T22:27:41.090+0000] {processor.py:208} INFO - Processing /opt/airflow/dags/job_scraping_dag.py took 0.609 seconds
[2026-03-21T22:28:11.432+0000] {processor.py:186} INFO - Started process (PID=2138) to work on /opt/airflow/dags/job_scraping_dag.py
[2026-03-21T22:28:11.433+0000] {processor.py:914} INFO - Processing file /opt/airflow/dags/job_scraping_dag.py for tasks to queue
[2026-03-21T22:28:11.434+0000] {logging_mixin.py:190} INFO - [2026-03-21T22:28:11.434+0000] {dagbag.py:588} INFO - Filling up the DagBag from /opt/airflow/dags/job_scraping_dag.py
[2026-03-21T22:28:11.971+0000] {processor.py:925} INFO - DAG(s) 'daily_job_scraping' retrieved from /opt/airflow/dags/job_scraping_dag.py
[2026-03-21T22:28:11.997+0000] {logging_mixin.py:190} INFO - [2026-03-21T22:28:11.996+0000] {dag.py:3239} INFO - Sync 1 DAGs
[2026-03-21T22:28:12.016+0000] {logging_mixin.py:190} INFO - [2026-03-21T22:28:12.015+0000] {dag.py:4180} INFO - Setting next_dagrun for daily_job_scraping to 2026-03-21 12:00:00+00:00, run_after=2026-03-22 12:00:00+00:00
[2026-03-21T22:28:12.034+0000] {processor.py:208} INFO - Processing /opt/airflow/dags/job_scraping_dag.py took 0.608 seconds
[2026-03-21T22:28:42.167+0000] {processor.py:186} INFO - Started process (PID=2144) to work on /opt/airflow/dags/job_scraping_dag.py
[2026-03-21T22:28:42.169+0000] {processor.py:914} INFO - Processing file /opt/airflow/dags/job_scraping_dag.py for tasks to queue
[2026-03-21T22:28:42.171+0000] {logging_mixin.py:190} INFO - [2026-03-21T22:28:42.170+0000] {dagbag.py:588} INFO - Filling up the DagBag from /opt/airflow/dags/job_scraping_dag.py
[2026-03-21T22:28:42.996+0000] {processor.py:925} INFO - DAG(s) 'daily_job_scraping' retrieved from /opt/airflow/dags/job_scraping_dag.py
[2026-03-21T22:28:43.031+0000] {logging_mixin.py:190} INFO - [2026-03-21T22:28:43.031+0000] {dag.py:3239} INFO - Sync 1 DAGs
[2026-03-21T22:28:43.062+0000] {logging_mixin.py:190} INFO - [2026-03-21T22:28:43.061+0000] {dag.py:4180} INFO - Setting next_dagrun for daily_job_scraping to 2026-03-21 12:00:00+00:00, run_after=2026-03-22 12:00:00+00:00
[2026-03-21T22:28:43.090+0000] {processor.py:208} INFO - Processing /opt/airflow/dags/job_scraping_dag.py took 0.929 seconds
[2026-03-21T22:29:13.421+0000] {processor.py:186} INFO - Started process (PID=2150) to work on /opt/airflow/dags/job_scraping_dag.py
[2026-03-21T22:29:13.423+0000] {processor.py:914} INFO - Processing file /opt/airflow/dags/job_scraping_dag.py for tasks to queue
[2026-03-21T22:29:13.424+0000] {logging_mixin.py:190} INFO - [2026-03-21T22:29:13.423+0000] {dagbag.py:588} INFO - Filling up the DagBag from /opt/airflow/dags/job_scraping_dag.py
[2026-03-21T22:29:13.975+0000] {processor.py:925} INFO - DAG(s) 'daily_job_scraping' retrieved from /opt/airflow/dags/job_scraping_dag.py
[2026-03-21T22:29:13.997+0000] {logging_mixin.py:190} INFO - [2026-03-21T22:29:13.997+0000] {dag.py:3239} INFO - Sync 1 DAGs
[2026-03-21T22:29:14.020+0000] {logging_mixin.py:190} INFO - [2026-03-21T22:29:14.020+0000] {dag.py:4180} INFO - Setting next_dagrun for daily_job_scraping to 2026-03-21 12:00:00+00:00, run_after=2026-03-22 12:00:00+00:00
[2026-03-21T22:29:14.045+0000] {processor.py:208} INFO - Processing /opt/airflow/dags/job_scraping_dag.py took 0.629 seconds
[2026-03-21T22:29:44.330+0000] {processor.py:186} INFO - Started process (PID=2156) to work on /opt/airflow/dags/job_scraping_dag.py
[2026-03-21T22:29:44.331+0000] {processor.py:914} INFO - Processing file /opt/airflow/dags/job_scraping_dag.py for tasks to queue
[2026-03-21T22:29:44.333+0000] {logging_mixin.py:190} INFO - [2026-03-21T22:29:44.332+0000] {dagbag.py:588} INFO - Filling up the DagBag from /opt/airflow/dags/job_scraping_dag.py
[2026-03-21T22:29:44.921+0000] {processor.py:925} INFO - DAG(s) 'daily_job_scraping' retrieved from /opt/airflow/dags/job_scraping_dag.py
[2026-03-21T22:29:44.950+0000] {logging_mixin.py:190} INFO - [2026-03-21T22:29:44.950+0000] {dag.py:3239} INFO - Sync 1 DAGs
[2026-03-21T22:29:44.986+0000] {logging_mixin.py:190} INFO - [2026-03-21T22:29:44.986+0000] {dag.py:4180} INFO - Setting next_dagrun for daily_job_scraping to 2026-03-21 12:00:00+00:00, run_after=2026-03-22 12:00:00+00:00
[2026-03-21T22:29:45.017+0000] {processor.py:208} INFO - Processing /opt/airflow/dags/job_scraping_dag.py took 0.692 seconds
[2026-03-21T22:30:15.120+0000] {processor.py:186} INFO - Started process (PID=2162) to work on /opt/airflow/dags/job_scraping_dag.py
[2026-03-21T22:30:15.121+0000] {processor.py:914} INFO - Processing file /opt/airflow/dags/job_scraping_dag.py for tasks to queue
[2026-03-21T22:30:15.122+0000] {logging_mixin.py:190} INFO - [2026-03-21T22:30:15.122+0000] {dagbag.py:588} INFO - Filling up the DagBag from /opt/airflow/dags/job_scraping_dag.py
[2026-03-21T22:30:15.688+0000] {processor.py:925} INFO - DAG(s) 'daily_job_scraping' retrieved from /opt/airflow/dags/job_scraping_dag.py
[2026-03-21T22:30:15.709+0000] {logging_mixin.py:190} INFO - [2026-03-21T22:30:15.709+0000] {dag.py:3239} INFO - Sync 1 DAGs
[2026-03-21T22:30:15.729+0000] {logging_mixin.py:190} INFO - [2026-03-21T22:30:15.728+0000] {dag.py:4180} INFO - Setting next_dagrun for daily_job_scraping to 2026-03-21 12:00:00+00:00, run_after=2026-03-22 12:00:00+00:00
[2026-03-21T22:30:15.746+0000] {processor.py:208} INFO - Processing /opt/airflow/dags/job_scraping_dag.py took 0.632 seconds
[2026-03-21T22:30:46.060+0000] {processor.py:186} INFO - Started process (PID=2168) to work on /opt/airflow/dags/job_scraping_dag.py
[2026-03-21T22:30:46.062+0000] {processor.py:914} INFO - Processing file /opt/airflow/dags/job_scraping_dag.py for tasks to queue
[2026-03-21T22:30:46.063+0000] {logging_mixin.py:190} INFO - [2026-03-21T22:30:46.062+0000] {dagbag.py:588} INFO - Filling up the DagBag from /opt/airflow/dags/job_scraping_dag.py
[2026-03-21T22:30:46.595+0000] {processor.py:925} INFO - DAG(s) 'daily_job_scraping' retrieved from /opt/airflow/dags/job_scraping_dag.py
[2026-03-21T22:30:46.618+0000] {logging_mixin.py:190} INFO - [2026-03-21T22:30:46.618+0000] {dag.py:3239} INFO - Sync 1 DAGs
[2026-03-21T22:30:46.636+0000] {logging_mixin.py:190} INFO - [2026-03-21T22:30:46.635+0000] {dag.py:4180} INFO - Setting next_dagrun for daily_job_scraping to 2026-03-21 12:00:00+00:00, run_after=2026-03-22 12:00:00+00:00
[2026-03-21T22:30:46.660+0000] {processor.py:208} INFO - Processing /opt/airflow/dags/job_scraping_dag.py took 0.605 seconds
[2026-03-21T22:31:16.956+0000] {processor.py:186} INFO - Started process (PID=2174) to work on /opt/airflow/dags/job_scraping_dag.py
[2026-03-21T22:31:16.957+0000] {processor.py:914} INFO - Processing file /opt/airflow/dags/job_scraping_dag.py for tasks to queue
[2026-03-21T22:31:16.959+0000] {logging_mixin.py:190} INFO - [2026-03-21T22:31:16.958+0000] {dagbag.py:588} INFO - Filling up the DagBag from /opt/airflow/dags/job_scraping_dag.py
[2026-03-21T22:31:17.483+0000] {processor.py:925} INFO - DAG(s) 'daily_job_scraping' retrieved from /opt/airflow/dags/job_scraping_dag.py
[2026-03-21T22:31:17.508+0000] {logging_mixin.py:190} INFO - [2026-03-21T22:31:17.507+0000] {dag.py:3239} INFO - Sync 1 DAGs
[2026-03-21T22:31:17.525+0000] {logging_mixin.py:190} INFO - [2026-03-21T22:31:17.525+0000] {dag.py:4180} INFO - Setting next_dagrun for daily_job_scraping to 2026-03-21 12:00:00+00:00, run_after=2026-03-22 12:00:00+00:00
[2026-03-21T22:31:17.544+0000] {processor.py:208} INFO - Processing /opt/airflow/dags/job_scraping_dag.py took 0.595 seconds
[2026-03-21T22:31:47.908+0000] {processor.py:186} INFO - Started process (PID=2180) to work on /opt/airflow/dags/job_scraping_dag.py
[2026-03-21T22:31:47.909+0000] {processor.py:914} INFO - Processing file /opt/airflow/dags/job_scraping_dag.py for tasks to queue
[2026-03-21T22:31:47.911+0000] {logging_mixin.py:190} INFO - [2026-03-21T22:31:47.910+0000] {dagbag.py:588} INFO - Filling up the DagBag from /opt/airflow/dags/job_scraping_dag.py
[2026-03-21T22:31:48.441+0000] {processor.py:925} INFO - DAG(s) 'daily_job_scraping' retrieved from /opt/airflow/dags/job_scraping_dag.py
[2026-03-21T22:31:48.468+0000] {logging_mixin.py:190} INFO - [2026-03-21T22:31:48.468+0000] {dag.py:3239} INFO - Sync 1 DAGs
[2026-03-21T22:31:48.490+0000] {logging_mixin.py:190} INFO - [2026-03-21T22:31:48.489+0000] {dag.py:4180} INFO - Setting next_dagrun for daily_job_scraping to 2026-03-21 12:00:00+00:00, run_after=2026-03-22 12:00:00+00:00
[2026-03-21T22:31:48.505+0000] {processor.py:208} INFO - Processing /opt/airflow/dags/job_scraping_dag.py took 0.602 seconds
[2026-03-21T22:32:18.760+0000] {processor.py:186} INFO - Started process (PID=2186) to work on /opt/airflow/dags/job_scraping_dag.py
[2026-03-21T22:32:18.761+0000] {processor.py:914} INFO - Processing file /opt/airflow/dags/job_scraping_dag.py for tasks to queue
[2026-03-21T22:32:18.762+0000] {logging_mixin.py:190} INFO - [2026-03-21T22:32:18.762+0000] {dagbag.py:588} INFO - Filling up the DagBag from /opt/airflow/dags/job_scraping_dag.py
[2026-03-21T22:32:19.305+0000] {processor.py:925} INFO - DAG(s) 'daily_job_scraping' retrieved from /opt/airflow/dags/job_scraping_dag.py
[2026-03-21T22:32:19.330+0000] {logging_mixin.py:190} INFO - [2026-03-21T22:32:19.330+0000] {dag.py:3239} INFO - Sync 1 DAGs
[2026-03-21T22:32:19.352+0000] {logging_mixin.py:190} INFO - [2026-03-21T22:32:19.352+0000] {dag.py:4180} INFO - Setting next_dagrun for daily_job_scraping to 2026-03-21 12:00:00+00:00, run_after=2026-03-22 12:00:00+00:00
[2026-03-21T22:32:19.375+0000] {processor.py:208} INFO - Processing /opt/airflow/dags/job_scraping_dag.py took 0.621 seconds
[2026-03-21T22:32:49.667+0000] {processor.py:186} INFO - Started process (PID=2192) to work on /opt/airflow/dags/job_scraping_dag.py
[2026-03-21T22:32:49.668+0000] {processor.py:914} INFO - Processing file /opt/airflow/dags/job_scraping_dag.py for tasks to queue
[2026-03-21T22:32:49.669+0000] {logging_mixin.py:190} INFO - [2026-03-21T22:32:49.669+0000] {dagbag.py:588} INFO - Filling up the DagBag from /opt/airflow/dags/job_scraping_dag.py
[2026-03-21T22:32:50.469+0000] {processor.py:925} INFO - DAG(s) 'daily_job_scraping' retrieved from /opt/airflow/dags/job_scraping_dag.py
[2026-03-21T22:32:50.495+0000] {logging_mixin.py:190} INFO - [2026-03-21T22:32:50.495+0000] {dag.py:3239} INFO - Sync 1 DAGs
[2026-03-21T22:32:50.519+0000] {logging_mixin.py:190} INFO - [2026-03-21T22:32:50.519+0000] {dag.py:4180} INFO - Setting next_dagrun for daily_job_scraping to 2026-03-21 12:00:00+00:00, run_after=2026-03-22 12:00:00+00:00
[2026-03-21T22:32:50.539+0000] {processor.py:208} INFO - Processing /opt/airflow/dags/job_scraping_dag.py took 0.878 seconds
[2026-03-21T22:33:20.864+0000] {processor.py:186} INFO - Started process (PID=2198) to work on /opt/airflow/dags/job_scraping_dag.py
[2026-03-21T22:33:20.866+0000] {processor.py:914} INFO - Processing file /opt/airflow/dags/job_scraping_dag.py for tasks to queue
[2026-03-21T22:33:20.868+0000] {logging_mixin.py:190} INFO - [2026-03-21T22:33:20.867+0000] {dagbag.py:588} INFO - Filling up the DagBag from /opt/airflow/dags/job_scraping_dag.py
[2026-03-21T22:33:21.482+0000] {processor.py:925} INFO - DAG(s) 'daily_job_scraping' retrieved from /opt/airflow/dags/job_scraping_dag.py
[2026-03-21T22:33:21.506+0000] {logging_mixin.py:190} INFO - [2026-03-21T22:33:21.505+0000] {dag.py:3239} INFO - Sync 1 DAGs
[2026-03-21T22:33:21.524+0000] {logging_mixin.py:190} INFO - [2026-03-21T22:33:21.524+0000] {dag.py:4180} INFO - Setting next_dagrun for daily_job_scraping to 2026-03-21 12:00:00+00:00, run_after=2026-03-22 12:00:00+00:00
[2026-03-21T22:33:21.545+0000] {processor.py:208} INFO - Processing /opt/airflow/dags/job_scraping_dag.py took 0.691 seconds
[2026-03-21T22:33:51.903+0000] {processor.py:186} INFO - Started process (PID=2204) to work on /opt/airflow/dags/job_scraping_dag.py
[2026-03-21T22:33:51.904+0000] {processor.py:914} INFO - Processing file /opt/airflow/dags/job_scraping_dag.py for tasks to queue
[2026-03-21T22:33:51.906+0000] {logging_mixin.py:190} INFO - [2026-03-21T22:33:51.906+0000] {dagbag.py:588} INFO - Filling up the DagBag from /opt/airflow/dags/job_scraping_dag.py
[2026-03-21T22:33:52.468+0000] {processor.py:925} INFO - DAG(s) 'daily_job_scraping' retrieved from /opt/airflow/dags/job_scraping_dag.py
[2026-03-21T22:33:52.493+0000] {logging_mixin.py:190} INFO - [2026-03-21T22:33:52.493+0000] {dag.py:3239} INFO - Sync 1 DAGs
[2026-03-21T22:33:52.512+0000] {logging_mixin.py:190} INFO - [2026-03-21T22:33:52.511+0000] {dag.py:4180} INFO - Setting next_dagrun for daily_job_scraping to 2026-03-21 12:00:00+00:00, run_after=2026-03-22 12:00:00+00:00
[2026-03-21T22:33:52.535+0000] {processor.py:208} INFO - Processing /opt/airflow/dags/job_scraping_dag.py took 0.637 seconds
[2026-03-21T22:34:22.793+0000] {processor.py:186} INFO - Started process (PID=2210) to work on /opt/airflow/dags/job_scraping_dag.py
[2026-03-21T22:34:22.795+0000] {processor.py:914} INFO - Processing file /opt/airflow/dags/job_scraping_dag.py for tasks to queue
[2026-03-21T22:34:22.796+0000] {logging_mixin.py:190} INFO - [2026-03-21T22:34:22.796+0000] {dagbag.py:588} INFO - Filling up the DagBag from /opt/airflow/dags/job_scraping_dag.py
[2026-03-21T22:34:23.405+0000] {processor.py:925} INFO - DAG(s) 'daily_job_scraping' retrieved from /opt/airflow/dags/job_scraping_dag.py
[2026-03-21T22:34:23.428+0000] {logging_mixin.py:190} INFO - [2026-03-21T22:34:23.428+0000] {dag.py:3239} INFO - Sync 1 DAGs
[2026-03-21T22:34:23.447+0000] {logging_mixin.py:190} INFO - [2026-03-21T22:34:23.447+0000] {dag.py:4180} INFO - Setting next_dagrun for daily_job_scraping to 2026-03-21 12:00:00+00:00, run_after=2026-03-22 12:00:00+00:00
[2026-03-21T22:34:23.471+0000] {processor.py:208} INFO - Processing /opt/airflow/dags/job_scraping_dag.py took 0.683 seconds
[2026-03-21T22:34:53.795+0000] {processor.py:186} INFO - Started process (PID=2216) to work on /opt/airflow/dags/job_scraping_dag.py
[2026-03-21T22:34:53.797+0000] {processor.py:914} INFO - Processing file /opt/airflow/dags/job_scraping_dag.py for tasks to queue
[2026-03-21T22:34:53.798+0000] {logging_mixin.py:190} INFO - [2026-03-21T22:34:53.798+0000] {dagbag.py:588} INFO - Filling up the DagBag from /opt/airflow/dags/job_scraping_dag.py
[2026-03-21T22:34:54.356+0000] {processor.py:925} INFO - DAG(s) 'daily_job_scraping' retrieved from /opt/airflow/dags/job_scraping_dag.py
[2026-03-21T22:34:54.378+0000] {logging_mixin.py:190} INFO - [2026-03-21T22:34:54.377+0000] {dag.py:3239} INFO - Sync 1 DAGs
[2026-03-21T22:34:54.396+0000] {logging_mixin.py:190} INFO - [2026-03-21T22:34:54.395+0000] {dag.py:4180} INFO - Setting next_dagrun for daily_job_scraping to 2026-03-21 12:00:00+00:00, run_after=2026-03-22 12:00:00+00:00
[2026-03-21T22:34:54.416+0000] {processor.py:208} INFO - Processing /opt/airflow/dags/job_scraping_dag.py took 0.626 seconds
[2026-03-21T22:35:24.737+0000] {processor.py:186} INFO - Started process (PID=2222) to work on /opt/airflow/dags/job_scraping_dag.py
[2026-03-21T22:35:24.738+0000] {processor.py:914} INFO - Processing file /opt/airflow/dags/job_scraping_dag.py for tasks to queue
[2026-03-21T22:35:24.740+0000] {logging_mixin.py:190} INFO - [2026-03-21T22:35:24.740+0000] {dagbag.py:588} INFO - Filling up the DagBag from /opt/airflow/dags/job_scraping_dag.py
[2026-03-21T22:35:25.343+0000] {processor.py:925} INFO - DAG(s) 'daily_job_scraping' retrieved from /opt/airflow/dags/job_scraping_dag.py
[2026-03-21T22:35:25.367+0000] {logging_mixin.py:190} INFO - [2026-03-21T22:35:25.366+0000] {dag.py:3239} INFO - Sync 1 DAGs
[2026-03-21T22:35:25.387+0000] {logging_mixin.py:190} INFO - [2026-03-21T22:35:25.387+0000] {dag.py:4180} INFO - Setting next_dagrun for daily_job_scraping to 2026-03-21 12:00:00+00:00, run_after=2026-03-22 12:00:00+00:00
[2026-03-21T22:35:25.409+0000] {processor.py:208} INFO - Processing /opt/airflow/dags/job_scraping_dag.py took 0.678 seconds
[2026-03-21T22:35:55.573+0000] {processor.py:186} INFO - Started process (PID=2228) to work on /opt/airflow/dags/job_scraping_dag.py
[2026-03-21T22:35:55.574+0000] {processor.py:914} INFO - Processing file /opt/airflow/dags/job_scraping_dag.py for tasks to queue
[2026-03-21T22:35:55.575+0000] {logging_mixin.py:190} INFO - [2026-03-21T22:35:55.575+0000] {dagbag.py:588} INFO - Filling up the DagBag from /opt/airflow/dags/job_scraping_dag.py
[2026-03-21T22:35:56.111+0000] {processor.py:925} INFO - DAG(s) 'daily_job_scraping' retrieved from /opt/airflow/dags/job_scraping_dag.py
[2026-03-21T22:35:56.133+0000] {logging_mixin.py:190} INFO - [2026-03-21T22:35:56.133+0000] {dag.py:3239} INFO - Sync 1 DAGs
[2026-03-21T22:35:56.155+0000] {logging_mixin.py:190} INFO - [2026-03-21T22:35:56.155+0000] {dag.py:4180} INFO - Setting next_dagrun for daily_job_scraping to 2026-03-21 12:00:00+00:00, run_after=2026-03-22 12:00:00+00:00
[2026-03-21T22:35:56.172+0000] {processor.py:208} INFO - Processing /opt/airflow/dags/job_scraping_dag.py took 0.605 seconds
[2026-03-21T22:36:26.988+0000] {processor.py:186} INFO - Started process (PID=2234) to work on /opt/airflow/dags/job_scraping_dag.py
[2026-03-21T22:36:26.991+0000] {processor.py:914} INFO - Processing file /opt/airflow/dags/job_scraping_dag.py for tasks to queue
[2026-03-21T22:36:26.995+0000] {logging_mixin.py:190} INFO - [2026-03-21T22:36:26.994+0000] {dagbag.py:588} INFO - Filling up the DagBag from /opt/airflow/dags/job_scraping_dag.py
[2026-03-21T22:36:27.807+0000] {processor.py:925} INFO - DAG(s) 'daily_job_scraping' retrieved from /opt/airflow/dags/job_scraping_dag.py
[2026-03-21T22:36:27.837+0000] {logging_mixin.py:190} INFO - [2026-03-21T22:36:27.836+0000] {dag.py:3239} INFO - Sync 1 DAGs
[2026-03-21T22:36:27.858+0000] {logging_mixin.py:190} INFO - [2026-03-21T22:36:27.858+0000] {dag.py:4180} INFO - Setting next_dagrun for daily_job_scraping to 2026-03-21 12:00:00+00:00, run_after=2026-03-22 12:00:00+00:00
[2026-03-21T22:36:27.883+0000] {processor.py:208} INFO - Processing /opt/airflow/dags/job_scraping_dag.py took 0.912 seconds
[2026-03-21T22:36:58.232+0000] {processor.py:186} INFO - Started process (PID=2240) to work on /opt/airflow/dags/job_scraping_dag.py
[2026-03-21T22:36:58.233+0000] {processor.py:914} INFO - Processing file /opt/airflow/dags/job_scraping_dag.py for tasks to queue
[2026-03-21T22:36:58.234+0000] {logging_mixin.py:190} INFO - [2026-03-21T22:36:58.233+0000] {dagbag.py:588} INFO - Filling up the DagBag from /opt/airflow/dags/job_scraping_dag.py
[2026-03-21T22:36:58.746+0000] {processor.py:925} INFO - DAG(s) 'daily_job_scraping' retrieved from /opt/airflow/dags/job_scraping_dag.py
[2026-03-21T22:36:58.769+0000] {logging_mixin.py:190} INFO - [2026-03-21T22:36:58.768+0000] {dag.py:3239} INFO - Sync 1 DAGs
[2026-03-21T22:36:58.787+0000] {logging_mixin.py:190} INFO - [2026-03-21T22:36:58.787+0000] {dag.py:4180} INFO - Setting next_dagrun for daily_job_scraping to 2026-03-21 12:00:00+00:00, run_after=2026-03-22 12:00:00+00:00
[2026-03-21T22:36:58.807+0000] {processor.py:208} INFO - Processing /opt/airflow/dags/job_scraping_dag.py took 0.581 seconds
[2026-03-21T22:37:29.096+0000] {processor.py:186} INFO - Started process (PID=2246) to work on /opt/airflow/dags/job_scraping_dag.py
[2026-03-21T22:37:29.097+0000] {processor.py:914} INFO - Processing file /opt/airflow/dags/job_scraping_dag.py for tasks to queue
[2026-03-21T22:37:29.098+0000] {logging_mixin.py:190} INFO - [2026-03-21T22:37:29.098+0000] {dagbag.py:588} INFO - Filling up the DagBag from /opt/airflow/dags/job_scraping_dag.py
[2026-03-21T22:37:29.618+0000] {processor.py:925} INFO - DAG(s) 'daily_job_scraping' retrieved from /opt/airflow/dags/job_scraping_dag.py
[2026-03-21T22:37:29.641+0000] {logging_mixin.py:190} INFO - [2026-03-21T22:37:29.641+0000] {dag.py:3239} INFO - Sync 1 DAGs
[2026-03-21T22:37:29.659+0000] {logging_mixin.py:190} INFO - [2026-03-21T22:37:29.659+0000] {dag.py:4180} INFO - Setting next_dagrun for daily_job_scraping to 2026-03-21 12:00:00+00:00, run_after=2026-03-22 12:00:00+00:00
[2026-03-21T22:37:29.683+0000] {processor.py:208} INFO - Processing /opt/airflow/dags/job_scraping_dag.py took 0.593 seconds
[2026-03-21T22:37:59.758+0000] {processor.py:186} INFO - Started process (PID=2252) to work on /opt/airflow/dags/job_scraping_dag.py
[2026-03-21T22:37:59.759+0000] {processor.py:914} INFO - Processing file /opt/airflow/dags/job_scraping_dag.py for tasks to queue
[2026-03-21T22:37:59.760+0000] {logging_mixin.py:190} INFO - [2026-03-21T22:37:59.760+0000] {dagbag.py:588} INFO - Filling up the DagBag from /opt/airflow/dags/job_scraping_dag.py
[2026-03-21T22:38:00.457+0000] {processor.py:925} INFO - DAG(s) 'daily_job_scraping' retrieved from /opt/airflow/dags/job_scraping_dag.py
[2026-03-21T22:38:00.504+0000] {logging_mixin.py:190} INFO - [2026-03-21T22:38:00.503+0000] {dag.py:3239} INFO - Sync 1 DAGs
[2026-03-21T22:38:00.547+0000] {logging_mixin.py:190} INFO - [2026-03-21T22:38:00.547+0000] {dag.py:4180} INFO - Setting next_dagrun for daily_job_scraping to 2026-03-21 12:00:00+00:00, run_after=2026-03-22 12:00:00+00:00
[2026-03-21T22:38:00.573+0000] {processor.py:208} INFO - Processing /opt/airflow/dags/job_scraping_dag.py took 0.821 seconds
[2026-03-21T22:38:30.933+0000] {processor.py:186} INFO - Started process (PID=2258) to work on /opt/airflow/dags/job_scraping_dag.py
[2026-03-21T22:38:30.934+0000] {processor.py:914} INFO - Processing file /opt/airflow/dags/job_scraping_dag.py for tasks to queue
[2026-03-21T22:38:30.936+0000] {logging_mixin.py:190} INFO - [2026-03-21T22:38:30.935+0000] {dagbag.py:588} INFO - Filling up the DagBag from /opt/airflow/dags/job_scraping_dag.py
[2026-03-21T22:38:31.492+0000] {processor.py:925} INFO - DAG(s) 'daily_job_scraping' retrieved from /opt/airflow/dags/job_scraping_dag.py
[2026-03-21T22:38:31.517+0000] {logging_mixin.py:190} INFO - [2026-03-21T22:38:31.517+0000] {dag.py:3239} INFO - Sync 1 DAGs
[2026-03-21T22:38:31.544+0000] {logging_mixin.py:190} INFO - [2026-03-21T22:38:31.544+0000] {dag.py:4180} INFO - Setting next_dagrun for daily_job_scraping to 2026-03-21 12:00:00+00:00, run_after=2026-03-22 12:00:00+00:00
[2026-03-21T22:38:31.565+0000] {processor.py:208} INFO - Processing /opt/airflow/dags/job_scraping_dag.py took 0.637 seconds
[2026-03-21T22:39:01.820+0000] {processor.py:186} INFO - Started process (PID=2264) to work on /opt/airflow/dags/job_scraping_dag.py
[2026-03-21T22:39:01.821+0000] {processor.py:914} INFO - Processing file /opt/airflow/dags/job_scraping_dag.py for tasks to queue
[2026-03-21T22:39:01.823+0000] {logging_mixin.py:190} INFO - [2026-03-21T22:39:01.822+0000] {dagbag.py:588} INFO - Filling up the DagBag from /opt/airflow/dags/job_scraping_dag.py
[2026-03-21T22:39:02.411+0000] {processor.py:925} INFO - DAG(s) 'daily_job_scraping' retrieved from /opt/airflow/dags/job_scraping_dag.py
[2026-03-21T22:39:02.439+0000] {logging_mixin.py:190} INFO - [2026-03-21T22:39:02.439+0000] {dag.py:3239} INFO - Sync 1 DAGs
[2026-03-21T22:39:02.460+0000] {logging_mixin.py:190} INFO - [2026-03-21T22:39:02.460+0000] {dag.py:4180} INFO - Setting next_dagrun for daily_job_scraping to 2026-03-21 12:00:00+00:00, run_after=2026-03-22 12:00:00+00:00
[2026-03-21T22:39:02.483+0000] {processor.py:208} INFO - Processing /opt/airflow/dags/job_scraping_dag.py took 0.668 seconds
[2026-03-21T22:39:32.811+0000] {processor.py:186} INFO - Started process (PID=2270) to work on /opt/airflow/dags/job_scraping_dag.py
[2026-03-21T22:39:32.813+0000] {processor.py:914} INFO - Processing file /opt/airflow/dags/job_scraping_dag.py for tasks to queue
[2026-03-21T22:39:32.815+0000] {logging_mixin.py:190} INFO - [2026-03-21T22:39:32.814+0000] {dagbag.py:588} INFO - Filling up the DagBag from /opt/airflow/dags/job_scraping_dag.py
[2026-03-21T22:39:33.396+0000] {processor.py:925} INFO - DAG(s) 'daily_job_scraping' retrieved from /opt/airflow/dags/job_scraping_dag.py
[2026-03-21T22:39:33.418+0000] {logging_mixin.py:190} INFO - [2026-03-21T22:39:33.417+0000] {dag.py:3239} INFO - Sync 1 DAGs
[2026-03-21T22:39:33.436+0000] {logging_mixin.py:190} INFO - [2026-03-21T22:39:33.435+0000] {dag.py:4180} INFO - Setting next_dagrun for daily_job_scraping to 2026-03-21 12:00:00+00:00, run_after=2026-03-22 12:00:00+00:00
[2026-03-21T22:39:33.456+0000] {processor.py:208} INFO - Processing /opt/airflow/dags/job_scraping_dag.py took 0.650 seconds
[2026-03-21T22:40:03.728+0000] {processor.py:186} INFO - Started process (PID=2276) to work on /opt/airflow/dags/job_scraping_dag.py
[2026-03-21T22:40:03.729+0000] {processor.py:914} INFO - Processing file /opt/airflow/dags/job_scraping_dag.py for tasks to queue
[2026-03-21T22:40:03.731+0000] {logging_mixin.py:190} INFO - [2026-03-21T22:40:03.730+0000] {dagbag.py:588} INFO - Filling up the DagBag from /opt/airflow/dags/job_scraping_dag.py
[2026-03-21T22:40:04.439+0000] {processor.py:925} INFO - DAG(s) 'daily_job_scraping' retrieved from /opt/airflow/dags/job_scraping_dag.py
[2026-03-21T22:40:04.460+0000] {logging_mixin.py:190} INFO - [2026-03-21T22:40:04.460+0000] {dag.py:3239} INFO - Sync 1 DAGs
[2026-03-21T22:40:04.478+0000] {logging_mixin.py:190} INFO - [2026-03-21T22:40:04.478+0000] {dag.py:4180} INFO - Setting next_dagrun for daily_job_scraping to 2026-03-21 12:00:00+00:00, run_after=2026-03-22 12:00:00+00:00
[2026-03-21T22:40:04.502+0000] {processor.py:208} INFO - Processing /opt/airflow/dags/job_scraping_dag.py took 0.779 seconds
[2026-03-21T22:40:34.823+0000] {processor.py:186} INFO - Started process (PID=2282) to work on /opt/airflow/dags/job_scraping_dag.py
[2026-03-21T22:40:34.824+0000] {processor.py:914} INFO - Processing file /opt/airflow/dags/job_scraping_dag.py for tasks to queue
[2026-03-21T22:40:34.826+0000] {logging_mixin.py:190} INFO - [2026-03-21T22:40:34.825+0000] {dagbag.py:588} INFO - Filling up the DagBag from /opt/airflow/dags/job_scraping_dag.py
[2026-03-21T22:40:35.358+0000] {processor.py:925} INFO - DAG(s) 'daily_job_scraping' retrieved from /opt/airflow/dags/job_scraping_dag.py
[2026-03-21T22:40:35.381+0000] {logging_mixin.py:190} INFO - [2026-03-21T22:40:35.380+0000] {dag.py:3239} INFO - Sync 1 DAGs
[2026-03-21T22:40:35.401+0000] {logging_mixin.py:190} INFO - [2026-03-21T22:40:35.401+0000] {dag.py:4180} INFO - Setting next_dagrun for daily_job_scraping to 2026-03-21 12:00:00+00:00, run_after=2026-03-22 12:00:00+00:00
[2026-03-21T22:40:35.423+0000] {processor.py:208} INFO - Processing /opt/airflow/dags/job_scraping_dag.py took 0.607 seconds
[2026-03-21T22:41:05.721+0000] {processor.py:186} INFO - Started process (PID=2288) to work on /opt/airflow/dags/job_scraping_dag.py
[2026-03-21T22:41:05.723+0000] {processor.py:914} INFO - Processing file /opt/airflow/dags/job_scraping_dag.py for tasks to queue
[2026-03-21T22:41:05.724+0000] {logging_mixin.py:190} INFO - [2026-03-21T22:41:05.724+0000] {dagbag.py:588} INFO - Filling up the DagBag from /opt/airflow/dags/job_scraping_dag.py
[2026-03-21T22:41:06.276+0000] {processor.py:925} INFO - DAG(s) 'daily_job_scraping' retrieved from /opt/airflow/dags/job_scraping_dag.py
[2026-03-21T22:41:06.303+0000] {logging_mixin.py:190} INFO - [2026-03-21T22:41:06.303+0000] {dag.py:3239} INFO - Sync 1 DAGs
[2026-03-21T22:41:06.329+0000] {logging_mixin.py:190} INFO - [2026-03-21T22:41:06.328+0000] {dag.py:4180} INFO - Setting next_dagrun for daily_job_scraping to 2026-03-21 12:00:00+00:00, run_after=2026-03-22 12:00:00+00:00
[2026-03-21T22:41:06.351+0000] {processor.py:208} INFO - Processing /opt/airflow/dags/job_scraping_dag.py took 0.635 seconds
[2026-03-21T22:41:36.638+0000] {processor.py:186} INFO - Started process (PID=2294) to work on /opt/airflow/dags/job_scraping_dag.py
[2026-03-21T22:41:36.639+0000] {processor.py:914} INFO - Processing file /opt/airflow/dags/job_scraping_dag.py for tasks to queue
[2026-03-21T22:41:36.641+0000] {logging_mixin.py:190} INFO - [2026-03-21T22:41:36.640+0000] {dagbag.py:588} INFO - Filling up the DagBag from /opt/airflow/dags/job_scraping_dag.py
[2026-03-21T22:41:37.185+0000] {processor.py:925} INFO - DAG(s) 'daily_job_scraping' retrieved from /opt/airflow/dags/job_scraping_dag.py
[2026-03-21T22:41:37.212+0000] {logging_mixin.py:190} INFO - [2026-03-21T22:41:37.211+0000] {dag.py:3239} INFO - Sync 1 DAGs
[2026-03-21T22:41:37.233+0000] {logging_mixin.py:190} INFO - [2026-03-21T22:41:37.233+0000] {dag.py:4180} INFO - Setting next_dagrun for daily_job_scraping to 2026-03-21 12:00:00+00:00, run_after=2026-03-22 12:00:00+00:00
[2026-03-21T22:41:37.254+0000] {processor.py:208} INFO - Processing /opt/airflow/dags/job_scraping_dag.py took 0.621 seconds
[2026-03-21T22:42:07.525+0000] {processor.py:186} INFO - Started process (PID=2300) to work on /opt/airflow/dags/job_scraping_dag.py
[2026-03-21T22:42:07.527+0000] {processor.py:914} INFO - Processing file /opt/airflow/dags/job_scraping_dag.py for tasks to queue
[2026-03-21T22:42:07.528+0000] {logging_mixin.py:190} INFO - [2026-03-21T22:42:07.528+0000] {dagbag.py:588} INFO - Filling up the DagBag from /opt/airflow/dags/job_scraping_dag.py
[2026-03-21T22:42:08.082+0000] {processor.py:925} INFO - DAG(s) 'daily_job_scraping' retrieved from /opt/airflow/dags/job_scraping_dag.py
[2026-03-21T22:42:08.105+0000] {logging_mixin.py:190} INFO - [2026-03-21T22:42:08.104+0000] {dag.py:3239} INFO - Sync 1 DAGs
[2026-03-21T22:42:08.123+0000] {logging_mixin.py:190} INFO - [2026-03-21T22:42:08.122+0000] {dag.py:4180} INFO - Setting next_dagrun for daily_job_scraping to 2026-03-21 12:00:00+00:00, run_after=2026-03-22 12:00:00+00:00
[2026-03-21T22:42:08.144+0000] {processor.py:208} INFO - Processing /opt/airflow/dags/job_scraping_dag.py took 0.625 seconds
[2026-03-21T22:42:38.459+0000] {processor.py:186} INFO - Started process (PID=2306) to work on /opt/airflow/dags/job_scraping_dag.py
[2026-03-21T22:42:38.462+0000] {processor.py:914} INFO - Processing file /opt/airflow/dags/job_scraping_dag.py for tasks to queue
[2026-03-21T22:42:38.463+0000] {logging_mixin.py:190} INFO - [2026-03-21T22:42:38.463+0000] {dagbag.py:588} INFO - Filling up the DagBag from /opt/airflow/dags/job_scraping_dag.py
[2026-03-21T22:42:39.006+0000] {processor.py:925} INFO - DAG(s) 'daily_job_scraping' retrieved from /opt/airflow/dags/job_scraping_dag.py
[2026-03-21T22:42:39.029+0000] {logging_mixin.py:190} INFO - [2026-03-21T22:42:39.029+0000] {dag.py:3239} INFO - Sync 1 DAGs
[2026-03-21T22:42:39.047+0000] {logging_mixin.py:190} INFO - [2026-03-21T22:42:39.046+0000] {dag.py:4180} INFO - Setting next_dagrun for daily_job_scraping to 2026-03-21 12:00:00+00:00, run_after=2026-03-22 12:00:00+00:00
[2026-03-21T22:42:39.069+0000] {processor.py:208} INFO - Processing /opt/airflow/dags/job_scraping_dag.py took 0.618 seconds
[2026-03-21T22:43:09.403+0000] {processor.py:186} INFO - Started process (PID=2312) to work on /opt/airflow/dags/job_scraping_dag.py
[2026-03-21T22:43:09.404+0000] {processor.py:914} INFO - Processing file /opt/airflow/dags/job_scraping_dag.py for tasks to queue
[2026-03-21T22:43:09.406+0000] {logging_mixin.py:190} INFO - [2026-03-21T22:43:09.406+0000] {dagbag.py:588} INFO - Filling up the DagBag from /opt/airflow/dags/job_scraping_dag.py
[2026-03-21T22:43:10.178+0000] {processor.py:925} INFO - DAG(s) 'daily_job_scraping' retrieved from /opt/airflow/dags/job_scraping_dag.py
[2026-03-21T22:43:10.208+0000] {logging_mixin.py:190} INFO - [2026-03-21T22:43:10.207+0000] {dag.py:3239} INFO - Sync 1 DAGs
[2026-03-21T22:43:10.236+0000] {logging_mixin.py:190} INFO - [2026-03-21T22:43:10.235+0000] {dag.py:4180} INFO - Setting next_dagrun for daily_job_scraping to 2026-03-21 12:00:00+00:00, run_after=2026-03-22 12:00:00+00:00
[2026-03-21T22:43:10.287+0000] {processor.py:208} INFO - Processing /opt/airflow/dags/job_scraping_dag.py took 0.896 seconds
[2026-03-21T22:43:40.485+0000] {processor.py:186} INFO - Started process (PID=2318) to work on /opt/airflow/dags/job_scraping_dag.py
[2026-03-21T22:43:40.487+0000] {processor.py:914} INFO - Processing file /opt/airflow/dags/job_scraping_dag.py for tasks to queue
[2026-03-21T22:43:40.489+0000] {logging_mixin.py:190} INFO - [2026-03-21T22:43:40.488+0000] {dagbag.py:588} INFO - Filling up the DagBag from /opt/airflow/dags/job_scraping_dag.py
[2026-03-21T22:43:41.784+0000] {processor.py:925} INFO - DAG(s) 'daily_job_scraping' retrieved from /opt/airflow/dags/job_scraping_dag.py
[2026-03-21T22:43:41.812+0000] {logging_mixin.py:190} INFO - [2026-03-21T22:43:41.812+0000] {dag.py:3239} INFO - Sync 1 DAGs
[2026-03-21T22:43:41.837+0000] {logging_mixin.py:190} INFO - [2026-03-21T22:43:41.836+0000] {dag.py:4180} INFO - Setting next_dagrun for daily_job_scraping to 2026-03-21 12:00:00+00:00, run_after=2026-03-22 12:00:00+00:00
[2026-03-21T22:43:41.859+0000] {processor.py:208} INFO - Processing /opt/airflow/dags/job_scraping_dag.py took 1.385 seconds
[2026-03-21T22:44:12.120+0000] {processor.py:186} INFO - Started process (PID=2324) to work on /opt/airflow/dags/job_scraping_dag.py
[2026-03-21T22:44:12.121+0000] {processor.py:914} INFO - Processing file /opt/airflow/dags/job_scraping_dag.py for tasks to queue
[2026-03-21T22:44:12.123+0000] {logging_mixin.py:190} INFO - [2026-03-21T22:44:12.122+0000] {dagbag.py:588} INFO - Filling up the DagBag from /opt/airflow/dags/job_scraping_dag.py
[2026-03-21T22:44:12.938+0000] {processor.py:925} INFO - DAG(s) 'daily_job_scraping' retrieved from /opt/airflow/dags/job_scraping_dag.py
[2026-03-21T22:44:12.970+0000] {logging_mixin.py:190} INFO - [2026-03-21T22:44:12.970+0000] {dag.py:3239} INFO - Sync 1 DAGs
[2026-03-21T22:44:12.996+0000] {logging_mixin.py:190} INFO - [2026-03-21T22:44:12.996+0000] {dag.py:4180} INFO - Setting next_dagrun for daily_job_scraping to 2026-03-21 12:00:00+00:00, run_after=2026-03-22 12:00:00+00:00
[2026-03-21T22:44:13.021+0000] {processor.py:208} INFO - Processing /opt/airflow/dags/job_scraping_dag.py took 0.906 seconds
[2026-03-21T22:44:43.299+0000] {processor.py:186} INFO - Started process (PID=2330) to work on /opt/airflow/dags/job_scraping_dag.py
[2026-03-21T22:44:43.301+0000] {processor.py:914} INFO - Processing file /opt/airflow/dags/job_scraping_dag.py for tasks to queue
[2026-03-21T22:44:43.302+0000] {logging_mixin.py:190} INFO - [2026-03-21T22:44:43.302+0000] {dagbag.py:588} INFO - Filling up the DagBag from /opt/airflow/dags/job_scraping_dag.py
[2026-03-21T22:44:43.854+0000] {processor.py:925} INFO - DAG(s) 'daily_job_scraping' retrieved from /opt/airflow/dags/job_scraping_dag.py
[2026-03-21T22:44:43.879+0000] {logging_mixin.py:190} INFO - [2026-03-21T22:44:43.879+0000] {dag.py:3239} INFO - Sync 1 DAGs
[2026-03-21T22:44:43.896+0000] {logging_mixin.py:190} INFO - [2026-03-21T22:44:43.896+0000] {dag.py:4180} INFO - Setting next_dagrun for daily_job_scraping to 2026-03-21 12:00:00+00:00, run_after=2026-03-22 12:00:00+00:00
[2026-03-21T22:44:43.921+0000] {processor.py:208} INFO - Processing /opt/airflow/dags/job_scraping_dag.py took 0.629 seconds
[2026-03-21T22:45:14.185+0000] {processor.py:186} INFO - Started process (PID=2336) to work on /opt/airflow/dags/job_scraping_dag.py
[2026-03-21T22:45:14.187+0000] {processor.py:914} INFO - Processing file /opt/airflow/dags/job_scraping_dag.py for tasks to queue
[2026-03-21T22:45:14.188+0000] {logging_mixin.py:190} INFO - [2026-03-21T22:45:14.188+0000] {dagbag.py:588} INFO - Filling up the DagBag from /opt/airflow/dags/job_scraping_dag.py
[2026-03-21T22:45:14.711+0000] {processor.py:925} INFO - DAG(s) 'daily_job_scraping' retrieved from /opt/airflow/dags/job_scraping_dag.py
[2026-03-21T22:45:14.735+0000] {logging_mixin.py:190} INFO - [2026-03-21T22:45:14.735+0000] {dag.py:3239} INFO - Sync 1 DAGs
[2026-03-21T22:45:14.755+0000] {logging_mixin.py:190} INFO - [2026-03-21T22:45:14.755+0000] {dag.py:4180} INFO - Setting next_dagrun for daily_job_scraping to 2026-03-21 12:00:00+00:00, run_after=2026-03-22 12:00:00+00:00
[2026-03-21T22:45:14.780+0000] {processor.py:208} INFO - Processing /opt/airflow/dags/job_scraping_dag.py took 0.600 seconds
[2026-03-21T22:45:45.094+0000] {processor.py:186} INFO - Started process (PID=2342) to work on /opt/airflow/dags/job_scraping_dag.py
[2026-03-21T22:45:45.095+0000] {processor.py:914} INFO - Processing file /opt/airflow/dags/job_scraping_dag.py for tasks to queue
[2026-03-21T22:45:45.097+0000] {logging_mixin.py:190} INFO - [2026-03-21T22:45:45.096+0000] {dagbag.py:588} INFO - Filling up the DagBag from /opt/airflow/dags/job_scraping_dag.py
[2026-03-21T22:45:45.651+0000] {processor.py:925} INFO - DAG(s) 'daily_job_scraping' retrieved from /opt/airflow/dags/job_scraping_dag.py
[2026-03-21T22:45:45.677+0000] {logging_mixin.py:190} INFO - [2026-03-21T22:45:45.677+0000] {dag.py:3239} INFO - Sync 1 DAGs
[2026-03-21T22:45:45.694+0000] {logging_mixin.py:190} INFO - [2026-03-21T22:45:45.694+0000] {dag.py:4180} INFO - Setting next_dagrun for daily_job_scraping to 2026-03-21 12:00:00+00:00, run_after=2026-03-22 12:00:00+00:00
[2026-03-21T22:45:45.715+0000] {processor.py:208} INFO - Processing /opt/airflow/dags/job_scraping_dag.py took 0.627 seconds
[2026-03-21T22:46:16.063+0000] {processor.py:186} INFO - Started process (PID=2348) to work on /opt/airflow/dags/job_scraping_dag.py
[2026-03-21T22:46:16.064+0000] {processor.py:914} INFO - Processing file /opt/airflow/dags/job_scraping_dag.py for tasks to queue
[2026-03-21T22:46:16.065+0000] {logging_mixin.py:190} INFO - [2026-03-21T22:46:16.065+0000] {dagbag.py:588} INFO - Filling up the DagBag from /opt/airflow/dags/job_scraping_dag.py
[2026-03-21T22:46:16.599+0000] {processor.py:925} INFO - DAG(s) 'daily_job_scraping' retrieved from /opt/airflow/dags/job_scraping_dag.py
[2026-03-21T22:46:16.622+0000] {logging_mixin.py:190} INFO - [2026-03-21T22:46:16.622+0000] {dag.py:3239} INFO - Sync 1 DAGs
[2026-03-21T22:46:16.640+0000] {logging_mixin.py:190} INFO - [2026-03-21T22:46:16.640+0000] {dag.py:4180} INFO - Setting next_dagrun for daily_job_scraping to 2026-03-21 12:00:00+00:00, run_after=2026-03-22 12:00:00+00:00
[2026-03-21T22:46:16.662+0000] {processor.py:208} INFO - Processing /opt/airflow/dags/job_scraping_dag.py took 0.605 seconds
[2026-03-21T22:46:47.014+0000] {processor.py:186} INFO - Started process (PID=2354) to work on /opt/airflow/dags/job_scraping_dag.py
[2026-03-21T22:46:47.016+0000] {processor.py:914} INFO - Processing file /opt/airflow/dags/job_scraping_dag.py for tasks to queue
[2026-03-21T22:46:47.018+0000] {logging_mixin.py:190} INFO - [2026-03-21T22:46:47.017+0000] {dagbag.py:588} INFO - Filling up the DagBag from /opt/airflow/dags/job_scraping_dag.py
[2026-03-21T22:46:47.613+0000] {processor.py:925} INFO - DAG(s) 'daily_job_scraping' retrieved from /opt/airflow/dags/job_scraping_dag.py
[2026-03-21T22:46:47.636+0000] {logging_mixin.py:190} INFO - [2026-03-21T22:46:47.636+0000] {dag.py:3239} INFO - Sync 1 DAGs
[2026-03-21T22:46:47.655+0000] {logging_mixin.py:190} INFO - [2026-03-21T22:46:47.654+0000] {dag.py:4180} INFO - Setting next_dagrun for daily_job_scraping to 2026-03-21 12:00:00+00:00, run_after=2026-03-22 12:00:00+00:00
[2026-03-21T22:46:47.675+0000] {processor.py:208} INFO - Processing /opt/airflow/dags/job_scraping_dag.py took 0.668 seconds
[2026-03-21T22:47:17.924+0000] {processor.py:186} INFO - Started process (PID=2360) to work on /opt/airflow/dags/job_scraping_dag.py
[2026-03-21T22:47:17.926+0000] {processor.py:914} INFO - Processing file /opt/airflow/dags/job_scraping_dag.py for tasks to queue
[2026-03-21T22:47:17.929+0000] {logging_mixin.py:190} INFO - [2026-03-21T22:47:17.929+0000] {dagbag.py:588} INFO - Filling up the DagBag from /opt/airflow/dags/job_scraping_dag.py
[2026-03-21T22:47:18.887+0000] {processor.py:925} INFO - DAG(s) 'daily_job_scraping' retrieved from /opt/airflow/dags/job_scraping_dag.py
[2026-03-21T22:47:18.921+0000] {logging_mixin.py:190} INFO - [2026-03-21T22:47:18.920+0000] {dag.py:3239} INFO - Sync 1 DAGs
[2026-03-21T22:47:18.947+0000] {logging_mixin.py:190} INFO - [2026-03-21T22:47:18.946+0000] {dag.py:4180} INFO - Setting next_dagrun for daily_job_scraping to 2026-03-21 12:00:00+00:00, run_after=2026-03-22 12:00:00+00:00
[2026-03-21T22:47:18.973+0000] {processor.py:208} INFO - Processing /opt/airflow/dags/job_scraping_dag.py took 1.061 seconds
[2026-03-21T22:47:49.191+0000] {processor.py:186} INFO - Started process (PID=2366) to work on /opt/airflow/dags/job_scraping_dag.py
[2026-03-21T22:47:49.192+0000] {processor.py:914} INFO - Processing file /opt/airflow/dags/job_scraping_dag.py for tasks to queue
[2026-03-21T22:47:49.193+0000] {logging_mixin.py:190} INFO - [2026-03-21T22:47:49.193+0000] {dagbag.py:588} INFO - Filling up the DagBag from /opt/airflow/dags/job_scraping_dag.py
[2026-03-21T22:47:49.736+0000] {processor.py:925} INFO - DAG(s) 'daily_job_scraping' retrieved from /opt/airflow/dags/job_scraping_dag.py
[2026-03-21T22:47:49.759+0000] {logging_mixin.py:190} INFO - [2026-03-21T22:47:49.759+0000] {dag.py:3239} INFO - Sync 1 DAGs
[2026-03-21T22:47:49.777+0000] {logging_mixin.py:190} INFO - [2026-03-21T22:47:49.777+0000] {dag.py:4180} INFO - Setting next_dagrun for daily_job_scraping to 2026-03-21 12:00:00+00:00, run_after=2026-03-22 12:00:00+00:00
[2026-03-21T22:47:49.798+0000] {processor.py:208} INFO - Processing /opt/airflow/dags/job_scraping_dag.py took 0.613 seconds
[2026-03-21T22:48:20.183+0000] {processor.py:186} INFO - Started process (PID=2372) to work on /opt/airflow/dags/job_scraping_dag.py
[2026-03-21T22:48:20.184+0000] {processor.py:914} INFO - Processing file /opt/airflow/dags/job_scraping_dag.py for tasks to queue
[2026-03-21T22:48:20.186+0000] {logging_mixin.py:190} INFO - [2026-03-21T22:48:20.186+0000] {dagbag.py:588} INFO - Filling up the DagBag from /opt/airflow/dags/job_scraping_dag.py
[2026-03-21T22:48:20.788+0000] {processor.py:925} INFO - DAG(s) 'daily_job_scraping' retrieved from /opt/airflow/dags/job_scraping_dag.py
[2026-03-21T22:48:20.825+0000] {logging_mixin.py:190} INFO - [2026-03-21T22:48:20.825+0000] {dag.py:3239} INFO - Sync 1 DAGs
[2026-03-21T22:48:20.870+0000] {logging_mixin.py:190} INFO - [2026-03-21T22:48:20.870+0000] {dag.py:4180} INFO - Setting next_dagrun for daily_job_scraping to 2026-03-21 12:00:00+00:00, run_after=2026-03-22 12:00:00+00:00
[2026-03-21T22:48:20.900+0000] {processor.py:208} INFO - Processing /opt/airflow/dags/job_scraping_dag.py took 0.723 seconds
[2026-03-21T22:48:51.242+0000] {processor.py:186} INFO - Started process (PID=2378) to work on /opt/airflow/dags/job_scraping_dag.py
[2026-03-21T22:48:51.243+0000] {processor.py:914} INFO - Processing file /opt/airflow/dags/job_scraping_dag.py for tasks to queue
[2026-03-21T22:48:51.245+0000] {logging_mixin.py:190} INFO - [2026-03-21T22:48:51.244+0000] {dagbag.py:588} INFO - Filling up the DagBag from /opt/airflow/dags/job_scraping_dag.py
[2026-03-21T22:48:51.770+0000] {processor.py:925} INFO - DAG(s) 'daily_job_scraping' retrieved from /opt/airflow/dags/job_scraping_dag.py
[2026-03-21T22:48:51.795+0000] {logging_mixin.py:190} INFO - [2026-03-21T22:48:51.794+0000] {dag.py:3239} INFO - Sync 1 DAGs
[2026-03-21T22:48:51.814+0000] {logging_mixin.py:190} INFO - [2026-03-21T22:48:51.814+0000] {dag.py:4180} INFO - Setting next_dagrun for daily_job_scraping to 2026-03-21 12:00:00+00:00, run_after=2026-03-22 12:00:00+00:00
[2026-03-21T22:48:51.836+0000] {processor.py:208} INFO - Processing /opt/airflow/dags/job_scraping_dag.py took 0.600 seconds
[2026-03-21T22:49:22.007+0000] {processor.py:186} INFO - Started process (PID=2384) to work on /opt/airflow/dags/job_scraping_dag.py
[2026-03-21T22:49:22.008+0000] {processor.py:914} INFO - Processing file /opt/airflow/dags/job_scraping_dag.py for tasks to queue
[2026-03-21T22:49:22.010+0000] {logging_mixin.py:190} INFO - [2026-03-21T22:49:22.010+0000] {dagbag.py:588} INFO - Filling up the DagBag from /opt/airflow/dags/job_scraping_dag.py
[2026-03-21T22:49:22.547+0000] {processor.py:925} INFO - DAG(s) 'daily_job_scraping' retrieved from /opt/airflow/dags/job_scraping_dag.py
[2026-03-21T22:49:22.572+0000] {logging_mixin.py:190} INFO - [2026-03-21T22:49:22.571+0000] {dag.py:3239} INFO - Sync 1 DAGs
[2026-03-21T22:49:22.590+0000] {logging_mixin.py:190} INFO - [2026-03-21T22:49:22.590+0000] {dag.py:4180} INFO - Setting next_dagrun for daily_job_scraping to 2026-03-21 12:00:00+00:00, run_after=2026-03-22 12:00:00+00:00
[2026-03-21T22:49:22.608+0000] {processor.py:208} INFO - Processing /opt/airflow/dags/job_scraping_dag.py took 0.607 seconds
[2026-03-21T22:49:52.920+0000] {processor.py:186} INFO - Started process (PID=2390) to work on /opt/airflow/dags/job_scraping_dag.py
[2026-03-21T22:49:52.922+0000] {processor.py:914} INFO - Processing file /opt/airflow/dags/job_scraping_dag.py for tasks to queue
[2026-03-21T22:49:52.924+0000] {logging_mixin.py:190} INFO - [2026-03-21T22:49:52.923+0000] {dagbag.py:588} INFO - Filling up the DagBag from /opt/airflow/dags/job_scraping_dag.py
[2026-03-21T22:49:53.491+0000] {processor.py:925} INFO - DAG(s) 'daily_job_scraping' retrieved from /opt/airflow/dags/job_scraping_dag.py
[2026-03-21T22:49:53.517+0000] {logging_mixin.py:190} INFO - [2026-03-21T22:49:53.516+0000] {dag.py:3239} INFO - Sync 1 DAGs
[2026-03-21T22:49:53.535+0000] {logging_mixin.py:190} INFO - [2026-03-21T22:49:53.535+0000] {dag.py:4180} INFO - Setting next_dagrun for daily_job_scraping to 2026-03-21 12:00:00+00:00, run_after=2026-03-22 12:00:00+00:00
[2026-03-21T22:49:53.552+0000] {processor.py:208} INFO - Processing /opt/airflow/dags/job_scraping_dag.py took 0.642 seconds
[2026-03-21T22:50:23.666+0000] {processor.py:186} INFO - Started process (PID=2396) to work on /opt/airflow/dags/job_scraping_dag.py
[2026-03-21T22:50:23.667+0000] {processor.py:914} INFO - Processing file /opt/airflow/dags/job_scraping_dag.py for tasks to queue
[2026-03-21T22:50:23.669+0000] {logging_mixin.py:190} INFO - [2026-03-21T22:50:23.669+0000] {dagbag.py:588} INFO - Filling up the DagBag from /opt/airflow/dags/job_scraping_dag.py
[2026-03-21T22:50:24.282+0000] {processor.py:925} INFO - DAG(s) 'daily_job_scraping' retrieved from /opt/airflow/dags/job_scraping_dag.py
[2026-03-21T22:50:24.309+0000] {logging_mixin.py:190} INFO - [2026-03-21T22:50:24.309+0000] {dag.py:3239} INFO - Sync 1 DAGs
[2026-03-21T22:50:24.330+0000] {logging_mixin.py:190} INFO - [2026-03-21T22:50:24.330+0000] {dag.py:4180} INFO - Setting next_dagrun for daily_job_scraping to 2026-03-21 12:00:00+00:00, run_after=2026-03-22 12:00:00+00:00
[2026-03-21T22:50:24.353+0000] {processor.py:208} INFO - Processing /opt/airflow/dags/job_scraping_dag.py took 0.693 seconds
[2026-03-21T22:50:54.605+0000] {processor.py:186} INFO - Started process (PID=2402) to work on /opt/airflow/dags/job_scraping_dag.py
[2026-03-21T22:50:54.606+0000] {processor.py:914} INFO - Processing file /opt/airflow/dags/job_scraping_dag.py for tasks to queue
[2026-03-21T22:50:54.608+0000] {logging_mixin.py:190} INFO - [2026-03-21T22:50:54.608+0000] {dagbag.py:588} INFO - Filling up the DagBag from /opt/airflow/dags/job_scraping_dag.py
[2026-03-21T22:50:55.139+0000] {processor.py:925} INFO - DAG(s) 'daily_job_scraping' retrieved from /opt/airflow/dags/job_scraping_dag.py
[2026-03-21T22:50:55.162+0000] {logging_mixin.py:190} INFO - [2026-03-21T22:50:55.162+0000] {dag.py:3239} INFO - Sync 1 DAGs
[2026-03-21T22:50:55.180+0000] {logging_mixin.py:190} INFO - [2026-03-21T22:50:55.180+0000] {dag.py:4180} INFO - Setting next_dagrun for daily_job_scraping to 2026-03-21 12:00:00+00:00, run_after=2026-03-22 12:00:00+00:00
[2026-03-21T22:50:55.201+0000] {processor.py:208} INFO - Processing /opt/airflow/dags/job_scraping_dag.py took 0.602 seconds
[2026-03-21T22:51:25.351+0000] {processor.py:186} INFO - Started process (PID=2408) to work on /opt/airflow/dags/job_scraping_dag.py
[2026-03-21T22:51:25.352+0000] {processor.py:914} INFO - Processing file /opt/airflow/dags/job_scraping_dag.py for tasks to queue
[2026-03-21T22:51:25.353+0000] {logging_mixin.py:190} INFO - [2026-03-21T22:51:25.353+0000] {dagbag.py:588} INFO - Filling up the DagBag from /opt/airflow/dags/job_scraping_dag.py
[2026-03-21T22:51:26.043+0000] {processor.py:925} INFO - DAG(s) 'daily_job_scraping' retrieved from /opt/airflow/dags/job_scraping_dag.py
[2026-03-21T22:51:26.078+0000] {logging_mixin.py:190} INFO - [2026-03-21T22:51:26.077+0000] {dag.py:3239} INFO - Sync 1 DAGs
[2026-03-21T22:51:26.110+0000] {logging_mixin.py:190} INFO - [2026-03-21T22:51:26.110+0000] {dag.py:4180} INFO - Setting next_dagrun for daily_job_scraping to 2026-03-21 12:00:00+00:00, run_after=2026-03-22 12:00:00+00:00
[2026-03-21T22:51:26.138+0000] {processor.py:208} INFO - Processing /opt/airflow/dags/job_scraping_dag.py took 0.794 seconds
[2026-03-21T22:51:56.464+0000] {processor.py:186} INFO - Started process (PID=2414) to work on /opt/airflow/dags/job_scraping_dag.py
[2026-03-21T22:51:56.465+0000] {processor.py:914} INFO - Processing file /opt/airflow/dags/job_scraping_dag.py for tasks to queue
[2026-03-21T22:51:56.467+0000] {logging_mixin.py:190} INFO - [2026-03-21T22:51:56.466+0000] {dagbag.py:588} INFO - Filling up the DagBag from /opt/airflow/dags/job_scraping_dag.py
[2026-03-21T22:51:57.079+0000] {processor.py:925} INFO - DAG(s) 'daily_job_scraping' retrieved from /opt/airflow/dags/job_scraping_dag.py
[2026-03-21T22:51:57.108+0000] {logging_mixin.py:190} INFO - [2026-03-21T22:51:57.108+0000] {dag.py:3239} INFO - Sync 1 DAGs
[2026-03-21T22:51:57.134+0000] {logging_mixin.py:190} INFO - [2026-03-21T22:51:57.133+0000] {dag.py:4180} INFO - Setting next_dagrun for daily_job_scraping to 2026-03-21 12:00:00+00:00, run_after=2026-03-22 12:00:00+00:00
[2026-03-21T22:51:57.156+0000] {processor.py:208} INFO - Processing /opt/airflow/dags/job_scraping_dag.py took 0.697 seconds
[2026-03-21T22:52:27.506+0000] {processor.py:186} INFO - Started process (PID=2420) to work on /opt/airflow/dags/job_scraping_dag.py
[2026-03-21T22:52:27.507+0000] {processor.py:914} INFO - Processing file /opt/airflow/dags/job_scraping_dag.py for tasks to queue
[2026-03-21T22:52:27.509+0000] {logging_mixin.py:190} INFO - [2026-03-21T22:52:27.508+0000] {dagbag.py:588} INFO - Filling up the DagBag from /opt/airflow/dags/job_scraping_dag.py
[2026-03-21T22:52:28.062+0000] {processor.py:925} INFO - DAG(s) 'daily_job_scraping' retrieved from /opt/airflow/dags/job_scraping_dag.py
[2026-03-21T22:52:28.085+0000] {logging_mixin.py:190} INFO - [2026-03-21T22:52:28.085+0000] {dag.py:3239} INFO - Sync 1 DAGs
[2026-03-21T22:52:28.107+0000] {logging_mixin.py:190} INFO - [2026-03-21T22:52:28.107+0000] {dag.py:4180} INFO - Setting next_dagrun for daily_job_scraping to 2026-03-21 12:00:00+00:00, run_after=2026-03-22 12:00:00+00:00
[2026-03-21T22:52:28.127+0000] {processor.py:208} INFO - Processing /opt/airflow/dags/job_scraping_dag.py took 0.628 seconds
[2026-03-21T22:52:58.221+0000] {processor.py:186} INFO - Started process (PID=2426) to work on /opt/airflow/dags/job_scraping_dag.py
[2026-03-21T22:52:58.222+0000] {processor.py:914} INFO - Processing file /opt/airflow/dags/job_scraping_dag.py for tasks to queue
[2026-03-21T22:52:58.224+0000] {logging_mixin.py:190} INFO - [2026-03-21T22:52:58.224+0000] {dagbag.py:588} INFO - Filling up the DagBag from /opt/airflow/dags/job_scraping_dag.py
[2026-03-21T22:52:58.829+0000] {processor.py:925} INFO - DAG(s) 'daily_job_scraping' retrieved from /opt/airflow/dags/job_scraping_dag.py
[2026-03-21T22:52:58.856+0000] {logging_mixin.py:190} INFO - [2026-03-21T22:52:58.855+0000] {dag.py:3239} INFO - Sync 1 DAGs
[2026-03-21T22:52:58.875+0000] {logging_mixin.py:190} INFO - [2026-03-21T22:52:58.875+0000] {dag.py:4180} INFO - Setting next_dagrun for daily_job_scraping to 2026-03-21 12:00:00+00:00, run_after=2026-03-22 12:00:00+00:00
[2026-03-21T22:52:58.899+0000] {processor.py:208} INFO - Processing /opt/airflow/dags/job_scraping_dag.py took 0.683 seconds
[2026-03-21T22:53:29.320+0000] {processor.py:186} INFO - Started process (PID=2432) to work on /opt/airflow/dags/job_scraping_dag.py
[2026-03-21T22:53:29.321+0000] {processor.py:914} INFO - Processing file /opt/airflow/dags/job_scraping_dag.py for tasks to queue
[2026-03-21T22:53:29.323+0000] {logging_mixin.py:190} INFO - [2026-03-21T22:53:29.323+0000] {dagbag.py:588} INFO - Filling up the DagBag from /opt/airflow/dags/job_scraping_dag.py
[2026-03-21T22:53:29.894+0000] {processor.py:925} INFO - DAG(s) 'daily_job_scraping' retrieved from /opt/airflow/dags/job_scraping_dag.py
[2026-03-21T22:53:29.919+0000] {logging_mixin.py:190} INFO - [2026-03-21T22:53:29.919+0000] {dag.py:3239} INFO - Sync 1 DAGs
[2026-03-21T22:53:29.941+0000] {logging_mixin.py:190} INFO - [2026-03-21T22:53:29.940+0000] {dag.py:4180} INFO - Setting next_dagrun for daily_job_scraping to 2026-03-21 12:00:00+00:00, run_after=2026-03-22 12:00:00+00:00
[2026-03-21T22:53:29.965+0000] {processor.py:208} INFO - Processing /opt/airflow/dags/job_scraping_dag.py took 0.651 seconds
[2026-03-21T22:54:00.048+0000] {processor.py:186} INFO - Started process (PID=2438) to work on /opt/airflow/dags/job_scraping_dag.py
[2026-03-21T22:54:00.049+0000] {processor.py:914} INFO - Processing file /opt/airflow/dags/job_scraping_dag.py for tasks to queue
[2026-03-21T22:54:00.051+0000] {logging_mixin.py:190} INFO - [2026-03-21T22:54:00.051+0000] {dagbag.py:588} INFO - Filling up the DagBag from /opt/airflow/dags/job_scraping_dag.py
[2026-03-21T22:54:00.580+0000] {processor.py:925} INFO - DAG(s) 'daily_job_scraping' retrieved from /opt/airflow/dags/job_scraping_dag.py
[2026-03-21T22:54:00.606+0000] {logging_mixin.py:190} INFO - [2026-03-21T22:54:00.605+0000] {dag.py:3239} INFO - Sync 1 DAGs
[2026-03-21T22:54:00.625+0000] {logging_mixin.py:190} INFO - [2026-03-21T22:54:00.625+0000] {dag.py:4180} INFO - Setting next_dagrun for daily_job_scraping to 2026-03-21 12:00:00+00:00, run_after=2026-03-22 12:00:00+00:00
[2026-03-21T22:54:00.648+0000] {processor.py:208} INFO - Processing /opt/airflow/dags/job_scraping_dag.py took 0.606 seconds
[2026-03-21T22:54:31.046+0000] {processor.py:186} INFO - Started process (PID=2444) to work on /opt/airflow/dags/job_scraping_dag.py
[2026-03-21T22:54:31.048+0000] {processor.py:914} INFO - Processing file /opt/airflow/dags/job_scraping_dag.py for tasks to queue
[2026-03-21T22:54:31.050+0000] {logging_mixin.py:190} INFO - [2026-03-21T22:54:31.050+0000] {dagbag.py:588} INFO - Filling up the DagBag from /opt/airflow/dags/job_scraping_dag.py
[2026-03-21T22:54:31.817+0000] {processor.py:925} INFO - DAG(s) 'daily_job_scraping' retrieved from /opt/airflow/dags/job_scraping_dag.py
[2026-03-21T22:54:31.842+0000] {logging_mixin.py:190} INFO - [2026-03-21T22:54:31.842+0000] {dag.py:3239} INFO - Sync 1 DAGs
[2026-03-21T22:54:31.863+0000] {logging_mixin.py:190} INFO - [2026-03-21T22:54:31.863+0000] {dag.py:4180} INFO - Setting next_dagrun for daily_job_scraping to 2026-03-21 12:00:00+00:00, run_after=2026-03-22 12:00:00+00:00
[2026-03-21T22:54:31.888+0000] {processor.py:208} INFO - Processing /opt/airflow/dags/job_scraping_dag.py took 0.853 seconds
[2026-03-21T22:55:01.975+0000] {processor.py:186} INFO - Started process (PID=2450) to work on /opt/airflow/dags/job_scraping_dag.py
[2026-03-21T22:55:01.976+0000] {processor.py:914} INFO - Processing file /opt/airflow/dags/job_scraping_dag.py for tasks to queue
[2026-03-21T22:55:01.977+0000] {logging_mixin.py:190} INFO - [2026-03-21T22:55:01.977+0000] {dagbag.py:588} INFO - Filling up the DagBag from /opt/airflow/dags/job_scraping_dag.py
[2026-03-21T22:55:02.477+0000] {processor.py:925} INFO - DAG(s) 'daily_job_scraping' retrieved from /opt/airflow/dags/job_scraping_dag.py
[2026-03-21T22:55:02.502+0000] {logging_mixin.py:190} INFO - [2026-03-21T22:55:02.501+0000] {dag.py:3239} INFO - Sync 1 DAGs
[2026-03-21T22:55:02.519+0000] {logging_mixin.py:190} INFO - [2026-03-21T22:55:02.519+0000] {dag.py:4180} INFO - Setting next_dagrun for daily_job_scraping to 2026-03-21 12:00:00+00:00, run_after=2026-03-22 12:00:00+00:00
[2026-03-21T22:55:02.540+0000] {processor.py:208} INFO - Processing /opt/airflow/dags/job_scraping_dag.py took 0.571 seconds
[2026-03-21T22:55:32.912+0000] {processor.py:186} INFO - Started process (PID=2456) to work on /opt/airflow/dags/job_scraping_dag.py
[2026-03-21T22:55:32.913+0000] {processor.py:914} INFO - Processing file /opt/airflow/dags/job_scraping_dag.py for tasks to queue
[2026-03-21T22:55:32.915+0000] {logging_mixin.py:190} INFO - [2026-03-21T22:55:32.914+0000] {dagbag.py:588} INFO - Filling up the DagBag from /opt/airflow/dags/job_scraping_dag.py
[2026-03-21T22:55:33.459+0000] {processor.py:925} INFO - DAG(s) 'daily_job_scraping' retrieved from /opt/airflow/dags/job_scraping_dag.py
[2026-03-21T22:55:33.485+0000] {logging_mixin.py:190} INFO - [2026-03-21T22:55:33.485+0000] {dag.py:3239} INFO - Sync 1 DAGs
[2026-03-21T22:55:33.504+0000] {logging_mixin.py:190} INFO - [2026-03-21T22:55:33.504+0000] {dag.py:4180} INFO - Setting next_dagrun for daily_job_scraping to 2026-03-21 12:00:00+00:00, run_after=2026-03-22 12:00:00+00:00
[2026-03-21T22:55:33.523+0000] {processor.py:208} INFO - Processing /opt/airflow/dags/job_scraping_dag.py took 0.617 seconds
[2026-03-21T22:56:03.909+0000] {processor.py:186} INFO - Started process (PID=2462) to work on /opt/airflow/dags/job_scraping_dag.py
[2026-03-21T22:56:03.910+0000] {processor.py:914} INFO - Processing file /opt/airflow/dags/job_scraping_dag.py for tasks to queue
[2026-03-21T22:56:03.912+0000] {logging_mixin.py:190} INFO - [2026-03-21T22:56:03.911+0000] {dagbag.py:588} INFO - Filling up the DagBag from /opt/airflow/dags/job_scraping_dag.py
[2026-03-21T22:56:04.647+0000] {processor.py:925} INFO - DAG(s) 'daily_job_scraping' retrieved from /opt/airflow/dags/job_scraping_dag.py
[2026-03-21T22:56:04.670+0000] {logging_mixin.py:190} INFO - [2026-03-21T22:56:04.669+0000] {dag.py:3239} INFO - Sync 1 DAGs
[2026-03-21T22:56:04.687+0000] {logging_mixin.py:190} INFO - [2026-03-21T22:56:04.686+0000] {dag.py:4180} INFO - Setting next_dagrun for daily_job_scraping to 2026-03-21 12:00:00+00:00, run_after=2026-03-22 12:00:00+00:00
[2026-03-21T22:56:04.709+0000] {processor.py:208} INFO - Processing /opt/airflow/dags/job_scraping_dag.py took 0.806 seconds
[2026-03-21T22:56:35.106+0000] {processor.py:186} INFO - Started process (PID=2468) to work on /opt/airflow/dags/job_scraping_dag.py
[2026-03-21T22:56:35.107+0000] {processor.py:914} INFO - Processing file /opt/airflow/dags/job_scraping_dag.py for tasks to queue
[2026-03-21T22:56:35.108+0000] {logging_mixin.py:190} INFO - [2026-03-21T22:56:35.108+0000] {dagbag.py:588} INFO - Filling up the DagBag from /opt/airflow/dags/job_scraping_dag.py
[2026-03-21T22:56:35.608+0000] {processor.py:925} INFO - DAG(s) 'daily_job_scraping' retrieved from /opt/airflow/dags/job_scraping_dag.py
[2026-03-21T22:56:35.632+0000] {logging_mixin.py:190} INFO - [2026-03-21T22:56:35.632+0000] {dag.py:3239} INFO - Sync 1 DAGs
[2026-03-21T22:56:35.653+0000] {logging_mixin.py:190} INFO - [2026-03-21T22:56:35.653+0000] {dag.py:4180} INFO - Setting next_dagrun for daily_job_scraping to 2026-03-21 12:00:00+00:00, run_after=2026-03-22 12:00:00+00:00
[2026-03-21T22:56:35.675+0000] {processor.py:208} INFO - Processing /opt/airflow/dags/job_scraping_dag.py took 0.575 seconds
[2026-03-21T22:57:06.023+0000] {processor.py:186} INFO - Started process (PID=2474) to work on /opt/airflow/dags/job_scraping_dag.py
[2026-03-21T22:57:06.025+0000] {processor.py:914} INFO - Processing file /opt/airflow/dags/job_scraping_dag.py for tasks to queue
[2026-03-21T22:57:06.027+0000] {logging_mixin.py:190} INFO - [2026-03-21T22:57:06.026+0000] {dagbag.py:588} INFO - Filling up the DagBag from /opt/airflow/dags/job_scraping_dag.py
[2026-03-21T22:57:06.637+0000] {processor.py:925} INFO - DAG(s) 'daily_job_scraping' retrieved from /opt/airflow/dags/job_scraping_dag.py
[2026-03-21T22:57:06.662+0000] {logging_mixin.py:190} INFO - [2026-03-21T22:57:06.661+0000] {dag.py:3239} INFO - Sync 1 DAGs
[2026-03-21T22:57:06.682+0000] {logging_mixin.py:190} INFO - [2026-03-21T22:57:06.682+0000] {dag.py:4180} INFO - Setting next_dagrun for daily_job_scraping to 2026-03-21 12:00:00+00:00, run_after=2026-03-22 12:00:00+00:00
[2026-03-21T22:57:06.706+0000] {processor.py:208} INFO - Processing /opt/airflow/dags/job_scraping_dag.py took 0.689 seconds
[2026-03-21T22:57:37.029+0000] {processor.py:186} INFO - Started process (PID=2480) to work on /opt/airflow/dags/job_scraping_dag.py
[2026-03-21T22:57:37.031+0000] {processor.py:914} INFO - Processing file /opt/airflow/dags/job_scraping_dag.py for tasks to queue
[2026-03-21T22:57:37.032+0000] {logging_mixin.py:190} INFO - [2026-03-21T22:57:37.032+0000] {dagbag.py:588} INFO - Filling up the DagBag from /opt/airflow/dags/job_scraping_dag.py
[2026-03-21T22:57:37.572+0000] {processor.py:925} INFO - DAG(s) 'daily_job_scraping' retrieved from /opt/airflow/dags/job_scraping_dag.py
[2026-03-21T22:57:37.596+0000] {logging_mixin.py:190} INFO - [2026-03-21T22:57:37.596+0000] {dag.py:3239} INFO - Sync 1 DAGs
[2026-03-21T22:57:37.616+0000] {logging_mixin.py:190} INFO - [2026-03-21T22:57:37.616+0000] {dag.py:4180} INFO - Setting next_dagrun for daily_job_scraping to 2026-03-21 12:00:00+00:00, run_after=2026-03-22 12:00:00+00:00
[2026-03-21T22:57:37.639+0000] {processor.py:208} INFO - Processing /opt/airflow/dags/job_scraping_dag.py took 0.616 seconds
[2026-03-21T22:58:07.986+0000] {processor.py:186} INFO - Started process (PID=2486) to work on /opt/airflow/dags/job_scraping_dag.py
[2026-03-21T22:58:07.987+0000] {processor.py:914} INFO - Processing file /opt/airflow/dags/job_scraping_dag.py for tasks to queue
[2026-03-21T22:58:07.988+0000] {logging_mixin.py:190} INFO - [2026-03-21T22:58:07.988+0000] {dagbag.py:588} INFO - Filling up the DagBag from /opt/airflow/dags/job_scraping_dag.py
[2026-03-21T22:58:08.525+0000] {processor.py:925} INFO - DAG(s) 'daily_job_scraping' retrieved from /opt/airflow/dags/job_scraping_dag.py
[2026-03-21T22:58:08.548+0000] {logging_mixin.py:190} INFO - [2026-03-21T22:58:08.548+0000] {dag.py:3239} INFO - Sync 1 DAGs
[2026-03-21T22:58:08.566+0000] {logging_mixin.py:190} INFO - [2026-03-21T22:58:08.566+0000] {dag.py:4180} INFO - Setting next_dagrun for daily_job_scraping to 2026-03-21 12:00:00+00:00, run_after=2026-03-22 12:00:00+00:00
[2026-03-21T22:58:08.585+0000] {processor.py:208} INFO - Processing /opt/airflow/dags/job_scraping_dag.py took 0.605 seconds
[2026-03-21T22:58:38.664+0000] {processor.py:186} INFO - Started process (PID=2492) to work on /opt/airflow/dags/job_scraping_dag.py
[2026-03-21T22:58:38.666+0000] {processor.py:914} INFO - Processing file /opt/airflow/dags/job_scraping_dag.py for tasks to queue
[2026-03-21T22:58:38.668+0000] {logging_mixin.py:190} INFO - [2026-03-21T22:58:38.667+0000] {dagbag.py:588} INFO - Filling up the DagBag from /opt/airflow/dags/job_scraping_dag.py
[2026-03-21T22:58:39.172+0000] {processor.py:925} INFO - DAG(s) 'daily_job_scraping' retrieved from /opt/airflow/dags/job_scraping_dag.py
[2026-03-21T22:58:39.194+0000] {logging_mixin.py:190} INFO - [2026-03-21T22:58:39.194+0000] {dag.py:3239} INFO - Sync 1 DAGs
[2026-03-21T22:58:39.212+0000] {logging_mixin.py:190} INFO - [2026-03-21T22:58:39.212+0000] {dag.py:4180} INFO - Setting next_dagrun for daily_job_scraping to 2026-03-21 12:00:00+00:00, run_after=2026-03-22 12:00:00+00:00
[2026-03-21T22:58:39.234+0000] {processor.py:208} INFO - Processing /opt/airflow/dags/job_scraping_dag.py took 0.575 seconds
[2026-03-21T22:59:09.531+0000] {processor.py:186} INFO - Started process (PID=2498) to work on /opt/airflow/dags/job_scraping_dag.py
[2026-03-21T22:59:09.532+0000] {processor.py:914} INFO - Processing file /opt/airflow/dags/job_scraping_dag.py for tasks to queue
[2026-03-21T22:59:09.534+0000] {logging_mixin.py:190} INFO - [2026-03-21T22:59:09.534+0000] {dagbag.py:588} INFO - Filling up the DagBag from /opt/airflow/dags/job_scraping_dag.py
[2026-03-21T22:59:10.083+0000] {processor.py:925} INFO - DAG(s) 'daily_job_scraping' retrieved from /opt/airflow/dags/job_scraping_dag.py
[2026-03-21T22:59:10.107+0000] {logging_mixin.py:190} INFO - [2026-03-21T22:59:10.106+0000] {dag.py:3239} INFO - Sync 1 DAGs
[2026-03-21T22:59:10.127+0000] {logging_mixin.py:190} INFO - [2026-03-21T22:59:10.127+0000] {dag.py:4180} INFO - Setting next_dagrun for daily_job_scraping to 2026-03-21 12:00:00+00:00, run_after=2026-03-22 12:00:00+00:00
[2026-03-21T22:59:10.152+0000] {processor.py:208} INFO - Processing /opt/airflow/dags/job_scraping_dag.py took 0.627 seconds
[2026-03-21T22:59:40.561+0000] {processor.py:186} INFO - Started process (PID=2504) to work on /opt/airflow/dags/job_scraping_dag.py
[2026-03-21T22:59:40.562+0000] {processor.py:914} INFO - Processing file /opt/airflow/dags/job_scraping_dag.py for tasks to queue
[2026-03-21T22:59:40.563+0000] {logging_mixin.py:190} INFO - [2026-03-21T22:59:40.563+0000] {dagbag.py:588} INFO - Filling up the DagBag from /opt/airflow/dags/job_scraping_dag.py
[2026-03-21T22:59:41.116+0000] {processor.py:925} INFO - DAG(s) 'daily_job_scraping' retrieved from /opt/airflow/dags/job_scraping_dag.py
[2026-03-21T22:59:41.143+0000] {logging_mixin.py:190} INFO - [2026-03-21T22:59:41.143+0000] {dag.py:3239} INFO - Sync 1 DAGs
[2026-03-21T22:59:41.164+0000] {logging_mixin.py:190} INFO - [2026-03-21T22:59:41.164+0000] {dag.py:4180} INFO - Setting next_dagrun for daily_job_scraping to 2026-03-21 12:00:00+00:00, run_after=2026-03-22 12:00:00+00:00
[2026-03-21T22:59:41.188+0000] {processor.py:208} INFO - Processing /opt/airflow/dags/job_scraping_dag.py took 0.634 seconds
[2026-03-21T23:00:11.543+0000] {processor.py:186} INFO - Started process (PID=2510) to work on /opt/airflow/dags/job_scraping_dag.py
[2026-03-21T23:00:11.545+0000] {processor.py:914} INFO - Processing file /opt/airflow/dags/job_scraping_dag.py for tasks to queue
[2026-03-21T23:00:11.547+0000] {logging_mixin.py:190} INFO - [2026-03-21T23:00:11.547+0000] {dagbag.py:588} INFO - Filling up the DagBag from /opt/airflow/dags/job_scraping_dag.py
[2026-03-21T23:00:12.089+0000] {processor.py:925} INFO - DAG(s) 'daily_job_scraping' retrieved from /opt/airflow/dags/job_scraping_dag.py
[2026-03-21T23:00:12.114+0000] {logging_mixin.py:190} INFO - [2026-03-21T23:00:12.114+0000] {dag.py:3239} INFO - Sync 1 DAGs
[2026-03-21T23:00:12.133+0000] {logging_mixin.py:190} INFO - [2026-03-21T23:00:12.133+0000] {dag.py:4180} INFO - Setting next_dagrun for daily_job_scraping to 2026-03-21 12:00:00+00:00, run_after=2026-03-22 12:00:00+00:00
[2026-03-21T23:00:12.153+0000] {processor.py:208} INFO - Processing /opt/airflow/dags/job_scraping_dag.py took 0.617 seconds
[2026-03-21T23:00:42.508+0000] {processor.py:186} INFO - Started process (PID=2516) to work on /opt/airflow/dags/job_scraping_dag.py
[2026-03-21T23:00:42.509+0000] {processor.py:914} INFO - Processing file /opt/airflow/dags/job_scraping_dag.py for tasks to queue
[2026-03-21T23:00:42.510+0000] {logging_mixin.py:190} INFO - [2026-03-21T23:00:42.510+0000] {dagbag.py:588} INFO - Filling up the DagBag from /opt/airflow/dags/job_scraping_dag.py
[2026-03-21T23:00:43.038+0000] {processor.py:925} INFO - DAG(s) 'daily_job_scraping' retrieved from /opt/airflow/dags/job_scraping_dag.py
[2026-03-21T23:00:43.063+0000] {logging_mixin.py:190} INFO - [2026-03-21T23:00:43.063+0000] {dag.py:3239} INFO - Sync 1 DAGs
[2026-03-21T23:00:43.083+0000] {logging_mixin.py:190} INFO - [2026-03-21T23:00:43.082+0000] {dag.py:4180} INFO - Setting next_dagrun for daily_job_scraping to 2026-03-21 12:00:00+00:00, run_after=2026-03-22 12:00:00+00:00
[2026-03-21T23:00:43.104+0000] {processor.py:208} INFO - Processing /opt/airflow/dags/job_scraping_dag.py took 0.601 seconds
[2026-03-21T23:01:13.468+0000] {processor.py:186} INFO - Started process (PID=2522) to work on /opt/airflow/dags/job_scraping_dag.py
[2026-03-21T23:01:13.470+0000] {processor.py:914} INFO - Processing file /opt/airflow/dags/job_scraping_dag.py for tasks to queue
[2026-03-21T23:01:13.471+0000] {logging_mixin.py:190} INFO - [2026-03-21T23:01:13.471+0000] {dagbag.py:588} INFO - Filling up the DagBag from /opt/airflow/dags/job_scraping_dag.py
[2026-03-21T23:01:14.065+0000] {processor.py:925} INFO - DAG(s) 'daily_job_scraping' retrieved from /opt/airflow/dags/job_scraping_dag.py
[2026-03-21T23:01:14.089+0000] {logging_mixin.py:190} INFO - [2026-03-21T23:01:14.088+0000] {dag.py:3239} INFO - Sync 1 DAGs
[2026-03-21T23:01:14.107+0000] {logging_mixin.py:190} INFO - [2026-03-21T23:01:14.107+0000] {dag.py:4180} INFO - Setting next_dagrun for daily_job_scraping to 2026-03-21 12:00:00+00:00, run_after=2026-03-22 12:00:00+00:00
[2026-03-21T23:01:14.128+0000] {processor.py:208} INFO - Processing /opt/airflow/dags/job_scraping_dag.py took 0.667 seconds
[2026-03-21T23:01:44.500+0000] {processor.py:186} INFO - Started process (PID=2528) to work on /opt/airflow/dags/job_scraping_dag.py
[2026-03-21T23:01:44.502+0000] {processor.py:914} INFO - Processing file /opt/airflow/dags/job_scraping_dag.py for tasks to queue
[2026-03-21T23:01:44.503+0000] {logging_mixin.py:190} INFO - [2026-03-21T23:01:44.503+0000] {dagbag.py:588} INFO - Filling up the DagBag from /opt/airflow/dags/job_scraping_dag.py
[2026-03-21T23:01:45.017+0000] {processor.py:925} INFO - DAG(s) 'daily_job_scraping' retrieved from /opt/airflow/dags/job_scraping_dag.py
[2026-03-21T23:01:45.041+0000] {logging_mixin.py:190} INFO - [2026-03-21T23:01:45.041+0000] {dag.py:3239} INFO - Sync 1 DAGs
[2026-03-21T23:01:45.060+0000] {logging_mixin.py:190} INFO - [2026-03-21T23:01:45.060+0000] {dag.py:4180} INFO - Setting next_dagrun for daily_job_scraping to 2026-03-21 12:00:00+00:00, run_after=2026-03-22 12:00:00+00:00
[2026-03-21T23:01:45.080+0000] {processor.py:208} INFO - Processing /opt/airflow/dags/job_scraping_dag.py took 0.586 seconds
[2026-03-21T23:02:15.405+0000] {processor.py:186} INFO - Started process (PID=2534) to work on /opt/airflow/dags/job_scraping_dag.py
[2026-03-21T23:02:15.406+0000] {processor.py:914} INFO - Processing file /opt/airflow/dags/job_scraping_dag.py for tasks to queue
[2026-03-21T23:02:15.407+0000] {logging_mixin.py:190} INFO - [2026-03-21T23:02:15.407+0000] {dagbag.py:588} INFO - Filling up the DagBag from /opt/airflow/dags/job_scraping_dag.py
[2026-03-21T23:02:15.935+0000] {processor.py:925} INFO - DAG(s) 'daily_job_scraping' retrieved from /opt/airflow/dags/job_scraping_dag.py
[2026-03-21T23:02:15.958+0000] {logging_mixin.py:190} INFO - [2026-03-21T23:02:15.958+0000] {dag.py:3239} INFO - Sync 1 DAGs
[2026-03-21T23:02:15.979+0000] {logging_mixin.py:190} INFO - [2026-03-21T23:02:15.978+0000] {dag.py:4180} INFO - Setting next_dagrun for daily_job_scraping to 2026-03-21 12:00:00+00:00, run_after=2026-03-22 12:00:00+00:00
[2026-03-21T23:02:15.997+0000] {processor.py:208} INFO - Processing /opt/airflow/dags/job_scraping_dag.py took 0.598 seconds
[2026-03-21T23:02:46.168+0000] {processor.py:186} INFO - Started process (PID=2540) to work on /opt/airflow/dags/job_scraping_dag.py
[2026-03-21T23:02:46.169+0000] {processor.py:914} INFO - Processing file /opt/airflow/dags/job_scraping_dag.py for tasks to queue
[2026-03-21T23:02:46.171+0000] {logging_mixin.py:190} INFO - [2026-03-21T23:02:46.170+0000] {dagbag.py:588} INFO - Filling up the DagBag from /opt/airflow/dags/job_scraping_dag.py
[2026-03-21T23:02:46.685+0000] {processor.py:925} INFO - DAG(s) 'daily_job_scraping' retrieved from /opt/airflow/dags/job_scraping_dag.py
[2026-03-21T23:02:46.709+0000] {logging_mixin.py:190} INFO - [2026-03-21T23:02:46.709+0000] {dag.py:3239} INFO - Sync 1 DAGs
[2026-03-21T23:02:46.728+0000] {logging_mixin.py:190} INFO - [2026-03-21T23:02:46.728+0000] {dag.py:4180} INFO - Setting next_dagrun for daily_job_scraping to 2026-03-21 12:00:00+00:00, run_after=2026-03-22 12:00:00+00:00
[2026-03-21T23:02:46.747+0000] {processor.py:208} INFO - Processing /opt/airflow/dags/job_scraping_dag.py took 0.584 seconds
[2026-03-21T23:03:17.090+0000] {processor.py:186} INFO - Started process (PID=2546) to work on /opt/airflow/dags/job_scraping_dag.py
[2026-03-21T23:03:17.091+0000] {processor.py:914} INFO - Processing file /opt/airflow/dags/job_scraping_dag.py for tasks to queue
[2026-03-21T23:03:17.092+0000] {logging_mixin.py:190} INFO - [2026-03-21T23:03:17.092+0000] {dagbag.py:588} INFO - Filling up the DagBag from /opt/airflow/dags/job_scraping_dag.py
[2026-03-21T23:03:17.615+0000] {processor.py:925} INFO - DAG(s) 'daily_job_scraping' retrieved from /opt/airflow/dags/job_scraping_dag.py
[2026-03-21T23:03:17.640+0000] {logging_mixin.py:190} INFO - [2026-03-21T23:03:17.639+0000] {dag.py:3239} INFO - Sync 1 DAGs
[2026-03-21T23:03:17.657+0000] {logging_mixin.py:190} INFO - [2026-03-21T23:03:17.657+0000] {dag.py:4180} INFO - Setting next_dagrun for daily_job_scraping to 2026-03-21 12:00:00+00:00, run_after=2026-03-22 12:00:00+00:00
[2026-03-21T23:03:17.679+0000] {processor.py:208} INFO - Processing /opt/airflow/dags/job_scraping_dag.py took 0.598 seconds
[2026-03-21T23:03:48.047+0000] {processor.py:186} INFO - Started process (PID=2552) to work on /opt/airflow/dags/job_scraping_dag.py
[2026-03-21T23:03:48.048+0000] {processor.py:914} INFO - Processing file /opt/airflow/dags/job_scraping_dag.py for tasks to queue
[2026-03-21T23:03:48.050+0000] {logging_mixin.py:190} INFO - [2026-03-21T23:03:48.049+0000] {dagbag.py:588} INFO - Filling up the DagBag from /opt/airflow/dags/job_scraping_dag.py
[2026-03-21T23:03:48.576+0000] {processor.py:925} INFO - DAG(s) 'daily_job_scraping' retrieved from /opt/airflow/dags/job_scraping_dag.py
[2026-03-21T23:03:48.599+0000] {logging_mixin.py:190} INFO - [2026-03-21T23:03:48.598+0000] {dag.py:3239} INFO - Sync 1 DAGs
[2026-03-21T23:03:48.616+0000] {logging_mixin.py:190} INFO - [2026-03-21T23:03:48.616+0000] {dag.py:4180} INFO - Setting next_dagrun for daily_job_scraping to 2026-03-21 12:00:00+00:00, run_after=2026-03-22 12:00:00+00:00
[2026-03-21T23:03:48.639+0000] {processor.py:208} INFO - Processing /opt/airflow/dags/job_scraping_dag.py took 0.597 seconds
[2026-03-21T23:04:18.990+0000] {processor.py:186} INFO - Started process (PID=2558) to work on /opt/airflow/dags/job_scraping_dag.py
[2026-03-21T23:04:18.991+0000] {processor.py:914} INFO - Processing file /opt/airflow/dags/job_scraping_dag.py for tasks to queue
[2026-03-21T23:04:18.993+0000] {logging_mixin.py:190} INFO - [2026-03-21T23:04:18.992+0000] {dagbag.py:588} INFO - Filling up the DagBag from /opt/airflow/dags/job_scraping_dag.py
[2026-03-21T23:04:19.523+0000] {processor.py:925} INFO - DAG(s) 'daily_job_scraping' retrieved from /opt/airflow/dags/job_scraping_dag.py
[2026-03-21T23:04:19.547+0000] {logging_mixin.py:190} INFO - [2026-03-21T23:04:19.547+0000] {dag.py:3239} INFO - Sync 1 DAGs
[2026-03-21T23:04:19.565+0000] {logging_mixin.py:190} INFO - [2026-03-21T23:04:19.565+0000] {dag.py:4180} INFO - Setting next_dagrun for daily_job_scraping to 2026-03-21 12:00:00+00:00, run_after=2026-03-22 12:00:00+00:00
[2026-03-21T23:04:19.586+0000] {processor.py:208} INFO - Processing /opt/airflow/dags/job_scraping_dag.py took 0.602 seconds
[2026-03-21T23:04:49.760+0000] {processor.py:186} INFO - Started process (PID=2564) to work on /opt/airflow/dags/job_scraping_dag.py
[2026-03-21T23:04:49.762+0000] {processor.py:914} INFO - Processing file /opt/airflow/dags/job_scraping_dag.py for tasks to queue
[2026-03-21T23:04:49.763+0000] {logging_mixin.py:190} INFO - [2026-03-21T23:04:49.763+0000] {dagbag.py:588} INFO - Filling up the DagBag from /opt/airflow/dags/job_scraping_dag.py
[2026-03-21T23:04:50.304+0000] {processor.py:925} INFO - DAG(s) 'daily_job_scraping' retrieved from /opt/airflow/dags/job_scraping_dag.py
[2026-03-21T23:04:50.325+0000] {logging_mixin.py:190} INFO - [2026-03-21T23:04:50.324+0000] {dag.py:3239} INFO - Sync 1 DAGs
[2026-03-21T23:04:50.343+0000] {logging_mixin.py:190} INFO - [2026-03-21T23:04:50.343+0000] {dag.py:4180} INFO - Setting next_dagrun for daily_job_scraping to 2026-03-21 12:00:00+00:00, run_after=2026-03-22 12:00:00+00:00
[2026-03-21T23:04:50.367+0000] {processor.py:208} INFO - Processing /opt/airflow/dags/job_scraping_dag.py took 0.612 seconds
[2026-03-21T23:05:20.765+0000] {processor.py:186} INFO - Started process (PID=2570) to work on /opt/airflow/dags/job_scraping_dag.py
[2026-03-21T23:05:20.767+0000] {processor.py:914} INFO - Processing file /opt/airflow/dags/job_scraping_dag.py for tasks to queue
[2026-03-21T23:05:20.769+0000] {logging_mixin.py:190} INFO - [2026-03-21T23:05:20.768+0000] {dagbag.py:588} INFO - Filling up the DagBag from /opt/airflow/dags/job_scraping_dag.py
[2026-03-21T23:05:21.312+0000] {processor.py:925} INFO - DAG(s) 'daily_job_scraping' retrieved from /opt/airflow/dags/job_scraping_dag.py
[2026-03-21T23:05:21.333+0000] {logging_mixin.py:190} INFO - [2026-03-21T23:05:21.333+0000] {dag.py:3239} INFO - Sync 1 DAGs
[2026-03-21T23:05:21.352+0000] {logging_mixin.py:190} INFO - [2026-03-21T23:05:21.352+0000] {dag.py:4180} INFO - Setting next_dagrun for daily_job_scraping to 2026-03-21 12:00:00+00:00, run_after=2026-03-22 12:00:00+00:00
[2026-03-21T23:05:21.373+0000] {processor.py:208} INFO - Processing /opt/airflow/dags/job_scraping_dag.py took 0.615 seconds
[2026-03-21T23:05:51.675+0000] {processor.py:186} INFO - Started process (PID=2576) to work on /opt/airflow/dags/job_scraping_dag.py
[2026-03-21T23:05:51.676+0000] {processor.py:914} INFO - Processing file /opt/airflow/dags/job_scraping_dag.py for tasks to queue
[2026-03-21T23:05:51.678+0000] {logging_mixin.py:190} INFO - [2026-03-21T23:05:51.678+0000] {dagbag.py:588} INFO - Filling up the DagBag from /opt/airflow/dags/job_scraping_dag.py
[2026-03-21T23:05:52.318+0000] {processor.py:925} INFO - DAG(s) 'daily_job_scraping' retrieved from /opt/airflow/dags/job_scraping_dag.py
[2026-03-21T23:05:52.340+0000] {logging_mixin.py:190} INFO - [2026-03-21T23:05:52.340+0000] {dag.py:3239} INFO - Sync 1 DAGs
[2026-03-21T23:05:52.357+0000] {logging_mixin.py:190} INFO - [2026-03-21T23:05:52.357+0000] {dag.py:4180} INFO - Setting next_dagrun for daily_job_scraping to 2026-03-21 12:00:00+00:00, run_after=2026-03-22 12:00:00+00:00
[2026-03-21T23:05:52.376+0000] {processor.py:208} INFO - Processing /opt/airflow/dags/job_scraping_dag.py took 0.710 seconds
[2026-03-21T23:06:22.706+0000] {processor.py:186} INFO - Started process (PID=2582) to work on /opt/airflow/dags/job_scraping_dag.py
[2026-03-21T23:06:22.707+0000] {processor.py:914} INFO - Processing file /opt/airflow/dags/job_scraping_dag.py for tasks to queue
[2026-03-21T23:06:22.708+0000] {logging_mixin.py:190} INFO - [2026-03-21T23:06:22.708+0000] {dagbag.py:588} INFO - Filling up the DagBag from /opt/airflow/dags/job_scraping_dag.py
[2026-03-21T23:06:23.253+0000] {processor.py:925} INFO - DAG(s) 'daily_job_scraping' retrieved from /opt/airflow/dags/job_scraping_dag.py
[2026-03-21T23:06:23.276+0000] {logging_mixin.py:190} INFO - [2026-03-21T23:06:23.276+0000] {dag.py:3239} INFO - Sync 1 DAGs
[2026-03-21T23:06:23.297+0000] {logging_mixin.py:190} INFO - [2026-03-21T23:06:23.296+0000] {dag.py:4180} INFO - Setting next_dagrun for daily_job_scraping to 2026-03-21 12:00:00+00:00, run_after=2026-03-22 12:00:00+00:00
[2026-03-21T23:06:23.323+0000] {processor.py:208} INFO - Processing /opt/airflow/dags/job_scraping_dag.py took 0.622 seconds
[2026-03-21T23:06:53.649+0000] {processor.py:186} INFO - Started process (PID=2588) to work on /opt/airflow/dags/job_scraping_dag.py
[2026-03-21T23:06:53.650+0000] {processor.py:914} INFO - Processing file /opt/airflow/dags/job_scraping_dag.py for tasks to queue
[2026-03-21T23:06:53.651+0000] {logging_mixin.py:190} INFO - [2026-03-21T23:06:53.651+0000] {dagbag.py:588} INFO - Filling up the DagBag from /opt/airflow/dags/job_scraping_dag.py
[2026-03-21T23:06:54.221+0000] {processor.py:925} INFO - DAG(s) 'daily_job_scraping' retrieved from /opt/airflow/dags/job_scraping_dag.py
[2026-03-21T23:06:54.245+0000] {logging_mixin.py:190} INFO - [2026-03-21T23:06:54.245+0000] {dag.py:3239} INFO - Sync 1 DAGs
[2026-03-21T23:06:54.263+0000] {logging_mixin.py:190} INFO - [2026-03-21T23:06:54.263+0000] {dag.py:4180} INFO - Setting next_dagrun for daily_job_scraping to 2026-03-21 12:00:00+00:00, run_after=2026-03-22 12:00:00+00:00
[2026-03-21T23:06:54.283+0000] {processor.py:208} INFO - Processing /opt/airflow/dags/job_scraping_dag.py took 0.640 seconds
[2026-03-21T23:07:24.649+0000] {processor.py:186} INFO - Started process (PID=2594) to work on /opt/airflow/dags/job_scraping_dag.py
[2026-03-21T23:07:24.651+0000] {processor.py:914} INFO - Processing file /opt/airflow/dags/job_scraping_dag.py for tasks to queue
[2026-03-21T23:07:24.653+0000] {logging_mixin.py:190} INFO - [2026-03-21T23:07:24.652+0000] {dagbag.py:588} INFO - Filling up the DagBag from /opt/airflow/dags/job_scraping_dag.py
[2026-03-21T23:07:25.175+0000] {processor.py:925} INFO - DAG(s) 'daily_job_scraping' retrieved from /opt/airflow/dags/job_scraping_dag.py
[2026-03-21T23:07:25.198+0000] {logging_mixin.py:190} INFO - [2026-03-21T23:07:25.197+0000] {dag.py:3239} INFO - Sync 1 DAGs
[2026-03-21T23:07:25.215+0000] {logging_mixin.py:190} INFO - [2026-03-21T23:07:25.215+0000] {dag.py:4180} INFO - Setting next_dagrun for daily_job_scraping to 2026-03-21 12:00:00+00:00, run_after=2026-03-22 12:00:00+00:00
[2026-03-21T23:07:25.235+0000] {processor.py:208} INFO - Processing /opt/airflow/dags/job_scraping_dag.py took 0.593 seconds
[2026-03-21T23:07:55.610+0000] {processor.py:186} INFO - Started process (PID=2600) to work on /opt/airflow/dags/job_scraping_dag.py
[2026-03-21T23:07:55.611+0000] {processor.py:914} INFO - Processing file /opt/airflow/dags/job_scraping_dag.py for tasks to queue
[2026-03-21T23:07:55.612+0000] {logging_mixin.py:190} INFO - [2026-03-21T23:07:55.611+0000] {dagbag.py:588} INFO - Filling up the DagBag from /opt/airflow/dags/job_scraping_dag.py
[2026-03-21T23:07:56.136+0000] {processor.py:925} INFO - DAG(s) 'daily_job_scraping' retrieved from /opt/airflow/dags/job_scraping_dag.py
[2026-03-21T23:07:56.161+0000] {logging_mixin.py:190} INFO - [2026-03-21T23:07:56.160+0000] {dag.py:3239} INFO - Sync 1 DAGs
[2026-03-21T23:07:56.181+0000] {logging_mixin.py:190} INFO - [2026-03-21T23:07:56.181+0000] {dag.py:4180} INFO - Setting next_dagrun for daily_job_scraping to 2026-03-21 12:00:00+00:00, run_after=2026-03-22 12:00:00+00:00
[2026-03-21T23:07:56.201+0000] {processor.py:208} INFO - Processing /opt/airflow/dags/job_scraping_dag.py took 0.597 seconds
[2026-03-21T23:08:26.572+0000] {processor.py:186} INFO - Started process (PID=2606) to work on /opt/airflow/dags/job_scraping_dag.py
[2026-03-21T23:08:26.573+0000] {processor.py:914} INFO - Processing file /opt/airflow/dags/job_scraping_dag.py for tasks to queue
[2026-03-21T23:08:26.574+0000] {logging_mixin.py:190} INFO - [2026-03-21T23:08:26.574+0000] {dagbag.py:588} INFO - Filling up the DagBag from /opt/airflow/dags/job_scraping_dag.py
[2026-03-21T23:08:27.152+0000] {processor.py:925} INFO - DAG(s) 'daily_job_scraping' retrieved from /opt/airflow/dags/job_scraping_dag.py
[2026-03-21T23:08:27.179+0000] {logging_mixin.py:190} INFO - [2026-03-21T23:08:27.179+0000] {dag.py:3239} INFO - Sync 1 DAGs
[2026-03-21T23:08:27.197+0000] {logging_mixin.py:190} INFO - [2026-03-21T23:08:27.197+0000] {dag.py:4180} INFO - Setting next_dagrun for daily_job_scraping to 2026-03-21 12:00:00+00:00, run_after=2026-03-22 12:00:00+00:00
[2026-03-21T23:08:27.220+0000] {processor.py:208} INFO - Processing /opt/airflow/dags/job_scraping_dag.py took 0.653 seconds
[2026-03-21T23:08:57.689+0000] {processor.py:186} INFO - Started process (PID=2612) to work on /opt/airflow/dags/job_scraping_dag.py
[2026-03-21T23:08:57.690+0000] {processor.py:914} INFO - Processing file /opt/airflow/dags/job_scraping_dag.py for tasks to queue
[2026-03-21T23:08:57.692+0000] {logging_mixin.py:190} INFO - [2026-03-21T23:08:57.692+0000] {dagbag.py:588} INFO - Filling up the DagBag from /opt/airflow/dags/job_scraping_dag.py
[2026-03-21T23:08:58.333+0000] {processor.py:925} INFO - DAG(s) 'daily_job_scraping' retrieved from /opt/airflow/dags/job_scraping_dag.py
[2026-03-21T23:08:58.357+0000] {logging_mixin.py:190} INFO - [2026-03-21T23:08:58.356+0000] {dag.py:3239} INFO - Sync 1 DAGs
[2026-03-21T23:08:58.378+0000] {logging_mixin.py:190} INFO - [2026-03-21T23:08:58.377+0000] {dag.py:4180} INFO - Setting next_dagrun for daily_job_scraping to 2026-03-21 12:00:00+00:00, run_after=2026-03-22 12:00:00+00:00
[2026-03-21T23:08:58.399+0000] {processor.py:208} INFO - Processing /opt/airflow/dags/job_scraping_dag.py took 0.721 seconds
[2026-03-21T23:09:28.798+0000] {processor.py:186} INFO - Started process (PID=2618) to work on /opt/airflow/dags/job_scraping_dag.py
[2026-03-21T23:09:28.801+0000] {processor.py:914} INFO - Processing file /opt/airflow/dags/job_scraping_dag.py for tasks to queue
[2026-03-21T23:09:28.803+0000] {logging_mixin.py:190} INFO - [2026-03-21T23:09:28.802+0000] {dagbag.py:588} INFO - Filling up the DagBag from /opt/airflow/dags/job_scraping_dag.py
[2026-03-21T23:09:29.542+0000] {processor.py:925} INFO - DAG(s) 'daily_job_scraping' retrieved from /opt/airflow/dags/job_scraping_dag.py
[2026-03-21T23:09:29.569+0000] {logging_mixin.py:190} INFO - [2026-03-21T23:09:29.569+0000] {dag.py:3239} INFO - Sync 1 DAGs
[2026-03-21T23:09:29.601+0000] {logging_mixin.py:190} INFO - [2026-03-21T23:09:29.600+0000] {dag.py:4180} INFO - Setting next_dagrun for daily_job_scraping to 2026-03-21 12:00:00+00:00, run_after=2026-03-22 12:00:00+00:00
[2026-03-21T23:09:29.619+0000] {processor.py:208} INFO - Processing /opt/airflow/dags/job_scraping_dag.py took 0.835 seconds
[2026-03-21T23:09:59.980+0000] {processor.py:186} INFO - Started process (PID=2624) to work on /opt/airflow/dags/job_scraping_dag.py
[2026-03-21T23:09:59.982+0000] {processor.py:914} INFO - Processing file /opt/airflow/dags/job_scraping_dag.py for tasks to queue
[2026-03-21T23:09:59.983+0000] {logging_mixin.py:190} INFO - [2026-03-21T23:09:59.983+0000] {dagbag.py:588} INFO - Filling up the DagBag from /opt/airflow/dags/job_scraping_dag.py
[2026-03-21T23:10:00.655+0000] {processor.py:925} INFO - DAG(s) 'daily_job_scraping' retrieved from /opt/airflow/dags/job_scraping_dag.py
[2026-03-21T23:10:00.680+0000] {logging_mixin.py:190} INFO - [2026-03-21T23:10:00.680+0000] {dag.py:3239} INFO - Sync 1 DAGs
[2026-03-21T23:10:00.700+0000] {logging_mixin.py:190} INFO - [2026-03-21T23:10:00.700+0000] {dag.py:4180} INFO - Setting next_dagrun for daily_job_scraping to 2026-03-21 12:00:00+00:00, run_after=2026-03-22 12:00:00+00:00
[2026-03-21T23:10:00.717+0000] {processor.py:208} INFO - Processing /opt/airflow/dags/job_scraping_dag.py took 0.744 seconds
[2026-03-21T23:10:30.808+0000] {processor.py:186} INFO - Started process (PID=2630) to work on /opt/airflow/dags/job_scraping_dag.py
[2026-03-21T23:10:30.810+0000] {processor.py:914} INFO - Processing file /opt/airflow/dags/job_scraping_dag.py for tasks to queue
[2026-03-21T23:10:30.812+0000] {logging_mixin.py:190} INFO - [2026-03-21T23:10:30.811+0000] {dagbag.py:588} INFO - Filling up the DagBag from /opt/airflow/dags/job_scraping_dag.py
[2026-03-21T23:10:31.460+0000] {processor.py:925} INFO - DAG(s) 'daily_job_scraping' retrieved from /opt/airflow/dags/job_scraping_dag.py
[2026-03-21T23:10:31.485+0000] {logging_mixin.py:190} INFO - [2026-03-21T23:10:31.485+0000] {dag.py:3239} INFO - Sync 1 DAGs
[2026-03-21T23:10:31.512+0000] {logging_mixin.py:190} INFO - [2026-03-21T23:10:31.512+0000] {dag.py:4180} INFO - Setting next_dagrun for daily_job_scraping to 2026-03-21 12:00:00+00:00, run_after=2026-03-22 12:00:00+00:00
[2026-03-21T23:10:31.532+0000] {processor.py:208} INFO - Processing /opt/airflow/dags/job_scraping_dag.py took 0.732 seconds
[2026-03-21T23:11:01.890+0000] {processor.py:186} INFO - Started process (PID=2636) to work on /opt/airflow/dags/job_scraping_dag.py
[2026-03-21T23:11:01.893+0000] {processor.py:914} INFO - Processing file /opt/airflow/dags/job_scraping_dag.py for tasks to queue
[2026-03-21T23:11:01.895+0000] {logging_mixin.py:190} INFO - [2026-03-21T23:11:01.894+0000] {dagbag.py:588} INFO - Filling up the DagBag from /opt/airflow/dags/job_scraping_dag.py
[2026-03-21T23:11:02.732+0000] {processor.py:925} INFO - DAG(s) 'daily_job_scraping' retrieved from /opt/airflow/dags/job_scraping_dag.py
[2026-03-21T23:11:02.758+0000] {logging_mixin.py:190} INFO - [2026-03-21T23:11:02.758+0000] {dag.py:3239} INFO - Sync 1 DAGs
[2026-03-21T23:11:02.780+0000] {logging_mixin.py:190} INFO - [2026-03-21T23:11:02.780+0000] {dag.py:4180} INFO - Setting next_dagrun for daily_job_scraping to 2026-03-21 12:00:00+00:00, run_after=2026-03-22 12:00:00+00:00
[2026-03-21T23:11:02.804+0000] {processor.py:208} INFO - Processing /opt/airflow/dags/job_scraping_dag.py took 0.923 seconds
[2026-03-21T23:11:33.139+0000] {processor.py:186} INFO - Started process (PID=2642) to work on /opt/airflow/dags/job_scraping_dag.py
[2026-03-21T23:11:33.141+0000] {processor.py:914} INFO - Processing file /opt/airflow/dags/job_scraping_dag.py for tasks to queue
[2026-03-21T23:11:33.142+0000] {logging_mixin.py:190} INFO - [2026-03-21T23:11:33.141+0000] {dagbag.py:588} INFO - Filling up the DagBag from /opt/airflow/dags/job_scraping_dag.py
[2026-03-21T23:11:33.704+0000] {processor.py:925} INFO - DAG(s) 'daily_job_scraping' retrieved from /opt/airflow/dags/job_scraping_dag.py
[2026-03-21T23:11:33.731+0000] {logging_mixin.py:190} INFO - [2026-03-21T23:11:33.731+0000] {dag.py:3239} INFO - Sync 1 DAGs
[2026-03-21T23:11:33.755+0000] {logging_mixin.py:190} INFO - [2026-03-21T23:11:33.755+0000] {dag.py:4180} INFO - Setting next_dagrun for daily_job_scraping to 2026-03-21 12:00:00+00:00, run_after=2026-03-22 12:00:00+00:00
[2026-03-21T23:11:33.778+0000] {processor.py:208} INFO - Processing /opt/airflow/dags/job_scraping_dag.py took 0.645 seconds
[2026-03-21T23:12:03.926+0000] {processor.py:186} INFO - Started process (PID=2648) to work on /opt/airflow/dags/job_scraping_dag.py
[2026-03-21T23:12:03.928+0000] {processor.py:914} INFO - Processing file /opt/airflow/dags/job_scraping_dag.py for tasks to queue
[2026-03-21T23:12:03.929+0000] {logging_mixin.py:190} INFO - [2026-03-21T23:12:03.929+0000] {dagbag.py:588} INFO - Filling up the DagBag from /opt/airflow/dags/job_scraping_dag.py
[2026-03-21T23:12:04.729+0000] {processor.py:925} INFO - DAG(s) 'daily_job_scraping' retrieved from /opt/airflow/dags/job_scraping_dag.py
[2026-03-21T23:12:04.752+0000] {logging_mixin.py:190} INFO - [2026-03-21T23:12:04.751+0000] {dag.py:3239} INFO - Sync 1 DAGs
[2026-03-21T23:12:04.783+0000] {logging_mixin.py:190} INFO - [2026-03-21T23:12:04.783+0000] {dag.py:4180} INFO - Setting next_dagrun for daily_job_scraping to 2026-03-21 12:00:00+00:00, run_after=2026-03-22 12:00:00+00:00
[2026-03-21T23:12:04.803+0000] {processor.py:208} INFO - Processing /opt/airflow/dags/job_scraping_dag.py took 0.886 seconds
[2026-03-21T23:12:35.139+0000] {processor.py:186} INFO - Started process (PID=2654) to work on /opt/airflow/dags/job_scraping_dag.py
[2026-03-21T23:12:35.141+0000] {processor.py:914} INFO - Processing file /opt/airflow/dags/job_scraping_dag.py for tasks to queue
[2026-03-21T23:12:35.143+0000] {logging_mixin.py:190} INFO - [2026-03-21T23:12:35.142+0000] {dagbag.py:588} INFO - Filling up the DagBag from /opt/airflow/dags/job_scraping_dag.py
[2026-03-21T23:12:35.731+0000] {processor.py:925} INFO - DAG(s) 'daily_job_scraping' retrieved from /opt/airflow/dags/job_scraping_dag.py
[2026-03-21T23:12:35.761+0000] {logging_mixin.py:190} INFO - [2026-03-21T23:12:35.761+0000] {dag.py:3239} INFO - Sync 1 DAGs
[2026-03-21T23:12:35.783+0000] {logging_mixin.py:190} INFO - [2026-03-21T23:12:35.782+0000] {dag.py:4180} INFO - Setting next_dagrun for daily_job_scraping to 2026-03-21 12:00:00+00:00, run_after=2026-03-22 12:00:00+00:00
[2026-03-21T23:12:35.802+0000] {processor.py:208} INFO - Processing /opt/airflow/dags/job_scraping_dag.py took 0.669 seconds
[2026-03-21T23:13:06.128+0000] {processor.py:186} INFO - Started process (PID=2660) to work on /opt/airflow/dags/job_scraping_dag.py
[2026-03-21T23:13:06.129+0000] {processor.py:914} INFO - Processing file /opt/airflow/dags/job_scraping_dag.py for tasks to queue
[2026-03-21T23:13:06.131+0000] {logging_mixin.py:190} INFO - [2026-03-21T23:13:06.131+0000] {dagbag.py:588} INFO - Filling up the DagBag from /opt/airflow/dags/job_scraping_dag.py
[2026-03-21T23:13:06.674+0000] {processor.py:925} INFO - DAG(s) 'daily_job_scraping' retrieved from /opt/airflow/dags/job_scraping_dag.py
[2026-03-21T23:13:06.697+0000] {logging_mixin.py:190} INFO - [2026-03-21T23:13:06.697+0000] {dag.py:3239} INFO - Sync 1 DAGs
[2026-03-21T23:13:06.718+0000] {logging_mixin.py:190} INFO - [2026-03-21T23:13:06.717+0000] {dag.py:4180} INFO - Setting next_dagrun for daily_job_scraping to 2026-03-21 12:00:00+00:00, run_after=2026-03-22 12:00:00+00:00
[2026-03-21T23:13:06.740+0000] {processor.py:208} INFO - Processing /opt/airflow/dags/job_scraping_dag.py took 0.618 seconds
[2026-03-21T23:13:36.987+0000] {processor.py:186} INFO - Started process (PID=2666) to work on /opt/airflow/dags/job_scraping_dag.py
[2026-03-21T23:13:36.988+0000] {processor.py:914} INFO - Processing file /opt/airflow/dags/job_scraping_dag.py for tasks to queue
[2026-03-21T23:13:36.989+0000] {logging_mixin.py:190} INFO - [2026-03-21T23:13:36.989+0000] {dagbag.py:588} INFO - Filling up the DagBag from /opt/airflow/dags/job_scraping_dag.py
[2026-03-21T23:13:37.546+0000] {processor.py:925} INFO - DAG(s) 'daily_job_scraping' retrieved from /opt/airflow/dags/job_scraping_dag.py
[2026-03-21T23:13:37.570+0000] {logging_mixin.py:190} INFO - [2026-03-21T23:13:37.569+0000] {dag.py:3239} INFO - Sync 1 DAGs
[2026-03-21T23:13:37.588+0000] {logging_mixin.py:190} INFO - [2026-03-21T23:13:37.588+0000] {dag.py:4180} INFO - Setting next_dagrun for daily_job_scraping to 2026-03-21 12:00:00+00:00, run_after=2026-03-22 12:00:00+00:00
[2026-03-21T23:13:37.609+0000] {processor.py:208} INFO - Processing /opt/airflow/dags/job_scraping_dag.py took 0.629 seconds
[2026-03-21T23:14:07.940+0000] {processor.py:186} INFO - Started process (PID=2672) to work on /opt/airflow/dags/job_scraping_dag.py
[2026-03-21T23:14:07.941+0000] {processor.py:914} INFO - Processing file /opt/airflow/dags/job_scraping_dag.py for tasks to queue
[2026-03-21T23:14:07.943+0000] {logging_mixin.py:190} INFO - [2026-03-21T23:14:07.942+0000] {dagbag.py:588} INFO - Filling up the DagBag from /opt/airflow/dags/job_scraping_dag.py
[2026-03-21T23:14:08.449+0000] {processor.py:925} INFO - DAG(s) 'daily_job_scraping' retrieved from /opt/airflow/dags/job_scraping_dag.py
[2026-03-21T23:14:08.473+0000] {logging_mixin.py:190} INFO - [2026-03-21T23:14:08.472+0000] {dag.py:3239} INFO - Sync 1 DAGs
[2026-03-21T23:14:08.491+0000] {logging_mixin.py:190} INFO - [2026-03-21T23:14:08.490+0000] {dag.py:4180} INFO - Setting next_dagrun for daily_job_scraping to 2026-03-21 12:00:00+00:00, run_after=2026-03-22 12:00:00+00:00
[2026-03-21T23:14:08.515+0000] {processor.py:208} INFO - Processing /opt/airflow/dags/job_scraping_dag.py took 0.581 seconds
[2026-03-21T23:14:38.699+0000] {processor.py:186} INFO - Started process (PID=2678) to work on /opt/airflow/dags/job_scraping_dag.py
[2026-03-21T23:14:38.701+0000] {processor.py:914} INFO - Processing file /opt/airflow/dags/job_scraping_dag.py for tasks to queue
[2026-03-21T23:14:38.703+0000] {logging_mixin.py:190} INFO - [2026-03-21T23:14:38.702+0000] {dagbag.py:588} INFO - Filling up the DagBag from /opt/airflow/dags/job_scraping_dag.py
[2026-03-21T23:14:39.227+0000] {processor.py:925} INFO - DAG(s) 'daily_job_scraping' retrieved from /opt/airflow/dags/job_scraping_dag.py
[2026-03-21T23:14:39.251+0000] {logging_mixin.py:190} INFO - [2026-03-21T23:14:39.251+0000] {dag.py:3239} INFO - Sync 1 DAGs
[2026-03-21T23:14:39.271+0000] {logging_mixin.py:190} INFO - [2026-03-21T23:14:39.271+0000] {dag.py:4180} INFO - Setting next_dagrun for daily_job_scraping to 2026-03-21 12:00:00+00:00, run_after=2026-03-22 12:00:00+00:00
[2026-03-21T23:14:39.290+0000] {processor.py:208} INFO - Processing /opt/airflow/dags/job_scraping_dag.py took 0.598 seconds
[2026-03-21T23:15:09.620+0000] {processor.py:186} INFO - Started process (PID=2684) to work on /opt/airflow/dags/job_scraping_dag.py
[2026-03-21T23:15:09.621+0000] {processor.py:914} INFO - Processing file /opt/airflow/dags/job_scraping_dag.py for tasks to queue
[2026-03-21T23:15:09.623+0000] {logging_mixin.py:190} INFO - [2026-03-21T23:15:09.622+0000] {dagbag.py:588} INFO - Filling up the DagBag from /opt/airflow/dags/job_scraping_dag.py
[2026-03-21T23:15:10.206+0000] {processor.py:925} INFO - DAG(s) 'daily_job_scraping' retrieved from /opt/airflow/dags/job_scraping_dag.py
[2026-03-21T23:15:10.234+0000] {logging_mixin.py:190} INFO - [2026-03-21T23:15:10.233+0000] {dag.py:3239} INFO - Sync 1 DAGs
[2026-03-21T23:15:10.255+0000] {logging_mixin.py:190} INFO - [2026-03-21T23:15:10.254+0000] {dag.py:4180} INFO - Setting next_dagrun for daily_job_scraping to 2026-03-21 12:00:00+00:00, run_after=2026-03-22 12:00:00+00:00
[2026-03-21T23:15:10.277+0000] {processor.py:208} INFO - Processing /opt/airflow/dags/job_scraping_dag.py took 0.664 seconds
[2026-03-21T23:15:40.422+0000] {processor.py:186} INFO - Started process (PID=2690) to work on /opt/airflow/dags/job_scraping_dag.py
[2026-03-21T23:15:40.423+0000] {processor.py:914} INFO - Processing file /opt/airflow/dags/job_scraping_dag.py for tasks to queue
[2026-03-21T23:15:40.424+0000] {logging_mixin.py:190} INFO - [2026-03-21T23:15:40.424+0000] {dagbag.py:588} INFO - Filling up the DagBag from /opt/airflow/dags/job_scraping_dag.py
[2026-03-21T23:15:41.008+0000] {processor.py:925} INFO - DAG(s) 'daily_job_scraping' retrieved from /opt/airflow/dags/job_scraping_dag.py
[2026-03-21T23:15:41.035+0000] {logging_mixin.py:190} INFO - [2026-03-21T23:15:41.034+0000] {dag.py:3239} INFO - Sync 1 DAGs
[2026-03-21T23:15:41.058+0000] {logging_mixin.py:190} INFO - [2026-03-21T23:15:41.058+0000] {dag.py:4180} INFO - Setting next_dagrun for daily_job_scraping to 2026-03-21 12:00:00+00:00, run_after=2026-03-22 12:00:00+00:00
[2026-03-21T23:15:41.084+0000] {processor.py:208} INFO - Processing /opt/airflow/dags/job_scraping_dag.py took 0.668 seconds
[2026-03-21T23:16:11.443+0000] {processor.py:186} INFO - Started process (PID=2696) to work on /opt/airflow/dags/job_scraping_dag.py
[2026-03-21T23:16:11.444+0000] {processor.py:914} INFO - Processing file /opt/airflow/dags/job_scraping_dag.py for tasks to queue
[2026-03-21T23:16:11.445+0000] {logging_mixin.py:190} INFO - [2026-03-21T23:16:11.445+0000] {dagbag.py:588} INFO - Filling up the DagBag from /opt/airflow/dags/job_scraping_dag.py
[2026-03-21T23:16:11.994+0000] {processor.py:925} INFO - DAG(s) 'daily_job_scraping' retrieved from /opt/airflow/dags/job_scraping_dag.py
[2026-03-21T23:16:12.025+0000] {logging_mixin.py:190} INFO - [2026-03-21T23:16:12.025+0000] {dag.py:3239} INFO - Sync 1 DAGs
[2026-03-21T23:16:12.051+0000] {logging_mixin.py:190} INFO - [2026-03-21T23:16:12.051+0000] {dag.py:4180} INFO - Setting next_dagrun for daily_job_scraping to 2026-03-21 12:00:00+00:00, run_after=2026-03-22 12:00:00+00:00
[2026-03-21T23:16:12.080+0000] {processor.py:208} INFO - Processing /opt/airflow/dags/job_scraping_dag.py took 0.643 seconds
[2026-03-21T23:16:42.173+0000] {processor.py:186} INFO - Started process (PID=2702) to work on /opt/airflow/dags/job_scraping_dag.py
[2026-03-21T23:16:42.176+0000] {processor.py:914} INFO - Processing file /opt/airflow/dags/job_scraping_dag.py for tasks to queue
[2026-03-21T23:16:42.183+0000] {logging_mixin.py:190} INFO - [2026-03-21T23:16:42.179+0000] {dagbag.py:588} INFO - Filling up the DagBag from /opt/airflow/dags/job_scraping_dag.py
[2026-03-21T23:16:42.890+0000] {processor.py:925} INFO - DAG(s) 'daily_job_scraping' retrieved from /opt/airflow/dags/job_scraping_dag.py
[2026-03-21T23:16:42.917+0000] {logging_mixin.py:190} INFO - [2026-03-21T23:16:42.916+0000] {dag.py:3239} INFO - Sync 1 DAGs
[2026-03-21T23:16:42.937+0000] {logging_mixin.py:190} INFO - [2026-03-21T23:16:42.937+0000] {dag.py:4180} INFO - Setting next_dagrun for daily_job_scraping to 2026-03-21 12:00:00+00:00, run_after=2026-03-22 12:00:00+00:00
[2026-03-21T23:16:42.959+0000] {processor.py:208} INFO - Processing /opt/airflow/dags/job_scraping_dag.py took 0.797 seconds
[2026-03-21T23:17:13.282+0000] {processor.py:186} INFO - Started process (PID=2708) to work on /opt/airflow/dags/job_scraping_dag.py
[2026-03-21T23:17:13.284+0000] {processor.py:914} INFO - Processing file /opt/airflow/dags/job_scraping_dag.py for tasks to queue
[2026-03-21T23:17:13.287+0000] {logging_mixin.py:190} INFO - [2026-03-21T23:17:13.287+0000] {dagbag.py:588} INFO - Filling up the DagBag from /opt/airflow/dags/job_scraping_dag.py
[2026-03-21T23:17:14.105+0000] {processor.py:925} INFO - DAG(s) 'daily_job_scraping' retrieved from /opt/airflow/dags/job_scraping_dag.py
[2026-03-21T23:17:14.153+0000] {logging_mixin.py:190} INFO - [2026-03-21T23:17:14.152+0000] {dag.py:3239} INFO - Sync 1 DAGs
[2026-03-21T23:17:14.185+0000] {logging_mixin.py:190} INFO - [2026-03-21T23:17:14.185+0000] {dag.py:4180} INFO - Setting next_dagrun for daily_job_scraping to 2026-03-21 12:00:00+00:00, run_after=2026-03-22 12:00:00+00:00
[2026-03-21T23:17:14.204+0000] {processor.py:208} INFO - Processing /opt/airflow/dags/job_scraping_dag.py took 0.930 seconds
[2026-03-21T23:17:44.560+0000] {processor.py:186} INFO - Started process (PID=2714) to work on /opt/airflow/dags/job_scraping_dag.py
[2026-03-21T23:17:44.561+0000] {processor.py:914} INFO - Processing file /opt/airflow/dags/job_scraping_dag.py for tasks to queue
[2026-03-21T23:17:44.563+0000] {logging_mixin.py:190} INFO - [2026-03-21T23:17:44.563+0000] {dagbag.py:588} INFO - Filling up the DagBag from /opt/airflow/dags/job_scraping_dag.py
[2026-03-21T23:17:45.145+0000] {processor.py:925} INFO - DAG(s) 'daily_job_scraping' retrieved from /opt/airflow/dags/job_scraping_dag.py
[2026-03-21T23:17:45.167+0000] {logging_mixin.py:190} INFO - [2026-03-21T23:17:45.167+0000] {dag.py:3239} INFO - Sync 1 DAGs
[2026-03-21T23:17:45.185+0000] {logging_mixin.py:190} INFO - [2026-03-21T23:17:45.185+0000] {dag.py:4180} INFO - Setting next_dagrun for daily_job_scraping to 2026-03-21 12:00:00+00:00, run_after=2026-03-22 12:00:00+00:00
[2026-03-21T23:17:45.204+0000] {processor.py:208} INFO - Processing /opt/airflow/dags/job_scraping_dag.py took 0.650 seconds
[2026-03-21T23:18:15.284+0000] {processor.py:186} INFO - Started process (PID=2720) to work on /opt/airflow/dags/job_scraping_dag.py
[2026-03-21T23:18:15.285+0000] {processor.py:914} INFO - Processing file /opt/airflow/dags/job_scraping_dag.py for tasks to queue
[2026-03-21T23:18:15.287+0000] {logging_mixin.py:190} INFO - [2026-03-21T23:18:15.287+0000] {dagbag.py:588} INFO - Filling up the DagBag from /opt/airflow/dags/job_scraping_dag.py
[2026-03-21T23:18:15.805+0000] {processor.py:925} INFO - DAG(s) 'daily_job_scraping' retrieved from /opt/airflow/dags/job_scraping_dag.py
[2026-03-21T23:18:15.827+0000] {logging_mixin.py:190} INFO - [2026-03-21T23:18:15.827+0000] {dag.py:3239} INFO - Sync 1 DAGs
[2026-03-21T23:18:15.846+0000] {logging_mixin.py:190} INFO - [2026-03-21T23:18:15.846+0000] {dag.py:4180} INFO - Setting next_dagrun for daily_job_scraping to 2026-03-21 12:00:00+00:00, run_after=2026-03-22 12:00:00+00:00
[2026-03-21T23:18:15.867+0000] {processor.py:208} INFO - Processing /opt/airflow/dags/job_scraping_dag.py took 0.589 seconds
[2026-03-21T23:18:46.200+0000] {processor.py:186} INFO - Started process (PID=2726) to work on /opt/airflow/dags/job_scraping_dag.py
[2026-03-21T23:18:46.201+0000] {processor.py:914} INFO - Processing file /opt/airflow/dags/job_scraping_dag.py for tasks to queue
[2026-03-21T23:18:46.203+0000] {logging_mixin.py:190} INFO - [2026-03-21T23:18:46.203+0000] {dagbag.py:588} INFO - Filling up the DagBag from /opt/airflow/dags/job_scraping_dag.py
[2026-03-21T23:18:46.769+0000] {processor.py:925} INFO - DAG(s) 'daily_job_scraping' retrieved from /opt/airflow/dags/job_scraping_dag.py
[2026-03-21T23:18:46.799+0000] {logging_mixin.py:190} INFO - [2026-03-21T23:18:46.797+0000] {dag.py:3239} INFO - Sync 1 DAGs
[2026-03-21T23:18:46.822+0000] {logging_mixin.py:190} INFO - [2026-03-21T23:18:46.822+0000] {dag.py:4180} INFO - Setting next_dagrun for daily_job_scraping to 2026-03-21 12:00:00+00:00, run_after=2026-03-22 12:00:00+00:00
[2026-03-21T23:18:46.845+0000] {processor.py:208} INFO - Processing /opt/airflow/dags/job_scraping_dag.py took 0.652 seconds
[2026-03-21T23:19:17.152+0000] {processor.py:186} INFO - Started process (PID=2732) to work on /opt/airflow/dags/job_scraping_dag.py
[2026-03-21T23:19:17.153+0000] {processor.py:914} INFO - Processing file /opt/airflow/dags/job_scraping_dag.py for tasks to queue
[2026-03-21T23:19:17.155+0000] {logging_mixin.py:190} INFO - [2026-03-21T23:19:17.155+0000] {dagbag.py:588} INFO - Filling up the DagBag from /opt/airflow/dags/job_scraping_dag.py
[2026-03-21T23:19:17.721+0000] {processor.py:925} INFO - DAG(s) 'daily_job_scraping' retrieved from /opt/airflow/dags/job_scraping_dag.py
[2026-03-21T23:19:17.745+0000] {logging_mixin.py:190} INFO - [2026-03-21T23:19:17.745+0000] {dag.py:3239} INFO - Sync 1 DAGs
[2026-03-21T23:19:17.763+0000] {logging_mixin.py:190} INFO - [2026-03-21T23:19:17.762+0000] {dag.py:4180} INFO - Setting next_dagrun for daily_job_scraping to 2026-03-21 12:00:00+00:00, run_after=2026-03-22 12:00:00+00:00
[2026-03-21T23:19:17.782+0000] {processor.py:208} INFO - Processing /opt/airflow/dags/job_scraping_dag.py took 0.639 seconds
[2026-03-21T23:19:48.116+0000] {processor.py:186} INFO - Started process (PID=2738) to work on /opt/airflow/dags/job_scraping_dag.py
[2026-03-21T23:19:48.117+0000] {processor.py:914} INFO - Processing file /opt/airflow/dags/job_scraping_dag.py for tasks to queue
[2026-03-21T23:19:48.119+0000] {logging_mixin.py:190} INFO - [2026-03-21T23:19:48.118+0000] {dagbag.py:588} INFO - Filling up the DagBag from /opt/airflow/dags/job_scraping_dag.py
[2026-03-21T23:19:48.656+0000] {processor.py:925} INFO - DAG(s) 'daily_job_scraping' retrieved from /opt/airflow/dags/job_scraping_dag.py
[2026-03-21T23:19:48.689+0000] {logging_mixin.py:190} INFO - [2026-03-21T23:19:48.689+0000] {dag.py:3239} INFO - Sync 1 DAGs
[2026-03-21T23:19:48.711+0000] {logging_mixin.py:190} INFO - [2026-03-21T23:19:48.710+0000] {dag.py:4180} INFO - Setting next_dagrun for daily_job_scraping to 2026-03-21 12:00:00+00:00, run_after=2026-03-22 12:00:00+00:00
[2026-03-21T23:19:48.734+0000] {processor.py:208} INFO - Processing /opt/airflow/dags/job_scraping_dag.py took 0.624 seconds
[2026-03-21T23:20:19.053+0000] {processor.py:186} INFO - Started process (PID=2744) to work on /opt/airflow/dags/job_scraping_dag.py
[2026-03-21T23:20:19.054+0000] {processor.py:914} INFO - Processing file /opt/airflow/dags/job_scraping_dag.py for tasks to queue
[2026-03-21T23:20:19.056+0000] {logging_mixin.py:190} INFO - [2026-03-21T23:20:19.056+0000] {dagbag.py:588} INFO - Filling up the DagBag from /opt/airflow/dags/job_scraping_dag.py
[2026-03-21T23:20:19.678+0000] {processor.py:925} INFO - DAG(s) 'daily_job_scraping' retrieved from /opt/airflow/dags/job_scraping_dag.py
[2026-03-21T23:20:19.704+0000] {logging_mixin.py:190} INFO - [2026-03-21T23:20:19.703+0000] {dag.py:3239} INFO - Sync 1 DAGs
[2026-03-21T23:20:19.730+0000] {logging_mixin.py:190} INFO - [2026-03-21T23:20:19.730+0000] {dag.py:4180} INFO - Setting next_dagrun for daily_job_scraping to 2026-03-21 12:00:00+00:00, run_after=2026-03-22 12:00:00+00:00
[2026-03-21T23:20:19.750+0000] {processor.py:208} INFO - Processing /opt/airflow/dags/job_scraping_dag.py took 0.707 seconds
[2026-03-21T23:20:50.058+0000] {processor.py:186} INFO - Started process (PID=2750) to work on /opt/airflow/dags/job_scraping_dag.py
[2026-03-21T23:20:50.059+0000] {processor.py:914} INFO - Processing file /opt/airflow/dags/job_scraping_dag.py for tasks to queue
[2026-03-21T23:20:50.061+0000] {logging_mixin.py:190} INFO - [2026-03-21T23:20:50.060+0000] {dagbag.py:588} INFO - Filling up the DagBag from /opt/airflow/dags/job_scraping_dag.py
[2026-03-21T23:20:50.670+0000] {processor.py:925} INFO - DAG(s) 'daily_job_scraping' retrieved from /opt/airflow/dags/job_scraping_dag.py
[2026-03-21T23:20:50.700+0000] {logging_mixin.py:190} INFO - [2026-03-21T23:20:50.699+0000] {dag.py:3239} INFO - Sync 1 DAGs
[2026-03-21T23:20:50.726+0000] {logging_mixin.py:190} INFO - [2026-03-21T23:20:50.725+0000] {dag.py:4180} INFO - Setting next_dagrun for daily_job_scraping to 2026-03-21 12:00:00+00:00, run_after=2026-03-22 12:00:00+00:00
[2026-03-21T23:20:50.753+0000] {processor.py:208} INFO - Processing /opt/airflow/dags/job_scraping_dag.py took 0.700 seconds
[2026-03-21T23:21:21.082+0000] {processor.py:186} INFO - Started process (PID=2756) to work on /opt/airflow/dags/job_scraping_dag.py
[2026-03-21T23:21:21.083+0000] {processor.py:914} INFO - Processing file /opt/airflow/dags/job_scraping_dag.py for tasks to queue
[2026-03-21T23:21:21.085+0000] {logging_mixin.py:190} INFO - [2026-03-21T23:21:21.085+0000] {dagbag.py:588} INFO - Filling up the DagBag from /opt/airflow/dags/job_scraping_dag.py
[2026-03-21T23:21:21.682+0000] {processor.py:925} INFO - DAG(s) 'daily_job_scraping' retrieved from /opt/airflow/dags/job_scraping_dag.py
[2026-03-21T23:21:21.707+0000] {logging_mixin.py:190} INFO - [2026-03-21T23:21:21.707+0000] {dag.py:3239} INFO - Sync 1 DAGs
[2026-03-21T23:21:21.728+0000] {logging_mixin.py:190} INFO - [2026-03-21T23:21:21.728+0000] {dag.py:4180} INFO - Setting next_dagrun for daily_job_scraping to 2026-03-21 12:00:00+00:00, run_after=2026-03-22 12:00:00+00:00
[2026-03-21T23:21:21.748+0000] {processor.py:208} INFO - Processing /opt/airflow/dags/job_scraping_dag.py took 0.672 seconds
[2026-03-21T23:21:52.116+0000] {processor.py:186} INFO - Started process (PID=2762) to work on /opt/airflow/dags/job_scraping_dag.py
[2026-03-21T23:21:52.117+0000] {processor.py:914} INFO - Processing file /opt/airflow/dags/job_scraping_dag.py for tasks to queue
[2026-03-21T23:21:52.119+0000] {logging_mixin.py:190} INFO - [2026-03-21T23:21:52.118+0000] {dagbag.py:588} INFO - Filling up the DagBag from /opt/airflow/dags/job_scraping_dag.py
[2026-03-21T23:21:52.866+0000] {processor.py:925} INFO - DAG(s) 'daily_job_scraping' retrieved from /opt/airflow/dags/job_scraping_dag.py
[2026-03-21T23:21:52.890+0000] {logging_mixin.py:190} INFO - [2026-03-21T23:21:52.890+0000] {dag.py:3239} INFO - Sync 1 DAGs
[2026-03-21T23:21:52.911+0000] {logging_mixin.py:190} INFO - [2026-03-21T23:21:52.911+0000] {dag.py:4180} INFO - Setting next_dagrun for daily_job_scraping to 2026-03-21 12:00:00+00:00, run_after=2026-03-22 12:00:00+00:00
[2026-03-21T23:21:52.932+0000] {processor.py:208} INFO - Processing /opt/airflow/dags/job_scraping_dag.py took 0.821 seconds
[2026-03-21T23:22:23.240+0000] {processor.py:186} INFO - Started process (PID=2768) to work on /opt/airflow/dags/job_scraping_dag.py
[2026-03-21T23:22:23.241+0000] {processor.py:914} INFO - Processing file /opt/airflow/dags/job_scraping_dag.py for tasks to queue
[2026-03-21T23:22:23.243+0000] {logging_mixin.py:190} INFO - [2026-03-21T23:22:23.242+0000] {dagbag.py:588} INFO - Filling up the DagBag from /opt/airflow/dags/job_scraping_dag.py
[2026-03-21T23:22:23.801+0000] {processor.py:925} INFO - DAG(s) 'daily_job_scraping' retrieved from /opt/airflow/dags/job_scraping_dag.py
[2026-03-21T23:22:23.826+0000] {logging_mixin.py:190} INFO - [2026-03-21T23:22:23.826+0000] {dag.py:3239} INFO - Sync 1 DAGs
[2026-03-21T23:22:23.845+0000] {logging_mixin.py:190} INFO - [2026-03-21T23:22:23.844+0000] {dag.py:4180} INFO - Setting next_dagrun for daily_job_scraping to 2026-03-21 12:00:00+00:00, run_after=2026-03-22 12:00:00+00:00
[2026-03-21T23:22:24.206+0000] {processor.py:208} INFO - Processing /opt/airflow/dags/job_scraping_dag.py took 0.972 seconds
[2026-03-21T23:22:54.517+0000] {processor.py:186} INFO - Started process (PID=2774) to work on /opt/airflow/dags/job_scraping_dag.py
[2026-03-21T23:22:54.519+0000] {processor.py:914} INFO - Processing file /opt/airflow/dags/job_scraping_dag.py for tasks to queue
[2026-03-21T23:22:54.520+0000] {logging_mixin.py:190} INFO - [2026-03-21T23:22:54.520+0000] {dagbag.py:588} INFO - Filling up the DagBag from /opt/airflow/dags/job_scraping_dag.py
[2026-03-21T23:22:55.096+0000] {processor.py:925} INFO - DAG(s) 'daily_job_scraping' retrieved from /opt/airflow/dags/job_scraping_dag.py
[2026-03-21T23:22:55.122+0000] {logging_mixin.py:190} INFO - [2026-03-21T23:22:55.122+0000] {dag.py:3239} INFO - Sync 1 DAGs
[2026-03-21T23:22:55.141+0000] {logging_mixin.py:190} INFO - [2026-03-21T23:22:55.141+0000] {dag.py:4180} INFO - Setting next_dagrun for daily_job_scraping to 2026-03-21 12:00:00+00:00, run_after=2026-03-22 12:00:00+00:00
[2026-03-21T23:22:55.165+0000] {processor.py:208} INFO - Processing /opt/airflow/dags/job_scraping_dag.py took 0.654 seconds
[2026-03-21T23:23:25.500+0000] {processor.py:186} INFO - Started process (PID=2780) to work on /opt/airflow/dags/job_scraping_dag.py
[2026-03-21T23:23:25.501+0000] {processor.py:914} INFO - Processing file /opt/airflow/dags/job_scraping_dag.py for tasks to queue
[2026-03-21T23:23:25.505+0000] {logging_mixin.py:190} INFO - [2026-03-21T23:23:25.503+0000] {dagbag.py:588} INFO - Filling up the DagBag from /opt/airflow/dags/job_scraping_dag.py
[2026-03-21T23:23:26.184+0000] {processor.py:925} INFO - DAG(s) 'daily_job_scraping' retrieved from /opt/airflow/dags/job_scraping_dag.py
[2026-03-21T23:23:26.223+0000] {logging_mixin.py:190} INFO - [2026-03-21T23:23:26.222+0000] {dag.py:3239} INFO - Sync 1 DAGs
[2026-03-21T23:23:26.251+0000] {logging_mixin.py:190} INFO - [2026-03-21T23:23:26.250+0000] {dag.py:4180} INFO - Setting next_dagrun for daily_job_scraping to 2026-03-21 12:00:00+00:00, run_after=2026-03-22 12:00:00+00:00
[2026-03-21T23:23:26.271+0000] {processor.py:208} INFO - Processing /opt/airflow/dags/job_scraping_dag.py took 0.777 seconds
[2026-03-21T23:23:56.653+0000] {processor.py:186} INFO - Started process (PID=2786) to work on /opt/airflow/dags/job_scraping_dag.py
[2026-03-21T23:23:56.654+0000] {processor.py:914} INFO - Processing file /opt/airflow/dags/job_scraping_dag.py for tasks to queue
[2026-03-21T23:23:56.655+0000] {logging_mixin.py:190} INFO - [2026-03-21T23:23:56.655+0000] {dagbag.py:588} INFO - Filling up the DagBag from /opt/airflow/dags/job_scraping_dag.py
[2026-03-21T23:23:57.215+0000] {processor.py:925} INFO - DAG(s) 'daily_job_scraping' retrieved from /opt/airflow/dags/job_scraping_dag.py
[2026-03-21T23:23:57.244+0000] {logging_mixin.py:190} INFO - [2026-03-21T23:23:57.244+0000] {dag.py:3239} INFO - Sync 1 DAGs
[2026-03-21T23:23:57.263+0000] {logging_mixin.py:190} INFO - [2026-03-21T23:23:57.263+0000] {dag.py:4180} INFO - Setting next_dagrun for daily_job_scraping to 2026-03-21 12:00:00+00:00, run_after=2026-03-22 12:00:00+00:00
[2026-03-21T23:23:57.282+0000] {processor.py:208} INFO - Processing /opt/airflow/dags/job_scraping_dag.py took 0.636 seconds
[2026-03-21T23:24:27.647+0000] {processor.py:186} INFO - Started process (PID=2792) to work on /opt/airflow/dags/job_scraping_dag.py
[2026-03-21T23:24:27.649+0000] {processor.py:914} INFO - Processing file /opt/airflow/dags/job_scraping_dag.py for tasks to queue
[2026-03-21T23:24:27.650+0000] {logging_mixin.py:190} INFO - [2026-03-21T23:24:27.650+0000] {dagbag.py:588} INFO - Filling up the DagBag from /opt/airflow/dags/job_scraping_dag.py
[2026-03-21T23:24:28.198+0000] {processor.py:925} INFO - DAG(s) 'daily_job_scraping' retrieved from /opt/airflow/dags/job_scraping_dag.py
[2026-03-21T23:24:28.222+0000] {logging_mixin.py:190} INFO - [2026-03-21T23:24:28.222+0000] {dag.py:3239} INFO - Sync 1 DAGs
[2026-03-21T23:24:28.240+0000] {logging_mixin.py:190} INFO - [2026-03-21T23:24:28.240+0000] {dag.py:4180} INFO - Setting next_dagrun for daily_job_scraping to 2026-03-21 12:00:00+00:00, run_after=2026-03-22 12:00:00+00:00
[2026-03-21T23:24:28.262+0000] {processor.py:208} INFO - Processing /opt/airflow/dags/job_scraping_dag.py took 0.621 seconds
[2026-03-21T23:24:58.483+0000] {processor.py:186} INFO - Started process (PID=2798) to work on /opt/airflow/dags/job_scraping_dag.py
[2026-03-21T23:24:58.484+0000] {processor.py:914} INFO - Processing file /opt/airflow/dags/job_scraping_dag.py for tasks to queue
[2026-03-21T23:24:58.485+0000] {logging_mixin.py:190} INFO - [2026-03-21T23:24:58.485+0000] {dagbag.py:588} INFO - Filling up the DagBag from /opt/airflow/dags/job_scraping_dag.py
[2026-03-21T23:24:58.992+0000] {processor.py:925} INFO - DAG(s) 'daily_job_scraping' retrieved from /opt/airflow/dags/job_scraping_dag.py
[2026-03-21T23:24:59.017+0000] {logging_mixin.py:190} INFO - [2026-03-21T23:24:59.017+0000] {dag.py:3239} INFO - Sync 1 DAGs
[2026-03-21T23:24:59.035+0000] {logging_mixin.py:190} INFO - [2026-03-21T23:24:59.035+0000] {dag.py:4180} INFO - Setting next_dagrun for daily_job_scraping to 2026-03-21 12:00:00+00:00, run_after=2026-03-22 12:00:00+00:00
[2026-03-21T23:24:59.054+0000] {processor.py:208} INFO - Processing /opt/airflow/dags/job_scraping_dag.py took 0.576 seconds
[2026-03-21T23:25:29.433+0000] {processor.py:186} INFO - Started process (PID=2804) to work on /opt/airflow/dags/job_scraping_dag.py
[2026-03-21T23:25:29.434+0000] {processor.py:914} INFO - Processing file /opt/airflow/dags/job_scraping_dag.py for tasks to queue
[2026-03-21T23:25:29.436+0000] {logging_mixin.py:190} INFO - [2026-03-21T23:25:29.435+0000] {dagbag.py:588} INFO - Filling up the DagBag from /opt/airflow/dags/job_scraping_dag.py
[2026-03-21T23:25:29.952+0000] {processor.py:925} INFO - DAG(s) 'daily_job_scraping' retrieved from /opt/airflow/dags/job_scraping_dag.py
[2026-03-21T23:25:29.975+0000] {logging_mixin.py:190} INFO - [2026-03-21T23:25:29.974+0000] {dag.py:3239} INFO - Sync 1 DAGs
[2026-03-21T23:25:29.993+0000] {logging_mixin.py:190} INFO - [2026-03-21T23:25:29.992+0000] {dag.py:4180} INFO - Setting next_dagrun for daily_job_scraping to 2026-03-21 12:00:00+00:00, run_after=2026-03-22 12:00:00+00:00
[2026-03-21T23:25:30.016+0000] {processor.py:208} INFO - Processing /opt/airflow/dags/job_scraping_dag.py took 0.588 seconds
[2026-03-21T23:26:00.337+0000] {processor.py:186} INFO - Started process (PID=2810) to work on /opt/airflow/dags/job_scraping_dag.py
[2026-03-21T23:26:00.338+0000] {processor.py:914} INFO - Processing file /opt/airflow/dags/job_scraping_dag.py for tasks to queue
[2026-03-21T23:26:00.339+0000] {logging_mixin.py:190} INFO - [2026-03-21T23:26:00.339+0000] {dagbag.py:588} INFO - Filling up the DagBag from /opt/airflow/dags/job_scraping_dag.py
[2026-03-21T23:26:00.863+0000] {processor.py:925} INFO - DAG(s) 'daily_job_scraping' retrieved from /opt/airflow/dags/job_scraping_dag.py
[2026-03-21T23:26:00.886+0000] {logging_mixin.py:190} INFO - [2026-03-21T23:26:00.886+0000] {dag.py:3239} INFO - Sync 1 DAGs
[2026-03-21T23:26:00.903+0000] {logging_mixin.py:190} INFO - [2026-03-21T23:26:00.903+0000] {dag.py:4180} INFO - Setting next_dagrun for daily_job_scraping to 2026-03-21 12:00:00+00:00, run_after=2026-03-22 12:00:00+00:00
[2026-03-21T23:26:00.926+0000] {processor.py:208} INFO - Processing /opt/airflow/dags/job_scraping_dag.py took 0.594 seconds
[2026-03-21T23:26:31.317+0000] {processor.py:186} INFO - Started process (PID=2816) to work on /opt/airflow/dags/job_scraping_dag.py
[2026-03-21T23:26:31.319+0000] {processor.py:914} INFO - Processing file /opt/airflow/dags/job_scraping_dag.py for tasks to queue
[2026-03-21T23:26:31.321+0000] {logging_mixin.py:190} INFO - [2026-03-21T23:26:31.320+0000] {dagbag.py:588} INFO - Filling up the DagBag from /opt/airflow/dags/job_scraping_dag.py
[2026-03-21T23:26:31.854+0000] {processor.py:925} INFO - DAG(s) 'daily_job_scraping' retrieved from /opt/airflow/dags/job_scraping_dag.py
[2026-03-21T23:26:31.877+0000] {logging_mixin.py:190} INFO - [2026-03-21T23:26:31.876+0000] {dag.py:3239} INFO - Sync 1 DAGs
[2026-03-21T23:26:31.895+0000] {logging_mixin.py:190} INFO - [2026-03-21T23:26:31.895+0000] {dag.py:4180} INFO - Setting next_dagrun for daily_job_scraping to 2026-03-21 12:00:00+00:00, run_after=2026-03-22 12:00:00+00:00
[2026-03-21T23:26:31.914+0000] {processor.py:208} INFO - Processing /opt/airflow/dags/job_scraping_dag.py took 0.605 seconds
[2026-03-21T23:27:02.053+0000] {processor.py:186} INFO - Started process (PID=2822) to work on /opt/airflow/dags/job_scraping_dag.py
[2026-03-21T23:27:02.054+0000] {processor.py:914} INFO - Processing file /opt/airflow/dags/job_scraping_dag.py for tasks to queue
[2026-03-21T23:27:02.056+0000] {logging_mixin.py:190} INFO - [2026-03-21T23:27:02.055+0000] {dagbag.py:588} INFO - Filling up the DagBag from /opt/airflow/dags/job_scraping_dag.py
[2026-03-21T23:27:02.591+0000] {processor.py:925} INFO - DAG(s) 'daily_job_scraping' retrieved from /opt/airflow/dags/job_scraping_dag.py
[2026-03-21T23:27:02.635+0000] {logging_mixin.py:190} INFO - [2026-03-21T23:27:02.634+0000] {dag.py:3239} INFO - Sync 1 DAGs
[2026-03-21T23:27:02.671+0000] {logging_mixin.py:190} INFO - [2026-03-21T23:27:02.671+0000] {dag.py:4180} INFO - Setting next_dagrun for daily_job_scraping to 2026-03-21 12:00:00+00:00, run_after=2026-03-22 12:00:00+00:00
[2026-03-21T23:27:02.710+0000] {processor.py:208} INFO - Processing /opt/airflow/dags/job_scraping_dag.py took 0.663 seconds
[2026-03-21T23:27:33.092+0000] {processor.py:186} INFO - Started process (PID=2828) to work on /opt/airflow/dags/job_scraping_dag.py
[2026-03-21T23:27:33.094+0000] {processor.py:914} INFO - Processing file /opt/airflow/dags/job_scraping_dag.py for tasks to queue
[2026-03-21T23:27:33.096+0000] {logging_mixin.py:190} INFO - [2026-03-21T23:27:33.095+0000] {dagbag.py:588} INFO - Filling up the DagBag from /opt/airflow/dags/job_scraping_dag.py
[2026-03-21T23:27:33.662+0000] {processor.py:925} INFO - DAG(s) 'daily_job_scraping' retrieved from /opt/airflow/dags/job_scraping_dag.py
[2026-03-21T23:27:33.686+0000] {logging_mixin.py:190} INFO - [2026-03-21T23:27:33.685+0000] {dag.py:3239} INFO - Sync 1 DAGs
[2026-03-21T23:27:33.708+0000] {logging_mixin.py:190} INFO - [2026-03-21T23:27:33.708+0000] {dag.py:4180} INFO - Setting next_dagrun for daily_job_scraping to 2026-03-21 12:00:00+00:00, run_after=2026-03-22 12:00:00+00:00
[2026-03-21T23:27:33.731+0000] {processor.py:208} INFO - Processing /opt/airflow/dags/job_scraping_dag.py took 0.645 seconds
[2026-03-21T23:28:03.962+0000] {processor.py:186} INFO - Started process (PID=2834) to work on /opt/airflow/dags/job_scraping_dag.py
[2026-03-21T23:28:03.963+0000] {processor.py:914} INFO - Processing file /opt/airflow/dags/job_scraping_dag.py for tasks to queue
[2026-03-21T23:28:03.964+0000] {logging_mixin.py:190} INFO - [2026-03-21T23:28:03.964+0000] {dagbag.py:588} INFO - Filling up the DagBag from /opt/airflow/dags/job_scraping_dag.py
[2026-03-21T23:28:04.722+0000] {processor.py:925} INFO - DAG(s) 'daily_job_scraping' retrieved from /opt/airflow/dags/job_scraping_dag.py
[2026-03-21T23:28:04.757+0000] {logging_mixin.py:190} INFO - [2026-03-21T23:28:04.757+0000] {dag.py:3239} INFO - Sync 1 DAGs
[2026-03-21T23:28:04.776+0000] {logging_mixin.py:190} INFO - [2026-03-21T23:28:04.776+0000] {dag.py:4180} INFO - Setting next_dagrun for daily_job_scraping to 2026-03-21 12:00:00+00:00, run_after=2026-03-22 12:00:00+00:00
[2026-03-21T23:28:04.793+0000] {processor.py:208} INFO - Processing /opt/airflow/dags/job_scraping_dag.py took 0.837 seconds
[2026-03-21T23:28:35.141+0000] {processor.py:186} INFO - Started process (PID=2840) to work on /opt/airflow/dags/job_scraping_dag.py
[2026-03-21T23:28:35.142+0000] {processor.py:914} INFO - Processing file /opt/airflow/dags/job_scraping_dag.py for tasks to queue
[2026-03-21T23:28:35.144+0000] {logging_mixin.py:190} INFO - [2026-03-21T23:28:35.144+0000] {dagbag.py:588} INFO - Filling up the DagBag from /opt/airflow/dags/job_scraping_dag.py
[2026-03-21T23:28:35.795+0000] {processor.py:925} INFO - DAG(s) 'daily_job_scraping' retrieved from /opt/airflow/dags/job_scraping_dag.py
[2026-03-21T23:28:35.821+0000] {logging_mixin.py:190} INFO - [2026-03-21T23:28:35.820+0000] {dag.py:3239} INFO - Sync 1 DAGs
[2026-03-21T23:28:35.841+0000] {logging_mixin.py:190} INFO - [2026-03-21T23:28:35.840+0000] {dag.py:4180} INFO - Setting next_dagrun for daily_job_scraping to 2026-03-21 12:00:00+00:00, run_after=2026-03-22 12:00:00+00:00
[2026-03-21T23:28:35.860+0000] {processor.py:208} INFO - Processing /opt/airflow/dags/job_scraping_dag.py took 0.725 seconds
[2026-03-21T23:29:06.217+0000] {processor.py:186} INFO - Started process (PID=2846) to work on /opt/airflow/dags/job_scraping_dag.py
[2026-03-21T23:29:06.218+0000] {processor.py:914} INFO - Processing file /opt/airflow/dags/job_scraping_dag.py for tasks to queue
[2026-03-21T23:29:06.219+0000] {logging_mixin.py:190} INFO - [2026-03-21T23:29:06.219+0000] {dagbag.py:588} INFO - Filling up the DagBag from /opt/airflow/dags/job_scraping_dag.py
[2026-03-21T23:29:06.723+0000] {processor.py:925} INFO - DAG(s) 'daily_job_scraping' retrieved from /opt/airflow/dags/job_scraping_dag.py
[2026-03-21T23:29:06.747+0000] {logging_mixin.py:190} INFO - [2026-03-21T23:29:06.746+0000] {dag.py:3239} INFO - Sync 1 DAGs
[2026-03-21T23:29:06.765+0000] {logging_mixin.py:190} INFO - [2026-03-21T23:29:06.765+0000] {dag.py:4180} INFO - Setting next_dagrun for daily_job_scraping to 2026-03-21 12:00:00+00:00, run_after=2026-03-22 12:00:00+00:00
[2026-03-21T23:29:06.787+0000] {processor.py:208} INFO - Processing /opt/airflow/dags/job_scraping_dag.py took 0.576 seconds
[2026-03-21T23:29:36.926+0000] {processor.py:186} INFO - Started process (PID=2852) to work on /opt/airflow/dags/job_scraping_dag.py
[2026-03-21T23:29:36.928+0000] {processor.py:914} INFO - Processing file /opt/airflow/dags/job_scraping_dag.py for tasks to queue
[2026-03-21T23:29:36.929+0000] {logging_mixin.py:190} INFO - [2026-03-21T23:29:36.929+0000] {dagbag.py:588} INFO - Filling up the DagBag from /opt/airflow/dags/job_scraping_dag.py
[2026-03-21T23:29:37.454+0000] {processor.py:925} INFO - DAG(s) 'daily_job_scraping' retrieved from /opt/airflow/dags/job_scraping_dag.py
[2026-03-21T23:29:37.476+0000] {logging_mixin.py:190} INFO - [2026-03-21T23:29:37.475+0000] {dag.py:3239} INFO - Sync 1 DAGs
[2026-03-21T23:29:37.494+0000] {logging_mixin.py:190} INFO - [2026-03-21T23:29:37.494+0000] {dag.py:4180} INFO - Setting next_dagrun for daily_job_scraping to 2026-03-21 12:00:00+00:00, run_after=2026-03-22 12:00:00+00:00
[2026-03-21T23:29:37.517+0000] {processor.py:208} INFO - Processing /opt/airflow/dags/job_scraping_dag.py took 0.597 seconds
[2026-03-21T23:30:07.870+0000] {processor.py:186} INFO - Started process (PID=2858) to work on /opt/airflow/dags/job_scraping_dag.py
[2026-03-21T23:30:07.871+0000] {processor.py:914} INFO - Processing file /opt/airflow/dags/job_scraping_dag.py for tasks to queue
[2026-03-21T23:30:07.873+0000] {logging_mixin.py:190} INFO - [2026-03-21T23:30:07.873+0000] {dagbag.py:588} INFO - Filling up the DagBag from /opt/airflow/dags/job_scraping_dag.py
[2026-03-21T23:30:08.455+0000] {processor.py:925} INFO - DAG(s) 'daily_job_scraping' retrieved from /opt/airflow/dags/job_scraping_dag.py
[2026-03-21T23:30:08.481+0000] {logging_mixin.py:190} INFO - [2026-03-21T23:30:08.481+0000] {dag.py:3239} INFO - Sync 1 DAGs
[2026-03-21T23:30:08.500+0000] {logging_mixin.py:190} INFO - [2026-03-21T23:30:08.500+0000] {dag.py:4180} INFO - Setting next_dagrun for daily_job_scraping to 2026-03-21 12:00:00+00:00, run_after=2026-03-22 12:00:00+00:00
[2026-03-21T23:30:08.520+0000] {processor.py:208} INFO - Processing /opt/airflow/dags/job_scraping_dag.py took 0.660 seconds
[2026-03-21T23:30:38.742+0000] {processor.py:186} INFO - Started process (PID=2864) to work on /opt/airflow/dags/job_scraping_dag.py
[2026-03-21T23:30:38.743+0000] {processor.py:914} INFO - Processing file /opt/airflow/dags/job_scraping_dag.py for tasks to queue
[2026-03-21T23:30:38.744+0000] {logging_mixin.py:190} INFO - [2026-03-21T23:30:38.744+0000] {dagbag.py:588} INFO - Filling up the DagBag from /opt/airflow/dags/job_scraping_dag.py
[2026-03-21T23:30:39.299+0000] {processor.py:925} INFO - DAG(s) 'daily_job_scraping' retrieved from /opt/airflow/dags/job_scraping_dag.py
[2026-03-21T23:30:39.322+0000] {logging_mixin.py:190} INFO - [2026-03-21T23:30:39.322+0000] {dag.py:3239} INFO - Sync 1 DAGs
[2026-03-21T23:30:39.342+0000] {logging_mixin.py:190} INFO - [2026-03-21T23:30:39.342+0000] {dag.py:4180} INFO - Setting next_dagrun for daily_job_scraping to 2026-03-21 12:00:00+00:00, run_after=2026-03-22 12:00:00+00:00
[2026-03-21T23:30:39.366+0000] {processor.py:208} INFO - Processing /opt/airflow/dags/job_scraping_dag.py took 0.630 seconds
[2026-03-21T23:31:09.679+0000] {processor.py:186} INFO - Started process (PID=2870) to work on /opt/airflow/dags/job_scraping_dag.py
[2026-03-21T23:31:09.680+0000] {processor.py:914} INFO - Processing file /opt/airflow/dags/job_scraping_dag.py for tasks to queue
[2026-03-21T23:31:09.681+0000] {logging_mixin.py:190} INFO - [2026-03-21T23:31:09.681+0000] {dagbag.py:588} INFO - Filling up the DagBag from /opt/airflow/dags/job_scraping_dag.py
[2026-03-21T23:31:10.232+0000] {processor.py:925} INFO - DAG(s) 'daily_job_scraping' retrieved from /opt/airflow/dags/job_scraping_dag.py
[2026-03-21T23:31:10.255+0000] {logging_mixin.py:190} INFO - [2026-03-21T23:31:10.255+0000] {dag.py:3239} INFO - Sync 1 DAGs
[2026-03-21T23:31:10.274+0000] {logging_mixin.py:190} INFO - [2026-03-21T23:31:10.274+0000] {dag.py:4180} INFO - Setting next_dagrun for daily_job_scraping to 2026-03-21 12:00:00+00:00, run_after=2026-03-22 12:00:00+00:00
[2026-03-21T23:31:10.295+0000] {processor.py:208} INFO - Processing /opt/airflow/dags/job_scraping_dag.py took 0.621 seconds
[2026-03-21T23:31:40.439+0000] {processor.py:186} INFO - Started process (PID=2876) to work on /opt/airflow/dags/job_scraping_dag.py
[2026-03-21T23:31:40.440+0000] {processor.py:914} INFO - Processing file /opt/airflow/dags/job_scraping_dag.py for tasks to queue
[2026-03-21T23:31:40.441+0000] {logging_mixin.py:190} INFO - [2026-03-21T23:31:40.441+0000] {dagbag.py:588} INFO - Filling up the DagBag from /opt/airflow/dags/job_scraping_dag.py
[2026-03-21T23:31:40.969+0000] {processor.py:925} INFO - DAG(s) 'daily_job_scraping' retrieved from /opt/airflow/dags/job_scraping_dag.py
[2026-03-21T23:31:40.992+0000] {logging_mixin.py:190} INFO - [2026-03-21T23:31:40.991+0000] {dag.py:3239} INFO - Sync 1 DAGs
[2026-03-21T23:31:41.012+0000] {logging_mixin.py:190} INFO - [2026-03-21T23:31:41.011+0000] {dag.py:4180} INFO - Setting next_dagrun for daily_job_scraping to 2026-03-21 12:00:00+00:00, run_after=2026-03-22 12:00:00+00:00
[2026-03-21T23:31:41.031+0000] {processor.py:208} INFO - Processing /opt/airflow/dags/job_scraping_dag.py took 0.599 seconds
[2026-03-21T23:32:11.338+0000] {processor.py:186} INFO - Started process (PID=2882) to work on /opt/airflow/dags/job_scraping_dag.py
[2026-03-21T23:32:11.340+0000] {processor.py:914} INFO - Processing file /opt/airflow/dags/job_scraping_dag.py for tasks to queue
[2026-03-21T23:32:11.341+0000] {logging_mixin.py:190} INFO - [2026-03-21T23:32:11.341+0000] {dagbag.py:588} INFO - Filling up the DagBag from /opt/airflow/dags/job_scraping_dag.py
[2026-03-21T23:32:11.970+0000] {processor.py:925} INFO - DAG(s) 'daily_job_scraping' retrieved from /opt/airflow/dags/job_scraping_dag.py
[2026-03-21T23:32:11.994+0000] {logging_mixin.py:190} INFO - [2026-03-21T23:32:11.993+0000] {dag.py:3239} INFO - Sync 1 DAGs
[2026-03-21T23:32:12.017+0000] {logging_mixin.py:190} INFO - [2026-03-21T23:32:12.016+0000] {dag.py:4180} INFO - Setting next_dagrun for daily_job_scraping to 2026-03-21 12:00:00+00:00, run_after=2026-03-22 12:00:00+00:00
[2026-03-21T23:32:12.041+0000] {processor.py:208} INFO - Processing /opt/airflow/dags/job_scraping_dag.py took 0.708 seconds
[2026-03-21T23:32:42.218+0000] {processor.py:186} INFO - Started process (PID=2888) to work on /opt/airflow/dags/job_scraping_dag.py
[2026-03-21T23:32:42.220+0000] {processor.py:914} INFO - Processing file /opt/airflow/dags/job_scraping_dag.py for tasks to queue
[2026-03-21T23:32:42.221+0000] {logging_mixin.py:190} INFO - [2026-03-21T23:32:42.221+0000] {dagbag.py:588} INFO - Filling up the DagBag from /opt/airflow/dags/job_scraping_dag.py
[2026-03-21T23:32:42.737+0000] {processor.py:925} INFO - DAG(s) 'daily_job_scraping' retrieved from /opt/airflow/dags/job_scraping_dag.py
[2026-03-21T23:32:42.764+0000] {logging_mixin.py:190} INFO - [2026-03-21T23:32:42.764+0000] {dag.py:3239} INFO - Sync 1 DAGs
[2026-03-21T23:32:42.786+0000] {logging_mixin.py:190} INFO - [2026-03-21T23:32:42.786+0000] {dag.py:4180} INFO - Setting next_dagrun for daily_job_scraping to 2026-03-21 12:00:00+00:00, run_after=2026-03-22 12:00:00+00:00
[2026-03-21T23:32:42.811+0000] {processor.py:208} INFO - Processing /opt/airflow/dags/job_scraping_dag.py took 0.598 seconds
[2026-03-21T23:33:13.148+0000] {processor.py:186} INFO - Started process (PID=2894) to work on /opt/airflow/dags/job_scraping_dag.py
[2026-03-21T23:33:13.149+0000] {processor.py:914} INFO - Processing file /opt/airflow/dags/job_scraping_dag.py for tasks to queue
[2026-03-21T23:33:13.151+0000] {logging_mixin.py:190} INFO - [2026-03-21T23:33:13.151+0000] {dagbag.py:588} INFO - Filling up the DagBag from /opt/airflow/dags/job_scraping_dag.py
[2026-03-21T23:33:13.683+0000] {processor.py:925} INFO - DAG(s) 'daily_job_scraping' retrieved from /opt/airflow/dags/job_scraping_dag.py
[2026-03-21T23:33:13.707+0000] {logging_mixin.py:190} INFO - [2026-03-21T23:33:13.707+0000] {dag.py:3239} INFO - Sync 1 DAGs
[2026-03-21T23:33:13.725+0000] {logging_mixin.py:190} INFO - [2026-03-21T23:33:13.724+0000] {dag.py:4180} INFO - Setting next_dagrun for daily_job_scraping to 2026-03-21 12:00:00+00:00, run_after=2026-03-22 12:00:00+00:00
[2026-03-21T23:33:13.746+0000] {processor.py:208} INFO - Processing /opt/airflow/dags/job_scraping_dag.py took 0.604 seconds
[2026-03-21T23:33:44.077+0000] {processor.py:186} INFO - Started process (PID=2900) to work on /opt/airflow/dags/job_scraping_dag.py
[2026-03-21T23:33:44.079+0000] {processor.py:914} INFO - Processing file /opt/airflow/dags/job_scraping_dag.py for tasks to queue
[2026-03-21T23:33:44.080+0000] {logging_mixin.py:190} INFO - [2026-03-21T23:33:44.079+0000] {dagbag.py:588} INFO - Filling up the DagBag from /opt/airflow/dags/job_scraping_dag.py
[2026-03-21T23:33:44.612+0000] {processor.py:925} INFO - DAG(s) 'daily_job_scraping' retrieved from /opt/airflow/dags/job_scraping_dag.py
[2026-03-21T23:33:44.636+0000] {logging_mixin.py:190} INFO - [2026-03-21T23:33:44.635+0000] {dag.py:3239} INFO - Sync 1 DAGs
[2026-03-21T23:33:44.653+0000] {logging_mixin.py:190} INFO - [2026-03-21T23:33:44.653+0000] {dag.py:4180} INFO - Setting next_dagrun for daily_job_scraping to 2026-03-21 12:00:00+00:00, run_after=2026-03-22 12:00:00+00:00
[2026-03-21T23:33:44.674+0000] {processor.py:208} INFO - Processing /opt/airflow/dags/job_scraping_dag.py took 0.602 seconds
[2026-03-21T23:34:15.035+0000] {processor.py:186} INFO - Started process (PID=2906) to work on /opt/airflow/dags/job_scraping_dag.py
[2026-03-21T23:34:15.036+0000] {processor.py:914} INFO - Processing file /opt/airflow/dags/job_scraping_dag.py for tasks to queue
[2026-03-21T23:34:15.037+0000] {logging_mixin.py:190} INFO - [2026-03-21T23:34:15.037+0000] {dagbag.py:588} INFO - Filling up the DagBag from /opt/airflow/dags/job_scraping_dag.py
[2026-03-21T23:34:15.587+0000] {processor.py:925} INFO - DAG(s) 'daily_job_scraping' retrieved from /opt/airflow/dags/job_scraping_dag.py
[2026-03-21T23:34:15.613+0000] {logging_mixin.py:190} INFO - [2026-03-21T23:34:15.613+0000] {dag.py:3239} INFO - Sync 1 DAGs
[2026-03-21T23:34:15.632+0000] {logging_mixin.py:190} INFO - [2026-03-21T23:34:15.632+0000] {dag.py:4180} INFO - Setting next_dagrun for daily_job_scraping to 2026-03-21 12:00:00+00:00, run_after=2026-03-22 12:00:00+00:00
[2026-03-21T23:34:15.653+0000] {processor.py:208} INFO - Processing /opt/airflow/dags/job_scraping_dag.py took 0.625 seconds
[2026-03-21T23:34:45.733+0000] {processor.py:186} INFO - Started process (PID=2912) to work on /opt/airflow/dags/job_scraping_dag.py
[2026-03-21T23:34:45.735+0000] {processor.py:914} INFO - Processing file /opt/airflow/dags/job_scraping_dag.py for tasks to queue
[2026-03-21T23:34:45.737+0000] {logging_mixin.py:190} INFO - [2026-03-21T23:34:45.737+0000] {dagbag.py:588} INFO - Filling up the DagBag from /opt/airflow/dags/job_scraping_dag.py
[2026-03-21T23:34:46.286+0000] {processor.py:925} INFO - DAG(s) 'daily_job_scraping' retrieved from /opt/airflow/dags/job_scraping_dag.py
[2026-03-21T23:34:46.312+0000] {logging_mixin.py:190} INFO - [2026-03-21T23:34:46.311+0000] {dag.py:3239} INFO - Sync 1 DAGs
[2026-03-21T23:34:46.333+0000] {logging_mixin.py:190} INFO - [2026-03-21T23:34:46.333+0000] {dag.py:4180} INFO - Setting next_dagrun for daily_job_scraping to 2026-03-21 12:00:00+00:00, run_after=2026-03-22 12:00:00+00:00
[2026-03-21T23:34:46.356+0000] {processor.py:208} INFO - Processing /opt/airflow/dags/job_scraping_dag.py took 0.629 seconds
[2026-03-21T23:35:16.705+0000] {processor.py:186} INFO - Started process (PID=2918) to work on /opt/airflow/dags/job_scraping_dag.py
[2026-03-21T23:35:16.707+0000] {processor.py:914} INFO - Processing file /opt/airflow/dags/job_scraping_dag.py for tasks to queue
[2026-03-21T23:35:16.708+0000] {logging_mixin.py:190} INFO - [2026-03-21T23:35:16.708+0000] {dagbag.py:588} INFO - Filling up the DagBag from /opt/airflow/dags/job_scraping_dag.py
[2026-03-21T23:35:17.260+0000] {processor.py:925} INFO - DAG(s) 'daily_job_scraping' retrieved from /opt/airflow/dags/job_scraping_dag.py
[2026-03-21T23:35:17.283+0000] {logging_mixin.py:190} INFO - [2026-03-21T23:35:17.282+0000] {dag.py:3239} INFO - Sync 1 DAGs
[2026-03-21T23:35:17.300+0000] {logging_mixin.py:190} INFO - [2026-03-21T23:35:17.300+0000] {dag.py:4180} INFO - Setting next_dagrun for daily_job_scraping to 2026-03-21 12:00:00+00:00, run_after=2026-03-22 12:00:00+00:00
[2026-03-21T23:35:17.324+0000] {processor.py:208} INFO - Processing /opt/airflow/dags/job_scraping_dag.py took 0.624 seconds
[2026-03-21T23:35:47.610+0000] {processor.py:186} INFO - Started process (PID=2924) to work on /opt/airflow/dags/job_scraping_dag.py
[2026-03-21T23:35:47.611+0000] {processor.py:914} INFO - Processing file /opt/airflow/dags/job_scraping_dag.py for tasks to queue
[2026-03-21T23:35:47.613+0000] {logging_mixin.py:190} INFO - [2026-03-21T23:35:47.612+0000] {dagbag.py:588} INFO - Filling up the DagBag from /opt/airflow/dags/job_scraping_dag.py
[2026-03-21T23:35:48.130+0000] {processor.py:925} INFO - DAG(s) 'daily_job_scraping' retrieved from /opt/airflow/dags/job_scraping_dag.py
[2026-03-21T23:35:48.154+0000] {logging_mixin.py:190} INFO - [2026-03-21T23:35:48.154+0000] {dag.py:3239} INFO - Sync 1 DAGs
[2026-03-21T23:35:48.172+0000] {logging_mixin.py:190} INFO - [2026-03-21T23:35:48.172+0000] {dag.py:4180} INFO - Setting next_dagrun for daily_job_scraping to 2026-03-21 12:00:00+00:00, run_after=2026-03-22 12:00:00+00:00
[2026-03-21T23:35:48.192+0000] {processor.py:208} INFO - Processing /opt/airflow/dags/job_scraping_dag.py took 0.587 seconds
[2026-03-21T23:36:18.548+0000] {processor.py:186} INFO - Started process (PID=2930) to work on /opt/airflow/dags/job_scraping_dag.py
[2026-03-21T23:36:18.549+0000] {processor.py:914} INFO - Processing file /opt/airflow/dags/job_scraping_dag.py for tasks to queue
[2026-03-21T23:36:18.550+0000] {logging_mixin.py:190} INFO - [2026-03-21T23:36:18.550+0000] {dagbag.py:588} INFO - Filling up the DagBag from /opt/airflow/dags/job_scraping_dag.py
[2026-03-21T23:36:19.081+0000] {processor.py:925} INFO - DAG(s) 'daily_job_scraping' retrieved from /opt/airflow/dags/job_scraping_dag.py
[2026-03-21T23:36:19.103+0000] {logging_mixin.py:190} INFO - [2026-03-21T23:36:19.102+0000] {dag.py:3239} INFO - Sync 1 DAGs
[2026-03-21T23:36:19.120+0000] {logging_mixin.py:190} INFO - [2026-03-21T23:36:19.120+0000] {dag.py:4180} INFO - Setting next_dagrun for daily_job_scraping to 2026-03-21 12:00:00+00:00, run_after=2026-03-22 12:00:00+00:00
[2026-03-21T23:36:19.141+0000] {processor.py:208} INFO - Processing /opt/airflow/dags/job_scraping_dag.py took 0.599 seconds
[2026-03-21T23:36:49.243+0000] {processor.py:186} INFO - Started process (PID=2936) to work on /opt/airflow/dags/job_scraping_dag.py
[2026-03-21T23:36:49.244+0000] {processor.py:914} INFO - Processing file /opt/airflow/dags/job_scraping_dag.py for tasks to queue
[2026-03-21T23:36:49.245+0000] {logging_mixin.py:190} INFO - [2026-03-21T23:36:49.245+0000] {dagbag.py:588} INFO - Filling up the DagBag from /opt/airflow/dags/job_scraping_dag.py
[2026-03-21T23:36:49.784+0000] {processor.py:925} INFO - DAG(s) 'daily_job_scraping' retrieved from /opt/airflow/dags/job_scraping_dag.py
[2026-03-21T23:36:49.806+0000] {logging_mixin.py:190} INFO - [2026-03-21T23:36:49.806+0000] {dag.py:3239} INFO - Sync 1 DAGs
[2026-03-21T23:36:49.824+0000] {logging_mixin.py:190} INFO - [2026-03-21T23:36:49.824+0000] {dag.py:4180} INFO - Setting next_dagrun for daily_job_scraping to 2026-03-21 12:00:00+00:00, run_after=2026-03-22 12:00:00+00:00
[2026-03-21T23:36:49.844+0000] {processor.py:208} INFO - Processing /opt/airflow/dags/job_scraping_dag.py took 0.607 seconds
[2026-03-21T23:37:20.191+0000] {processor.py:186} INFO - Started process (PID=2942) to work on /opt/airflow/dags/job_scraping_dag.py
[2026-03-21T23:37:20.192+0000] {processor.py:914} INFO - Processing file /opt/airflow/dags/job_scraping_dag.py for tasks to queue
[2026-03-21T23:37:20.194+0000] {logging_mixin.py:190} INFO - [2026-03-21T23:37:20.193+0000] {dagbag.py:588} INFO - Filling up the DagBag from /opt/airflow/dags/job_scraping_dag.py
[2026-03-21T23:37:20.701+0000] {processor.py:925} INFO - DAG(s) 'daily_job_scraping' retrieved from /opt/airflow/dags/job_scraping_dag.py
[2026-03-21T23:37:20.724+0000] {logging_mixin.py:190} INFO - [2026-03-21T23:37:20.723+0000] {dag.py:3239} INFO - Sync 1 DAGs
[2026-03-21T23:37:20.743+0000] {logging_mixin.py:190} INFO - [2026-03-21T23:37:20.743+0000] {dag.py:4180} INFO - Setting next_dagrun for daily_job_scraping to 2026-03-21 12:00:00+00:00, run_after=2026-03-22 12:00:00+00:00
[2026-03-21T23:37:20.764+0000] {processor.py:208} INFO - Processing /opt/airflow/dags/job_scraping_dag.py took 0.579 seconds
[2026-03-21T23:37:51.117+0000] {processor.py:186} INFO - Started process (PID=2948) to work on /opt/airflow/dags/job_scraping_dag.py
[2026-03-21T23:37:51.118+0000] {processor.py:914} INFO - Processing file /opt/airflow/dags/job_scraping_dag.py for tasks to queue
[2026-03-21T23:37:51.119+0000] {logging_mixin.py:190} INFO - [2026-03-21T23:37:51.119+0000] {dagbag.py:588} INFO - Filling up the DagBag from /opt/airflow/dags/job_scraping_dag.py
[2026-03-21T23:37:51.637+0000] {processor.py:925} INFO - DAG(s) 'daily_job_scraping' retrieved from /opt/airflow/dags/job_scraping_dag.py
[2026-03-21T23:37:51.660+0000] {logging_mixin.py:190} INFO - [2026-03-21T23:37:51.659+0000] {dag.py:3239} INFO - Sync 1 DAGs
[2026-03-21T23:37:51.679+0000] {logging_mixin.py:190} INFO - [2026-03-21T23:37:51.679+0000] {dag.py:4180} INFO - Setting next_dagrun for daily_job_scraping to 2026-03-21 12:00:00+00:00, run_after=2026-03-22 12:00:00+00:00
[2026-03-21T23:37:51.702+0000] {processor.py:208} INFO - Processing /opt/airflow/dags/job_scraping_dag.py took 0.591 seconds
[2026-03-21T23:38:22.092+0000] {processor.py:186} INFO - Started process (PID=2954) to work on /opt/airflow/dags/job_scraping_dag.py
[2026-03-21T23:38:22.093+0000] {processor.py:914} INFO - Processing file /opt/airflow/dags/job_scraping_dag.py for tasks to queue
[2026-03-21T23:38:22.094+0000] {logging_mixin.py:190} INFO - [2026-03-21T23:38:22.094+0000] {dagbag.py:588} INFO - Filling up the DagBag from /opt/airflow/dags/job_scraping_dag.py
[2026-03-21T23:38:22.635+0000] {processor.py:925} INFO - DAG(s) 'daily_job_scraping' retrieved from /opt/airflow/dags/job_scraping_dag.py
[2026-03-21T23:38:22.659+0000] {logging_mixin.py:190} INFO - [2026-03-21T23:38:22.658+0000] {dag.py:3239} INFO - Sync 1 DAGs
[2026-03-21T23:38:22.676+0000] {logging_mixin.py:190} INFO - [2026-03-21T23:38:22.676+0000] {dag.py:4180} INFO - Setting next_dagrun for daily_job_scraping to 2026-03-21 12:00:00+00:00, run_after=2026-03-22 12:00:00+00:00
[2026-03-21T23:38:22.695+0000] {processor.py:208} INFO - Processing /opt/airflow/dags/job_scraping_dag.py took 0.610 seconds
[2026-03-21T23:38:52.786+0000] {processor.py:186} INFO - Started process (PID=2960) to work on /opt/airflow/dags/job_scraping_dag.py
[2026-03-21T23:38:52.787+0000] {processor.py:914} INFO - Processing file /opt/airflow/dags/job_scraping_dag.py for tasks to queue
[2026-03-21T23:38:52.788+0000] {logging_mixin.py:190} INFO - [2026-03-21T23:38:52.788+0000] {dagbag.py:588} INFO - Filling up the DagBag from /opt/airflow/dags/job_scraping_dag.py
[2026-03-21T23:38:53.515+0000] {processor.py:925} INFO - DAG(s) 'daily_job_scraping' retrieved from /opt/airflow/dags/job_scraping_dag.py
[2026-03-21T23:38:53.543+0000] {logging_mixin.py:190} INFO - [2026-03-21T23:38:53.542+0000] {dag.py:3239} INFO - Sync 1 DAGs
[2026-03-21T23:38:53.564+0000] {logging_mixin.py:190} INFO - [2026-03-21T23:38:53.564+0000] {dag.py:4180} INFO - Setting next_dagrun for daily_job_scraping to 2026-03-21 12:00:00+00:00, run_after=2026-03-22 12:00:00+00:00
[2026-03-21T23:38:53.589+0000] {processor.py:208} INFO - Processing /opt/airflow/dags/job_scraping_dag.py took 0.809 seconds
[2026-03-21T23:39:23.952+0000] {processor.py:186} INFO - Started process (PID=2966) to work on /opt/airflow/dags/job_scraping_dag.py
[2026-03-21T23:39:23.953+0000] {processor.py:914} INFO - Processing file /opt/airflow/dags/job_scraping_dag.py for tasks to queue
[2026-03-21T23:39:23.954+0000] {logging_mixin.py:190} INFO - [2026-03-21T23:39:23.954+0000] {dagbag.py:588} INFO - Filling up the DagBag from /opt/airflow/dags/job_scraping_dag.py
[2026-03-21T23:39:24.479+0000] {processor.py:925} INFO - DAG(s) 'daily_job_scraping' retrieved from /opt/airflow/dags/job_scraping_dag.py
[2026-03-21T23:39:24.503+0000] {logging_mixin.py:190} INFO - [2026-03-21T23:39:24.502+0000] {dag.py:3239} INFO - Sync 1 DAGs
[2026-03-21T23:39:24.522+0000] {logging_mixin.py:190} INFO - [2026-03-21T23:39:24.522+0000] {dag.py:4180} INFO - Setting next_dagrun for daily_job_scraping to 2026-03-21 12:00:00+00:00, run_after=2026-03-22 12:00:00+00:00
[2026-03-21T23:39:24.545+0000] {processor.py:208} INFO - Processing /opt/airflow/dags/job_scraping_dag.py took 0.599 seconds
[2026-03-21T23:39:54.653+0000] {processor.py:186} INFO - Started process (PID=2972) to work on /opt/airflow/dags/job_scraping_dag.py
[2026-03-21T23:39:54.654+0000] {processor.py:914} INFO - Processing file /opt/airflow/dags/job_scraping_dag.py for tasks to queue
[2026-03-21T23:39:54.655+0000] {logging_mixin.py:190} INFO - [2026-03-21T23:39:54.655+0000] {dagbag.py:588} INFO - Filling up the DagBag from /opt/airflow/dags/job_scraping_dag.py
[2026-03-21T23:39:55.171+0000] {processor.py:925} INFO - DAG(s) 'daily_job_scraping' retrieved from /opt/airflow/dags/job_scraping_dag.py
[2026-03-21T23:39:55.194+0000] {logging_mixin.py:190} INFO - [2026-03-21T23:39:55.193+0000] {dag.py:3239} INFO - Sync 1 DAGs
[2026-03-21T23:39:55.237+0000] {logging_mixin.py:190} INFO - [2026-03-21T23:39:55.237+0000] {dag.py:4180} INFO - Setting next_dagrun for daily_job_scraping to 2026-03-21 12:00:00+00:00, run_after=2026-03-22 12:00:00+00:00
[2026-03-21T23:39:55.265+0000] {processor.py:208} INFO - Processing /opt/airflow/dags/job_scraping_dag.py took 0.617 seconds
[2026-03-21T23:40:25.612+0000] {processor.py:186} INFO - Started process (PID=2978) to work on /opt/airflow/dags/job_scraping_dag.py
[2026-03-21T23:40:25.613+0000] {processor.py:914} INFO - Processing file /opt/airflow/dags/job_scraping_dag.py for tasks to queue
[2026-03-21T23:40:25.615+0000] {logging_mixin.py:190} INFO - [2026-03-21T23:40:25.614+0000] {dagbag.py:588} INFO - Filling up the DagBag from /opt/airflow/dags/job_scraping_dag.py
[2026-03-21T23:40:26.295+0000] {processor.py:925} INFO - DAG(s) 'daily_job_scraping' retrieved from /opt/airflow/dags/job_scraping_dag.py
[2026-03-21T23:40:26.323+0000] {logging_mixin.py:190} INFO - [2026-03-21T23:40:26.323+0000] {dag.py:3239} INFO - Sync 1 DAGs
[2026-03-21T23:40:26.347+0000] {logging_mixin.py:190} INFO - [2026-03-21T23:40:26.347+0000] {dag.py:4180} INFO - Setting next_dagrun for daily_job_scraping to 2026-03-21 12:00:00+00:00, run_after=2026-03-22 12:00:00+00:00
[2026-03-21T23:40:26.371+0000] {processor.py:208} INFO - Processing /opt/airflow/dags/job_scraping_dag.py took 0.765 seconds
[2026-03-21T23:40:56.438+0000] {processor.py:186} INFO - Started process (PID=2984) to work on /opt/airflow/dags/job_scraping_dag.py
[2026-03-21T23:40:56.439+0000] {processor.py:914} INFO - Processing file /opt/airflow/dags/job_scraping_dag.py for tasks to queue
[2026-03-21T23:40:56.441+0000] {logging_mixin.py:190} INFO - [2026-03-21T23:40:56.440+0000] {dagbag.py:588} INFO - Filling up the DagBag from /opt/airflow/dags/job_scraping_dag.py
[2026-03-21T23:40:57.008+0000] {processor.py:925} INFO - DAG(s) 'daily_job_scraping' retrieved from /opt/airflow/dags/job_scraping_dag.py
[2026-03-21T23:40:57.032+0000] {logging_mixin.py:190} INFO - [2026-03-21T23:40:57.032+0000] {dag.py:3239} INFO - Sync 1 DAGs
[2026-03-21T23:40:57.052+0000] {logging_mixin.py:190} INFO - [2026-03-21T23:40:57.052+0000] {dag.py:4180} INFO - Setting next_dagrun for daily_job_scraping to 2026-03-21 12:00:00+00:00, run_after=2026-03-22 12:00:00+00:00
[2026-03-21T23:40:57.078+0000] {processor.py:208} INFO - Processing /opt/airflow/dags/job_scraping_dag.py took 0.646 seconds
[2026-03-21T23:41:27.395+0000] {processor.py:186} INFO - Started process (PID=2990) to work on /opt/airflow/dags/job_scraping_dag.py
[2026-03-21T23:41:27.396+0000] {processor.py:914} INFO - Processing file /opt/airflow/dags/job_scraping_dag.py for tasks to queue
[2026-03-21T23:41:27.397+0000] {logging_mixin.py:190} INFO - [2026-03-21T23:41:27.397+0000] {dagbag.py:588} INFO - Filling up the DagBag from /opt/airflow/dags/job_scraping_dag.py
[2026-03-21T23:41:27.927+0000] {processor.py:925} INFO - DAG(s) 'daily_job_scraping' retrieved from /opt/airflow/dags/job_scraping_dag.py
[2026-03-21T23:41:27.950+0000] {logging_mixin.py:190} INFO - [2026-03-21T23:41:27.950+0000] {dag.py:3239} INFO - Sync 1 DAGs
[2026-03-21T23:41:27.968+0000] {logging_mixin.py:190} INFO - [2026-03-21T23:41:27.968+0000] {dag.py:4180} INFO - Setting next_dagrun for daily_job_scraping to 2026-03-21 12:00:00+00:00, run_after=2026-03-22 12:00:00+00:00
[2026-03-21T23:41:27.989+0000] {processor.py:208} INFO - Processing /opt/airflow/dags/job_scraping_dag.py took 0.600 seconds
[2026-03-21T23:41:58.287+0000] {processor.py:186} INFO - Started process (PID=2996) to work on /opt/airflow/dags/job_scraping_dag.py
[2026-03-21T23:41:58.289+0000] {processor.py:914} INFO - Processing file /opt/airflow/dags/job_scraping_dag.py for tasks to queue
[2026-03-21T23:41:58.291+0000] {logging_mixin.py:190} INFO - [2026-03-21T23:41:58.290+0000] {dagbag.py:588} INFO - Filling up the DagBag from /opt/airflow/dags/job_scraping_dag.py
[2026-03-21T23:41:58.818+0000] {processor.py:925} INFO - DAG(s) 'daily_job_scraping' retrieved from /opt/airflow/dags/job_scraping_dag.py
[2026-03-21T23:41:58.841+0000] {logging_mixin.py:190} INFO - [2026-03-21T23:41:58.841+0000] {dag.py:3239} INFO - Sync 1 DAGs
[2026-03-21T23:41:58.859+0000] {logging_mixin.py:190} INFO - [2026-03-21T23:41:58.859+0000] {dag.py:4180} INFO - Setting next_dagrun for daily_job_scraping to 2026-03-21 12:00:00+00:00, run_after=2026-03-22 12:00:00+00:00
[2026-03-21T23:41:58.881+0000] {processor.py:208} INFO - Processing /opt/airflow/dags/job_scraping_dag.py took 0.602 seconds
[2026-03-21T23:42:29.242+0000] {processor.py:186} INFO - Started process (PID=3002) to work on /opt/airflow/dags/job_scraping_dag.py
[2026-03-21T23:42:29.243+0000] {processor.py:914} INFO - Processing file /opt/airflow/dags/job_scraping_dag.py for tasks to queue
[2026-03-21T23:42:29.244+0000] {logging_mixin.py:190} INFO - [2026-03-21T23:42:29.244+0000] {dagbag.py:588} INFO - Filling up the DagBag from /opt/airflow/dags/job_scraping_dag.py
[2026-03-21T23:42:29.749+0000] {processor.py:925} INFO - DAG(s) 'daily_job_scraping' retrieved from /opt/airflow/dags/job_scraping_dag.py
[2026-03-21T23:42:29.772+0000] {logging_mixin.py:190} INFO - [2026-03-21T23:42:29.772+0000] {dag.py:3239} INFO - Sync 1 DAGs
[2026-03-21T23:42:29.792+0000] {logging_mixin.py:190} INFO - [2026-03-21T23:42:29.792+0000] {dag.py:4180} INFO - Setting next_dagrun for daily_job_scraping to 2026-03-21 12:00:00+00:00, run_after=2026-03-22 12:00:00+00:00
[2026-03-21T23:42:29.815+0000] {processor.py:208} INFO - Processing /opt/airflow/dags/job_scraping_dag.py took 0.579 seconds
[2026-03-21T23:42:59.988+0000] {processor.py:186} INFO - Started process (PID=3008) to work on /opt/airflow/dags/job_scraping_dag.py
[2026-03-21T23:42:59.990+0000] {processor.py:914} INFO - Processing file /opt/airflow/dags/job_scraping_dag.py for tasks to queue
[2026-03-21T23:42:59.991+0000] {logging_mixin.py:190} INFO - [2026-03-21T23:42:59.991+0000] {dagbag.py:588} INFO - Filling up the DagBag from /opt/airflow/dags/job_scraping_dag.py
[2026-03-21T23:43:00.504+0000] {processor.py:925} INFO - DAG(s) 'daily_job_scraping' retrieved from /opt/airflow/dags/job_scraping_dag.py
[2026-03-21T23:43:00.529+0000] {logging_mixin.py:190} INFO - [2026-03-21T23:43:00.529+0000] {dag.py:3239} INFO - Sync 1 DAGs
[2026-03-21T23:43:00.549+0000] {logging_mixin.py:190} INFO - [2026-03-21T23:43:00.549+0000] {dag.py:4180} INFO - Setting next_dagrun for daily_job_scraping to 2026-03-21 12:00:00+00:00, run_after=2026-03-22 12:00:00+00:00
[2026-03-21T23:43:00.567+0000] {processor.py:208} INFO - Processing /opt/airflow/dags/job_scraping_dag.py took 0.585 seconds
[2026-03-21T23:43:30.937+0000] {processor.py:186} INFO - Started process (PID=3014) to work on /opt/airflow/dags/job_scraping_dag.py
[2026-03-21T23:43:30.939+0000] {processor.py:914} INFO - Processing file /opt/airflow/dags/job_scraping_dag.py for tasks to queue
[2026-03-21T23:43:30.941+0000] {logging_mixin.py:190} INFO - [2026-03-21T23:43:30.941+0000] {dagbag.py:588} INFO - Filling up the DagBag from /opt/airflow/dags/job_scraping_dag.py
[2026-03-21T23:43:31.456+0000] {processor.py:925} INFO - DAG(s) 'daily_job_scraping' retrieved from /opt/airflow/dags/job_scraping_dag.py
[2026-03-21T23:43:31.482+0000] {logging_mixin.py:190} INFO - [2026-03-21T23:43:31.481+0000] {dag.py:3239} INFO - Sync 1 DAGs
[2026-03-21T23:43:31.501+0000] {logging_mixin.py:190} INFO - [2026-03-21T23:43:31.501+0000] {dag.py:4180} INFO - Setting next_dagrun for daily_job_scraping to 2026-03-21 12:00:00+00:00, run_after=2026-03-22 12:00:00+00:00
[2026-03-21T23:43:31.523+0000] {processor.py:208} INFO - Processing /opt/airflow/dags/job_scraping_dag.py took 0.596 seconds
[2026-03-21T23:44:01.837+0000] {processor.py:186} INFO - Started process (PID=3020) to work on /opt/airflow/dags/job_scraping_dag.py
[2026-03-21T23:44:01.838+0000] {processor.py:914} INFO - Processing file /opt/airflow/dags/job_scraping_dag.py for tasks to queue
[2026-03-21T23:44:01.839+0000] {logging_mixin.py:190} INFO - [2026-03-21T23:44:01.839+0000] {dagbag.py:588} INFO - Filling up the DagBag from /opt/airflow/dags/job_scraping_dag.py
[2026-03-21T23:44:02.335+0000] {processor.py:925} INFO - DAG(s) 'daily_job_scraping' retrieved from /opt/airflow/dags/job_scraping_dag.py
[2026-03-21T23:44:02.358+0000] {logging_mixin.py:190} INFO - [2026-03-21T23:44:02.357+0000] {dag.py:3239} INFO - Sync 1 DAGs
[2026-03-21T23:44:02.378+0000] {logging_mixin.py:190} INFO - [2026-03-21T23:44:02.377+0000] {dag.py:4180} INFO - Setting next_dagrun for daily_job_scraping to 2026-03-21 12:00:00+00:00, run_after=2026-03-22 12:00:00+00:00
[2026-03-21T23:44:02.399+0000] {processor.py:208} INFO - Processing /opt/airflow/dags/job_scraping_dag.py took 0.567 seconds
[2026-03-21T23:44:32.785+0000] {processor.py:186} INFO - Started process (PID=3026) to work on /opt/airflow/dags/job_scraping_dag.py
[2026-03-21T23:44:32.787+0000] {processor.py:914} INFO - Processing file /opt/airflow/dags/job_scraping_dag.py for tasks to queue
[2026-03-21T23:44:32.789+0000] {logging_mixin.py:190} INFO - [2026-03-21T23:44:32.788+0000] {dagbag.py:588} INFO - Filling up the DagBag from /opt/airflow/dags/job_scraping_dag.py
[2026-03-21T23:44:33.383+0000] {processor.py:925} INFO - DAG(s) 'daily_job_scraping' retrieved from /opt/airflow/dags/job_scraping_dag.py
[2026-03-21T23:44:33.438+0000] {logging_mixin.py:190} INFO - [2026-03-21T23:44:33.437+0000] {dag.py:3239} INFO - Sync 1 DAGs
[2026-03-21T23:44:33.471+0000] {logging_mixin.py:190} INFO - [2026-03-21T23:44:33.470+0000] {dag.py:4180} INFO - Setting next_dagrun for daily_job_scraping to 2026-03-21 12:00:00+00:00, run_after=2026-03-22 12:00:00+00:00
[2026-03-21T23:44:33.513+0000] {processor.py:208} INFO - Processing /opt/airflow/dags/job_scraping_dag.py took 0.733 seconds
[2026-03-21T23:45:03.888+0000] {processor.py:186} INFO - Started process (PID=3032) to work on /opt/airflow/dags/job_scraping_dag.py
[2026-03-21T23:45:03.889+0000] {processor.py:914} INFO - Processing file /opt/airflow/dags/job_scraping_dag.py for tasks to queue
[2026-03-21T23:45:03.890+0000] {logging_mixin.py:190} INFO - [2026-03-21T23:45:03.890+0000] {dagbag.py:588} INFO - Filling up the DagBag from /opt/airflow/dags/job_scraping_dag.py
[2026-03-21T23:45:04.405+0000] {processor.py:925} INFO - DAG(s) 'daily_job_scraping' retrieved from /opt/airflow/dags/job_scraping_dag.py
[2026-03-21T23:45:04.450+0000] {logging_mixin.py:190} INFO - [2026-03-21T23:45:04.449+0000] {dag.py:3239} INFO - Sync 1 DAGs
[2026-03-21T23:45:04.478+0000] {logging_mixin.py:190} INFO - [2026-03-21T23:45:04.478+0000] {dag.py:4180} INFO - Setting next_dagrun for daily_job_scraping to 2026-03-21 12:00:00+00:00, run_after=2026-03-22 12:00:00+00:00
[2026-03-21T23:45:04.510+0000] {processor.py:208} INFO - Processing /opt/airflow/dags/job_scraping_dag.py took 0.628 seconds
[2026-03-21T23:45:34.807+0000] {processor.py:186} INFO - Started process (PID=3038) to work on /opt/airflow/dags/job_scraping_dag.py
[2026-03-21T23:45:34.808+0000] {processor.py:914} INFO - Processing file /opt/airflow/dags/job_scraping_dag.py for tasks to queue
[2026-03-21T23:45:34.810+0000] {logging_mixin.py:190} INFO - [2026-03-21T23:45:34.810+0000] {dagbag.py:588} INFO - Filling up the DagBag from /opt/airflow/dags/job_scraping_dag.py
[2026-03-21T23:45:35.381+0000] {processor.py:925} INFO - DAG(s) 'daily_job_scraping' retrieved from /opt/airflow/dags/job_scraping_dag.py
[2026-03-21T23:45:35.406+0000] {logging_mixin.py:190} INFO - [2026-03-21T23:45:35.405+0000] {dag.py:3239} INFO - Sync 1 DAGs
[2026-03-21T23:45:35.428+0000] {logging_mixin.py:190} INFO - [2026-03-21T23:45:35.428+0000] {dag.py:4180} INFO - Setting next_dagrun for daily_job_scraping to 2026-03-21 12:00:00+00:00, run_after=2026-03-22 12:00:00+00:00
[2026-03-21T23:45:35.449+0000] {processor.py:208} INFO - Processing /opt/airflow/dags/job_scraping_dag.py took 0.647 seconds
[2026-03-21T23:46:05.809+0000] {processor.py:186} INFO - Started process (PID=3044) to work on /opt/airflow/dags/job_scraping_dag.py
[2026-03-21T23:46:05.811+0000] {processor.py:914} INFO - Processing file /opt/airflow/dags/job_scraping_dag.py for tasks to queue
[2026-03-21T23:46:05.812+0000] {logging_mixin.py:190} INFO - [2026-03-21T23:46:05.812+0000] {dagbag.py:588} INFO - Filling up the DagBag from /opt/airflow/dags/job_scraping_dag.py
[2026-03-21T23:46:06.389+0000] {processor.py:925} INFO - DAG(s) 'daily_job_scraping' retrieved from /opt/airflow/dags/job_scraping_dag.py
[2026-03-21T23:46:06.414+0000] {logging_mixin.py:190} INFO - [2026-03-21T23:46:06.414+0000] {dag.py:3239} INFO - Sync 1 DAGs
[2026-03-21T23:46:06.444+0000] {logging_mixin.py:190} INFO - [2026-03-21T23:46:06.444+0000] {dag.py:4180} INFO - Setting next_dagrun for daily_job_scraping to 2026-03-21 12:00:00+00:00, run_after=2026-03-22 12:00:00+00:00
[2026-03-21T23:46:06.468+0000] {processor.py:208} INFO - Processing /opt/airflow/dags/job_scraping_dag.py took 0.665 seconds
[2026-03-21T23:46:36.811+0000] {processor.py:186} INFO - Started process (PID=3050) to work on /opt/airflow/dags/job_scraping_dag.py
[2026-03-21T23:46:36.813+0000] {processor.py:914} INFO - Processing file /opt/airflow/dags/job_scraping_dag.py for tasks to queue
[2026-03-21T23:46:36.814+0000] {logging_mixin.py:190} INFO - [2026-03-21T23:46:36.814+0000] {dagbag.py:588} INFO - Filling up the DagBag from /opt/airflow/dags/job_scraping_dag.py
[2026-03-21T23:46:37.352+0000] {processor.py:925} INFO - DAG(s) 'daily_job_scraping' retrieved from /opt/airflow/dags/job_scraping_dag.py
[2026-03-21T23:46:37.377+0000] {logging_mixin.py:190} INFO - [2026-03-21T23:46:37.377+0000] {dag.py:3239} INFO - Sync 1 DAGs
[2026-03-21T23:46:37.394+0000] {logging_mixin.py:190} INFO - [2026-03-21T23:46:37.394+0000] {dag.py:4180} INFO - Setting next_dagrun for daily_job_scraping to 2026-03-21 12:00:00+00:00, run_after=2026-03-22 12:00:00+00:00
[2026-03-21T23:46:37.414+0000] {processor.py:208} INFO - Processing /opt/airflow/dags/job_scraping_dag.py took 0.609 seconds
[2026-03-21T23:47:07.748+0000] {processor.py:186} INFO - Started process (PID=3056) to work on /opt/airflow/dags/job_scraping_dag.py
[2026-03-21T23:47:07.749+0000] {processor.py:914} INFO - Processing file /opt/airflow/dags/job_scraping_dag.py for tasks to queue
[2026-03-21T23:47:07.751+0000] {logging_mixin.py:190} INFO - [2026-03-21T23:47:07.750+0000] {dagbag.py:588} INFO - Filling up the DagBag from /opt/airflow/dags/job_scraping_dag.py
[2026-03-21T23:47:08.311+0000] {processor.py:925} INFO - DAG(s) 'daily_job_scraping' retrieved from /opt/airflow/dags/job_scraping_dag.py
[2026-03-21T23:47:08.335+0000] {logging_mixin.py:190} INFO - [2026-03-21T23:47:08.334+0000] {dag.py:3239} INFO - Sync 1 DAGs
[2026-03-21T23:47:08.355+0000] {logging_mixin.py:190} INFO - [2026-03-21T23:47:08.354+0000] {dag.py:4180} INFO - Setting next_dagrun for daily_job_scraping to 2026-03-21 12:00:00+00:00, run_after=2026-03-22 12:00:00+00:00
[2026-03-21T23:47:08.378+0000] {processor.py:208} INFO - Processing /opt/airflow/dags/job_scraping_dag.py took 0.635 seconds
[2026-03-21T23:47:38.724+0000] {processor.py:186} INFO - Started process (PID=3062) to work on /opt/airflow/dags/job_scraping_dag.py
[2026-03-21T23:47:38.725+0000] {processor.py:914} INFO - Processing file /opt/airflow/dags/job_scraping_dag.py for tasks to queue
[2026-03-21T23:47:38.727+0000] {logging_mixin.py:190} INFO - [2026-03-21T23:47:38.726+0000] {dagbag.py:588} INFO - Filling up the DagBag from /opt/airflow/dags/job_scraping_dag.py
[2026-03-21T23:47:39.249+0000] {processor.py:925} INFO - DAG(s) 'daily_job_scraping' retrieved from /opt/airflow/dags/job_scraping_dag.py
[2026-03-21T23:47:39.273+0000] {logging_mixin.py:190} INFO - [2026-03-21T23:47:39.273+0000] {dag.py:3239} INFO - Sync 1 DAGs
[2026-03-21T23:47:39.290+0000] {logging_mixin.py:190} INFO - [2026-03-21T23:47:39.290+0000] {dag.py:4180} INFO - Setting next_dagrun for daily_job_scraping to 2026-03-21 12:00:00+00:00, run_after=2026-03-22 12:00:00+00:00
[2026-03-21T23:47:39.313+0000] {processor.py:208} INFO - Processing /opt/airflow/dags/job_scraping_dag.py took 0.595 seconds
[2026-03-21T23:48:09.389+0000] {processor.py:186} INFO - Started process (PID=3068) to work on /opt/airflow/dags/job_scraping_dag.py
[2026-03-21T23:48:09.390+0000] {processor.py:914} INFO - Processing file /opt/airflow/dags/job_scraping_dag.py for tasks to queue
[2026-03-21T23:48:09.391+0000] {logging_mixin.py:190} INFO - [2026-03-21T23:48:09.391+0000] {dagbag.py:588} INFO - Filling up the DagBag from /opt/airflow/dags/job_scraping_dag.py
[2026-03-21T23:48:09.915+0000] {processor.py:925} INFO - DAG(s) 'daily_job_scraping' retrieved from /opt/airflow/dags/job_scraping_dag.py
[2026-03-21T23:48:09.939+0000] {logging_mixin.py:190} INFO - [2026-03-21T23:48:09.939+0000] {dag.py:3239} INFO - Sync 1 DAGs
[2026-03-21T23:48:09.958+0000] {logging_mixin.py:190} INFO - [2026-03-21T23:48:09.958+0000] {dag.py:4180} INFO - Setting next_dagrun for daily_job_scraping to 2026-03-21 12:00:00+00:00, run_after=2026-03-22 12:00:00+00:00
[2026-03-21T23:48:09.979+0000] {processor.py:208} INFO - Processing /opt/airflow/dags/job_scraping_dag.py took 0.597 seconds
[2026-03-21T23:48:40.319+0000] {processor.py:186} INFO - Started process (PID=3074) to work on /opt/airflow/dags/job_scraping_dag.py
[2026-03-21T23:48:40.320+0000] {processor.py:914} INFO - Processing file /opt/airflow/dags/job_scraping_dag.py for tasks to queue
[2026-03-21T23:48:40.321+0000] {logging_mixin.py:190} INFO - [2026-03-21T23:48:40.321+0000] {dagbag.py:588} INFO - Filling up the DagBag from /opt/airflow/dags/job_scraping_dag.py
[2026-03-21T23:48:40.854+0000] {processor.py:925} INFO - DAG(s) 'daily_job_scraping' retrieved from /opt/airflow/dags/job_scraping_dag.py
[2026-03-21T23:48:40.878+0000] {logging_mixin.py:190} INFO - [2026-03-21T23:48:40.877+0000] {dag.py:3239} INFO - Sync 1 DAGs
[2026-03-21T23:48:40.896+0000] {logging_mixin.py:190} INFO - [2026-03-21T23:48:40.895+0000] {dag.py:4180} INFO - Setting next_dagrun for daily_job_scraping to 2026-03-21 12:00:00+00:00, run_after=2026-03-22 12:00:00+00:00
[2026-03-21T23:48:40.914+0000] {processor.py:208} INFO - Processing /opt/airflow/dags/job_scraping_dag.py took 0.601 seconds
[2026-03-21T23:49:11.298+0000] {processor.py:186} INFO - Started process (PID=3080) to work on /opt/airflow/dags/job_scraping_dag.py
[2026-03-21T23:49:11.299+0000] {processor.py:914} INFO - Processing file /opt/airflow/dags/job_scraping_dag.py for tasks to queue
[2026-03-21T23:49:11.301+0000] {logging_mixin.py:190} INFO - [2026-03-21T23:49:11.300+0000] {dagbag.py:588} INFO - Filling up the DagBag from /opt/airflow/dags/job_scraping_dag.py
[2026-03-21T23:49:11.800+0000] {processor.py:925} INFO - DAG(s) 'daily_job_scraping' retrieved from /opt/airflow/dags/job_scraping_dag.py
[2026-03-21T23:49:11.823+0000] {logging_mixin.py:190} INFO - [2026-03-21T23:49:11.823+0000] {dag.py:3239} INFO - Sync 1 DAGs
[2026-03-21T23:49:11.842+0000] {logging_mixin.py:190} INFO - [2026-03-21T23:49:11.841+0000] {dag.py:4180} INFO - Setting next_dagrun for daily_job_scraping to 2026-03-21 12:00:00+00:00, run_after=2026-03-22 12:00:00+00:00
[2026-03-21T23:49:11.862+0000] {processor.py:208} INFO - Processing /opt/airflow/dags/job_scraping_dag.py took 0.570 seconds
[2026-03-21T23:49:41.963+0000] {processor.py:186} INFO - Started process (PID=3086) to work on /opt/airflow/dags/job_scraping_dag.py
[2026-03-21T23:49:41.964+0000] {processor.py:914} INFO - Processing file /opt/airflow/dags/job_scraping_dag.py for tasks to queue
[2026-03-21T23:49:41.966+0000] {logging_mixin.py:190} INFO - [2026-03-21T23:49:41.965+0000] {dagbag.py:588} INFO - Filling up the DagBag from /opt/airflow/dags/job_scraping_dag.py
[2026-03-21T23:49:42.483+0000] {processor.py:925} INFO - DAG(s) 'daily_job_scraping' retrieved from /opt/airflow/dags/job_scraping_dag.py
[2026-03-21T23:49:42.508+0000] {logging_mixin.py:190} INFO - [2026-03-21T23:49:42.507+0000] {dag.py:3239} INFO - Sync 1 DAGs
[2026-03-21T23:49:42.526+0000] {logging_mixin.py:190} INFO - [2026-03-21T23:49:42.526+0000] {dag.py:4180} INFO - Setting next_dagrun for daily_job_scraping to 2026-03-21 12:00:00+00:00, run_after=2026-03-22 12:00:00+00:00
[2026-03-21T23:49:42.548+0000] {processor.py:208} INFO - Processing /opt/airflow/dags/job_scraping_dag.py took 0.591 seconds
[2026-03-21T23:50:12.935+0000] {processor.py:186} INFO - Started process (PID=3092) to work on /opt/airflow/dags/job_scraping_dag.py
[2026-03-21T23:50:12.936+0000] {processor.py:914} INFO - Processing file /opt/airflow/dags/job_scraping_dag.py for tasks to queue
[2026-03-21T23:50:12.938+0000] {logging_mixin.py:190} INFO - [2026-03-21T23:50:12.937+0000] {dagbag.py:588} INFO - Filling up the DagBag from /opt/airflow/dags/job_scraping_dag.py
[2026-03-21T23:50:13.468+0000] {processor.py:925} INFO - DAG(s) 'daily_job_scraping' retrieved from /opt/airflow/dags/job_scraping_dag.py
[2026-03-21T23:50:13.493+0000] {logging_mixin.py:190} INFO - [2026-03-21T23:50:13.493+0000] {dag.py:3239} INFO - Sync 1 DAGs
[2026-03-21T23:50:13.510+0000] {logging_mixin.py:190} INFO - [2026-03-21T23:50:13.510+0000] {dag.py:4180} INFO - Setting next_dagrun for daily_job_scraping to 2026-03-21 12:00:00+00:00, run_after=2026-03-22 12:00:00+00:00
[2026-03-21T23:50:13.531+0000] {processor.py:208} INFO - Processing /opt/airflow/dags/job_scraping_dag.py took 0.602 seconds
[2026-03-21T23:50:43.922+0000] {processor.py:186} INFO - Started process (PID=3098) to work on /opt/airflow/dags/job_scraping_dag.py
[2026-03-21T23:50:43.924+0000] {processor.py:914} INFO - Processing file /opt/airflow/dags/job_scraping_dag.py for tasks to queue
[2026-03-21T23:50:43.926+0000] {logging_mixin.py:190} INFO - [2026-03-21T23:50:43.926+0000] {dagbag.py:588} INFO - Filling up the DagBag from /opt/airflow/dags/job_scraping_dag.py
[2026-03-21T23:50:44.501+0000] {processor.py:925} INFO - DAG(s) 'daily_job_scraping' retrieved from /opt/airflow/dags/job_scraping_dag.py
[2026-03-21T23:50:44.525+0000] {logging_mixin.py:190} INFO - [2026-03-21T23:50:44.524+0000] {dag.py:3239} INFO - Sync 1 DAGs
[2026-03-21T23:50:44.543+0000] {logging_mixin.py:190} INFO - [2026-03-21T23:50:44.543+0000] {dag.py:4180} INFO - Setting next_dagrun for daily_job_scraping to 2026-03-21 12:00:00+00:00, run_after=2026-03-22 12:00:00+00:00
[2026-03-21T23:50:44.566+0000] {processor.py:208} INFO - Processing /opt/airflow/dags/job_scraping_dag.py took 0.651 seconds
[2026-03-21T23:51:14.921+0000] {processor.py:186} INFO - Started process (PID=3104) to work on /opt/airflow/dags/job_scraping_dag.py
[2026-03-21T23:51:14.922+0000] {processor.py:914} INFO - Processing file /opt/airflow/dags/job_scraping_dag.py for tasks to queue
[2026-03-21T23:51:14.923+0000] {logging_mixin.py:190} INFO - [2026-03-21T23:51:14.922+0000] {dagbag.py:588} INFO - Filling up the DagBag from /opt/airflow/dags/job_scraping_dag.py
[2026-03-21T23:51:15.440+0000] {processor.py:925} INFO - DAG(s) 'daily_job_scraping' retrieved from /opt/airflow/dags/job_scraping_dag.py
[2026-03-21T23:51:15.466+0000] {logging_mixin.py:190} INFO - [2026-03-21T23:51:15.466+0000] {dag.py:3239} INFO - Sync 1 DAGs
[2026-03-21T23:51:15.487+0000] {logging_mixin.py:190} INFO - [2026-03-21T23:51:15.487+0000] {dag.py:4180} INFO - Setting next_dagrun for daily_job_scraping to 2026-03-21 12:00:00+00:00, run_after=2026-03-22 12:00:00+00:00
[2026-03-21T23:51:15.507+0000] {processor.py:208} INFO - Processing /opt/airflow/dags/job_scraping_dag.py took 0.592 seconds
[2026-03-21T23:51:45.640+0000] {processor.py:186} INFO - Started process (PID=3110) to work on /opt/airflow/dags/job_scraping_dag.py
[2026-03-21T23:51:45.641+0000] {processor.py:914} INFO - Processing file /opt/airflow/dags/job_scraping_dag.py for tasks to queue
[2026-03-21T23:51:45.642+0000] {logging_mixin.py:190} INFO - [2026-03-21T23:51:45.642+0000] {dagbag.py:588} INFO - Filling up the DagBag from /opt/airflow/dags/job_scraping_dag.py
[2026-03-21T23:51:46.189+0000] {processor.py:925} INFO - DAG(s) 'daily_job_scraping' retrieved from /opt/airflow/dags/job_scraping_dag.py
[2026-03-21T23:51:46.220+0000] {logging_mixin.py:190} INFO - [2026-03-21T23:51:46.220+0000] {dag.py:3239} INFO - Sync 1 DAGs
[2026-03-21T23:51:46.250+0000] {logging_mixin.py:190} INFO - [2026-03-21T23:51:46.250+0000] {dag.py:4180} INFO - Setting next_dagrun for daily_job_scraping to 2026-03-21 12:00:00+00:00, run_after=2026-03-22 12:00:00+00:00
[2026-03-21T23:51:46.285+0000] {processor.py:208} INFO - Processing /opt/airflow/dags/job_scraping_dag.py took 0.651 seconds
[2026-03-21T23:52:16.681+0000] {processor.py:186} INFO - Started process (PID=3116) to work on /opt/airflow/dags/job_scraping_dag.py
[2026-03-21T23:52:16.683+0000] {processor.py:914} INFO - Processing file /opt/airflow/dags/job_scraping_dag.py for tasks to queue
[2026-03-21T23:52:16.685+0000] {logging_mixin.py:190} INFO - [2026-03-21T23:52:16.684+0000] {dagbag.py:588} INFO - Filling up the DagBag from /opt/airflow/dags/job_scraping_dag.py
[2026-03-21T23:52:17.705+0000] {processor.py:925} INFO - DAG(s) 'daily_job_scraping' retrieved from /opt/airflow/dags/job_scraping_dag.py
[2026-03-21T23:52:17.741+0000] {logging_mixin.py:190} INFO - [2026-03-21T23:52:17.741+0000] {dag.py:3239} INFO - Sync 1 DAGs
[2026-03-21T23:52:17.767+0000] {logging_mixin.py:190} INFO - [2026-03-21T23:52:17.766+0000] {dag.py:4180} INFO - Setting next_dagrun for daily_job_scraping to 2026-03-21 12:00:00+00:00, run_after=2026-03-22 12:00:00+00:00
[2026-03-21T23:52:17.790+0000] {processor.py:208} INFO - Processing /opt/airflow/dags/job_scraping_dag.py took 1.123 seconds
[2026-03-21T23:52:47.971+0000] {processor.py:186} INFO - Started process (PID=3122) to work on /opt/airflow/dags/job_scraping_dag.py
[2026-03-21T23:52:47.972+0000] {processor.py:914} INFO - Processing file /opt/airflow/dags/job_scraping_dag.py for tasks to queue
[2026-03-21T23:52:47.974+0000] {logging_mixin.py:190} INFO - [2026-03-21T23:52:47.973+0000] {dagbag.py:588} INFO - Filling up the DagBag from /opt/airflow/dags/job_scraping_dag.py
[2026-03-21T23:52:48.609+0000] {processor.py:925} INFO - DAG(s) 'daily_job_scraping' retrieved from /opt/airflow/dags/job_scraping_dag.py
[2026-03-21T23:52:48.634+0000] {logging_mixin.py:190} INFO - [2026-03-21T23:52:48.634+0000] {dag.py:3239} INFO - Sync 1 DAGs
[2026-03-21T23:52:48.654+0000] {logging_mixin.py:190} INFO - [2026-03-21T23:52:48.654+0000] {dag.py:4180} INFO - Setting next_dagrun for daily_job_scraping to 2026-03-21 12:00:00+00:00, run_after=2026-03-22 12:00:00+00:00
[2026-03-21T23:52:48.677+0000] {processor.py:208} INFO - Processing /opt/airflow/dags/job_scraping_dag.py took 0.713 seconds
[2026-03-21T23:53:19.044+0000] {processor.py:186} INFO - Started process (PID=3128) to work on /opt/airflow/dags/job_scraping_dag.py
[2026-03-21T23:53:19.046+0000] {processor.py:914} INFO - Processing file /opt/airflow/dags/job_scraping_dag.py for tasks to queue
[2026-03-21T23:53:19.047+0000] {logging_mixin.py:190} INFO - [2026-03-21T23:53:19.047+0000] {dagbag.py:588} INFO - Filling up the DagBag from /opt/airflow/dags/job_scraping_dag.py
[2026-03-21T23:53:19.582+0000] {processor.py:925} INFO - DAG(s) 'daily_job_scraping' retrieved from /opt/airflow/dags/job_scraping_dag.py
[2026-03-21T23:53:19.607+0000] {logging_mixin.py:190} INFO - [2026-03-21T23:53:19.607+0000] {dag.py:3239} INFO - Sync 1 DAGs
[2026-03-21T23:53:19.626+0000] {logging_mixin.py:190} INFO - [2026-03-21T23:53:19.626+0000] {dag.py:4180} INFO - Setting next_dagrun for daily_job_scraping to 2026-03-21 12:00:00+00:00, run_after=2026-03-22 12:00:00+00:00
[2026-03-21T23:53:19.651+0000] {processor.py:208} INFO - Processing /opt/airflow/dags/job_scraping_dag.py took 0.612 seconds
[2026-03-21T23:53:49.973+0000] {processor.py:186} INFO - Started process (PID=3134) to work on /opt/airflow/dags/job_scraping_dag.py
[2026-03-21T23:53:49.975+0000] {processor.py:914} INFO - Processing file /opt/airflow/dags/job_scraping_dag.py for tasks to queue
[2026-03-21T23:53:49.976+0000] {logging_mixin.py:190} INFO - [2026-03-21T23:53:49.976+0000] {dagbag.py:588} INFO - Filling up the DagBag from /opt/airflow/dags/job_scraping_dag.py
[2026-03-21T23:53:50.536+0000] {processor.py:925} INFO - DAG(s) 'daily_job_scraping' retrieved from /opt/airflow/dags/job_scraping_dag.py
[2026-03-21T23:53:50.559+0000] {logging_mixin.py:190} INFO - [2026-03-21T23:53:50.558+0000] {dag.py:3239} INFO - Sync 1 DAGs
[2026-03-21T23:53:50.579+0000] {logging_mixin.py:190} INFO - [2026-03-21T23:53:50.579+0000] {dag.py:4180} INFO - Setting next_dagrun for daily_job_scraping to 2026-03-21 12:00:00+00:00, run_after=2026-03-22 12:00:00+00:00
[2026-03-21T23:53:50.603+0000] {processor.py:208} INFO - Processing /opt/airflow/dags/job_scraping_dag.py took 0.637 seconds
[2026-03-21T23:54:20.964+0000] {processor.py:186} INFO - Started process (PID=3140) to work on /opt/airflow/dags/job_scraping_dag.py
[2026-03-21T23:54:20.966+0000] {processor.py:914} INFO - Processing file /opt/airflow/dags/job_scraping_dag.py for tasks to queue
[2026-03-21T23:54:20.967+0000] {logging_mixin.py:190} INFO - [2026-03-21T23:54:20.967+0000] {dagbag.py:588} INFO - Filling up the DagBag from /opt/airflow/dags/job_scraping_dag.py
[2026-03-21T23:54:21.476+0000] {processor.py:925} INFO - DAG(s) 'daily_job_scraping' retrieved from /opt/airflow/dags/job_scraping_dag.py
[2026-03-21T23:54:21.500+0000] {logging_mixin.py:190} INFO - [2026-03-21T23:54:21.500+0000] {dag.py:3239} INFO - Sync 1 DAGs
[2026-03-21T23:54:21.518+0000] {logging_mixin.py:190} INFO - [2026-03-21T23:54:21.518+0000] {dag.py:4180} INFO - Setting next_dagrun for daily_job_scraping to 2026-03-21 12:00:00+00:00, run_after=2026-03-22 12:00:00+00:00
[2026-03-21T23:54:21.540+0000] {processor.py:208} INFO - Processing /opt/airflow/dags/job_scraping_dag.py took 0.582 seconds
[2026-03-21T23:54:51.612+0000] {processor.py:186} INFO - Started process (PID=3146) to work on /opt/airflow/dags/job_scraping_dag.py
[2026-03-21T23:54:51.613+0000] {processor.py:914} INFO - Processing file /opt/airflow/dags/job_scraping_dag.py for tasks to queue
[2026-03-21T23:54:51.614+0000] {logging_mixin.py:190} INFO - [2026-03-21T23:54:51.614+0000] {dagbag.py:588} INFO - Filling up the DagBag from /opt/airflow/dags/job_scraping_dag.py
[2026-03-21T23:54:52.149+0000] {processor.py:925} INFO - DAG(s) 'daily_job_scraping' retrieved from /opt/airflow/dags/job_scraping_dag.py
[2026-03-21T23:54:52.174+0000] {logging_mixin.py:190} INFO - [2026-03-21T23:54:52.174+0000] {dag.py:3239} INFO - Sync 1 DAGs
[2026-03-21T23:54:52.193+0000] {logging_mixin.py:190} INFO - [2026-03-21T23:54:52.193+0000] {dag.py:4180} INFO - Setting next_dagrun for daily_job_scraping to 2026-03-21 12:00:00+00:00, run_after=2026-03-22 12:00:00+00:00
[2026-03-21T23:54:52.216+0000] {processor.py:208} INFO - Processing /opt/airflow/dags/job_scraping_dag.py took 0.610 seconds
[2026-03-21T23:55:22.548+0000] {processor.py:186} INFO - Started process (PID=3152) to work on /opt/airflow/dags/job_scraping_dag.py
[2026-03-21T23:55:22.549+0000] {processor.py:914} INFO - Processing file /opt/airflow/dags/job_scraping_dag.py for tasks to queue
[2026-03-21T23:55:22.550+0000] {logging_mixin.py:190} INFO - [2026-03-21T23:55:22.550+0000] {dagbag.py:588} INFO - Filling up the DagBag from /opt/airflow/dags/job_scraping_dag.py
[2026-03-21T23:55:23.070+0000] {processor.py:925} INFO - DAG(s) 'daily_job_scraping' retrieved from /opt/airflow/dags/job_scraping_dag.py
[2026-03-21T23:55:23.096+0000] {logging_mixin.py:190} INFO - [2026-03-21T23:55:23.095+0000] {dag.py:3239} INFO - Sync 1 DAGs
[2026-03-21T23:55:23.114+0000] {logging_mixin.py:190} INFO - [2026-03-21T23:55:23.114+0000] {dag.py:4180} INFO - Setting next_dagrun for daily_job_scraping to 2026-03-21 12:00:00+00:00, run_after=2026-03-22 12:00:00+00:00
[2026-03-21T23:55:23.136+0000] {processor.py:208} INFO - Processing /opt/airflow/dags/job_scraping_dag.py took 0.593 seconds
[2026-03-21T23:55:53.476+0000] {processor.py:186} INFO - Started process (PID=3158) to work on /opt/airflow/dags/job_scraping_dag.py
[2026-03-21T23:55:53.477+0000] {processor.py:914} INFO - Processing file /opt/airflow/dags/job_scraping_dag.py for tasks to queue
[2026-03-21T23:55:53.478+0000] {logging_mixin.py:190} INFO - [2026-03-21T23:55:53.478+0000] {dagbag.py:588} INFO - Filling up the DagBag from /opt/airflow/dags/job_scraping_dag.py
[2026-03-21T23:55:54.086+0000] {processor.py:925} INFO - DAG(s) 'daily_job_scraping' retrieved from /opt/airflow/dags/job_scraping_dag.py
[2026-03-21T23:55:54.126+0000] {logging_mixin.py:190} INFO - [2026-03-21T23:55:54.125+0000] {dag.py:3239} INFO - Sync 1 DAGs
[2026-03-21T23:55:54.160+0000] {logging_mixin.py:190} INFO - [2026-03-21T23:55:54.160+0000] {dag.py:4180} INFO - Setting next_dagrun for daily_job_scraping to 2026-03-21 12:00:00+00:00, run_after=2026-03-22 12:00:00+00:00
[2026-03-21T23:55:54.191+0000] {processor.py:208} INFO - Processing /opt/airflow/dags/job_scraping_dag.py took 0.722 seconds
[2026-03-21T23:56:24.594+0000] {processor.py:186} INFO - Started process (PID=3164) to work on /opt/airflow/dags/job_scraping_dag.py
[2026-03-21T23:56:24.595+0000] {processor.py:914} INFO - Processing file /opt/airflow/dags/job_scraping_dag.py for tasks to queue
[2026-03-21T23:56:24.597+0000] {logging_mixin.py:190} INFO - [2026-03-21T23:56:24.596+0000] {dagbag.py:588} INFO - Filling up the DagBag from /opt/airflow/dags/job_scraping_dag.py
[2026-03-21T23:56:25.116+0000] {processor.py:925} INFO - DAG(s) 'daily_job_scraping' retrieved from /opt/airflow/dags/job_scraping_dag.py
[2026-03-21T23:56:25.142+0000] {logging_mixin.py:190} INFO - [2026-03-21T23:56:25.141+0000] {dag.py:3239} INFO - Sync 1 DAGs
[2026-03-21T23:56:25.167+0000] {logging_mixin.py:190} INFO - [2026-03-21T23:56:25.166+0000] {dag.py:4180} INFO - Setting next_dagrun for daily_job_scraping to 2026-03-21 12:00:00+00:00, run_after=2026-03-22 12:00:00+00:00
[2026-03-21T23:56:25.195+0000] {processor.py:208} INFO - Processing /opt/airflow/dags/job_scraping_dag.py took 0.607 seconds
[2026-03-21T23:56:55.530+0000] {processor.py:186} INFO - Started process (PID=3170) to work on /opt/airflow/dags/job_scraping_dag.py
[2026-03-21T23:56:55.531+0000] {processor.py:914} INFO - Processing file /opt/airflow/dags/job_scraping_dag.py for tasks to queue
[2026-03-21T23:56:55.532+0000] {logging_mixin.py:190} INFO - [2026-03-21T23:56:55.532+0000] {dagbag.py:588} INFO - Filling up the DagBag from /opt/airflow/dags/job_scraping_dag.py
[2026-03-21T23:56:56.064+0000] {processor.py:925} INFO - DAG(s) 'daily_job_scraping' retrieved from /opt/airflow/dags/job_scraping_dag.py
[2026-03-21T23:56:56.089+0000] {logging_mixin.py:190} INFO - [2026-03-21T23:56:56.088+0000] {dag.py:3239} INFO - Sync 1 DAGs
[2026-03-21T23:56:56.112+0000] {logging_mixin.py:190} INFO - [2026-03-21T23:56:56.112+0000] {dag.py:4180} INFO - Setting next_dagrun for daily_job_scraping to 2026-03-21 12:00:00+00:00, run_after=2026-03-22 12:00:00+00:00
[2026-03-21T23:56:56.130+0000] {processor.py:208} INFO - Processing /opt/airflow/dags/job_scraping_dag.py took 0.605 seconds
[2026-03-21T23:57:26.475+0000] {processor.py:186} INFO - Started process (PID=3176) to work on /opt/airflow/dags/job_scraping_dag.py
[2026-03-21T23:57:26.476+0000] {processor.py:914} INFO - Processing file /opt/airflow/dags/job_scraping_dag.py for tasks to queue
[2026-03-21T23:57:26.478+0000] {logging_mixin.py:190} INFO - [2026-03-21T23:57:26.478+0000] {dagbag.py:588} INFO - Filling up the DagBag from /opt/airflow/dags/job_scraping_dag.py
[2026-03-21T23:57:27.051+0000] {processor.py:925} INFO - DAG(s) 'daily_job_scraping' retrieved from /opt/airflow/dags/job_scraping_dag.py
[2026-03-21T23:57:27.076+0000] {logging_mixin.py:190} INFO - [2026-03-21T23:57:27.076+0000] {dag.py:3239} INFO - Sync 1 DAGs
[2026-03-21T23:57:27.095+0000] {logging_mixin.py:190} INFO - [2026-03-21T23:57:27.095+0000] {dag.py:4180} INFO - Setting next_dagrun for daily_job_scraping to 2026-03-21 12:00:00+00:00, run_after=2026-03-22 12:00:00+00:00
[2026-03-21T23:57:27.116+0000] {processor.py:208} INFO - Processing /opt/airflow/dags/job_scraping_dag.py took 0.649 seconds
[2026-03-21T23:57:57.208+0000] {processor.py:186} INFO - Started process (PID=3182) to work on /opt/airflow/dags/job_scraping_dag.py
[2026-03-21T23:57:57.209+0000] {processor.py:914} INFO - Processing file /opt/airflow/dags/job_scraping_dag.py for tasks to queue
[2026-03-21T23:57:57.211+0000] {logging_mixin.py:190} INFO - [2026-03-21T23:57:57.210+0000] {dagbag.py:588} INFO - Filling up the DagBag from /opt/airflow/dags/job_scraping_dag.py
[2026-03-21T23:57:57.741+0000] {processor.py:925} INFO - DAG(s) 'daily_job_scraping' retrieved from /opt/airflow/dags/job_scraping_dag.py
[2026-03-21T23:57:57.765+0000] {logging_mixin.py:190} INFO - [2026-03-21T23:57:57.765+0000] {dag.py:3239} INFO - Sync 1 DAGs
[2026-03-21T23:57:57.782+0000] {logging_mixin.py:190} INFO - [2026-03-21T23:57:57.782+0000] {dag.py:4180} INFO - Setting next_dagrun for daily_job_scraping to 2026-03-21 12:00:00+00:00, run_after=2026-03-22 12:00:00+00:00
[2026-03-21T23:57:57.804+0000] {processor.py:208} INFO - Processing /opt/airflow/dags/job_scraping_dag.py took 0.602 seconds
[2026-03-21T23:58:28.179+0000] {processor.py:186} INFO - Started process (PID=3188) to work on /opt/airflow/dags/job_scraping_dag.py
[2026-03-21T23:58:28.181+0000] {processor.py:914} INFO - Processing file /opt/airflow/dags/job_scraping_dag.py for tasks to queue
[2026-03-21T23:58:28.183+0000] {logging_mixin.py:190} INFO - [2026-03-21T23:58:28.182+0000] {dagbag.py:588} INFO - Filling up the DagBag from /opt/airflow/dags/job_scraping_dag.py
[2026-03-21T23:58:28.753+0000] {processor.py:925} INFO - DAG(s) 'daily_job_scraping' retrieved from /opt/airflow/dags/job_scraping_dag.py
[2026-03-21T23:58:28.778+0000] {logging_mixin.py:190} INFO - [2026-03-21T23:58:28.777+0000] {dag.py:3239} INFO - Sync 1 DAGs
[2026-03-21T23:58:28.797+0000] {logging_mixin.py:190} INFO - [2026-03-21T23:58:28.796+0000] {dag.py:4180} INFO - Setting next_dagrun for daily_job_scraping to 2026-03-21 12:00:00+00:00, run_after=2026-03-22 12:00:00+00:00
[2026-03-21T23:58:28.816+0000] {processor.py:208} INFO - Processing /opt/airflow/dags/job_scraping_dag.py took 0.643 seconds
[2026-03-21T23:58:59.026+0000] {processor.py:186} INFO - Started process (PID=3194) to work on /opt/airflow/dags/job_scraping_dag.py
[2026-03-21T23:58:59.027+0000] {processor.py:914} INFO - Processing file /opt/airflow/dags/job_scraping_dag.py for tasks to queue
[2026-03-21T23:58:59.029+0000] {logging_mixin.py:190} INFO - [2026-03-21T23:58:59.029+0000] {dagbag.py:588} INFO - Filling up the DagBag from /opt/airflow/dags/job_scraping_dag.py
[2026-03-21T23:58:59.639+0000] {processor.py:925} INFO - DAG(s) 'daily_job_scraping' retrieved from /opt/airflow/dags/job_scraping_dag.py
[2026-03-21T23:58:59.663+0000] {logging_mixin.py:190} INFO - [2026-03-21T23:58:59.663+0000] {dag.py:3239} INFO - Sync 1 DAGs
[2026-03-21T23:58:59.685+0000] {logging_mixin.py:190} INFO - [2026-03-21T23:58:59.684+0000] {dag.py:4180} INFO - Setting next_dagrun for daily_job_scraping to 2026-03-21 12:00:00+00:00, run_after=2026-03-22 12:00:00+00:00
[2026-03-21T23:58:59.707+0000] {processor.py:208} INFO - Processing /opt/airflow/dags/job_scraping_dag.py took 0.687 seconds
[2026-03-21T23:59:30.033+0000] {processor.py:186} INFO - Started process (PID=3200) to work on /opt/airflow/dags/job_scraping_dag.py
[2026-03-21T23:59:30.035+0000] {processor.py:914} INFO - Processing file /opt/airflow/dags/job_scraping_dag.py for tasks to queue
[2026-03-21T23:59:30.037+0000] {logging_mixin.py:190} INFO - [2026-03-21T23:59:30.037+0000] {dagbag.py:588} INFO - Filling up the DagBag from /opt/airflow/dags/job_scraping_dag.py
[2026-03-21T23:59:30.604+0000] {processor.py:925} INFO - DAG(s) 'daily_job_scraping' retrieved from /opt/airflow/dags/job_scraping_dag.py
[2026-03-21T23:59:30.625+0000] {logging_mixin.py:190} INFO - [2026-03-21T23:59:30.625+0000] {dag.py:3239} INFO - Sync 1 DAGs
[2026-03-21T23:59:30.642+0000] {logging_mixin.py:190} INFO - [2026-03-21T23:59:30.642+0000] {dag.py:4180} INFO - Setting next_dagrun for daily_job_scraping to 2026-03-21 12:00:00+00:00, run_after=2026-03-22 12:00:00+00:00
[2026-03-21T23:59:30.661+0000] {processor.py:208} INFO - Processing /opt/airflow/dags/job_scraping_dag.py took 0.635 seconds
