[2026-03-20T09:49:57.523+0000] {manager.py:469} INFO - Processing files using up to 2 processes at a time 
[2026-03-20T09:49:57.553+0000] {manager.py:470} INFO - Process each file at most once every 30 seconds
[2026-03-20T09:49:57.557+0000] {manager.py:471} INFO - Checking for new files in /opt/airflow/dags every 300 seconds
[2026-03-20T09:49:57.571+0000] {manager.py:738} INFO - Searching for files in /opt/airflow/dags
[2026-03-20T09:49:57.709+0000] {manager.py:741} INFO - There are 1 files in /opt/airflow/dags
[2026-03-20T09:49:58.019+0000] {manager.py:879} INFO - 
================================================================================
DAG File Processing Stats

File Path                                PID  Runtime      # DAGs    # Errors  Last Runtime    Last Run
-------------------------------------  -----  ---------  --------  ----------  --------------  ----------
/opt/airflow/dags/job_scraping_dag.py    163  0.11s             0           0
================================================================================
[2026-03-20T09:50:28.150+0000] {manager.py:879} INFO - 
================================================================================
DAG File Processing Stats

File Path                              PID    Runtime      # DAGs    # Errors  Last Runtime    Last Run
-------------------------------------  -----  ---------  --------  ----------  --------------  -------------------
/opt/airflow/dags/job_scraping_dag.py                           1           0  2.44s           2026-03-20T09:50:00
================================================================================
[2026-03-20T09:50:58.301+0000] {manager.py:879} INFO - 
================================================================================
DAG File Processing Stats

File Path                              PID    Runtime      # DAGs    # Errors  Last Runtime    Last Run
-------------------------------------  -----  ---------  --------  ----------  --------------  -------------------
/opt/airflow/dags/job_scraping_dag.py                           1           0  3.37s           2026-03-20T09:50:33
================================================================================
[2026-03-20T09:51:28.706+0000] {manager.py:879} INFO - 
================================================================================
DAG File Processing Stats

File Path                              PID    Runtime      # DAGs    # Errors  Last Runtime    Last Run
-------------------------------------  -----  ---------  --------  ----------  --------------  -------------------
/opt/airflow/dags/job_scraping_dag.py                           1           0  2.38s           2026-03-20T09:51:06
================================================================================
[2026-03-20T09:51:58.992+0000] {manager.py:879} INFO - 
================================================================================
DAG File Processing Stats

File Path                              PID    Runtime      # DAGs    # Errors  Last Runtime    Last Run
-------------------------------------  -----  ---------  --------  ----------  --------------  -------------------
/opt/airflow/dags/job_scraping_dag.py                           1           0  1.84s           2026-03-20T09:51:38
================================================================================
[2026-03-20T09:52:29.215+0000] {manager.py:879} INFO - 
================================================================================
DAG File Processing Stats

File Path                              PID    Runtime      # DAGs    # Errors  Last Runtime    Last Run
-------------------------------------  -----  ---------  --------  ----------  --------------  -------------------
/opt/airflow/dags/job_scraping_dag.py                           1           0  1.84s           2026-03-20T09:52:10
================================================================================
[2026-03-20T09:52:59.977+0000] {manager.py:879} INFO - 
================================================================================
DAG File Processing Stats

File Path                              PID    Runtime      # DAGs    # Errors  Last Runtime    Last Run
-------------------------------------  -----  ---------  --------  ----------  --------------  -------------------
/opt/airflow/dags/job_scraping_dag.py                           1           0  1.50s           2026-03-20T09:52:42
================================================================================
[2026-03-20T09:53:30.476+0000] {manager.py:879} INFO - 
================================================================================
DAG File Processing Stats

File Path                              PID    Runtime      # DAGs    # Errors  Last Runtime    Last Run
-------------------------------------  -----  ---------  --------  ----------  --------------  -------------------
/opt/airflow/dags/job_scraping_dag.py                           1           0  2.10s           2026-03-20T09:53:15
================================================================================
[2026-03-20T09:54:00.920+0000] {manager.py:879} INFO - 
================================================================================
DAG File Processing Stats

File Path                              PID    Runtime      # DAGs    # Errors  Last Runtime    Last Run
-------------------------------------  -----  ---------  --------  ----------  --------------  -------------------
/opt/airflow/dags/job_scraping_dag.py                           1           0  2.31s           2026-03-20T09:53:47
================================================================================
[2026-03-20T09:54:31.454+0000] {manager.py:879} INFO - 
================================================================================
DAG File Processing Stats

File Path                              PID    Runtime      # DAGs    # Errors  Last Runtime    Last Run
-------------------------------------  -----  ---------  --------  ----------  --------------  -------------------
/opt/airflow/dags/job_scraping_dag.py                           1           0  2.19s           2026-03-20T09:54:20
================================================================================
[2026-03-20T09:54:58.050+0000] {manager.py:738} INFO - Searching for files in /opt/airflow/dags
[2026-03-20T09:54:58.143+0000] {manager.py:741} INFO - There are 1 files in /opt/airflow/dags
[2026-03-20T09:55:02.416+0000] {manager.py:879} INFO - 
================================================================================
DAG File Processing Stats

File Path                              PID    Runtime      # DAGs    # Errors  Last Runtime    Last Run
-------------------------------------  -----  ---------  --------  ----------  --------------  -------------------
/opt/airflow/dags/job_scraping_dag.py                           1           0  1.98s           2026-03-20T09:54:52
================================================================================
[2026-03-20T09:55:32.525+0000] {manager.py:879} INFO - 
================================================================================
DAG File Processing Stats

File Path                              PID    Runtime      # DAGs    # Errors  Last Runtime    Last Run
-------------------------------------  -----  ---------  --------  ----------  --------------  -------------------
/opt/airflow/dags/job_scraping_dag.py                           1           0  4.51s           2026-03-20T09:55:27
================================================================================
[2026-03-20T09:56:02.738+0000] {manager.py:879} INFO - 
================================================================================
DAG File Processing Stats

File Path                              PID    Runtime      # DAGs    # Errors  Last Runtime    Last Run
-------------------------------------  -----  ---------  --------  ----------  --------------  -------------------
/opt/airflow/dags/job_scraping_dag.py                           1           0  1.60s           2026-03-20T09:55:59
================================================================================
[2026-03-20T09:56:32.854+0000] {manager.py:879} INFO - 
================================================================================
DAG File Processing Stats

File Path                              PID    Runtime      # DAGs    # Errors  Last Runtime    Last Run
-------------------------------------  -----  ---------  --------  ----------  --------------  -------------------
/opt/airflow/dags/job_scraping_dag.py                           1           0  2.74s           2026-03-20T09:56:32
================================================================================
[2026-03-20T09:57:02.928+0000] {manager.py:879} INFO - 
================================================================================
DAG File Processing Stats

File Path                                PID  Runtime      # DAGs    # Errors  Last Runtime    Last Run
-------------------------------------  -----  ---------  --------  ----------  --------------  -------------------
/opt/airflow/dags/job_scraping_dag.py    256  0.02s             1           0  2.74s           2026-03-20T09:56:32
================================================================================
[2026-03-20T09:57:33.829+0000] {manager.py:879} INFO - 
================================================================================
DAG File Processing Stats

File Path                              PID    Runtime      # DAGs    # Errors  Last Runtime    Last Run
-------------------------------------  -----  ---------  --------  ----------  --------------  -------------------
/opt/airflow/dags/job_scraping_dag.py                           1           0  2.51s           2026-03-20T09:57:05
================================================================================
[2026-03-20T09:58:04.652+0000] {manager.py:879} INFO - 
================================================================================
DAG File Processing Stats

File Path                              PID    Runtime      # DAGs    # Errors  Last Runtime    Last Run
-------------------------------------  -----  ---------  --------  ----------  --------------  -------------------
/opt/airflow/dags/job_scraping_dag.py                           1           0  3.00s           2026-03-20T09:57:38
================================================================================
[2026-03-20T09:58:34.729+0000] {manager.py:879} INFO - 
================================================================================
DAG File Processing Stats

File Path                              PID    Runtime      # DAGs    # Errors  Last Runtime    Last Run
-------------------------------------  -----  ---------  --------  ----------  --------------  -------------------
/opt/airflow/dags/job_scraping_dag.py                           1           0  2.51s           2026-03-20T09:58:12
================================================================================
[2026-03-20T09:59:04.825+0000] {manager.py:879} INFO - 
================================================================================
DAG File Processing Stats

File Path                              PID    Runtime      # DAGs    # Errors  Last Runtime    Last Run
-------------------------------------  -----  ---------  --------  ----------  --------------  -------------------
/opt/airflow/dags/job_scraping_dag.py                           1           0  1.86s           2026-03-20T09:58:44
================================================================================
[2026-03-20T09:59:35.608+0000] {manager.py:879} INFO - 
================================================================================
DAG File Processing Stats

File Path                              PID    Runtime      # DAGs    # Errors  Last Runtime    Last Run
-------------------------------------  -----  ---------  --------  ----------  --------------  -------------------
/opt/airflow/dags/job_scraping_dag.py                           1           0  7.37s           2026-03-20T09:59:22
================================================================================
[2026-03-20T09:59:43.592+0000] {manager.py:451} INFO - Exiting gracefully upon receiving signal 15
[2026-03-20T10:17:08.882+0000] {manager.py:483} INFO - Processing files using up to 2 processes at a time 
[2026-03-20T10:17:08.887+0000] {manager.py:484} INFO - Process each file at most once every 30 seconds
[2026-03-20T10:17:08.892+0000] {manager.py:485} INFO - Checking for new files in /opt/airflow/dags every 300 seconds
[2026-03-20T10:17:08.900+0000] {manager.py:821} INFO - Searching for files in /opt/airflow/dags
[2026-03-20T10:17:08.939+0000] {manager.py:824} INFO - There are 1 files in /opt/airflow/dags
[2026-03-20T10:17:09.178+0000] {manager.py:997} INFO - 
================================================================================
DAG File Processing Stats

File Path                                PID  Runtime      # DAGs    # Errors  Last Runtime    Last Run      Last # of DB Queries
-------------------------------------  -----  ---------  --------  ----------  --------------  ----------  ----------------------
/opt/airflow/dags/job_scraping_dag.py    168  0.08s             0           0                                                   0
================================================================================
[2026-03-20T10:17:39.774+0000] {manager.py:997} INFO - 
================================================================================
DAG File Processing Stats

File Path                              PID    Runtime      # DAGs    # Errors  Last Runtime    Last Run               Last # of DB Queries
-------------------------------------  -----  ---------  --------  ----------  --------------  -------------------  ----------------------
/opt/airflow/dags/job_scraping_dag.py                           1           0  2.05s           2026-03-20T10:17:11                      45
================================================================================
[2026-03-20T10:18:09.814+0000] {manager.py:997} INFO - 
================================================================================
DAG File Processing Stats

File Path                              PID    Runtime      # DAGs    # Errors  Last Runtime    Last Run               Last # of DB Queries
-------------------------------------  -----  ---------  --------  ----------  --------------  -------------------  ----------------------
/opt/airflow/dags/job_scraping_dag.py                           1           0  4.53s           2026-03-20T10:17:46                      12
================================================================================
[2026-03-20T10:18:40.413+0000] {manager.py:997} INFO - 
================================================================================
DAG File Processing Stats

File Path                              PID    Runtime      # DAGs    # Errors  Last Runtime    Last Run               Last # of DB Queries
-------------------------------------  -----  ---------  --------  ----------  --------------  -------------------  ----------------------
/opt/airflow/dags/job_scraping_dag.py                           1           0  3.52s           2026-03-20T10:18:20                      12
================================================================================
[2026-03-20T10:19:10.961+0000] {manager.py:997} INFO - 
================================================================================
DAG File Processing Stats

File Path                              PID    Runtime      # DAGs    # Errors  Last Runtime    Last Run               Last # of DB Queries
-------------------------------------  -----  ---------  --------  ----------  --------------  -------------------  ----------------------
/opt/airflow/dags/job_scraping_dag.py                           1           0  1.36s           2026-03-20T10:18:51                      12
================================================================================
[2026-03-20T10:19:41.530+0000] {manager.py:997} INFO - 
================================================================================
DAG File Processing Stats

File Path                              PID    Runtime      # DAGs    # Errors  Last Runtime    Last Run               Last # of DB Queries
-------------------------------------  -----  ---------  --------  ----------  --------------  -------------------  ----------------------
/opt/airflow/dags/job_scraping_dag.py                           1           0  2.21s           2026-03-20T10:19:24                      12
================================================================================
[2026-03-20T10:20:12.041+0000] {manager.py:997} INFO - 
================================================================================
DAG File Processing Stats

File Path                              PID    Runtime      # DAGs    # Errors  Last Runtime    Last Run               Last # of DB Queries
-------------------------------------  -----  ---------  --------  ----------  --------------  -------------------  ----------------------
/opt/airflow/dags/job_scraping_dag.py                           1           0  2.14s           2026-03-20T10:19:56                      12
================================================================================
[2026-03-20T10:20:42.226+0000] {manager.py:997} INFO - 
================================================================================
DAG File Processing Stats

File Path                              PID    Runtime      # DAGs    # Errors  Last Runtime    Last Run               Last # of DB Queries
-------------------------------------  -----  ---------  --------  ----------  --------------  -------------------  ----------------------
/opt/airflow/dags/job_scraping_dag.py                           1           0  2.65s           2026-03-20T10:20:30                      12
================================================================================
[2026-03-20T10:21:12.472+0000] {manager.py:997} INFO - 
================================================================================
DAG File Processing Stats

File Path                              PID    Runtime      # DAGs    # Errors  Last Runtime    Last Run               Last # of DB Queries
-------------------------------------  -----  ---------  --------  ----------  --------------  -------------------  ----------------------
/opt/airflow/dags/job_scraping_dag.py                           1           0  1.71s           2026-03-20T10:21:02                      12
================================================================================
[2026-03-20T10:21:43.012+0000] {manager.py:997} INFO - 
================================================================================
DAG File Processing Stats

File Path                              PID    Runtime      # DAGs    # Errors  Last Runtime    Last Run               Last # of DB Queries
-------------------------------------  -----  ---------  --------  ----------  --------------  -------------------  ----------------------
/opt/airflow/dags/job_scraping_dag.py                           1           0  3.13s           2026-03-20T10:21:35                      12
================================================================================
[2026-03-20T10:22:08.952+0000] {manager.py:821} INFO - Searching for files in /opt/airflow/dags
[2026-03-20T10:22:09.089+0000] {manager.py:824} INFO - There are 1 files in /opt/airflow/dags
[2026-03-20T10:22:13.286+0000] {manager.py:997} INFO - 
================================================================================
DAG File Processing Stats

File Path                              PID    Runtime      # DAGs    # Errors  Last Runtime    Last Run               Last # of DB Queries
-------------------------------------  -----  ---------  --------  ----------  --------------  -------------------  ----------------------
/opt/airflow/dags/job_scraping_dag.py                           1           0  4.27s           2026-03-20T10:22:11                      12
================================================================================
[2026-03-20T10:22:43.707+0000] {manager.py:997} INFO - 
================================================================================
DAG File Processing Stats

File Path                                PID  Runtime      # DAGs    # Errors  Last Runtime    Last Run               Last # of DB Queries
-------------------------------------  -----  ---------  --------  ----------  --------------  -------------------  ----------------------
/opt/airflow/dags/job_scraping_dag.py    260  2.09s             1           0  4.27s           2026-03-20T10:22:11                      12
================================================================================
[2026-03-20T10:23:14.356+0000] {manager.py:997} INFO - 
================================================================================
DAG File Processing Stats

File Path                              PID    Runtime      # DAGs    # Errors  Last Runtime    Last Run               Last # of DB Queries
-------------------------------------  -----  ---------  --------  ----------  --------------  -------------------  ----------------------
/opt/airflow/dags/job_scraping_dag.py                           1           0  4.03s           2026-03-20T10:22:45                      12
================================================================================
[2026-03-20T10:23:44.516+0000] {manager.py:997} INFO - 
================================================================================
DAG File Processing Stats

File Path                              PID    Runtime      # DAGs    # Errors  Last Runtime    Last Run               Last # of DB Queries
-------------------------------------  -----  ---------  --------  ----------  --------------  -------------------  ----------------------
/opt/airflow/dags/job_scraping_dag.py                           1           0  4.53s           2026-03-20T10:23:21                      12
================================================================================
[2026-03-20T10:24:14.762+0000] {manager.py:997} INFO - 
================================================================================
DAG File Processing Stats

File Path                              PID    Runtime      # DAGs    # Errors  Last Runtime    Last Run               Last # of DB Queries
-------------------------------------  -----  ---------  --------  ----------  --------------  -------------------  ----------------------
/opt/airflow/dags/job_scraping_dag.py                           1           0  3.57s           2026-03-20T10:23:55                      12
================================================================================
[2026-03-20T10:24:45.435+0000] {manager.py:997} INFO - 
================================================================================
DAG File Processing Stats

File Path                              PID    Runtime      # DAGs    # Errors  Last Runtime    Last Run               Last # of DB Queries
-------------------------------------  -----  ---------  --------  ----------  --------------  -------------------  ----------------------
/opt/airflow/dags/job_scraping_dag.py                           1           0  2.37s           2026-03-20T10:24:28                      12
================================================================================
[2026-03-20T10:25:15.565+0000] {manager.py:997} INFO - 
================================================================================
DAG File Processing Stats

File Path                              PID    Runtime      # DAGs    # Errors  Last Runtime    Last Run               Last # of DB Queries
-------------------------------------  -----  ---------  --------  ----------  --------------  -------------------  ----------------------
/opt/airflow/dags/job_scraping_dag.py                           1           0  3.49s           2026-03-20T10:25:02                      12
================================================================================
[2026-03-20T10:25:46.121+0000] {manager.py:997} INFO - 
================================================================================
DAG File Processing Stats

File Path                              PID    Runtime      # DAGs    # Errors  Last Runtime    Last Run               Last # of DB Queries
-------------------------------------  -----  ---------  --------  ----------  --------------  -------------------  ----------------------
/opt/airflow/dags/job_scraping_dag.py                           1           0  3.16s           2026-03-20T10:25:35                      12
================================================================================
[2026-03-20T10:26:16.294+0000] {manager.py:997} INFO - 
================================================================================
DAG File Processing Stats

File Path                              PID    Runtime      # DAGs    # Errors  Last Runtime    Last Run               Last # of DB Queries
-------------------------------------  -----  ---------  --------  ----------  --------------  -------------------  ----------------------
/opt/airflow/dags/job_scraping_dag.py                           1           0  4.31s           2026-03-20T10:26:11                      12
================================================================================
[2026-03-20T10:26:46.316+0000] {manager.py:997} INFO - 
================================================================================
DAG File Processing Stats

File Path                                PID  Runtime      # DAGs    # Errors  Last Runtime    Last Run               Last # of DB Queries
-------------------------------------  -----  ---------  --------  ----------  --------------  -------------------  ----------------------
/opt/airflow/dags/job_scraping_dag.py    302  4.19s             1           0  4.31s           2026-03-20T10:26:11                      12
================================================================================
[2026-03-20T10:27:09.023+0000] {manager.py:821} INFO - Searching for files in /opt/airflow/dags
[2026-03-20T10:27:09.247+0000] {manager.py:824} INFO - There are 1 files in /opt/airflow/dags
[2026-03-20T10:27:16.535+0000] {manager.py:997} INFO - 
================================================================================
DAG File Processing Stats

File Path                              PID    Runtime      # DAGs    # Errors  Last Runtime    Last Run               Last # of DB Queries
-------------------------------------  -----  ---------  --------  ----------  --------------  -------------------  ----------------------
/opt/airflow/dags/job_scraping_dag.py                           1           0  4.44s           2026-03-20T10:26:46                      12
================================================================================
[2026-03-20T10:27:47.033+0000] {manager.py:997} INFO - 
================================================================================
DAG File Processing Stats

File Path                              PID    Runtime      # DAGs    # Errors  Last Runtime    Last Run               Last # of DB Queries
-------------------------------------  -----  ---------  --------  ----------  --------------  -------------------  ----------------------
/opt/airflow/dags/job_scraping_dag.py                           1           0  4.60s           2026-03-20T10:27:21                      12
================================================================================
[2026-03-20T10:28:17.186+0000] {manager.py:997} INFO - 
================================================================================
DAG File Processing Stats

File Path                              PID    Runtime      # DAGs    # Errors  Last Runtime    Last Run               Last # of DB Queries
-------------------------------------  -----  ---------  --------  ----------  --------------  -------------------  ----------------------
/opt/airflow/dags/job_scraping_dag.py                           1           0  3.63s           2026-03-20T10:27:55                      12
================================================================================
[2026-03-20T10:28:48.023+0000] {manager.py:997} INFO - 
================================================================================
DAG File Processing Stats

File Path                              PID    Runtime      # DAGs    # Errors  Last Runtime    Last Run               Last # of DB Queries
-------------------------------------  -----  ---------  --------  ----------  --------------  -------------------  ----------------------
/opt/airflow/dags/job_scraping_dag.py                           1           0  3.29s           2026-03-20T10:28:28                      12
================================================================================
[2026-03-20T10:29:18.059+0000] {manager.py:997} INFO - 
================================================================================
DAG File Processing Stats

File Path                              PID    Runtime      # DAGs    # Errors  Last Runtime    Last Run               Last # of DB Queries
-------------------------------------  -----  ---------  --------  ----------  --------------  -------------------  ----------------------
/opt/airflow/dags/job_scraping_dag.py                           1           0  2.99s           2026-03-20T10:29:02                      12
================================================================================
[2026-03-20T10:29:48.672+0000] {manager.py:997} INFO - 
================================================================================
DAG File Processing Stats

File Path                              PID    Runtime      # DAGs    # Errors  Last Runtime    Last Run               Last # of DB Queries
-------------------------------------  -----  ---------  --------  ----------  --------------  -------------------  ----------------------
/opt/airflow/dags/job_scraping_dag.py                           1           0  3.08s           2026-03-20T10:29:36                      12
================================================================================
[2026-03-20T10:30:19.382+0000] {manager.py:997} INFO - 
================================================================================
DAG File Processing Stats

File Path                              PID    Runtime      # DAGs    # Errors  Last Runtime    Last Run               Last # of DB Queries
-------------------------------------  -----  ---------  --------  ----------  --------------  -------------------  ----------------------
/opt/airflow/dags/job_scraping_dag.py                           1           0  2.87s           2026-03-20T10:30:10                      12
================================================================================
[2026-03-20T10:30:50.327+0000] {manager.py:997} INFO - 
================================================================================
DAG File Processing Stats

File Path                              PID    Runtime      # DAGs    # Errors  Last Runtime    Last Run               Last # of DB Queries
-------------------------------------  -----  ---------  --------  ----------  --------------  -------------------  ----------------------
/opt/airflow/dags/job_scraping_dag.py                           1           0  3.21s           2026-03-20T10:30:44                      12
================================================================================
[2026-03-20T10:31:20.990+0000] {manager.py:997} INFO - 
================================================================================
DAG File Processing Stats

File Path                              PID    Runtime      # DAGs    # Errors  Last Runtime    Last Run               Last # of DB Queries
-------------------------------------  -----  ---------  --------  ----------  --------------  -------------------  ----------------------
/opt/airflow/dags/job_scraping_dag.py                           1           0  3.96s           2026-03-20T10:31:18                      12
================================================================================
[2026-03-20T10:31:51.623+0000] {manager.py:997} INFO - 
================================================================================
DAG File Processing Stats

File Path                                PID  Runtime      # DAGs    # Errors  Last Runtime    Last Run               Last # of DB Queries
-------------------------------------  -----  ---------  --------  ----------  --------------  -------------------  ----------------------
/opt/airflow/dags/job_scraping_dag.py    356  2.07s             1           0  3.96s           2026-03-20T10:31:18                      12
================================================================================
[2026-03-20T10:32:09.176+0000] {manager.py:821} INFO - Searching for files in /opt/airflow/dags
[2026-03-20T10:32:09.380+0000] {manager.py:824} INFO - There are 1 files in /opt/airflow/dags
[2026-03-20T10:32:21.841+0000] {manager.py:997} INFO - 
================================================================================
DAG File Processing Stats

File Path                              PID    Runtime      # DAGs    # Errors  Last Runtime    Last Run               Last # of DB Queries
-------------------------------------  -----  ---------  --------  ----------  --------------  -------------------  ----------------------
/opt/airflow/dags/job_scraping_dag.py                           1           0  3.38s           2026-03-20T10:31:52                      12
================================================================================
[2026-03-20T10:32:51.915+0000] {manager.py:997} INFO - 
================================================================================
DAG File Processing Stats

File Path                              PID    Runtime      # DAGs    # Errors  Last Runtime    Last Run               Last # of DB Queries
-------------------------------------  -----  ---------  --------  ----------  --------------  -------------------  ----------------------
/opt/airflow/dags/job_scraping_dag.py                           1           0  3.53s           2026-03-20T10:32:27                      12
================================================================================
[2026-03-20T10:33:22.013+0000] {manager.py:997} INFO - 
================================================================================
DAG File Processing Stats

File Path                              PID    Runtime      # DAGs    # Errors  Last Runtime    Last Run               Last # of DB Queries
-------------------------------------  -----  ---------  --------  ----------  --------------  -------------------  ----------------------
/opt/airflow/dags/job_scraping_dag.py                           1           0  1.84s           2026-03-20T10:32:59                      12
================================================================================
[2026-03-20T10:33:52.304+0000] {manager.py:997} INFO - 
================================================================================
DAG File Processing Stats

File Path                              PID    Runtime      # DAGs    # Errors  Last Runtime    Last Run               Last # of DB Queries
-------------------------------------  -----  ---------  --------  ----------  --------------  -------------------  ----------------------
/opt/airflow/dags/job_scraping_dag.py                           1           0  3.25s           2026-03-20T10:33:33                      12
================================================================================
[2026-03-20T10:34:22.364+0000] {manager.py:997} INFO - 
================================================================================
DAG File Processing Stats

File Path                              PID    Runtime      # DAGs    # Errors  Last Runtime    Last Run               Last # of DB Queries
-------------------------------------  -----  ---------  --------  ----------  --------------  -------------------  ----------------------
/opt/airflow/dags/job_scraping_dag.py                           1           0  3.19s           2026-03-20T10:34:06                      12
================================================================================
[2026-03-20T10:34:53.167+0000] {manager.py:997} INFO - 
================================================================================
DAG File Processing Stats

File Path                              PID    Runtime      # DAGs    # Errors  Last Runtime    Last Run               Last # of DB Queries
-------------------------------------  -----  ---------  --------  ----------  --------------  -------------------  ----------------------
/opt/airflow/dags/job_scraping_dag.py                           1           0  3.34s           2026-03-20T10:34:40                      12
================================================================================
[2026-03-20T10:35:23.185+0000] {manager.py:997} INFO - 
================================================================================
DAG File Processing Stats

File Path                              PID    Runtime      # DAGs    # Errors  Last Runtime    Last Run               Last # of DB Queries
-------------------------------------  -----  ---------  --------  ----------  --------------  -------------------  ----------------------
/opt/airflow/dags/job_scraping_dag.py                           1           0  1.49s           2026-03-20T10:35:13                      12
================================================================================
[2026-03-20T10:35:53.729+0000] {manager.py:997} INFO - 
================================================================================
DAG File Processing Stats

File Path                              PID    Runtime      # DAGs    # Errors  Last Runtime    Last Run               Last # of DB Queries
-------------------------------------  -----  ---------  --------  ----------  --------------  -------------------  ----------------------
/opt/airflow/dags/job_scraping_dag.py                           1           0  4.10s           2026-03-20T10:35:47                      12
================================================================================
[2026-03-20T10:36:24.028+0000] {manager.py:997} INFO - 
================================================================================
DAG File Processing Stats

File Path                              PID    Runtime      # DAGs    # Errors  Last Runtime    Last Run               Last # of DB Queries
-------------------------------------  -----  ---------  --------  ----------  --------------  -------------------  ----------------------
/opt/airflow/dags/job_scraping_dag.py                           1           0  2.67s           2026-03-20T10:36:20                      12
================================================================================
[2026-03-20T10:36:54.306+0000] {manager.py:997} INFO - 
================================================================================
DAG File Processing Stats

File Path                                PID  Runtime      # DAGs    # Errors  Last Runtime    Last Run               Last # of DB Queries
-------------------------------------  -----  ---------  --------  ----------  --------------  -------------------  ----------------------
/opt/airflow/dags/job_scraping_dag.py    410  3.14s             1           0  2.67s           2026-03-20T10:36:20                      12
================================================================================
[2026-03-20T10:37:09.634+0000] {manager.py:821} INFO - Searching for files in /opt/airflow/dags
[2026-03-20T10:37:09.741+0000] {manager.py:824} INFO - There are 1 files in /opt/airflow/dags
[2026-03-20T10:37:25.123+0000] {manager.py:997} INFO - 
================================================================================
DAG File Processing Stats

File Path                              PID    Runtime      # DAGs    # Errors  Last Runtime    Last Run               Last # of DB Queries
-------------------------------------  -----  ---------  --------  ----------  --------------  -------------------  ----------------------
/opt/airflow/dags/job_scraping_dag.py                           1           0  4.45s           2026-03-20T10:36:55                      12
================================================================================
[2026-03-20T10:37:55.540+0000] {manager.py:997} INFO - 
================================================================================
DAG File Processing Stats

File Path                              PID    Runtime      # DAGs    # Errors  Last Runtime    Last Run               Last # of DB Queries
-------------------------------------  -----  ---------  --------  ----------  --------------  -------------------  ----------------------
/opt/airflow/dags/job_scraping_dag.py                           1           0  4.06s           2026-03-20T10:37:42                      19
================================================================================
[2026-03-20T10:38:26.099+0000] {manager.py:997} INFO - 
================================================================================
DAG File Processing Stats

File Path                              PID    Runtime      # DAGs    # Errors  Last Runtime    Last Run               Last # of DB Queries
-------------------------------------  -----  ---------  --------  ----------  --------------  -------------------  ----------------------
/opt/airflow/dags/job_scraping_dag.py                           1           0  6.85s           2026-03-20T10:38:19                      19
================================================================================
[2026-03-20T10:38:56.477+0000] {manager.py:997} INFO - 
================================================================================
DAG File Processing Stats

File Path                              PID    Runtime      # DAGs    # Errors  Last Runtime    Last Run               Last # of DB Queries
-------------------------------------  -----  ---------  --------  ----------  --------------  -------------------  ----------------------
/opt/airflow/dags/job_scraping_dag.py                           1           0  2.71s           2026-03-20T10:38:52                      19
================================================================================
[2026-03-20T10:39:26.760+0000] {manager.py:997} INFO - 
================================================================================
DAG File Processing Stats

File Path                                PID  Runtime      # DAGs    # Errors  Last Runtime    Last Run               Last # of DB Queries
-------------------------------------  -----  ---------  --------  ----------  --------------  -------------------  ----------------------
/opt/airflow/dags/job_scraping_dag.py    458  4.23s             1           0  2.71s           2026-03-20T10:38:52                      19
================================================================================
[2026-03-20T10:39:57.398+0000] {manager.py:997} INFO - 
================================================================================
DAG File Processing Stats

File Path                              PID    Runtime      # DAGs    # Errors  Last Runtime    Last Run               Last # of DB Queries
-------------------------------------  -----  ---------  --------  ----------  --------------  -------------------  ----------------------
/opt/airflow/dags/job_scraping_dag.py                           1           0  4.98s           2026-03-20T10:39:27                      24
================================================================================
[2026-03-20T10:40:27.527+0000] {manager.py:997} INFO - 
================================================================================
DAG File Processing Stats

File Path                              PID    Runtime      # DAGs    # Errors  Last Runtime    Last Run               Last # of DB Queries
-------------------------------------  -----  ---------  --------  ----------  --------------  -------------------  ----------------------
/opt/airflow/dags/job_scraping_dag.py                           1           0  14.83s          2026-03-20T10:40:13                      12
================================================================================
[2026-03-20T10:40:57.953+0000] {manager.py:997} INFO - 
================================================================================
DAG File Processing Stats

File Path                              PID    Runtime      # DAGs    # Errors  Last Runtime    Last Run               Last # of DB Queries
-------------------------------------  -----  ---------  --------  ----------  --------------  -------------------  ----------------------
/opt/airflow/dags/job_scraping_dag.py                           1           0  1.89s           2026-03-20T10:40:45                      12
================================================================================
[2026-03-20T10:41:27.987+0000] {manager.py:997} INFO - 
================================================================================
DAG File Processing Stats

File Path                              PID    Runtime      # DAGs    # Errors  Last Runtime    Last Run               Last # of DB Queries
-------------------------------------  -----  ---------  --------  ----------  --------------  -------------------  ----------------------
/opt/airflow/dags/job_scraping_dag.py                           1           0  1.16s           2026-03-20T10:41:16                      12
================================================================================
[2026-03-20T10:41:58.044+0000] {manager.py:997} INFO - 
================================================================================
DAG File Processing Stats

File Path                              PID    Runtime      # DAGs    # Errors  Last Runtime    Last Run               Last # of DB Queries
-------------------------------------  -----  ---------  --------  ----------  --------------  -------------------  ----------------------
/opt/airflow/dags/job_scraping_dag.py                           1           0  3.83s           2026-03-20T10:41:50                      12
================================================================================
[2026-03-20T10:42:10.195+0000] {manager.py:821} INFO - Searching for files in /opt/airflow/dags
[2026-03-20T10:42:10.226+0000] {manager.py:824} INFO - There are 1 files in /opt/airflow/dags
[2026-03-20T10:42:28.247+0000] {manager.py:997} INFO - 
================================================================================
DAG File Processing Stats

File Path                              PID    Runtime      # DAGs    # Errors  Last Runtime    Last Run               Last # of DB Queries
-------------------------------------  -----  ---------  --------  ----------  --------------  -------------------  ----------------------
/opt/airflow/dags/job_scraping_dag.py                           1           0  1.75s           2026-03-20T10:42:23                      12
================================================================================
[2026-03-20T10:42:58.684+0000] {manager.py:997} INFO - 
================================================================================
DAG File Processing Stats

File Path                              PID    Runtime      # DAGs    # Errors  Last Runtime    Last Run               Last # of DB Queries
-------------------------------------  -----  ---------  --------  ----------  --------------  -------------------  ----------------------
/opt/airflow/dags/job_scraping_dag.py                           1           0  2.30s           2026-03-20T10:42:55                      12
================================================================================
[2026-03-20T10:43:29.267+0000] {manager.py:997} INFO - 
================================================================================
DAG File Processing Stats

File Path                              PID    Runtime      # DAGs    # Errors  Last Runtime    Last Run               Last # of DB Queries
-------------------------------------  -----  ---------  --------  ----------  --------------  -------------------  ----------------------
/opt/airflow/dags/job_scraping_dag.py                           1           0  1.51s           2026-03-20T10:43:27                      12
================================================================================
[2026-03-20T10:43:59.355+0000] {manager.py:997} INFO - 
================================================================================
DAG File Processing Stats

File Path                              PID    Runtime      # DAGs    # Errors  Last Runtime    Last Run               Last # of DB Queries
-------------------------------------  -----  ---------  --------  ----------  --------------  -------------------  ----------------------
/opt/airflow/dags/job_scraping_dag.py                           1           0  1.65s           2026-03-20T10:43:59                      12
================================================================================
[2026-03-20T10:44:29.611+0000] {manager.py:997} INFO - 
================================================================================
DAG File Processing Stats

File Path                                PID  Runtime      # DAGs    # Errors  Last Runtime    Last Run               Last # of DB Queries
-------------------------------------  -----  ---------  --------  ----------  --------------  -------------------  ----------------------
/opt/airflow/dags/job_scraping_dag.py    535  0.03s             1           0  1.65s           2026-03-20T10:43:59                      12
================================================================================
[2026-03-20T10:45:00.325+0000] {manager.py:997} INFO - 
================================================================================
DAG File Processing Stats

File Path                              PID    Runtime      # DAGs    # Errors  Last Runtime    Last Run               Last # of DB Queries
-------------------------------------  -----  ---------  --------  ----------  --------------  -------------------  ----------------------
/opt/airflow/dags/job_scraping_dag.py                           1           0  4.17s           2026-03-20T10:44:33                      12
================================================================================
[2026-03-20T10:45:30.646+0000] {manager.py:997} INFO - 
================================================================================
DAG File Processing Stats

File Path                              PID    Runtime      # DAGs    # Errors  Last Runtime    Last Run               Last # of DB Queries
-------------------------------------  -----  ---------  --------  ----------  --------------  -------------------  ----------------------
/opt/airflow/dags/job_scraping_dag.py                           1           0  2.69s           2026-03-20T10:45:07                      12
================================================================================
[2026-03-20T10:46:01.339+0000] {manager.py:997} INFO - 
================================================================================
DAG File Processing Stats

File Path                              PID    Runtime      # DAGs    # Errors  Last Runtime    Last Run               Last # of DB Queries
-------------------------------------  -----  ---------  --------  ----------  --------------  -------------------  ----------------------
/opt/airflow/dags/job_scraping_dag.py                           1           0  3.72s           2026-03-20T10:45:40                      12
================================================================================
[2026-03-20T10:46:32.039+0000] {manager.py:997} INFO - 
================================================================================
DAG File Processing Stats

File Path                              PID    Runtime      # DAGs    # Errors  Last Runtime    Last Run               Last # of DB Queries
-------------------------------------  -----  ---------  --------  ----------  --------------  -------------------  ----------------------
/opt/airflow/dags/job_scraping_dag.py                           1           0  3.14s           2026-03-20T10:46:14                      12
================================================================================
[2026-03-20T10:47:02.805+0000] {manager.py:997} INFO - 
================================================================================
DAG File Processing Stats

File Path                              PID    Runtime      # DAGs    # Errors  Last Runtime    Last Run               Last # of DB Queries
-------------------------------------  -----  ---------  --------  ----------  --------------  -------------------  ----------------------
/opt/airflow/dags/job_scraping_dag.py                           1           0  3.25s           2026-03-20T10:46:48                      12
================================================================================
[2026-03-20T10:47:10.972+0000] {manager.py:821} INFO - Searching for files in /opt/airflow/dags
[2026-03-20T10:47:11.074+0000] {manager.py:824} INFO - There are 1 files in /opt/airflow/dags
[2026-03-20T10:47:32.918+0000] {manager.py:997} INFO - 
================================================================================
DAG File Processing Stats

File Path                              PID    Runtime      # DAGs    # Errors  Last Runtime    Last Run               Last # of DB Queries
-------------------------------------  -----  ---------  --------  ----------  --------------  -------------------  ----------------------
/opt/airflow/dags/job_scraping_dag.py                           1           0  4.30s           2026-03-20T10:47:23                      12
================================================================================
[2026-03-20T10:48:02.966+0000] {manager.py:997} INFO - 
================================================================================
DAG File Processing Stats

File Path                              PID    Runtime      # DAGs    # Errors  Last Runtime    Last Run               Last # of DB Queries
-------------------------------------  -----  ---------  --------  ----------  --------------  -------------------  ----------------------
/opt/airflow/dags/job_scraping_dag.py                           1           0  2.61s           2026-03-20T10:47:56                      12
================================================================================
[2026-03-20T10:48:33.145+0000] {manager.py:997} INFO - 
================================================================================
DAG File Processing Stats

File Path                              PID    Runtime      # DAGs    # Errors  Last Runtime    Last Run               Last # of DB Queries
-------------------------------------  -----  ---------  --------  ----------  --------------  -------------------  ----------------------
/opt/airflow/dags/job_scraping_dag.py                           1           0  3.50s           2026-03-20T10:48:30                      12
================================================================================
[2026-03-20T10:49:03.273+0000] {manager.py:997} INFO - 
================================================================================
DAG File Processing Stats

File Path                                PID  Runtime      # DAGs    # Errors  Last Runtime    Last Run               Last # of DB Queries
-------------------------------------  -----  ---------  --------  ----------  --------------  -------------------  ----------------------
/opt/airflow/dags/job_scraping_dag.py    590  2.48s             1           0  3.50s           2026-03-20T10:48:30                      12
================================================================================
[2026-03-20T10:49:33.881+0000] {manager.py:997} INFO - 
================================================================================
DAG File Processing Stats

File Path                                PID  Runtime      # DAGs    # Errors  Last Runtime    Last Run               Last # of DB Queries
-------------------------------------  -----  ---------  --------  ----------  --------------  -------------------  ----------------------
/opt/airflow/dags/job_scraping_dag.py    596  0.02s             1           0  2.53s           2026-03-20T10:49:03                      12
================================================================================
[2026-03-20T10:50:04.167+0000] {manager.py:997} INFO - 
================================================================================
DAG File Processing Stats

File Path                              PID    Runtime      # DAGs    # Errors  Last Runtime    Last Run               Last # of DB Queries
-------------------------------------  -----  ---------  --------  ----------  --------------  -------------------  ----------------------
/opt/airflow/dags/job_scraping_dag.py                           1           0  2.75s           2026-03-20T10:49:36                      12
================================================================================
[2026-03-20T10:50:34.722+0000] {manager.py:997} INFO - 
================================================================================
DAG File Processing Stats

File Path                              PID    Runtime      # DAGs    # Errors  Last Runtime    Last Run               Last # of DB Queries
-------------------------------------  -----  ---------  --------  ----------  --------------  -------------------  ----------------------
/opt/airflow/dags/job_scraping_dag.py                           1           0  2.73s           2026-03-20T10:50:09                      12
================================================================================
[2026-03-20T10:51:05.047+0000] {manager.py:997} INFO - 
================================================================================
DAG File Processing Stats

File Path                              PID    Runtime      # DAGs    # Errors  Last Runtime    Last Run               Last # of DB Queries
-------------------------------------  -----  ---------  --------  ----------  --------------  -------------------  ----------------------
/opt/airflow/dags/job_scraping_dag.py                           1           0  2.72s           2026-03-20T10:50:42                      12
================================================================================
[2026-03-20T10:51:35.092+0000] {manager.py:997} INFO - 
================================================================================
DAG File Processing Stats

File Path                              PID    Runtime      # DAGs    # Errors  Last Runtime    Last Run               Last # of DB Queries
-------------------------------------  -----  ---------  --------  ----------  --------------  -------------------  ----------------------
/opt/airflow/dags/job_scraping_dag.py                           1           0  2.86s           2026-03-20T10:51:15                      12
================================================================================
[2026-03-20T10:52:05.843+0000] {manager.py:997} INFO - 
================================================================================
DAG File Processing Stats

File Path                              PID    Runtime      # DAGs    # Errors  Last Runtime    Last Run               Last # of DB Queries
-------------------------------------  -----  ---------  --------  ----------  --------------  -------------------  ----------------------
/opt/airflow/dags/job_scraping_dag.py                           1           0  2.65s           2026-03-20T10:51:48                      12
================================================================================
[2026-03-20T10:52:11.055+0000] {manager.py:821} INFO - Searching for files in /opt/airflow/dags
[2026-03-20T10:52:11.245+0000] {manager.py:824} INFO - There are 1 files in /opt/airflow/dags
[2026-03-20T10:52:35.912+0000] {manager.py:997} INFO - 
================================================================================
DAG File Processing Stats

File Path                              PID    Runtime      # DAGs    # Errors  Last Runtime    Last Run               Last # of DB Queries
-------------------------------------  -----  ---------  --------  ----------  --------------  -------------------  ----------------------
/opt/airflow/dags/job_scraping_dag.py                           1           0  3.57s           2026-03-20T10:52:22                      12
================================================================================
[2026-03-20T10:53:06.567+0000] {manager.py:997} INFO - 
================================================================================
DAG File Processing Stats

File Path                              PID    Runtime      # DAGs    # Errors  Last Runtime    Last Run               Last # of DB Queries
-------------------------------------  -----  ---------  --------  ----------  --------------  -------------------  ----------------------
/opt/airflow/dags/job_scraping_dag.py                           1           0  2.35s           2026-03-20T10:52:55                      12
================================================================================
[2026-03-20T10:53:36.955+0000] {manager.py:997} INFO - 
================================================================================
DAG File Processing Stats

File Path                              PID    Runtime      # DAGs    # Errors  Last Runtime    Last Run               Last # of DB Queries
-------------------------------------  -----  ---------  --------  ----------  --------------  -------------------  ----------------------
/opt/airflow/dags/job_scraping_dag.py                           1           0  2.76s           2026-03-20T10:53:28                      12
================================================================================
[2026-03-20T10:54:07.020+0000] {manager.py:997} INFO - 
================================================================================
DAG File Processing Stats

File Path                              PID    Runtime      # DAGs    # Errors  Last Runtime    Last Run               Last # of DB Queries
-------------------------------------  -----  ---------  --------  ----------  --------------  -------------------  ----------------------
/opt/airflow/dags/job_scraping_dag.py                           1           0  3.01s           2026-03-20T10:54:01                      12
================================================================================
[2026-03-20T10:54:37.610+0000] {manager.py:997} INFO - 
================================================================================
DAG File Processing Stats

File Path                              PID    Runtime      # DAGs    # Errors  Last Runtime    Last Run               Last # of DB Queries
-------------------------------------  -----  ---------  --------  ----------  --------------  -------------------  ----------------------
/opt/airflow/dags/job_scraping_dag.py                           1           0  2.39s           2026-03-20T10:54:34                      12
================================================================================
[2026-03-20T10:55:07.807+0000] {manager.py:997} INFO - 
================================================================================
DAG File Processing Stats

File Path                              PID    Runtime      # DAGs    # Errors  Last Runtime    Last Run               Last # of DB Queries
-------------------------------------  -----  ---------  --------  ----------  --------------  -------------------  ----------------------
/opt/airflow/dags/job_scraping_dag.py                           1           0  2.61s           2026-03-20T10:55:07                      12
================================================================================
[2026-03-20T19:38:17.198+0000] {manager.py:821} INFO - Searching for files in /opt/airflow/dags
[2026-03-20T19:38:18.221+0000] {manager.py:824} INFO - There are 1 files in /opt/airflow/dags
[2026-03-20T19:38:19.092+0000] {manager.py:997} INFO - 
================================================================================
DAG File Processing Stats

File Path                                PID  Runtime      # DAGs    # Errors  Last Runtime    Last Run               Last # of DB Queries
-------------------------------------  -----  ---------  --------  ----------  --------------  -------------------  ----------------------
/opt/airflow/dags/job_scraping_dag.py    662  0.12s             1           0  2.61s           2026-03-20T10:55:07                      12
================================================================================
[2026-03-20T23:18:16.987+0000] {manager.py:821} INFO - Searching for files in /opt/airflow/dags
[2026-03-20T23:18:18.512+0000] {manager.py:824} INFO - There are 1 files in /opt/airflow/dags
[2026-03-20T23:18:18.868+0000] {manager.py:1366} ERROR - Processor for /opt/airflow/dags/job_scraping_dag.py with PID 662 started at 2026-03-20T19:38:18.971849+00:00 has timed out, killing it.
[2026-03-20T23:18:41.831+0000] {manager.py:465} INFO - Exiting gracefully upon receiving signal 15
[2026-03-21T15:48:22.780+0000] {manager.py:483} INFO - Processing files using up to 2 processes at a time 
[2026-03-21T15:48:22.783+0000] {manager.py:484} INFO - Process each file at most once every 30 seconds
[2026-03-21T15:48:22.785+0000] {manager.py:485} INFO - Checking for new files in /opt/airflow/dags every 300 seconds
[2026-03-21T15:48:22.787+0000] {manager.py:821} INFO - Searching for files in /opt/airflow/dags
[2026-03-21T15:48:22.828+0000] {manager.py:824} INFO - There are 1 files in /opt/airflow/dags
[2026-03-21T15:48:22.971+0000] {manager.py:997} INFO - 
================================================================================
DAG File Processing Stats

File Path                                PID  Runtime      # DAGs    # Errors  Last Runtime    Last Run      Last # of DB Queries
-------------------------------------  -----  ---------  --------  ----------  --------------  ----------  ----------------------
/opt/airflow/dags/job_scraping_dag.py    167  0.05s             0           0                                                   0
================================================================================
[2026-03-21T15:48:53.257+0000] {manager.py:997} INFO - 
================================================================================
DAG File Processing Stats

File Path                              PID    Runtime      # DAGs    # Errors  Last Runtime    Last Run               Last # of DB Queries
-------------------------------------  -----  ---------  --------  ----------  --------------  -------------------  ----------------------
/opt/airflow/dags/job_scraping_dag.py                           1           0  3.81s           2026-03-21T15:48:26                      12
================================================================================
[2026-03-21T15:49:23.607+0000] {manager.py:997} INFO - 
================================================================================
DAG File Processing Stats

File Path                              PID    Runtime      # DAGs    # Errors  Last Runtime    Last Run               Last # of DB Queries
-------------------------------------  -----  ---------  --------  ----------  --------------  -------------------  ----------------------
/opt/airflow/dags/job_scraping_dag.py                           1           0  1.90s           2026-03-21T15:48:59                      12
================================================================================
[2026-03-21T15:49:53.994+0000] {manager.py:997} INFO - 
================================================================================
DAG File Processing Stats

File Path                              PID    Runtime      # DAGs    # Errors  Last Runtime    Last Run               Last # of DB Queries
-------------------------------------  -----  ---------  --------  ----------  --------------  -------------------  ----------------------
/opt/airflow/dags/job_scraping_dag.py                           1           0  2.01s           2026-03-21T15:49:31                      12
================================================================================
[2026-03-21T15:50:24.697+0000] {manager.py:997} INFO - 
================================================================================
DAG File Processing Stats

File Path                              PID    Runtime      # DAGs    # Errors  Last Runtime    Last Run               Last # of DB Queries
-------------------------------------  -----  ---------  --------  ----------  --------------  -------------------  ----------------------
/opt/airflow/dags/job_scraping_dag.py                           1           0  3.60s           2026-03-21T15:50:05                      12
================================================================================
[2026-03-21T15:50:54.800+0000] {manager.py:997} INFO - 
================================================================================
DAG File Processing Stats

File Path                              PID    Runtime      # DAGs    # Errors  Last Runtime    Last Run               Last # of DB Queries
-------------------------------------  -----  ---------  --------  ----------  --------------  -------------------  ----------------------
/opt/airflow/dags/job_scraping_dag.py                           1           0  5.07s           2026-03-21T15:50:41                      12
================================================================================
[2026-03-21T15:51:25.505+0000] {manager.py:997} INFO - 
================================================================================
DAG File Processing Stats

File Path                              PID    Runtime      # DAGs    # Errors  Last Runtime    Last Run               Last # of DB Queries
-------------------------------------  -----  ---------  --------  ----------  --------------  -------------------  ----------------------
/opt/airflow/dags/job_scraping_dag.py                           1           0  2.25s           2026-03-21T15:51:14                      12
================================================================================
[2026-03-21T15:51:56.132+0000] {manager.py:997} INFO - 
================================================================================
DAG File Processing Stats

File Path                              PID    Runtime      # DAGs    # Errors  Last Runtime    Last Run               Last # of DB Queries
-------------------------------------  -----  ---------  --------  ----------  --------------  -------------------  ----------------------
/opt/airflow/dags/job_scraping_dag.py                           1           0  2.06s           2026-03-21T15:51:46                      12
================================================================================
[2026-03-21T15:52:26.292+0000] {manager.py:997} INFO - 
================================================================================
DAG File Processing Stats

File Path                              PID    Runtime      # DAGs    # Errors  Last Runtime    Last Run               Last # of DB Queries
-------------------------------------  -----  ---------  --------  ----------  --------------  -------------------  ----------------------
/opt/airflow/dags/job_scraping_dag.py                           1           0  2.42s           2026-03-21T15:52:20                      12
================================================================================
[2026-03-21T15:52:57.011+0000] {manager.py:997} INFO - 
================================================================================
DAG File Processing Stats

File Path                              PID    Runtime      # DAGs    # Errors  Last Runtime    Last Run               Last # of DB Queries
-------------------------------------  -----  ---------  --------  ----------  --------------  -------------------  ----------------------
/opt/airflow/dags/job_scraping_dag.py                           1           0  3.64s           2026-03-21T15:52:54                      12
================================================================================
[2026-03-21T15:53:23.331+0000] {manager.py:821} INFO - Searching for files in /opt/airflow/dags
[2026-03-21T15:53:23.380+0000] {manager.py:824} INFO - There are 1 files in /opt/airflow/dags
[2026-03-21T15:53:27.493+0000] {manager.py:997} INFO - 
================================================================================
DAG File Processing Stats

File Path                              PID    Runtime      # DAGs    # Errors  Last Runtime    Last Run               Last # of DB Queries
-------------------------------------  -----  ---------  --------  ----------  --------------  -------------------  ----------------------
/opt/airflow/dags/job_scraping_dag.py                           1           0  2.12s           2026-03-21T15:53:26                      12
================================================================================
[2026-03-21T15:53:57.798+0000] {manager.py:997} INFO - 
================================================================================
DAG File Processing Stats

File Path                                PID  Runtime      # DAGs    # Errors  Last Runtime    Last Run               Last # of DB Queries
-------------------------------------  -----  ---------  --------  ----------  --------------  -------------------  ----------------------
/opt/airflow/dags/job_scraping_dag.py    284  1.01s             1           0  2.12s           2026-03-21T15:53:26                      12
================================================================================
[2026-03-21T15:54:28.116+0000] {manager.py:997} INFO - 
================================================================================
DAG File Processing Stats

File Path                              PID    Runtime      # DAGs    # Errors  Last Runtime    Last Run               Last # of DB Queries
-------------------------------------  -----  ---------  --------  ----------  --------------  -------------------  ----------------------
/opt/airflow/dags/job_scraping_dag.py                           1           0  1.51s           2026-03-21T15:53:58                      12
================================================================================
[2026-03-21T15:54:58.284+0000] {manager.py:997} INFO - 
================================================================================
DAG File Processing Stats

File Path                              PID    Runtime      # DAGs    # Errors  Last Runtime    Last Run               Last # of DB Queries
-------------------------------------  -----  ---------  --------  ----------  --------------  -------------------  ----------------------
/opt/airflow/dags/job_scraping_dag.py                           1           0  1.33s           2026-03-21T15:54:29                      12
================================================================================
[2026-03-21T15:55:28.604+0000] {manager.py:997} INFO - 
================================================================================
DAG File Processing Stats

File Path                              PID    Runtime      # DAGs    # Errors  Last Runtime    Last Run               Last # of DB Queries
-------------------------------------  -----  ---------  --------  ----------  --------------  -------------------  ----------------------
/opt/airflow/dags/job_scraping_dag.py                           1           0  1.56s           2026-03-21T15:55:01                      12
================================================================================
[2026-03-21T15:55:58.903+0000] {manager.py:997} INFO - 
================================================================================
DAG File Processing Stats

File Path                              PID    Runtime      # DAGs    # Errors  Last Runtime    Last Run               Last # of DB Queries
-------------------------------------  -----  ---------  --------  ----------  --------------  -------------------  ----------------------
/opt/airflow/dags/job_scraping_dag.py                           1           0  1.06s           2026-03-21T15:55:32                      12
================================================================================
[2026-03-21T15:56:29.309+0000] {manager.py:997} INFO - 
================================================================================
DAG File Processing Stats

File Path                              PID    Runtime      # DAGs    # Errors  Last Runtime    Last Run               Last # of DB Queries
-------------------------------------  -----  ---------  --------  ----------  --------------  -------------------  ----------------------
/opt/airflow/dags/job_scraping_dag.py                           1           0  1.30s           2026-03-21T15:56:04                      12
================================================================================
[2026-03-21T15:56:59.581+0000] {manager.py:997} INFO - 
================================================================================
DAG File Processing Stats

File Path                              PID    Runtime      # DAGs    # Errors  Last Runtime    Last Run               Last # of DB Queries
-------------------------------------  -----  ---------  --------  ----------  --------------  -------------------  ----------------------
/opt/airflow/dags/job_scraping_dag.py                           1           0  1.93s           2026-03-21T15:56:36                      12
================================================================================
[2026-03-21T15:57:29.899+0000] {manager.py:997} INFO - 
================================================================================
DAG File Processing Stats

File Path                              PID    Runtime      # DAGs    # Errors  Last Runtime    Last Run               Last # of DB Queries
-------------------------------------  -----  ---------  --------  ----------  --------------  -------------------  ----------------------
/opt/airflow/dags/job_scraping_dag.py                           1           0  1.17s           2026-03-21T15:57:07                      12
================================================================================
[2026-03-21T15:58:00.317+0000] {manager.py:997} INFO - 
================================================================================
DAG File Processing Stats

File Path                              PID    Runtime      # DAGs    # Errors  Last Runtime    Last Run               Last # of DB Queries
-------------------------------------  -----  ---------  --------  ----------  --------------  -------------------  ----------------------
/opt/airflow/dags/job_scraping_dag.py                           1           0  0.68s           2026-03-21T15:57:38                      12
================================================================================
[2026-03-21T15:58:23.344+0000] {manager.py:821} INFO - Searching for files in /opt/airflow/dags
[2026-03-21T15:58:23.389+0000] {manager.py:824} INFO - There are 1 files in /opt/airflow/dags
[2026-03-21T15:58:30.480+0000] {manager.py:997} INFO - 
================================================================================
DAG File Processing Stats

File Path                              PID    Runtime      # DAGs    # Errors  Last Runtime    Last Run               Last # of DB Queries
-------------------------------------  -----  ---------  --------  ----------  --------------  -------------------  ----------------------
/opt/airflow/dags/job_scraping_dag.py                           1           0  1.20s           2026-03-21T15:58:10                      12
================================================================================
[2026-03-21T15:59:00.685+0000] {manager.py:997} INFO - 
================================================================================
DAG File Processing Stats

File Path                              PID    Runtime      # DAGs    # Errors  Last Runtime    Last Run               Last # of DB Queries
-------------------------------------  -----  ---------  --------  ----------  --------------  -------------------  ----------------------
/opt/airflow/dags/job_scraping_dag.py                           1           0  2.13s           2026-03-21T15:58:42                      12
================================================================================
[2026-03-21T15:59:30.767+0000] {manager.py:997} INFO - 
================================================================================
DAG File Processing Stats

File Path                              PID    Runtime      # DAGs    # Errors  Last Runtime    Last Run               Last # of DB Queries
-------------------------------------  -----  ---------  --------  ----------  --------------  -------------------  ----------------------
/opt/airflow/dags/job_scraping_dag.py                           1           0  1.65s           2026-03-21T15:59:14                      12
================================================================================
[2026-03-21T16:00:00.772+0000] {manager.py:997} INFO - 
================================================================================
DAG File Processing Stats

File Path                              PID    Runtime      # DAGs    # Errors  Last Runtime    Last Run               Last # of DB Queries
-------------------------------------  -----  ---------  --------  ----------  --------------  -------------------  ----------------------
/opt/airflow/dags/job_scraping_dag.py                           1           0  1.59s           2026-03-21T15:59:46                      12
================================================================================
[2026-03-21T16:00:30.844+0000] {manager.py:997} INFO - 
================================================================================
DAG File Processing Stats

File Path                              PID    Runtime      # DAGs    # Errors  Last Runtime    Last Run               Last # of DB Queries
-------------------------------------  -----  ---------  --------  ----------  --------------  -------------------  ----------------------
/opt/airflow/dags/job_scraping_dag.py                           1           0  2.22s           2026-03-21T16:00:18                      12
================================================================================
[2026-03-21T16:01:01.140+0000] {manager.py:997} INFO - 
================================================================================
DAG File Processing Stats

File Path                              PID    Runtime      # DAGs    # Errors  Last Runtime    Last Run               Last # of DB Queries
-------------------------------------  -----  ---------  --------  ----------  --------------  -------------------  ----------------------
/opt/airflow/dags/job_scraping_dag.py                           1           0  1.23s           2026-03-21T16:00:50                      12
================================================================================
[2026-03-21T16:01:31.492+0000] {manager.py:997} INFO - 
================================================================================
DAG File Processing Stats

File Path                              PID    Runtime      # DAGs    # Errors  Last Runtime    Last Run               Last # of DB Queries
-------------------------------------  -----  ---------  --------  ----------  --------------  -------------------  ----------------------
/opt/airflow/dags/job_scraping_dag.py                           1           0  2.01s           2026-03-21T16:01:22                      12
================================================================================
[2026-03-21T16:02:01.929+0000] {manager.py:997} INFO - 
================================================================================
DAG File Processing Stats

File Path                              PID    Runtime      # DAGs    # Errors  Last Runtime    Last Run               Last # of DB Queries
-------------------------------------  -----  ---------  --------  ----------  --------------  -------------------  ----------------------
/opt/airflow/dags/job_scraping_dag.py                           1           0  1.39s           2026-03-21T16:01:54                      12
================================================================================
[2026-03-21T16:02:32.588+0000] {manager.py:997} INFO - 
================================================================================
DAG File Processing Stats

File Path                              PID    Runtime      # DAGs    # Errors  Last Runtime    Last Run               Last # of DB Queries
-------------------------------------  -----  ---------  --------  ----------  --------------  -------------------  ----------------------
/opt/airflow/dags/job_scraping_dag.py                           1           0  2.42s           2026-03-21T16:02:26                      12
================================================================================
[2026-03-21T16:03:02.745+0000] {manager.py:997} INFO - 
================================================================================
DAG File Processing Stats

File Path                              PID    Runtime      # DAGs    # Errors  Last Runtime    Last Run               Last # of DB Queries
-------------------------------------  -----  ---------  --------  ----------  --------------  -------------------  ----------------------
/opt/airflow/dags/job_scraping_dag.py                           1           0  1.74s           2026-03-21T16:02:58                      12
================================================================================
[2026-03-21T16:03:23.420+0000] {manager.py:821} INFO - Searching for files in /opt/airflow/dags
[2026-03-21T16:03:23.469+0000] {manager.py:824} INFO - There are 1 files in /opt/airflow/dags
[2026-03-21T16:03:33.094+0000] {manager.py:997} INFO - 
================================================================================
DAG File Processing Stats

File Path                              PID    Runtime      # DAGs    # Errors  Last Runtime    Last Run               Last # of DB Queries
-------------------------------------  -----  ---------  --------  ----------  --------------  -------------------  ----------------------
/opt/airflow/dags/job_scraping_dag.py                           1           0  1.66s           2026-03-21T16:03:31                      12
================================================================================
[2026-03-21T16:04:03.333+0000] {manager.py:997} INFO - 
================================================================================
DAG File Processing Stats

File Path                              PID    Runtime      # DAGs    # Errors  Last Runtime    Last Run               Last # of DB Queries
-------------------------------------  -----  ---------  --------  ----------  --------------  -------------------  ----------------------
/opt/airflow/dags/job_scraping_dag.py                           1           0  1.87s           2026-03-21T16:04:03                      12
================================================================================
[2026-03-21T16:04:33.719+0000] {manager.py:997} INFO - 
================================================================================
DAG File Processing Stats

File Path                                PID  Runtime      # DAGs    # Errors  Last Runtime    Last Run               Last # of DB Queries
-------------------------------------  -----  ---------  --------  ----------  --------------  -------------------  ----------------------
/opt/airflow/dags/job_scraping_dag.py    418  0.40s             1           0  1.87s           2026-03-21T16:04:03                      12
================================================================================
[2026-03-21T16:05:04.064+0000] {manager.py:997} INFO - 
================================================================================
DAG File Processing Stats

File Path                              PID    Runtime      # DAGs    # Errors  Last Runtime    Last Run               Last # of DB Queries
-------------------------------------  -----  ---------  --------  ----------  --------------  -------------------  ----------------------
/opt/airflow/dags/job_scraping_dag.py                           1           0  3.00s           2026-03-21T16:04:36                      12
================================================================================
[2026-03-21T16:05:34.340+0000] {manager.py:997} INFO - 
================================================================================
DAG File Processing Stats

File Path                              PID    Runtime      # DAGs    # Errors  Last Runtime    Last Run               Last # of DB Queries
-------------------------------------  -----  ---------  --------  ----------  --------------  -------------------  ----------------------
/opt/airflow/dags/job_scraping_dag.py                           1           0  1.40s           2026-03-21T16:05:08                      12
================================================================================
[2026-03-21T16:06:04.637+0000] {manager.py:997} INFO - 
================================================================================
DAG File Processing Stats

File Path                              PID    Runtime      # DAGs    # Errors  Last Runtime    Last Run               Last # of DB Queries
-------------------------------------  -----  ---------  --------  ----------  --------------  -------------------  ----------------------
/opt/airflow/dags/job_scraping_dag.py                           1           0  1.21s           2026-03-21T16:05:39                      12
================================================================================
[2026-03-21T16:06:34.651+0000] {manager.py:997} INFO - 
================================================================================
DAG File Processing Stats

File Path                              PID    Runtime      # DAGs    # Errors  Last Runtime    Last Run               Last # of DB Queries
-------------------------------------  -----  ---------  --------  ----------  --------------  -------------------  ----------------------
/opt/airflow/dags/job_scraping_dag.py                           1           0  0.72s           2026-03-21T16:06:10                      12
================================================================================
[2026-03-21T16:07:04.973+0000] {manager.py:997} INFO - 
================================================================================
DAG File Processing Stats

File Path                              PID    Runtime      # DAGs    # Errors  Last Runtime    Last Run               Last # of DB Queries
-------------------------------------  -----  ---------  --------  ----------  --------------  -------------------  ----------------------
/opt/airflow/dags/job_scraping_dag.py                           1           0  1.32s           2026-03-21T16:06:42                      12
================================================================================
[2026-03-21T16:07:35.269+0000] {manager.py:997} INFO - 
================================================================================
DAG File Processing Stats

File Path                              PID    Runtime      # DAGs    # Errors  Last Runtime    Last Run               Last # of DB Queries
-------------------------------------  -----  ---------  --------  ----------  --------------  -------------------  ----------------------
/opt/airflow/dags/job_scraping_dag.py                           1           0  0.75s           2026-03-21T16:07:13                      12
================================================================================
[2026-03-21T16:08:05.456+0000] {manager.py:997} INFO - 
================================================================================
DAG File Processing Stats

File Path                              PID    Runtime      # DAGs    # Errors  Last Runtime    Last Run               Last # of DB Queries
-------------------------------------  -----  ---------  --------  ----------  --------------  -------------------  ----------------------
/opt/airflow/dags/job_scraping_dag.py                           1           0  0.85s           2026-03-21T16:07:44                      12
================================================================================
[2026-03-21T16:08:23.808+0000] {manager.py:821} INFO - Searching for files in /opt/airflow/dags
[2026-03-21T16:08:23.846+0000] {manager.py:824} INFO - There are 1 files in /opt/airflow/dags
[2026-03-21T16:08:35.475+0000] {manager.py:997} INFO - 
================================================================================
DAG File Processing Stats

File Path                              PID    Runtime      # DAGs    # Errors  Last Runtime    Last Run               Last # of DB Queries
-------------------------------------  -----  ---------  --------  ----------  --------------  -------------------  ----------------------
/opt/airflow/dags/job_scraping_dag.py                           1           0  2.72s           2026-03-21T16:08:17                      12
================================================================================
[2026-03-21T16:09:06.292+0000] {manager.py:997} INFO - 
================================================================================
DAG File Processing Stats

File Path                              PID    Runtime      # DAGs    # Errors  Last Runtime    Last Run               Last # of DB Queries
-------------------------------------  -----  ---------  --------  ----------  --------------  -------------------  ----------------------
/opt/airflow/dags/job_scraping_dag.py                           1           0  1.51s           2026-03-21T16:08:49                      12
================================================================================
[2026-03-21T16:09:36.366+0000] {manager.py:997} INFO - 
================================================================================
DAG File Processing Stats

File Path                              PID    Runtime      # DAGs    # Errors  Last Runtime    Last Run               Last # of DB Queries
-------------------------------------  -----  ---------  --------  ----------  --------------  -------------------  ----------------------
/opt/airflow/dags/job_scraping_dag.py                           1           0  1.74s           2026-03-21T16:09:21                      12
================================================================================
[2026-03-21T16:10:06.645+0000] {manager.py:997} INFO - 
================================================================================
DAG File Processing Stats

File Path                              PID    Runtime      # DAGs    # Errors  Last Runtime    Last Run               Last # of DB Queries
-------------------------------------  -----  ---------  --------  ----------  --------------  -------------------  ----------------------
/opt/airflow/dags/job_scraping_dag.py                           1           0  1.09s           2026-03-21T16:09:52                      12
================================================================================
[2026-03-21T16:10:36.806+0000] {manager.py:997} INFO - 
================================================================================
DAG File Processing Stats

File Path                              PID    Runtime      # DAGs    # Errors  Last Runtime    Last Run               Last # of DB Queries
-------------------------------------  -----  ---------  --------  ----------  --------------  -------------------  ----------------------
/opt/airflow/dags/job_scraping_dag.py                           1           0  0.90s           2026-03-21T16:10:23                      12
================================================================================
[2026-03-21T16:11:07.173+0000] {manager.py:997} INFO - 
================================================================================
DAG File Processing Stats

File Path                              PID    Runtime      # DAGs    # Errors  Last Runtime    Last Run               Last # of DB Queries
-------------------------------------  -----  ---------  --------  ----------  --------------  -------------------  ----------------------
/opt/airflow/dags/job_scraping_dag.py                           1           0  0.70s           2026-03-21T16:10:54                      12
================================================================================
[2026-03-21T16:11:37.436+0000] {manager.py:997} INFO - 
================================================================================
DAG File Processing Stats

File Path                              PID    Runtime      # DAGs    # Errors  Last Runtime    Last Run               Last # of DB Queries
-------------------------------------  -----  ---------  --------  ----------  --------------  -------------------  ----------------------
/opt/airflow/dags/job_scraping_dag.py                           1           0  0.84s           2026-03-21T16:11:25                      12
================================================================================
[2026-03-21T16:12:07.812+0000] {manager.py:997} INFO - 
================================================================================
DAG File Processing Stats

File Path                              PID    Runtime      # DAGs    # Errors  Last Runtime    Last Run               Last # of DB Queries
-------------------------------------  -----  ---------  --------  ----------  --------------  -------------------  ----------------------
/opt/airflow/dags/job_scraping_dag.py                           1           0  0.77s           2026-03-21T16:11:56                      12
================================================================================
[2026-03-21T16:12:38.191+0000] {manager.py:997} INFO - 
================================================================================
DAG File Processing Stats

File Path                              PID    Runtime      # DAGs    # Errors  Last Runtime    Last Run               Last # of DB Queries
-------------------------------------  -----  ---------  --------  ----------  --------------  -------------------  ----------------------
/opt/airflow/dags/job_scraping_dag.py                           1           0  0.71s           2026-03-21T16:12:27                      12
================================================================================
[2026-03-21T16:13:08.496+0000] {manager.py:997} INFO - 
================================================================================
DAG File Processing Stats

File Path                              PID    Runtime      # DAGs    # Errors  Last Runtime    Last Run               Last # of DB Queries
-------------------------------------  -----  ---------  --------  ----------  --------------  -------------------  ----------------------
/opt/airflow/dags/job_scraping_dag.py                           1           0  0.61s           2026-03-21T16:12:58                      12
================================================================================
[2026-03-21T16:13:24.643+0000] {manager.py:821} INFO - Searching for files in /opt/airflow/dags
[2026-03-21T16:13:24.663+0000] {manager.py:824} INFO - There are 1 files in /opt/airflow/dags
[2026-03-21T16:13:38.884+0000] {manager.py:997} INFO - 
================================================================================
DAG File Processing Stats

File Path                              PID    Runtime      # DAGs    # Errors  Last Runtime    Last Run               Last # of DB Queries
-------------------------------------  -----  ---------  --------  ----------  --------------  -------------------  ----------------------
/opt/airflow/dags/job_scraping_dag.py                           1           0  0.63s           2026-03-21T16:13:29                      12
================================================================================
[2026-03-21T16:14:09.186+0000] {manager.py:997} INFO - 
================================================================================
DAG File Processing Stats

File Path                              PID    Runtime      # DAGs    # Errors  Last Runtime    Last Run               Last # of DB Queries
-------------------------------------  -----  ---------  --------  ----------  --------------  -------------------  ----------------------
/opt/airflow/dags/job_scraping_dag.py                           1           0  0.63s           2026-03-21T16:14:00                      12
================================================================================
[2026-03-21T16:14:39.609+0000] {manager.py:997} INFO - 
================================================================================
DAG File Processing Stats

File Path                              PID    Runtime      # DAGs    # Errors  Last Runtime    Last Run               Last # of DB Queries
-------------------------------------  -----  ---------  --------  ----------  --------------  -------------------  ----------------------
/opt/airflow/dags/job_scraping_dag.py                           1           0  0.67s           2026-03-21T16:14:31                      12
================================================================================
[2026-03-21T16:15:09.924+0000] {manager.py:997} INFO - 
================================================================================
DAG File Processing Stats

File Path                              PID    Runtime      # DAGs    # Errors  Last Runtime    Last Run               Last # of DB Queries
-------------------------------------  -----  ---------  --------  ----------  --------------  -------------------  ----------------------
/opt/airflow/dags/job_scraping_dag.py                           1           0  0.66s           2026-03-21T16:15:02                      12
================================================================================
[2026-03-21T16:15:40.043+0000] {manager.py:997} INFO - 
================================================================================
DAG File Processing Stats

File Path                              PID    Runtime      # DAGs    # Errors  Last Runtime    Last Run               Last # of DB Queries
-------------------------------------  -----  ---------  --------  ----------  --------------  -------------------  ----------------------
/opt/airflow/dags/job_scraping_dag.py                           1           0  0.82s           2026-03-21T16:15:32                      12
================================================================================
[2026-03-21T16:16:10.516+0000] {manager.py:997} INFO - 
================================================================================
DAG File Processing Stats

File Path                              PID    Runtime      # DAGs    # Errors  Last Runtime    Last Run               Last # of DB Queries
-------------------------------------  -----  ---------  --------  ----------  --------------  -------------------  ----------------------
/opt/airflow/dags/job_scraping_dag.py                           1           0  0.71s           2026-03-21T16:16:03                      12
================================================================================
[2026-03-21T16:16:40.785+0000] {manager.py:997} INFO - 
================================================================================
DAG File Processing Stats

File Path                              PID    Runtime      # DAGs    # Errors  Last Runtime    Last Run               Last # of DB Queries
-------------------------------------  -----  ---------  --------  ----------  --------------  -------------------  ----------------------
/opt/airflow/dags/job_scraping_dag.py                           1           0  0.70s           2026-03-21T16:16:34                      12
================================================================================
[2026-03-21T16:17:10.832+0000] {manager.py:997} INFO - 
================================================================================
DAG File Processing Stats

File Path                              PID    Runtime      # DAGs    # Errors  Last Runtime    Last Run               Last # of DB Queries
-------------------------------------  -----  ---------  --------  ----------  --------------  -------------------  ----------------------
/opt/airflow/dags/job_scraping_dag.py                           1           0  1.76s           2026-03-21T16:17:06                      12
================================================================================
[2026-03-21T16:17:41.060+0000] {manager.py:997} INFO - 
================================================================================
DAG File Processing Stats

File Path                              PID    Runtime      # DAGs    # Errors  Last Runtime    Last Run               Last # of DB Queries
-------------------------------------  -----  ---------  --------  ----------  --------------  -------------------  ----------------------
/opt/airflow/dags/job_scraping_dag.py                           1           0  0.89s           2026-03-21T16:17:38                      12
================================================================================
[2026-03-21T16:18:11.829+0000] {manager.py:997} INFO - 
================================================================================
DAG File Processing Stats

File Path                              PID    Runtime      # DAGs    # Errors  Last Runtime    Last Run               Last # of DB Queries
-------------------------------------  -----  ---------  --------  ----------  --------------  -------------------  ----------------------
/opt/airflow/dags/job_scraping_dag.py                           1           0  0.69s           2026-03-21T16:18:08                      12
================================================================================
[2026-03-21T16:18:24.940+0000] {manager.py:821} INFO - Searching for files in /opt/airflow/dags
[2026-03-21T16:18:24.968+0000] {manager.py:824} INFO - There are 1 files in /opt/airflow/dags
[2026-03-21T16:18:41.839+0000] {manager.py:997} INFO - 
================================================================================
DAG File Processing Stats

File Path                              PID    Runtime      # DAGs    # Errors  Last Runtime    Last Run               Last # of DB Queries
-------------------------------------  -----  ---------  --------  ----------  --------------  -------------------  ----------------------
/opt/airflow/dags/job_scraping_dag.py                           1           0  0.71s           2026-03-21T16:18:39                      12
================================================================================
[2026-03-21T16:19:11.938+0000] {manager.py:997} INFO - 
================================================================================
DAG File Processing Stats

File Path                              PID    Runtime      # DAGs    # Errors  Last Runtime    Last Run               Last # of DB Queries
-------------------------------------  -----  ---------  --------  ----------  --------------  -------------------  ----------------------
/opt/airflow/dags/job_scraping_dag.py                           1           0  0.84s           2026-03-21T16:19:10                      12
================================================================================
[2026-03-21T16:19:42.256+0000] {manager.py:997} INFO - 
================================================================================
DAG File Processing Stats

File Path                                PID  Runtime      # DAGs    # Errors  Last Runtime    Last Run               Last # of DB Queries
-------------------------------------  -----  ---------  --------  ----------  --------------  -------------------  ----------------------
/opt/airflow/dags/job_scraping_dag.py    600  1.01s             1           0  0.84s           2026-03-21T16:19:10                      12
================================================================================
[2026-03-21T16:20:12.557+0000] {manager.py:997} INFO - 
================================================================================
DAG File Processing Stats

File Path                                PID  Runtime      # DAGs    # Errors  Last Runtime    Last Run               Last # of DB Queries
-------------------------------------  -----  ---------  --------  ----------  --------------  -------------------  ----------------------
/opt/airflow/dags/job_scraping_dag.py    606  0.00s             1           0  1.04s           2026-03-21T16:19:42                      12
================================================================================
[2026-03-21T16:20:42.869+0000] {manager.py:997} INFO - 
================================================================================
DAG File Processing Stats

File Path                              PID    Runtime      # DAGs    # Errors  Last Runtime    Last Run               Last # of DB Queries
-------------------------------------  -----  ---------  --------  ----------  --------------  -------------------  ----------------------
/opt/airflow/dags/job_scraping_dag.py                           1           0  1.17s           2026-03-21T16:20:13                      12
================================================================================
[2026-03-21T16:21:13.086+0000] {manager.py:997} INFO - 
================================================================================
DAG File Processing Stats

File Path                              PID    Runtime      # DAGs    # Errors  Last Runtime    Last Run               Last # of DB Queries
-------------------------------------  -----  ---------  --------  ----------  --------------  -------------------  ----------------------
/opt/airflow/dags/job_scraping_dag.py                           1           0  0.89s           2026-03-21T16:20:44                      12
================================================================================
[2026-03-21T16:21:43.367+0000] {manager.py:997} INFO - 
================================================================================
DAG File Processing Stats

File Path                              PID    Runtime      # DAGs    # Errors  Last Runtime    Last Run               Last # of DB Queries
-------------------------------------  -----  ---------  --------  ----------  --------------  -------------------  ----------------------
/opt/airflow/dags/job_scraping_dag.py                           1           0  3.01s           2026-03-21T16:21:18                      12
================================================================================
[2026-03-21T16:22:14.111+0000] {manager.py:997} INFO - 
================================================================================
DAG File Processing Stats

File Path                              PID    Runtime      # DAGs    # Errors  Last Runtime    Last Run               Last # of DB Queries
-------------------------------------  -----  ---------  --------  ----------  --------------  -------------------  ----------------------
/opt/airflow/dags/job_scraping_dag.py                           1           0  0.69s           2026-03-21T16:21:49                      12
================================================================================
[2026-03-21T16:22:44.268+0000] {manager.py:997} INFO - 
================================================================================
DAG File Processing Stats

File Path                              PID    Runtime      # DAGs    # Errors  Last Runtime    Last Run               Last # of DB Queries
-------------------------------------  -----  ---------  --------  ----------  --------------  -------------------  ----------------------
/opt/airflow/dags/job_scraping_dag.py                           1           0  0.92s           2026-03-21T16:22:20                      12
================================================================================
[2026-03-21T16:23:14.504+0000] {manager.py:997} INFO - 
================================================================================
DAG File Processing Stats

File Path                              PID    Runtime      # DAGs    # Errors  Last Runtime    Last Run               Last # of DB Queries
-------------------------------------  -----  ---------  --------  ----------  --------------  -------------------  ----------------------
/opt/airflow/dags/job_scraping_dag.py                           1           0  0.97s           2026-03-21T16:22:51                      12
================================================================================
[2026-03-21T16:23:24.970+0000] {manager.py:821} INFO - Searching for files in /opt/airflow/dags
[2026-03-21T16:23:25.013+0000] {manager.py:824} INFO - There are 1 files in /opt/airflow/dags
[2026-03-21T16:23:45.213+0000] {manager.py:997} INFO - 
================================================================================
DAG File Processing Stats

File Path                              PID    Runtime      # DAGs    # Errors  Last Runtime    Last Run               Last # of DB Queries
-------------------------------------  -----  ---------  --------  ----------  --------------  -------------------  ----------------------
/opt/airflow/dags/job_scraping_dag.py                           1           0  0.67s           2026-03-21T16:23:22                      12
================================================================================
[2026-03-21T16:24:15.461+0000] {manager.py:997} INFO - 
================================================================================
DAG File Processing Stats

File Path                              PID    Runtime      # DAGs    # Errors  Last Runtime    Last Run               Last # of DB Queries
-------------------------------------  -----  ---------  --------  ----------  --------------  -------------------  ----------------------
/opt/airflow/dags/job_scraping_dag.py                           1           0  0.97s           2026-03-21T16:23:53                      12
================================================================================
[2026-03-21T16:24:45.785+0000] {manager.py:997} INFO - 
================================================================================
DAG File Processing Stats

File Path                              PID    Runtime      # DAGs    # Errors  Last Runtime    Last Run               Last # of DB Queries
-------------------------------------  -----  ---------  --------  ----------  --------------  -------------------  ----------------------
/opt/airflow/dags/job_scraping_dag.py                           1           0  1.04s           2026-03-21T16:24:24                      12
================================================================================
[2026-03-21T16:25:15.831+0000] {manager.py:997} INFO - 
================================================================================
DAG File Processing Stats

File Path                              PID    Runtime      # DAGs    # Errors  Last Runtime    Last Run               Last # of DB Queries
-------------------------------------  -----  ---------  --------  ----------  --------------  -------------------  ----------------------
/opt/airflow/dags/job_scraping_dag.py                           1           0  0.79s           2026-03-21T16:24:55                      12
================================================================================
[2026-03-21T16:25:46.371+0000] {manager.py:997} INFO - 
================================================================================
DAG File Processing Stats

File Path                              PID    Runtime      # DAGs    # Errors  Last Runtime    Last Run               Last # of DB Queries
-------------------------------------  -----  ---------  --------  ----------  --------------  -------------------  ----------------------
/opt/airflow/dags/job_scraping_dag.py                           1           0  0.73s           2026-03-21T16:25:26                      12
================================================================================
[2026-03-21T16:26:16.606+0000] {manager.py:997} INFO - 
================================================================================
DAG File Processing Stats

File Path                              PID    Runtime      # DAGs    # Errors  Last Runtime    Last Run               Last # of DB Queries
-------------------------------------  -----  ---------  --------  ----------  --------------  -------------------  ----------------------
/opt/airflow/dags/job_scraping_dag.py                           1           0  0.61s           2026-03-21T16:25:57                      12
================================================================================
[2026-03-21T16:26:47.186+0000] {manager.py:997} INFO - 
================================================================================
DAG File Processing Stats

File Path                              PID    Runtime      # DAGs    # Errors  Last Runtime    Last Run               Last # of DB Queries
-------------------------------------  -----  ---------  --------  ----------  --------------  -------------------  ----------------------
/opt/airflow/dags/job_scraping_dag.py                           1           0  0.68s           2026-03-21T16:26:28                      12
================================================================================
[2026-03-21T16:27:17.422+0000] {manager.py:997} INFO - 
================================================================================
DAG File Processing Stats

File Path                              PID    Runtime      # DAGs    # Errors  Last Runtime    Last Run               Last # of DB Queries
-------------------------------------  -----  ---------  --------  ----------  --------------  -------------------  ----------------------
/opt/airflow/dags/job_scraping_dag.py                           1           0  0.62s           2026-03-21T16:26:59                      12
================================================================================
[2026-03-21T16:27:48.024+0000] {manager.py:997} INFO - 
================================================================================
DAG File Processing Stats

File Path                              PID    Runtime      # DAGs    # Errors  Last Runtime    Last Run               Last # of DB Queries
-------------------------------------  -----  ---------  --------  ----------  --------------  -------------------  ----------------------
/opt/airflow/dags/job_scraping_dag.py                           1           0  0.63s           2026-03-21T16:27:30                      12
================================================================================
[2026-03-21T16:28:18.162+0000] {manager.py:997} INFO - 
================================================================================
DAG File Processing Stats

File Path                              PID    Runtime      # DAGs    # Errors  Last Runtime    Last Run               Last # of DB Queries
-------------------------------------  -----  ---------  --------  ----------  --------------  -------------------  ----------------------
/opt/airflow/dags/job_scraping_dag.py                           1           0  0.64s           2026-03-21T16:28:01                      12
================================================================================
[2026-03-21T16:28:25.211+0000] {manager.py:821} INFO - Searching for files in /opt/airflow/dags
[2026-03-21T16:28:25.293+0000] {manager.py:824} INFO - There are 1 files in /opt/airflow/dags
[2026-03-21T16:28:48.568+0000] {manager.py:997} INFO - 
================================================================================
DAG File Processing Stats

File Path                              PID    Runtime      # DAGs    # Errors  Last Runtime    Last Run               Last # of DB Queries
-------------------------------------  -----  ---------  --------  ----------  --------------  -------------------  ----------------------
/opt/airflow/dags/job_scraping_dag.py                           1           0  1.11s           2026-03-21T16:28:32                      12
================================================================================
[2026-03-21T16:29:18.859+0000] {manager.py:997} INFO - 
================================================================================
DAG File Processing Stats

File Path                              PID    Runtime      # DAGs    # Errors  Last Runtime    Last Run               Last # of DB Queries
-------------------------------------  -----  ---------  --------  ----------  --------------  -------------------  ----------------------
/opt/airflow/dags/job_scraping_dag.py                           1           0  0.63s           2026-03-21T16:29:03                      12
================================================================================
[2026-03-21T16:29:49.100+0000] {manager.py:997} INFO - 
================================================================================
DAG File Processing Stats

File Path                              PID    Runtime      # DAGs    # Errors  Last Runtime    Last Run               Last # of DB Queries
-------------------------------------  -----  ---------  --------  ----------  --------------  -------------------  ----------------------
/opt/airflow/dags/job_scraping_dag.py                           1           0  0.70s           2026-03-21T16:29:34                      12
================================================================================
[2026-03-21T16:30:19.304+0000] {manager.py:997} INFO - 
================================================================================
DAG File Processing Stats

File Path                              PID    Runtime      # DAGs    # Errors  Last Runtime    Last Run               Last # of DB Queries
-------------------------------------  -----  ---------  --------  ----------  --------------  -------------------  ----------------------
/opt/airflow/dags/job_scraping_dag.py                           1           0  0.65s           2026-03-21T16:30:05                      12
================================================================================
[2026-03-21T16:30:49.634+0000] {manager.py:997} INFO - 
================================================================================
DAG File Processing Stats

File Path                              PID    Runtime      # DAGs    # Errors  Last Runtime    Last Run               Last # of DB Queries
-------------------------------------  -----  ---------  --------  ----------  --------------  -------------------  ----------------------
/opt/airflow/dags/job_scraping_dag.py                           1           0  1.19s           2026-03-21T16:30:36                      12
================================================================================
[2026-03-21T16:31:20.155+0000] {manager.py:997} INFO - 
================================================================================
DAG File Processing Stats

File Path                              PID    Runtime      # DAGs    # Errors  Last Runtime    Last Run               Last # of DB Queries
-------------------------------------  -----  ---------  --------  ----------  --------------  -------------------  ----------------------
/opt/airflow/dags/job_scraping_dag.py                           1           0  2.95s           2026-03-21T16:31:09                      12
================================================================================
[2026-03-21T16:31:50.229+0000] {manager.py:997} INFO - 
================================================================================
DAG File Processing Stats

File Path                              PID    Runtime      # DAGs    # Errors  Last Runtime    Last Run               Last # of DB Queries
-------------------------------------  -----  ---------  --------  ----------  --------------  -------------------  ----------------------
/opt/airflow/dags/job_scraping_dag.py                           1           0  0.79s           2026-03-21T16:31:41                      12
================================================================================
[2026-03-21T16:32:20.373+0000] {manager.py:997} INFO - 
================================================================================
DAG File Processing Stats

File Path                              PID    Runtime      # DAGs    # Errors  Last Runtime    Last Run               Last # of DB Queries
-------------------------------------  -----  ---------  --------  ----------  --------------  -------------------  ----------------------
/opt/airflow/dags/job_scraping_dag.py                           1           0  0.87s           2026-03-21T16:32:12                      12
================================================================================
[2026-03-21T16:32:50.473+0000] {manager.py:997} INFO - 
================================================================================
DAG File Processing Stats

File Path                              PID    Runtime      # DAGs    # Errors  Last Runtime    Last Run               Last # of DB Queries
-------------------------------------  -----  ---------  --------  ----------  --------------  -------------------  ----------------------
/opt/airflow/dags/job_scraping_dag.py                           1           0  0.83s           2026-03-21T16:32:43                      12
================================================================================
[2026-03-21T16:33:20.473+0000] {manager.py:997} INFO - 
================================================================================
DAG File Processing Stats

File Path                              PID    Runtime      # DAGs    # Errors  Last Runtime    Last Run               Last # of DB Queries
-------------------------------------  -----  ---------  --------  ----------  --------------  -------------------  ----------------------
/opt/airflow/dags/job_scraping_dag.py                           1           0  0.76s           2026-03-21T16:33:14                      12
================================================================================
[2026-03-21T16:33:25.394+0000] {manager.py:821} INFO - Searching for files in /opt/airflow/dags
[2026-03-21T16:33:25.416+0000] {manager.py:824} INFO - There are 1 files in /opt/airflow/dags
[2026-03-21T16:33:50.739+0000] {manager.py:997} INFO - 
================================================================================
DAG File Processing Stats

File Path                              PID    Runtime      # DAGs    # Errors  Last Runtime    Last Run               Last # of DB Queries
-------------------------------------  -----  ---------  --------  ----------  --------------  -------------------  ----------------------
/opt/airflow/dags/job_scraping_dag.py                           1           0  0.74s           2026-03-21T16:33:45                      12
================================================================================
[2026-03-21T16:34:21.014+0000] {manager.py:997} INFO - 
================================================================================
DAG File Processing Stats

File Path                              PID    Runtime      # DAGs    # Errors  Last Runtime    Last Run               Last # of DB Queries
-------------------------------------  -----  ---------  --------  ----------  --------------  -------------------  ----------------------
/opt/airflow/dags/job_scraping_dag.py                           1           0  1.59s           2026-03-21T16:34:17                      12
================================================================================
[2026-03-21T16:34:51.243+0000] {manager.py:997} INFO - 
================================================================================
DAG File Processing Stats

File Path                              PID    Runtime      # DAGs    # Errors  Last Runtime    Last Run               Last # of DB Queries
-------------------------------------  -----  ---------  --------  ----------  --------------  -------------------  ----------------------
/opt/airflow/dags/job_scraping_dag.py                           1           0  0.90s           2026-03-21T16:34:48                      12
================================================================================
[2026-03-21T16:35:21.784+0000] {manager.py:997} INFO - 
================================================================================
DAG File Processing Stats

File Path                              PID    Runtime      # DAGs    # Errors  Last Runtime    Last Run               Last # of DB Queries
-------------------------------------  -----  ---------  --------  ----------  --------------  -------------------  ----------------------
/opt/airflow/dags/job_scraping_dag.py                           1           0  0.64s           2026-03-21T16:35:19                      12
================================================================================
[2026-03-21T16:35:51.949+0000] {manager.py:997} INFO - 
================================================================================
DAG File Processing Stats

File Path                              PID    Runtime      # DAGs    # Errors  Last Runtime    Last Run               Last # of DB Queries
-------------------------------------  -----  ---------  --------  ----------  --------------  -------------------  ----------------------
/opt/airflow/dags/job_scraping_dag.py                           1           0  0.63s           2026-03-21T16:35:49                      12
================================================================================
[2026-03-21T16:36:22.503+0000] {manager.py:997} INFO - 
================================================================================
DAG File Processing Stats

File Path                              PID    Runtime      # DAGs    # Errors  Last Runtime    Last Run               Last # of DB Queries
-------------------------------------  -----  ---------  --------  ----------  --------------  -------------------  ----------------------
/opt/airflow/dags/job_scraping_dag.py                           1           0  0.73s           2026-03-21T16:36:20                      12
================================================================================
[2026-03-21T16:36:52.723+0000] {manager.py:997} INFO - 
================================================================================
DAG File Processing Stats

File Path                              PID    Runtime      # DAGs    # Errors  Last Runtime    Last Run               Last # of DB Queries
-------------------------------------  -----  ---------  --------  ----------  --------------  -------------------  ----------------------
/opt/airflow/dags/job_scraping_dag.py                           1           0  0.68s           2026-03-21T16:36:51                      12
================================================================================
[2026-03-21T16:37:22.758+0000] {manager.py:997} INFO - 
================================================================================
DAG File Processing Stats

File Path                              PID    Runtime      # DAGs    # Errors  Last Runtime    Last Run               Last # of DB Queries
-------------------------------------  -----  ---------  --------  ----------  --------------  -------------------  ----------------------
/opt/airflow/dags/job_scraping_dag.py                           1           0  0.83s           2026-03-21T16:37:22                      12
================================================================================
[2026-03-21T16:37:53.049+0000] {manager.py:997} INFO - 
================================================================================
DAG File Processing Stats

File Path                                PID  Runtime      # DAGs    # Errors  Last Runtime    Last Run               Last # of DB Queries
-------------------------------------  -----  ---------  --------  ----------  --------------  -------------------  ----------------------
/opt/airflow/dags/job_scraping_dag.py    818  0.00s             1           0  0.83s           2026-03-21T16:37:22                      12
================================================================================
[2026-03-21T16:38:23.535+0000] {manager.py:997} INFO - 
================================================================================
DAG File Processing Stats

File Path                              PID    Runtime      # DAGs    # Errors  Last Runtime    Last Run               Last # of DB Queries
-------------------------------------  -----  ---------  --------  ----------  --------------  -------------------  ----------------------
/opt/airflow/dags/job_scraping_dag.py                           1           0  0.67s           2026-03-21T16:37:53                      12
================================================================================
[2026-03-21T16:38:25.551+0000] {manager.py:821} INFO - Searching for files in /opt/airflow/dags
[2026-03-21T16:38:25.578+0000] {manager.py:824} INFO - There are 1 files in /opt/airflow/dags
[2026-03-21T16:38:53.812+0000] {manager.py:997} INFO - 
================================================================================
DAG File Processing Stats

File Path                              PID    Runtime      # DAGs    # Errors  Last Runtime    Last Run               Last # of DB Queries
-------------------------------------  -----  ---------  --------  ----------  --------------  -------------------  ----------------------
/opt/airflow/dags/job_scraping_dag.py                           1           0  0.66s           2026-03-21T16:38:24                      12
================================================================================
[2026-03-21T16:39:24.051+0000] {manager.py:997} INFO - 
================================================================================
DAG File Processing Stats

File Path                              PID    Runtime      # DAGs    # Errors  Last Runtime    Last Run               Last # of DB Queries
-------------------------------------  -----  ---------  --------  ----------  --------------  -------------------  ----------------------
/opt/airflow/dags/job_scraping_dag.py                           1           0  0.73s           2026-03-21T16:38:55                      12
================================================================================
[2026-03-21T16:39:54.269+0000] {manager.py:997} INFO - 
================================================================================
DAG File Processing Stats

File Path                              PID    Runtime      # DAGs    # Errors  Last Runtime    Last Run               Last # of DB Queries
-------------------------------------  -----  ---------  --------  ----------  --------------  -------------------  ----------------------
/opt/airflow/dags/job_scraping_dag.py                           1           0  0.67s           2026-03-21T16:39:26                      12
================================================================================
[2026-03-21T16:40:24.567+0000] {manager.py:997} INFO - 
================================================================================
DAG File Processing Stats

File Path                              PID    Runtime      # DAGs    # Errors  Last Runtime    Last Run               Last # of DB Queries
-------------------------------------  -----  ---------  --------  ----------  --------------  -------------------  ----------------------
/opt/airflow/dags/job_scraping_dag.py                           1           0  0.78s           2026-03-21T16:39:57                      12
================================================================================
[2026-03-21T16:40:55.052+0000] {manager.py:997} INFO - 
================================================================================
DAG File Processing Stats

File Path                              PID    Runtime      # DAGs    # Errors  Last Runtime    Last Run               Last # of DB Queries
-------------------------------------  -----  ---------  --------  ----------  --------------  -------------------  ----------------------
/opt/airflow/dags/job_scraping_dag.py                           1           0  0.65s           2026-03-21T16:40:28                      12
================================================================================
[2026-03-21T16:41:25.361+0000] {manager.py:997} INFO - 
================================================================================
DAG File Processing Stats

File Path                              PID    Runtime      # DAGs    # Errors  Last Runtime    Last Run               Last # of DB Queries
-------------------------------------  -----  ---------  --------  ----------  --------------  -------------------  ----------------------
/opt/airflow/dags/job_scraping_dag.py                           1           0  0.67s           2026-03-21T16:40:59                      12
================================================================================
[2026-03-21T16:41:55.739+0000] {manager.py:997} INFO - 
================================================================================
DAG File Processing Stats

File Path                              PID    Runtime      # DAGs    # Errors  Last Runtime    Last Run               Last # of DB Queries
-------------------------------------  -----  ---------  --------  ----------  --------------  -------------------  ----------------------
/opt/airflow/dags/job_scraping_dag.py                           1           0  0.68s           2026-03-21T16:41:30                      12
================================================================================
[2026-03-21T16:42:26.005+0000] {manager.py:997} INFO - 
================================================================================
DAG File Processing Stats

File Path                              PID    Runtime      # DAGs    # Errors  Last Runtime    Last Run               Last # of DB Queries
-------------------------------------  -----  ---------  --------  ----------  --------------  -------------------  ----------------------
/opt/airflow/dags/job_scraping_dag.py                           1           0  0.65s           2026-03-21T16:42:01                      12
================================================================================
[2026-03-21T16:42:56.487+0000] {manager.py:997} INFO - 
================================================================================
DAG File Processing Stats

File Path                              PID    Runtime      # DAGs    # Errors  Last Runtime    Last Run               Last # of DB Queries
-------------------------------------  -----  ---------  --------  ----------  --------------  -------------------  ----------------------
/opt/airflow/dags/job_scraping_dag.py                           1           0  1.06s           2026-03-21T16:42:32                      12
================================================================================
[2026-03-21T16:43:25.725+0000] {manager.py:821} INFO - Searching for files in /opt/airflow/dags
[2026-03-21T16:43:25.745+0000] {manager.py:824} INFO - There are 1 files in /opt/airflow/dags
[2026-03-21T16:43:26.771+0000] {manager.py:997} INFO - 
================================================================================
DAG File Processing Stats

File Path                              PID    Runtime      # DAGs    # Errors  Last Runtime    Last Run               Last # of DB Queries
-------------------------------------  -----  ---------  --------  ----------  --------------  -------------------  ----------------------
/opt/airflow/dags/job_scraping_dag.py                           1           0  0.64s           2026-03-21T16:43:03                      12
================================================================================
[2026-03-21T16:43:56.946+0000] {manager.py:997} INFO - 
================================================================================
DAG File Processing Stats

File Path                              PID    Runtime      # DAGs    # Errors  Last Runtime    Last Run               Last # of DB Queries
-------------------------------------  -----  ---------  --------  ----------  --------------  -------------------  ----------------------
/opt/airflow/dags/job_scraping_dag.py                           1           0  0.72s           2026-03-21T16:43:34                      12
================================================================================
[2026-03-21T16:44:27.154+0000] {manager.py:997} INFO - 
================================================================================
DAG File Processing Stats

File Path                              PID    Runtime      # DAGs    # Errors  Last Runtime    Last Run               Last # of DB Queries
-------------------------------------  -----  ---------  --------  ----------  --------------  -------------------  ----------------------
/opt/airflow/dags/job_scraping_dag.py                           1           0  0.77s           2026-03-21T16:44:05                      12
================================================================================
[2026-03-21T16:44:57.381+0000] {manager.py:997} INFO - 
================================================================================
DAG File Processing Stats

File Path                              PID    Runtime      # DAGs    # Errors  Last Runtime    Last Run               Last # of DB Queries
-------------------------------------  -----  ---------  --------  ----------  --------------  -------------------  ----------------------
/opt/airflow/dags/job_scraping_dag.py                           1           0  0.65s           2026-03-21T16:44:36                      12
================================================================================
[2026-03-21T16:45:27.415+0000] {manager.py:997} INFO - 
================================================================================
DAG File Processing Stats

File Path                              PID    Runtime      # DAGs    # Errors  Last Runtime    Last Run               Last # of DB Queries
-------------------------------------  -----  ---------  --------  ----------  --------------  -------------------  ----------------------
/opt/airflow/dags/job_scraping_dag.py                           1           0  0.77s           2026-03-21T16:45:07                      12
================================================================================
[2026-03-21T16:45:57.799+0000] {manager.py:997} INFO - 
================================================================================
DAG File Processing Stats

File Path                              PID    Runtime      # DAGs    # Errors  Last Runtime    Last Run               Last # of DB Queries
-------------------------------------  -----  ---------  --------  ----------  --------------  -------------------  ----------------------
/opt/airflow/dags/job_scraping_dag.py                           1           0  0.64s           2026-03-21T16:45:38                      12
================================================================================
[2026-03-21T16:46:27.987+0000] {manager.py:997} INFO - 
================================================================================
DAG File Processing Stats

File Path                              PID    Runtime      # DAGs    # Errors  Last Runtime    Last Run               Last # of DB Queries
-------------------------------------  -----  ---------  --------  ----------  --------------  -------------------  ----------------------
/opt/airflow/dags/job_scraping_dag.py                           1           0  0.67s           2026-03-21T16:46:09                      12
================================================================================
[2026-03-21T16:46:58.145+0000] {manager.py:997} INFO - 
================================================================================
DAG File Processing Stats

File Path                              PID    Runtime      # DAGs    # Errors  Last Runtime    Last Run               Last # of DB Queries
-------------------------------------  -----  ---------  --------  ----------  --------------  -------------------  ----------------------
/opt/airflow/dags/job_scraping_dag.py                           1           0  0.64s           2026-03-21T16:46:40                      12
================================================================================
[2026-03-21T16:47:28.731+0000] {manager.py:997} INFO - 
================================================================================
DAG File Processing Stats

File Path                              PID    Runtime      # DAGs    # Errors  Last Runtime    Last Run               Last # of DB Queries
-------------------------------------  -----  ---------  --------  ----------  --------------  -------------------  ----------------------
/opt/airflow/dags/job_scraping_dag.py                           1           0  0.64s           2026-03-21T16:47:10                      12
================================================================================
[2026-03-21T16:47:58.902+0000] {manager.py:997} INFO - 
================================================================================
DAG File Processing Stats

File Path                              PID    Runtime      # DAGs    # Errors  Last Runtime    Last Run               Last # of DB Queries
-------------------------------------  -----  ---------  --------  ----------  --------------  -------------------  ----------------------
/opt/airflow/dags/job_scraping_dag.py                           1           0  0.63s           2026-03-21T16:47:41                      12
================================================================================
[2026-03-21T16:48:25.847+0000] {manager.py:821} INFO - Searching for files in /opt/airflow/dags
[2026-03-21T16:48:25.868+0000] {manager.py:824} INFO - There are 1 files in /opt/airflow/dags
[2026-03-21T16:48:28.906+0000] {manager.py:997} INFO - 
================================================================================
DAG File Processing Stats

File Path                              PID    Runtime      # DAGs    # Errors  Last Runtime    Last Run               Last # of DB Queries
-------------------------------------  -----  ---------  --------  ----------  --------------  -------------------  ----------------------
/opt/airflow/dags/job_scraping_dag.py                           1           0  0.72s           2026-03-21T16:48:12                      12
================================================================================
[2026-03-21T16:48:59.183+0000] {manager.py:997} INFO - 
================================================================================
DAG File Processing Stats

File Path                              PID    Runtime      # DAGs    # Errors  Last Runtime    Last Run               Last # of DB Queries
-------------------------------------  -----  ---------  --------  ----------  --------------  -------------------  ----------------------
/opt/airflow/dags/job_scraping_dag.py                           1           0  0.63s           2026-03-21T16:48:43                      12
================================================================================
[2026-03-21T16:49:29.428+0000] {manager.py:997} INFO - 
================================================================================
DAG File Processing Stats

File Path                              PID    Runtime      # DAGs    # Errors  Last Runtime    Last Run               Last # of DB Queries
-------------------------------------  -----  ---------  --------  ----------  --------------  -------------------  ----------------------
/opt/airflow/dags/job_scraping_dag.py                           1           0  0.66s           2026-03-21T16:49:14                      12
================================================================================
[2026-03-21T16:49:59.672+0000] {manager.py:997} INFO - 
================================================================================
DAG File Processing Stats

File Path                              PID    Runtime      # DAGs    # Errors  Last Runtime    Last Run               Last # of DB Queries
-------------------------------------  -----  ---------  --------  ----------  --------------  -------------------  ----------------------
/opt/airflow/dags/job_scraping_dag.py                           1           0  0.80s           2026-03-21T16:49:45                      12
================================================================================
[2026-03-21T16:50:29.772+0000] {manager.py:997} INFO - 
================================================================================
DAG File Processing Stats

File Path                              PID    Runtime      # DAGs    # Errors  Last Runtime    Last Run               Last # of DB Queries
-------------------------------------  -----  ---------  --------  ----------  --------------  -------------------  ----------------------
/opt/airflow/dags/job_scraping_dag.py                           1           0  0.82s           2026-03-21T16:50:16                      12
================================================================================
[2026-03-21T16:51:00.066+0000] {manager.py:997} INFO - 
================================================================================
DAG File Processing Stats

File Path                              PID    Runtime      # DAGs    # Errors  Last Runtime    Last Run               Last # of DB Queries
-------------------------------------  -----  ---------  --------  ----------  --------------  -------------------  ----------------------
/opt/airflow/dags/job_scraping_dag.py                           1           0  1.19s           2026-03-21T16:50:48                      12
================================================================================
[2026-03-21T16:51:30.525+0000] {manager.py:997} INFO - 
================================================================================
DAG File Processing Stats

File Path                              PID    Runtime      # DAGs    # Errors  Last Runtime    Last Run               Last # of DB Queries
-------------------------------------  -----  ---------  --------  ----------  --------------  -------------------  ----------------------
/opt/airflow/dags/job_scraping_dag.py                           1           0  1.25s           2026-03-21T16:51:19                      12
================================================================================
[2026-03-21T16:52:00.577+0000] {manager.py:997} INFO - 
================================================================================
DAG File Processing Stats

File Path                              PID    Runtime      # DAGs    # Errors  Last Runtime    Last Run               Last # of DB Queries
-------------------------------------  -----  ---------  --------  ----------  --------------  -------------------  ----------------------
/opt/airflow/dags/job_scraping_dag.py                           1           0  0.78s           2026-03-21T16:51:50                      12
================================================================================
[2026-03-21T16:52:30.738+0000] {manager.py:997} INFO - 
================================================================================
DAG File Processing Stats

File Path                              PID    Runtime      # DAGs    # Errors  Last Runtime    Last Run               Last # of DB Queries
-------------------------------------  -----  ---------  --------  ----------  --------------  -------------------  ----------------------
/opt/airflow/dags/job_scraping_dag.py                           1           0  0.84s           2026-03-21T16:52:21                      12
================================================================================
[2026-03-21T16:53:00.840+0000] {manager.py:997} INFO - 
================================================================================
DAG File Processing Stats

File Path                              PID    Runtime      # DAGs    # Errors  Last Runtime    Last Run               Last # of DB Queries
-------------------------------------  -----  ---------  --------  ----------  --------------  -------------------  ----------------------
/opt/airflow/dags/job_scraping_dag.py                           1           0  1.78s           2026-03-21T16:52:53                      12
================================================================================
[2026-03-21T16:53:25.881+0000] {manager.py:821} INFO - Searching for files in /opt/airflow/dags
[2026-03-21T16:53:25.915+0000] {manager.py:824} INFO - There are 1 files in /opt/airflow/dags
[2026-03-21T16:53:30.986+0000] {manager.py:997} INFO - 
================================================================================
DAG File Processing Stats

File Path                              PID    Runtime      # DAGs    # Errors  Last Runtime    Last Run               Last # of DB Queries
-------------------------------------  -----  ---------  --------  ----------  --------------  -------------------  ----------------------
/opt/airflow/dags/job_scraping_dag.py                           1           0  0.78s           2026-03-21T16:53:24                      12
================================================================================
[2026-03-21T16:54:01.263+0000] {manager.py:997} INFO - 
================================================================================
DAG File Processing Stats

File Path                              PID    Runtime      # DAGs    # Errors  Last Runtime    Last Run               Last # of DB Queries
-------------------------------------  -----  ---------  --------  ----------  --------------  -------------------  ----------------------
/opt/airflow/dags/job_scraping_dag.py                           1           0  1.42s           2026-03-21T16:53:56                      12
================================================================================
[2026-03-21T16:54:31.760+0000] {manager.py:997} INFO - 
================================================================================
DAG File Processing Stats

File Path                              PID    Runtime      # DAGs    # Errors  Last Runtime    Last Run               Last # of DB Queries
-------------------------------------  -----  ---------  --------  ----------  --------------  -------------------  ----------------------
/opt/airflow/dags/job_scraping_dag.py                           1           0  1.64s           2026-03-21T16:54:28                      12
================================================================================
[2026-03-21T16:55:01.972+0000] {manager.py:997} INFO - 
================================================================================
DAG File Processing Stats

File Path                              PID    Runtime      # DAGs    # Errors  Last Runtime    Last Run               Last # of DB Queries
-------------------------------------  -----  ---------  --------  ----------  --------------  -------------------  ----------------------
/opt/airflow/dags/job_scraping_dag.py                           1           0  0.80s           2026-03-21T16:54:59                      12
================================================================================
[2026-03-21T16:55:32.256+0000] {manager.py:997} INFO - 
================================================================================
DAG File Processing Stats

File Path                              PID    Runtime      # DAGs    # Errors  Last Runtime    Last Run               Last # of DB Queries
-------------------------------------  -----  ---------  --------  ----------  --------------  -------------------  ----------------------
/opt/airflow/dags/job_scraping_dag.py                           1           0  1.00s           2026-03-21T16:55:30                      12
================================================================================
[2026-03-21T16:56:02.479+0000] {manager.py:997} INFO - 
================================================================================
DAG File Processing Stats

File Path                              PID    Runtime      # DAGs    # Errors  Last Runtime    Last Run               Last # of DB Queries
-------------------------------------  -----  ---------  --------  ----------  --------------  -------------------  ----------------------
/opt/airflow/dags/job_scraping_dag.py                           1           0  0.64s           2026-03-21T16:56:01                      12
================================================================================
[2026-03-21T16:56:32.836+0000] {manager.py:997} INFO - 
================================================================================
DAG File Processing Stats

File Path                                PID  Runtime      # DAGs    # Errors  Last Runtime    Last Run               Last # of DB Queries
-------------------------------------  -----  ---------  --------  ----------  --------------  -------------------  ----------------------
/opt/airflow/dags/job_scraping_dag.py   1034  1.02s             1           0  0.64s           2026-03-21T16:56:01                      12
================================================================================
[2026-03-21T16:57:03.117+0000] {manager.py:997} INFO - 
================================================================================
DAG File Processing Stats

File Path                              PID    Runtime      # DAGs    # Errors  Last Runtime    Last Run               Last # of DB Queries
-------------------------------------  -----  ---------  --------  ----------  --------------  -------------------  ----------------------
/opt/airflow/dags/job_scraping_dag.py                           1           0  2.31s           2026-03-21T16:56:34                      12
================================================================================
[2026-03-21T16:57:33.277+0000] {manager.py:997} INFO - 
================================================================================
DAG File Processing Stats

File Path                              PID    Runtime      # DAGs    # Errors  Last Runtime    Last Run               Last # of DB Queries
-------------------------------------  -----  ---------  --------  ----------  --------------  -------------------  ----------------------
/opt/airflow/dags/job_scraping_dag.py                           1           0  0.66s           2026-03-21T16:57:05                      12
================================================================================
[2026-03-21T16:58:03.328+0000] {manager.py:997} INFO - 
================================================================================
DAG File Processing Stats

File Path                              PID    Runtime      # DAGs    # Errors  Last Runtime    Last Run               Last # of DB Queries
-------------------------------------  -----  ---------  --------  ----------  --------------  -------------------  ----------------------
/opt/airflow/dags/job_scraping_dag.py                           1           0  0.81s           2026-03-21T16:57:36                      12
================================================================================
[2026-03-21T16:58:26.171+0000] {manager.py:821} INFO - Searching for files in /opt/airflow/dags
[2026-03-21T16:58:26.200+0000] {manager.py:824} INFO - There are 1 files in /opt/airflow/dags
[2026-03-21T16:58:34.298+0000] {manager.py:997} INFO - 
================================================================================
DAG File Processing Stats

File Path                              PID    Runtime      # DAGs    # Errors  Last Runtime    Last Run               Last # of DB Queries
-------------------------------------  -----  ---------  --------  ----------  --------------  -------------------  ----------------------
/opt/airflow/dags/job_scraping_dag.py                           1           0  0.67s           2026-03-21T16:58:07                      12
================================================================================
[2026-03-21T16:59:04.436+0000] {manager.py:997} INFO - 
================================================================================
DAG File Processing Stats

File Path                              PID    Runtime      # DAGs    # Errors  Last Runtime    Last Run               Last # of DB Queries
-------------------------------------  -----  ---------  --------  ----------  --------------  -------------------  ----------------------
/opt/airflow/dags/job_scraping_dag.py                           1           0  0.84s           2026-03-21T16:58:38                      12
================================================================================
[2026-03-21T16:59:34.865+0000] {manager.py:997} INFO - 
================================================================================
DAG File Processing Stats

File Path                              PID    Runtime      # DAGs    # Errors  Last Runtime    Last Run               Last # of DB Queries
-------------------------------------  -----  ---------  --------  ----------  --------------  -------------------  ----------------------
/opt/airflow/dags/job_scraping_dag.py                           1           0  0.63s           2026-03-21T16:59:09                      12
================================================================================
[2026-03-21T17:00:05.353+0000] {manager.py:997} INFO - 
================================================================================
DAG File Processing Stats

File Path                              PID    Runtime      # DAGs    # Errors  Last Runtime    Last Run               Last # of DB Queries
-------------------------------------  -----  ---------  --------  ----------  --------------  -------------------  ----------------------
/opt/airflow/dags/job_scraping_dag.py                           1           0  0.71s           2026-03-21T16:59:40                      12
================================================================================
[2026-03-21T17:00:35.613+0000] {manager.py:997} INFO - 
================================================================================
DAG File Processing Stats

File Path                              PID    Runtime      # DAGs    # Errors  Last Runtime    Last Run               Last # of DB Queries
-------------------------------------  -----  ---------  --------  ----------  --------------  -------------------  ----------------------
/opt/airflow/dags/job_scraping_dag.py                           1           0  0.95s           2026-03-21T17:00:11                      12
================================================================================
[2026-03-21T17:01:05.799+0000] {manager.py:997} INFO - 
================================================================================
DAG File Processing Stats

File Path                              PID    Runtime      # DAGs    # Errors  Last Runtime    Last Run               Last # of DB Queries
-------------------------------------  -----  ---------  --------  ----------  --------------  -------------------  ----------------------
/opt/airflow/dags/job_scraping_dag.py                           1           0  0.89s           2026-03-21T17:00:42                      12
================================================================================
[2026-03-21T17:01:35.898+0000] {manager.py:997} INFO - 
================================================================================
DAG File Processing Stats

File Path                              PID    Runtime      # DAGs    # Errors  Last Runtime    Last Run               Last # of DB Queries
-------------------------------------  -----  ---------  --------  ----------  --------------  -------------------  ----------------------
/opt/airflow/dags/job_scraping_dag.py                           1           0  0.81s           2026-03-21T17:01:13                      12
================================================================================
[2026-03-21T17:02:06.094+0000] {manager.py:997} INFO - 
================================================================================
DAG File Processing Stats

File Path                              PID    Runtime      # DAGs    # Errors  Last Runtime    Last Run               Last # of DB Queries
-------------------------------------  -----  ---------  --------  ----------  --------------  -------------------  ----------------------
/opt/airflow/dags/job_scraping_dag.py                           1           0  0.89s           2026-03-21T17:01:44                      12
================================================================================
[2026-03-21T17:02:36.308+0000] {manager.py:997} INFO - 
================================================================================
DAG File Processing Stats

File Path                              PID    Runtime      # DAGs    # Errors  Last Runtime    Last Run               Last # of DB Queries
-------------------------------------  -----  ---------  --------  ----------  --------------  -------------------  ----------------------
/opt/airflow/dags/job_scraping_dag.py                           1           0  0.80s           2026-03-21T17:02:16                      12
================================================================================
[2026-03-21T17:03:06.922+0000] {manager.py:997} INFO - 
================================================================================
DAG File Processing Stats

File Path                              PID    Runtime      # DAGs    # Errors  Last Runtime    Last Run               Last # of DB Queries
-------------------------------------  -----  ---------  --------  ----------  --------------  -------------------  ----------------------
/opt/airflow/dags/job_scraping_dag.py                           1           0  0.65s           2026-03-21T17:02:47                      12
================================================================================
[2026-03-21T17:03:27.076+0000] {manager.py:821} INFO - Searching for files in /opt/airflow/dags
[2026-03-21T17:03:27.104+0000] {manager.py:824} INFO - There are 1 files in /opt/airflow/dags
[2026-03-21T17:03:37.190+0000] {manager.py:997} INFO - 
================================================================================
DAG File Processing Stats

File Path                              PID    Runtime      # DAGs    # Errors  Last Runtime    Last Run               Last # of DB Queries
-------------------------------------  -----  ---------  --------  ----------  --------------  -------------------  ----------------------
/opt/airflow/dags/job_scraping_dag.py                           1           0  0.81s           2026-03-21T17:03:18                      12
================================================================================
[2026-03-21T17:04:07.434+0000] {manager.py:997} INFO - 
================================================================================
DAG File Processing Stats

File Path                              PID    Runtime      # DAGs    # Errors  Last Runtime    Last Run               Last # of DB Queries
-------------------------------------  -----  ---------  --------  ----------  --------------  -------------------  ----------------------
/opt/airflow/dags/job_scraping_dag.py                           1           0  0.71s           2026-03-21T17:03:48                      12
================================================================================
[2026-03-21T17:04:37.726+0000] {manager.py:997} INFO - 
================================================================================
DAG File Processing Stats

File Path                              PID    Runtime      # DAGs    # Errors  Last Runtime    Last Run               Last # of DB Queries
-------------------------------------  -----  ---------  --------  ----------  --------------  -------------------  ----------------------
/opt/airflow/dags/job_scraping_dag.py                           1           0  0.68s           2026-03-21T17:04:19                      12
================================================================================
[2026-03-21T17:05:07.990+0000] {manager.py:997} INFO - 
================================================================================
DAG File Processing Stats

File Path                              PID    Runtime      # DAGs    # Errors  Last Runtime    Last Run               Last # of DB Queries
-------------------------------------  -----  ---------  --------  ----------  --------------  -------------------  ----------------------
/opt/airflow/dags/job_scraping_dag.py                           1           0  0.80s           2026-03-21T17:04:51                      12
================================================================================
[2026-03-21T17:05:38.192+0000] {manager.py:997} INFO - 
================================================================================
DAG File Processing Stats

File Path                              PID    Runtime      # DAGs    # Errors  Last Runtime    Last Run               Last # of DB Queries
-------------------------------------  -----  ---------  --------  ----------  --------------  -------------------  ----------------------
/opt/airflow/dags/job_scraping_dag.py                           1           0  0.64s           2026-03-21T17:05:22                      12
================================================================================
[2026-03-21T17:06:08.408+0000] {manager.py:997} INFO - 
================================================================================
DAG File Processing Stats

File Path                              PID    Runtime      # DAGs    # Errors  Last Runtime    Last Run               Last # of DB Queries
-------------------------------------  -----  ---------  --------  ----------  --------------  -------------------  ----------------------
/opt/airflow/dags/job_scraping_dag.py                           1           0  0.94s           2026-03-21T17:05:53                      12
================================================================================
[2026-03-21T17:06:39.133+0000] {manager.py:997} INFO - 
================================================================================
DAG File Processing Stats

File Path                              PID    Runtime      # DAGs    # Errors  Last Runtime    Last Run               Last # of DB Queries
-------------------------------------  -----  ---------  --------  ----------  --------------  -------------------  ----------------------
/opt/airflow/dags/job_scraping_dag.py                           1           0  0.67s           2026-03-21T17:06:24                      12
================================================================================
[2026-03-21T17:07:09.590+0000] {manager.py:997} INFO - 
================================================================================
DAG File Processing Stats

File Path                              PID    Runtime      # DAGs    # Errors  Last Runtime    Last Run               Last # of DB Queries
-------------------------------------  -----  ---------  --------  ----------  --------------  -------------------  ----------------------
/opt/airflow/dags/job_scraping_dag.py                           1           0  1.55s           2026-03-21T17:06:55                      12
================================================================================
[2026-03-21T17:07:39.844+0000] {manager.py:997} INFO - 
================================================================================
DAG File Processing Stats

File Path                              PID    Runtime      # DAGs    # Errors  Last Runtime    Last Run               Last # of DB Queries
-------------------------------------  -----  ---------  --------  ----------  --------------  -------------------  ----------------------
/opt/airflow/dags/job_scraping_dag.py                           1           0  0.89s           2026-03-21T17:07:27                      12
================================================================================
[2026-03-21T17:08:10.104+0000] {manager.py:997} INFO - 
================================================================================
DAG File Processing Stats

File Path                              PID    Runtime      # DAGs    # Errors  Last Runtime    Last Run               Last # of DB Queries
-------------------------------------  -----  ---------  --------  ----------  --------------  -------------------  ----------------------
/opt/airflow/dags/job_scraping_dag.py                           1           0  0.80s           2026-03-21T17:07:58                      12
================================================================================
[2026-03-21T17:08:27.292+0000] {manager.py:821} INFO - Searching for files in /opt/airflow/dags
[2026-03-21T17:08:27.317+0000] {manager.py:824} INFO - There are 1 files in /opt/airflow/dags
[2026-03-21T17:08:40.176+0000] {manager.py:997} INFO - 
================================================================================
DAG File Processing Stats

File Path                              PID    Runtime      # DAGs    # Errors  Last Runtime    Last Run               Last # of DB Queries
-------------------------------------  -----  ---------  --------  ----------  --------------  -------------------  ----------------------
/opt/airflow/dags/job_scraping_dag.py                           1           0  0.75s           2026-03-21T17:08:29                      12
================================================================================
[2026-03-21T17:09:10.870+0000] {manager.py:997} INFO - 
================================================================================
DAG File Processing Stats

File Path                              PID    Runtime      # DAGs    # Errors  Last Runtime    Last Run               Last # of DB Queries
-------------------------------------  -----  ---------  --------  ----------  --------------  -------------------  ----------------------
/opt/airflow/dags/job_scraping_dag.py                           1           0  0.75s           2026-03-21T17:09:00                      12
================================================================================
[2026-03-21T17:09:41.146+0000] {manager.py:997} INFO - 
================================================================================
DAG File Processing Stats

File Path                              PID    Runtime      # DAGs    # Errors  Last Runtime    Last Run               Last # of DB Queries
-------------------------------------  -----  ---------  --------  ----------  --------------  -------------------  ----------------------
/opt/airflow/dags/job_scraping_dag.py                           1           0  0.75s           2026-03-21T17:09:31                      12
================================================================================
[2026-03-21T17:10:11.598+0000] {manager.py:997} INFO - 
================================================================================
DAG File Processing Stats

File Path                              PID    Runtime      # DAGs    # Errors  Last Runtime    Last Run               Last # of DB Queries
-------------------------------------  -----  ---------  --------  ----------  --------------  -------------------  ----------------------
/opt/airflow/dags/job_scraping_dag.py                           1           0  1.05s           2026-03-21T17:10:02                      12
================================================================================
[2026-03-21T17:10:41.842+0000] {manager.py:997} INFO - 
================================================================================
DAG File Processing Stats

File Path                              PID    Runtime      # DAGs    # Errors  Last Runtime    Last Run               Last # of DB Queries
-------------------------------------  -----  ---------  --------  ----------  --------------  -------------------  ----------------------
/opt/airflow/dags/job_scraping_dag.py                           1           0  0.93s           2026-03-21T17:10:33                      12
================================================================================
[2026-03-21T17:11:12.096+0000] {manager.py:997} INFO - 
================================================================================
DAG File Processing Stats

File Path                              PID    Runtime      # DAGs    # Errors  Last Runtime    Last Run               Last # of DB Queries
-------------------------------------  -----  ---------  --------  ----------  --------------  -------------------  ----------------------
/opt/airflow/dags/job_scraping_dag.py                           1           0  0.85s           2026-03-21T17:11:05                      12
================================================================================
[2026-03-21T17:11:42.534+0000] {manager.py:997} INFO - 
================================================================================
DAG File Processing Stats

File Path                              PID    Runtime      # DAGs    # Errors  Last Runtime    Last Run               Last # of DB Queries
-------------------------------------  -----  ---------  --------  ----------  --------------  -------------------  ----------------------
/opt/airflow/dags/job_scraping_dag.py                           1           0  0.69s           2026-03-21T17:11:35                      12
================================================================================
[2026-03-21T17:12:12.820+0000] {manager.py:997} INFO - 
================================================================================
DAG File Processing Stats

File Path                              PID    Runtime      # DAGs    # Errors  Last Runtime    Last Run               Last # of DB Queries
-------------------------------------  -----  ---------  --------  ----------  --------------  -------------------  ----------------------
/opt/airflow/dags/job_scraping_dag.py                           1           0  0.81s           2026-03-21T17:12:07                      12
================================================================================
[2026-03-21T17:12:43.113+0000] {manager.py:997} INFO - 
================================================================================
DAG File Processing Stats

File Path                              PID    Runtime      # DAGs    # Errors  Last Runtime    Last Run               Last # of DB Queries
-------------------------------------  -----  ---------  --------  ----------  --------------  -------------------  ----------------------
/opt/airflow/dags/job_scraping_dag.py                           1           0  0.97s           2026-03-21T17:12:38                      12
================================================================================
[2026-03-21T17:13:13.357+0000] {manager.py:997} INFO - 
================================================================================
DAG File Processing Stats

File Path                              PID    Runtime      # DAGs    # Errors  Last Runtime    Last Run               Last # of DB Queries
-------------------------------------  -----  ---------  --------  ----------  --------------  -------------------  ----------------------
/opt/airflow/dags/job_scraping_dag.py                           1           0  0.99s           2026-03-21T17:13:09                      12
================================================================================
[2026-03-21T17:13:27.478+0000] {manager.py:821} INFO - Searching for files in /opt/airflow/dags
[2026-03-21T17:13:27.497+0000] {manager.py:824} INFO - There are 1 files in /opt/airflow/dags
[2026-03-21T17:13:44.013+0000] {manager.py:997} INFO - 
================================================================================
DAG File Processing Stats

File Path                              PID    Runtime      # DAGs    # Errors  Last Runtime    Last Run               Last # of DB Queries
-------------------------------------  -----  ---------  --------  ----------  --------------  -------------------  ----------------------
/opt/airflow/dags/job_scraping_dag.py                           1           0  1.24s           2026-03-21T17:13:41                      12
================================================================================
[2026-03-21T17:14:14.452+0000] {manager.py:997} INFO - 
================================================================================
DAG File Processing Stats

File Path                              PID    Runtime      # DAGs    # Errors  Last Runtime    Last Run               Last # of DB Queries
-------------------------------------  -----  ---------  --------  ----------  --------------  -------------------  ----------------------
/opt/airflow/dags/job_scraping_dag.py                           1           0  0.63s           2026-03-21T17:14:11                      12
================================================================================
[2026-03-21T17:14:44.463+0000] {manager.py:997} INFO - 
================================================================================
DAG File Processing Stats

File Path                              PID    Runtime      # DAGs    # Errors  Last Runtime    Last Run               Last # of DB Queries
-------------------------------------  -----  ---------  --------  ----------  --------------  -------------------  ----------------------
/opt/airflow/dags/job_scraping_dag.py                           1           0  1.18s           2026-03-21T17:14:43                      12
================================================================================
[2026-03-21T17:15:14.674+0000] {manager.py:997} INFO - 
================================================================================
DAG File Processing Stats

File Path                              PID    Runtime      # DAGs    # Errors  Last Runtime    Last Run               Last # of DB Queries
-------------------------------------  -----  ---------  --------  ----------  --------------  -------------------  ----------------------
/opt/airflow/dags/job_scraping_dag.py                           1           0  0.76s           2026-03-21T17:15:14                      12
================================================================================
[2026-03-21T17:15:44.992+0000] {manager.py:997} INFO - 
================================================================================
DAG File Processing Stats

File Path                                PID  Runtime      # DAGs    # Errors  Last Runtime    Last Run               Last # of DB Queries
-------------------------------------  -----  ---------  --------  ----------  --------------  -------------------  ----------------------
/opt/airflow/dags/job_scraping_dag.py   1256  0.37s             1           0  0.76s           2026-03-21T17:15:14                      12
================================================================================
[2026-03-21T17:16:15.359+0000] {manager.py:997} INFO - 
================================================================================
DAG File Processing Stats

File Path                              PID    Runtime      # DAGs    # Errors  Last Runtime    Last Run               Last # of DB Queries
-------------------------------------  -----  ---------  --------  ----------  --------------  -------------------  ----------------------
/opt/airflow/dags/job_scraping_dag.py                           1           0  1.44s           2026-03-21T17:15:46                      12
================================================================================
[2026-03-21T17:16:45.630+0000] {manager.py:997} INFO - 
================================================================================
DAG File Processing Stats

File Path                              PID    Runtime      # DAGs    # Errors  Last Runtime    Last Run               Last # of DB Queries
-------------------------------------  -----  ---------  --------  ----------  --------------  -------------------  ----------------------
/opt/airflow/dags/job_scraping_dag.py                           1           0  1.14s           2026-03-21T17:16:17                      12
================================================================================
[2026-03-21T17:17:15.970+0000] {manager.py:997} INFO - 
================================================================================
DAG File Processing Stats

File Path                              PID    Runtime      # DAGs    # Errors  Last Runtime    Last Run               Last # of DB Queries
-------------------------------------  -----  ---------  --------  ----------  --------------  -------------------  ----------------------
/opt/airflow/dags/job_scraping_dag.py                           1           0  1.21s           2026-03-21T17:16:48                      12
================================================================================
[2026-03-21T17:17:46.213+0000] {manager.py:997} INFO - 
================================================================================
DAG File Processing Stats

File Path                              PID    Runtime      # DAGs    # Errors  Last Runtime    Last Run               Last # of DB Queries
-------------------------------------  -----  ---------  --------  ----------  --------------  -------------------  ----------------------
/opt/airflow/dags/job_scraping_dag.py                           1           0  0.90s           2026-03-21T17:17:19                      12
================================================================================
[2026-03-21T17:18:16.489+0000] {manager.py:997} INFO - 
================================================================================
DAG File Processing Stats

File Path                              PID    Runtime      # DAGs    # Errors  Last Runtime    Last Run               Last # of DB Queries
-------------------------------------  -----  ---------  --------  ----------  --------------  -------------------  ----------------------
/opt/airflow/dags/job_scraping_dag.py                           1           0  1.11s           2026-03-21T17:17:51                      12
================================================================================
[2026-03-21T17:18:27.704+0000] {manager.py:821} INFO - Searching for files in /opt/airflow/dags
[2026-03-21T17:18:27.748+0000] {manager.py:824} INFO - There are 1 files in /opt/airflow/dags
[2026-03-21T17:18:46.952+0000] {manager.py:997} INFO - 
================================================================================
DAG File Processing Stats

File Path                              PID    Runtime      # DAGs    # Errors  Last Runtime    Last Run               Last # of DB Queries
-------------------------------------  -----  ---------  --------  ----------  --------------  -------------------  ----------------------
/opt/airflow/dags/job_scraping_dag.py                           1           0  1.15s           2026-03-21T17:18:22                      12
================================================================================
[2026-03-21T17:19:17.274+0000] {manager.py:997} INFO - 
================================================================================
DAG File Processing Stats

File Path                              PID    Runtime      # DAGs    # Errors  Last Runtime    Last Run               Last # of DB Queries
-------------------------------------  -----  ---------  --------  ----------  --------------  -------------------  ----------------------
/opt/airflow/dags/job_scraping_dag.py                           1           0  1.10s           2026-03-21T17:18:54                      12
================================================================================
[2026-03-21T17:19:47.618+0000] {manager.py:997} INFO - 
================================================================================
DAG File Processing Stats

File Path                              PID    Runtime      # DAGs    # Errors  Last Runtime    Last Run               Last # of DB Queries
-------------------------------------  -----  ---------  --------  ----------  --------------  -------------------  ----------------------
/opt/airflow/dags/job_scraping_dag.py                           1           0  1.41s           2026-03-21T17:19:25                      12
================================================================================
[2026-03-21T17:20:18.289+0000] {manager.py:997} INFO - 
================================================================================
DAG File Processing Stats

File Path                              PID    Runtime      # DAGs    # Errors  Last Runtime    Last Run               Last # of DB Queries
-------------------------------------  -----  ---------  --------  ----------  --------------  -------------------  ----------------------
/opt/airflow/dags/job_scraping_dag.py                           1           0  1.10s           2026-03-21T17:19:57                      12
================================================================================
[2026-03-21T17:20:48.613+0000] {manager.py:997} INFO - 
================================================================================
DAG File Processing Stats

File Path                              PID    Runtime      # DAGs    # Errors  Last Runtime    Last Run               Last # of DB Queries
-------------------------------------  -----  ---------  --------  ----------  --------------  -------------------  ----------------------
/opt/airflow/dags/job_scraping_dag.py                           1           0  0.69s           2026-03-21T17:20:28                      12
================================================================================
[2026-03-21T17:21:18.883+0000] {manager.py:997} INFO - 
================================================================================
DAG File Processing Stats

File Path                              PID    Runtime      # DAGs    # Errors  Last Runtime    Last Run               Last # of DB Queries
-------------------------------------  -----  ---------  --------  ----------  --------------  -------------------  ----------------------
/opt/airflow/dags/job_scraping_dag.py                           1           0  0.88s           2026-03-21T17:20:59                      12
================================================================================
[2026-03-21T17:21:49.126+0000] {manager.py:997} INFO - 
================================================================================
DAG File Processing Stats

File Path                              PID    Runtime      # DAGs    # Errors  Last Runtime    Last Run               Last # of DB Queries
-------------------------------------  -----  ---------  --------  ----------  --------------  -------------------  ----------------------
/opt/airflow/dags/job_scraping_dag.py                           1           0  0.67s           2026-03-21T17:21:30                      12
================================================================================
[2026-03-21T17:22:19.635+0000] {manager.py:997} INFO - 
================================================================================
DAG File Processing Stats

File Path                              PID    Runtime      # DAGs    # Errors  Last Runtime    Last Run               Last # of DB Queries
-------------------------------------  -----  ---------  --------  ----------  --------------  -------------------  ----------------------
/opt/airflow/dags/job_scraping_dag.py                           1           0  0.66s           2026-03-21T17:22:00                      12
================================================================================
[2026-03-21T17:22:50.349+0000] {manager.py:997} INFO - 
================================================================================
DAG File Processing Stats

File Path                              PID    Runtime      # DAGs    # Errors  Last Runtime    Last Run               Last # of DB Queries
-------------------------------------  -----  ---------  --------  ----------  --------------  -------------------  ----------------------
/opt/airflow/dags/job_scraping_dag.py                           1           0  1.12s           2026-03-21T17:22:32                      12
================================================================================
[2026-03-21T17:23:20.436+0000] {manager.py:997} INFO - 
================================================================================
DAG File Processing Stats

File Path                              PID    Runtime      # DAGs    # Errors  Last Runtime    Last Run               Last # of DB Queries
-------------------------------------  -----  ---------  --------  ----------  --------------  -------------------  ----------------------
/opt/airflow/dags/job_scraping_dag.py                           1           0  0.77s           2026-03-21T17:23:03                      12
================================================================================
[2026-03-21T17:23:27.862+0000] {manager.py:821} INFO - Searching for files in /opt/airflow/dags
[2026-03-21T17:23:27.882+0000] {manager.py:824} INFO - There are 1 files in /opt/airflow/dags
[2026-03-21T17:23:50.469+0000] {manager.py:997} INFO - 
================================================================================
DAG File Processing Stats

File Path                              PID    Runtime      # DAGs    # Errors  Last Runtime    Last Run               Last # of DB Queries
-------------------------------------  -----  ---------  --------  ----------  --------------  -------------------  ----------------------
/opt/airflow/dags/job_scraping_dag.py                           1           0  0.77s           2026-03-21T17:23:34                      12
================================================================================
[2026-03-21T17:24:21.380+0000] {manager.py:997} INFO - 
================================================================================
DAG File Processing Stats

File Path                              PID    Runtime      # DAGs    # Errors  Last Runtime    Last Run               Last # of DB Queries
-------------------------------------  -----  ---------  --------  ----------  --------------  -------------------  ----------------------
/opt/airflow/dags/job_scraping_dag.py                           1           0  0.65s           2026-03-21T17:24:05                      12
================================================================================
[2026-03-21T17:24:51.694+0000] {manager.py:997} INFO - 
================================================================================
DAG File Processing Stats

File Path                              PID    Runtime      # DAGs    # Errors  Last Runtime    Last Run               Last # of DB Queries
-------------------------------------  -----  ---------  --------  ----------  --------------  -------------------  ----------------------
/opt/airflow/dags/job_scraping_dag.py                           1           0  0.61s           2026-03-21T17:24:36                      12
================================================================================
[2026-03-21T17:25:21.920+0000] {manager.py:997} INFO - 
================================================================================
DAG File Processing Stats

File Path                              PID    Runtime      # DAGs    # Errors  Last Runtime    Last Run               Last # of DB Queries
-------------------------------------  -----  ---------  --------  ----------  --------------  -------------------  ----------------------
/opt/airflow/dags/job_scraping_dag.py                           1           0  0.68s           2026-03-21T17:25:07                      12
================================================================================
[2026-03-21T17:25:52.189+0000] {manager.py:997} INFO - 
================================================================================
DAG File Processing Stats

File Path                              PID    Runtime      # DAGs    # Errors  Last Runtime    Last Run               Last # of DB Queries
-------------------------------------  -----  ---------  --------  ----------  --------------  -------------------  ----------------------
/opt/airflow/dags/job_scraping_dag.py                           1           0  0.66s           2026-03-21T17:25:38                      12
================================================================================
[2026-03-21T17:26:22.893+0000] {manager.py:997} INFO - 
================================================================================
DAG File Processing Stats

File Path                              PID    Runtime      # DAGs    # Errors  Last Runtime    Last Run               Last # of DB Queries
-------------------------------------  -----  ---------  --------  ----------  --------------  -------------------  ----------------------
/opt/airflow/dags/job_scraping_dag.py                           1           0  0.69s           2026-03-21T17:26:09                      12
================================================================================
[2026-03-21T17:26:52.909+0000] {manager.py:997} INFO - 
================================================================================
DAG File Processing Stats

File Path                              PID    Runtime      # DAGs    # Errors  Last Runtime    Last Run               Last # of DB Queries
-------------------------------------  -----  ---------  --------  ----------  --------------  -------------------  ----------------------
/opt/airflow/dags/job_scraping_dag.py                           1           0  0.72s           2026-03-21T17:26:39                      12
================================================================================
[2026-03-21T17:27:23.609+0000] {manager.py:997} INFO - 
================================================================================
DAG File Processing Stats

File Path                              PID    Runtime      # DAGs    # Errors  Last Runtime    Last Run               Last # of DB Queries
-------------------------------------  -----  ---------  --------  ----------  --------------  -------------------  ----------------------
/opt/airflow/dags/job_scraping_dag.py                           1           0  0.61s           2026-03-21T17:27:10                      12
================================================================================
[2026-03-21T17:27:53.966+0000] {manager.py:997} INFO - 
================================================================================
DAG File Processing Stats

File Path                              PID    Runtime      # DAGs    # Errors  Last Runtime    Last Run               Last # of DB Queries
-------------------------------------  -----  ---------  --------  ----------  --------------  -------------------  ----------------------
/opt/airflow/dags/job_scraping_dag.py                           1           0  0.64s           2026-03-21T17:27:41                      12
================================================================================
[2026-03-21T17:28:24.189+0000] {manager.py:997} INFO - 
================================================================================
DAG File Processing Stats

File Path                              PID    Runtime      # DAGs    # Errors  Last Runtime    Last Run               Last # of DB Queries
-------------------------------------  -----  ---------  --------  ----------  --------------  -------------------  ----------------------
/opt/airflow/dags/job_scraping_dag.py                           1           0  0.64s           2026-03-21T17:28:12                      12
================================================================================
[2026-03-21T17:28:28.218+0000] {manager.py:821} INFO - Searching for files in /opt/airflow/dags
[2026-03-21T17:28:28.242+0000] {manager.py:824} INFO - There are 1 files in /opt/airflow/dags
[2026-03-21T17:28:54.407+0000] {manager.py:997} INFO - 
================================================================================
DAG File Processing Stats

File Path                              PID    Runtime      # DAGs    # Errors  Last Runtime    Last Run               Last # of DB Queries
-------------------------------------  -----  ---------  --------  ----------  --------------  -------------------  ----------------------
/opt/airflow/dags/job_scraping_dag.py                           1           0  0.63s           2026-03-21T17:28:43                      12
================================================================================
[2026-03-21T17:29:24.475+0000] {manager.py:997} INFO - 
================================================================================
DAG File Processing Stats

File Path                              PID    Runtime      # DAGs    # Errors  Last Runtime    Last Run               Last # of DB Queries
-------------------------------------  -----  ---------  --------  ----------  --------------  -------------------  ----------------------
/opt/airflow/dags/job_scraping_dag.py                           1           0  2.65s           2026-03-21T17:29:16                      12
================================================================================
[2026-03-21T17:29:54.491+0000] {manager.py:997} INFO - 
================================================================================
DAG File Processing Stats

File Path                              PID    Runtime      # DAGs    # Errors  Last Runtime    Last Run               Last # of DB Queries
-------------------------------------  -----  ---------  --------  ----------  --------------  -------------------  ----------------------
/opt/airflow/dags/job_scraping_dag.py                           1           0  1.25s           2026-03-21T17:29:47                      12
================================================================================
[2026-03-21T17:30:24.706+0000] {manager.py:997} INFO - 
================================================================================
DAG File Processing Stats

File Path                              PID    Runtime      # DAGs    # Errors  Last Runtime    Last Run               Last # of DB Queries
-------------------------------------  -----  ---------  --------  ----------  --------------  -------------------  ----------------------
/opt/airflow/dags/job_scraping_dag.py                           1           0  0.96s           2026-03-21T17:30:18                      12
================================================================================
[2026-03-21T17:30:55.173+0000] {manager.py:997} INFO - 
================================================================================
DAG File Processing Stats

File Path                              PID    Runtime      # DAGs    # Errors  Last Runtime    Last Run               Last # of DB Queries
-------------------------------------  -----  ---------  --------  ----------  --------------  -------------------  ----------------------
/opt/airflow/dags/job_scraping_dag.py                           1           0  1.28s           2026-03-21T17:30:50                      12
================================================================================
[2026-03-21T17:31:25.485+0000] {manager.py:997} INFO - 
================================================================================
DAG File Processing Stats

File Path                              PID    Runtime      # DAGs    # Errors  Last Runtime    Last Run               Last # of DB Queries
-------------------------------------  -----  ---------  --------  ----------  --------------  -------------------  ----------------------
/opt/airflow/dags/job_scraping_dag.py                           1           0  1.14s           2026-03-21T17:31:21                      12
================================================================================
[2026-03-21T17:31:55.624+0000] {manager.py:997} INFO - 
================================================================================
DAG File Processing Stats

File Path                              PID    Runtime      # DAGs    # Errors  Last Runtime    Last Run               Last # of DB Queries
-------------------------------------  -----  ---------  --------  ----------  --------------  -------------------  ----------------------
/opt/airflow/dags/job_scraping_dag.py                           1           0  0.86s           2026-03-21T17:31:52                      12
================================================================================
[2026-03-21T17:32:25.826+0000] {manager.py:997} INFO - 
================================================================================
DAG File Processing Stats

File Path                              PID    Runtime      # DAGs    # Errors  Last Runtime    Last Run               Last # of DB Queries
-------------------------------------  -----  ---------  --------  ----------  --------------  -------------------  ----------------------
/opt/airflow/dags/job_scraping_dag.py                           1           0  0.90s           2026-03-21T17:32:23                      12
================================================================================
[2026-03-21T17:32:56.066+0000] {manager.py:997} INFO - 
================================================================================
DAG File Processing Stats

File Path                              PID    Runtime      # DAGs    # Errors  Last Runtime    Last Run               Last # of DB Queries
-------------------------------------  -----  ---------  --------  ----------  --------------  -------------------  ----------------------
/opt/airflow/dags/job_scraping_dag.py                           1           0  1.07s           2026-03-21T17:32:55                      12
================================================================================
[2026-03-21T17:33:26.163+0000] {manager.py:997} INFO - 
================================================================================
DAG File Processing Stats

File Path                              PID    Runtime      # DAGs    # Errors  Last Runtime    Last Run               Last # of DB Queries
-------------------------------------  -----  ---------  --------  ----------  --------------  -------------------  ----------------------
/opt/airflow/dags/job_scraping_dag.py                           1           0  0.84s           2026-03-21T17:33:26                      12
================================================================================
[2026-03-21T17:33:28.367+0000] {manager.py:821} INFO - Searching for files in /opt/airflow/dags
[2026-03-21T17:33:28.387+0000] {manager.py:824} INFO - There are 1 files in /opt/airflow/dags
[2026-03-21T17:33:56.409+0000] {manager.py:997} INFO - 
================================================================================
DAG File Processing Stats

File Path                                PID  Runtime      # DAGs    # Errors  Last Runtime    Last Run               Last # of DB Queries
-------------------------------------  -----  ---------  --------  ----------  --------------  -------------------  ----------------------
/opt/airflow/dags/job_scraping_dag.py   1466  0.00s             1           0  0.84s           2026-03-21T17:33:26                      12
================================================================================
[2026-03-21T17:34:26.552+0000] {manager.py:997} INFO - 
================================================================================
DAG File Processing Stats

File Path                              PID    Runtime      # DAGs    # Errors  Last Runtime    Last Run               Last # of DB Queries
-------------------------------------  -----  ---------  --------  ----------  --------------  -------------------  ----------------------
/opt/airflow/dags/job_scraping_dag.py                           1           0  0.93s           2026-03-21T17:33:57                      12
================================================================================
[2026-03-21T17:34:56.787+0000] {manager.py:997} INFO - 
================================================================================
DAG File Processing Stats

File Path                              PID    Runtime      # DAGs    # Errors  Last Runtime    Last Run               Last # of DB Queries
-------------------------------------  -----  ---------  --------  ----------  --------------  -------------------  ----------------------
/opt/airflow/dags/job_scraping_dag.py                           1           0  0.98s           2026-03-21T17:34:28                      12
================================================================================
[2026-03-21T17:35:27.282+0000] {manager.py:997} INFO - 
================================================================================
DAG File Processing Stats

File Path                              PID    Runtime      # DAGs    # Errors  Last Runtime    Last Run               Last # of DB Queries
-------------------------------------  -----  ---------  --------  ----------  --------------  -------------------  ----------------------
/opt/airflow/dags/job_scraping_dag.py                           1           0  1.49s           2026-03-21T17:35:00                      12
================================================================================
[2026-03-21T17:35:57.521+0000] {manager.py:997} INFO - 
================================================================================
DAG File Processing Stats

File Path                              PID    Runtime      # DAGs    # Errors  Last Runtime    Last Run               Last # of DB Queries
-------------------------------------  -----  ---------  --------  ----------  --------------  -------------------  ----------------------
/opt/airflow/dags/job_scraping_dag.py                           1           0  0.87s           2026-03-21T17:35:31                      12
================================================================================
[2026-03-21T17:36:27.764+0000] {manager.py:997} INFO - 
================================================================================
DAG File Processing Stats

File Path                              PID    Runtime      # DAGs    # Errors  Last Runtime    Last Run               Last # of DB Queries
-------------------------------------  -----  ---------  --------  ----------  --------------  -------------------  ----------------------
/opt/airflow/dags/job_scraping_dag.py                           1           0  0.98s           2026-03-21T17:36:02                      12
================================================================================
[2026-03-21T17:36:57.867+0000] {manager.py:997} INFO - 
================================================================================
DAG File Processing Stats

File Path                              PID    Runtime      # DAGs    # Errors  Last Runtime    Last Run               Last # of DB Queries
-------------------------------------  -----  ---------  --------  ----------  --------------  -------------------  ----------------------
/opt/airflow/dags/job_scraping_dag.py                           1           0  0.84s           2026-03-21T17:36:33                      12
================================================================================
[2026-03-21T17:37:28.186+0000] {manager.py:997} INFO - 
================================================================================
DAG File Processing Stats

File Path                              PID    Runtime      # DAGs    # Errors  Last Runtime    Last Run               Last # of DB Queries
-------------------------------------  -----  ---------  --------  ----------  --------------  -------------------  ----------------------
/opt/airflow/dags/job_scraping_dag.py                           1           0  1.14s           2026-03-21T17:37:05                      12
================================================================================
[2026-03-21T17:37:58.259+0000] {manager.py:997} INFO - 
================================================================================
DAG File Processing Stats

File Path                              PID    Runtime      # DAGs    # Errors  Last Runtime    Last Run               Last # of DB Queries
-------------------------------------  -----  ---------  --------  ----------  --------------  -------------------  ----------------------
/opt/airflow/dags/job_scraping_dag.py                           1           0  0.85s           2026-03-21T17:37:36                      12
================================================================================
[2026-03-21T17:38:28.477+0000] {manager.py:821} INFO - Searching for files in /opt/airflow/dags
[2026-03-21T17:38:28.507+0000] {manager.py:824} INFO - There are 1 files in /opt/airflow/dags
[2026-03-21T17:38:28.526+0000] {manager.py:997} INFO - 
================================================================================
DAG File Processing Stats

File Path                              PID    Runtime      # DAGs    # Errors  Last Runtime    Last Run               Last # of DB Queries
-------------------------------------  -----  ---------  --------  ----------  --------------  -------------------  ----------------------
/opt/airflow/dags/job_scraping_dag.py                           1           0  0.97s           2026-03-21T17:38:07                      12
================================================================================
[2026-03-21T17:38:58.755+0000] {manager.py:997} INFO - 
================================================================================
DAG File Processing Stats

File Path                              PID    Runtime      # DAGs    # Errors  Last Runtime    Last Run               Last # of DB Queries
-------------------------------------  -----  ---------  --------  ----------  --------------  -------------------  ----------------------
/opt/airflow/dags/job_scraping_dag.py                           1           0  1.00s           2026-03-21T17:38:38                      12
================================================================================
[2026-03-21T17:39:29.012+0000] {manager.py:997} INFO - 
================================================================================
DAG File Processing Stats

File Path                              PID    Runtime      # DAGs    # Errors  Last Runtime    Last Run               Last # of DB Queries
-------------------------------------  -----  ---------  --------  ----------  --------------  -------------------  ----------------------
/opt/airflow/dags/job_scraping_dag.py                           1           0  1.21s           2026-03-21T17:39:10                      12
================================================================================
[2026-03-21T17:39:59.110+0000] {manager.py:997} INFO - 
================================================================================
DAG File Processing Stats

File Path                              PID    Runtime      # DAGs    # Errors  Last Runtime    Last Run               Last # of DB Queries
-------------------------------------  -----  ---------  --------  ----------  --------------  -------------------  ----------------------
/opt/airflow/dags/job_scraping_dag.py                           1           0  0.83s           2026-03-21T17:39:40                      12
================================================================================
[2026-03-21T17:40:29.690+0000] {manager.py:997} INFO - 
================================================================================
DAG File Processing Stats

File Path                              PID    Runtime      # DAGs    # Errors  Last Runtime    Last Run               Last # of DB Queries
-------------------------------------  -----  ---------  --------  ----------  --------------  -------------------  ----------------------
/opt/airflow/dags/job_scraping_dag.py                           1           0  0.67s           2026-03-21T17:40:11                      12
================================================================================
[2026-03-21T17:40:59.960+0000] {manager.py:997} INFO - 
================================================================================
DAG File Processing Stats

File Path                              PID    Runtime      # DAGs    # Errors  Last Runtime    Last Run               Last # of DB Queries
-------------------------------------  -----  ---------  --------  ----------  --------------  -------------------  ----------------------
/opt/airflow/dags/job_scraping_dag.py                           1           0  0.71s           2026-03-21T17:40:42                      12
================================================================================
[2026-03-21T17:41:30.225+0000] {manager.py:997} INFO - 
================================================================================
DAG File Processing Stats

File Path                              PID    Runtime      # DAGs    # Errors  Last Runtime    Last Run               Last # of DB Queries
-------------------------------------  -----  ---------  --------  ----------  --------------  -------------------  ----------------------
/opt/airflow/dags/job_scraping_dag.py                           1           0  0.60s           2026-03-21T17:41:13                      12
================================================================================
[2026-03-21T17:42:00.476+0000] {manager.py:997} INFO - 
================================================================================
DAG File Processing Stats

File Path                              PID    Runtime      # DAGs    # Errors  Last Runtime    Last Run               Last # of DB Queries
-------------------------------------  -----  ---------  --------  ----------  --------------  -------------------  ----------------------
/opt/airflow/dags/job_scraping_dag.py                           1           0  0.60s           2026-03-21T17:41:44                      12
================================================================================
[2026-03-21T17:42:30.726+0000] {manager.py:997} INFO - 
================================================================================
DAG File Processing Stats

File Path                              PID    Runtime      # DAGs    # Errors  Last Runtime    Last Run               Last # of DB Queries
-------------------------------------  -----  ---------  --------  ----------  --------------  -------------------  ----------------------
/opt/airflow/dags/job_scraping_dag.py                           1           0  0.90s           2026-03-21T17:42:15                      12
================================================================================
[2026-03-21T17:43:00.753+0000] {manager.py:997} INFO - 
================================================================================
DAG File Processing Stats

File Path                              PID    Runtime      # DAGs    # Errors  Last Runtime    Last Run               Last # of DB Queries
-------------------------------------  -----  ---------  --------  ----------  --------------  -------------------  ----------------------
/opt/airflow/dags/job_scraping_dag.py                           1           0  0.67s           2026-03-21T17:42:46                      12
================================================================================
[2026-03-21T17:43:28.759+0000] {manager.py:821} INFO - Searching for files in /opt/airflow/dags
[2026-03-21T17:43:28.781+0000] {manager.py:824} INFO - There are 1 files in /opt/airflow/dags
[2026-03-21T17:43:30.814+0000] {manager.py:997} INFO - 
================================================================================
DAG File Processing Stats

File Path                              PID    Runtime      # DAGs    # Errors  Last Runtime    Last Run               Last # of DB Queries
-------------------------------------  -----  ---------  --------  ----------  --------------  -------------------  ----------------------
/opt/airflow/dags/job_scraping_dag.py                           1           0  0.67s           2026-03-21T17:43:17                      12
================================================================================
[2026-03-21T17:44:01.634+0000] {manager.py:997} INFO - 
================================================================================
DAG File Processing Stats

File Path                              PID    Runtime      # DAGs    # Errors  Last Runtime    Last Run               Last # of DB Queries
-------------------------------------  -----  ---------  --------  ----------  --------------  -------------------  ----------------------
/opt/airflow/dags/job_scraping_dag.py                           1           0  0.64s           2026-03-21T17:43:48                      12
================================================================================
[2026-03-21T17:44:31.919+0000] {manager.py:997} INFO - 
================================================================================
DAG File Processing Stats

File Path                              PID    Runtime      # DAGs    # Errors  Last Runtime    Last Run               Last # of DB Queries
-------------------------------------  -----  ---------  --------  ----------  --------------  -------------------  ----------------------
/opt/airflow/dags/job_scraping_dag.py                           1           0  0.63s           2026-03-21T17:44:19                      12
================================================================================
[2026-03-21T17:45:02.117+0000] {manager.py:997} INFO - 
================================================================================
DAG File Processing Stats

File Path                              PID    Runtime      # DAGs    # Errors  Last Runtime    Last Run               Last # of DB Queries
-------------------------------------  -----  ---------  --------  ----------  --------------  -------------------  ----------------------
/opt/airflow/dags/job_scraping_dag.py                           1           0  1.18s           2026-03-21T17:44:50                      12
================================================================================
[2026-03-21T17:45:32.392+0000] {manager.py:997} INFO - 
================================================================================
DAG File Processing Stats

File Path                              PID    Runtime      # DAGs    # Errors  Last Runtime    Last Run               Last # of DB Queries
-------------------------------------  -----  ---------  --------  ----------  --------------  -------------------  ----------------------
/opt/airflow/dags/job_scraping_dag.py                           1           0  0.60s           2026-03-21T17:45:21                      12
================================================================================
[2026-03-21T17:46:02.643+0000] {manager.py:997} INFO - 
================================================================================
DAG File Processing Stats

File Path                              PID    Runtime      # DAGs    # Errors  Last Runtime    Last Run               Last # of DB Queries
-------------------------------------  -----  ---------  --------  ----------  --------------  -------------------  ----------------------
/opt/airflow/dags/job_scraping_dag.py                           1           0  0.67s           2026-03-21T17:45:52                      12
================================================================================
[2026-03-21T17:46:32.904+0000] {manager.py:997} INFO - 
================================================================================
DAG File Processing Stats

File Path                              PID    Runtime      # DAGs    # Errors  Last Runtime    Last Run               Last # of DB Queries
-------------------------------------  -----  ---------  --------  ----------  --------------  -------------------  ----------------------
/opt/airflow/dags/job_scraping_dag.py                           1           0  0.69s           2026-03-21T17:46:23                      12
================================================================================
[2026-03-21T17:47:03.118+0000] {manager.py:997} INFO - 
================================================================================
DAG File Processing Stats

File Path                              PID    Runtime      # DAGs    # Errors  Last Runtime    Last Run               Last # of DB Queries
-------------------------------------  -----  ---------  --------  ----------  --------------  -------------------  ----------------------
/opt/airflow/dags/job_scraping_dag.py                           1           0  0.63s           2026-03-21T17:46:54                      12
================================================================================
[2026-03-21T17:47:33.358+0000] {manager.py:997} INFO - 
================================================================================
DAG File Processing Stats

File Path                              PID    Runtime      # DAGs    # Errors  Last Runtime    Last Run               Last # of DB Queries
-------------------------------------  -----  ---------  --------  ----------  --------------  -------------------  ----------------------
/opt/airflow/dags/job_scraping_dag.py                           1           0  0.67s           2026-03-21T17:47:25                      12
================================================================================
[2026-03-21T17:48:03.607+0000] {manager.py:997} INFO - 
================================================================================
DAG File Processing Stats

File Path                              PID    Runtime      # DAGs    # Errors  Last Runtime    Last Run               Last # of DB Queries
-------------------------------------  -----  ---------  --------  ----------  --------------  -------------------  ----------------------
/opt/airflow/dags/job_scraping_dag.py                           1           0  0.67s           2026-03-21T17:47:56                      12
================================================================================
[2026-03-21T17:48:28.792+0000] {manager.py:821} INFO - Searching for files in /opt/airflow/dags
[2026-03-21T17:48:28.835+0000] {manager.py:824} INFO - There are 1 files in /opt/airflow/dags
[2026-03-21T17:48:33.884+0000] {manager.py:997} INFO - 
================================================================================
DAG File Processing Stats

File Path                              PID    Runtime      # DAGs    # Errors  Last Runtime    Last Run               Last # of DB Queries
-------------------------------------  -----  ---------  --------  ----------  --------------  -------------------  ----------------------
/opt/airflow/dags/job_scraping_dag.py                           1           0  0.66s           2026-03-21T17:48:27                      12
================================================================================
[2026-03-21T17:49:04.069+0000] {manager.py:997} INFO - 
================================================================================
DAG File Processing Stats

File Path                              PID    Runtime      # DAGs    # Errors  Last Runtime    Last Run               Last # of DB Queries
-------------------------------------  -----  ---------  --------  ----------  --------------  -------------------  ----------------------
/opt/airflow/dags/job_scraping_dag.py                           1           0  0.67s           2026-03-21T17:48:58                      12
================================================================================
[2026-03-21T17:49:34.698+0000] {manager.py:997} INFO - 
================================================================================
DAG File Processing Stats

File Path                              PID    Runtime      # DAGs    # Errors  Last Runtime    Last Run               Last # of DB Queries
-------------------------------------  -----  ---------  --------  ----------  --------------  -------------------  ----------------------
/opt/airflow/dags/job_scraping_dag.py                           1           0  0.67s           2026-03-21T17:49:28                      12
================================================================================
[2026-03-21T17:50:04.949+0000] {manager.py:997} INFO - 
================================================================================
DAG File Processing Stats

File Path                              PID    Runtime      # DAGs    # Errors  Last Runtime    Last Run               Last # of DB Queries
-------------------------------------  -----  ---------  --------  ----------  --------------  -------------------  ----------------------
/opt/airflow/dags/job_scraping_dag.py                           1           0  0.75s           2026-03-21T17:50:00                      12
================================================================================
[2026-03-21T17:50:35.279+0000] {manager.py:997} INFO - 
================================================================================
DAG File Processing Stats

File Path                              PID    Runtime      # DAGs    # Errors  Last Runtime    Last Run               Last # of DB Queries
-------------------------------------  -----  ---------  --------  ----------  --------------  -------------------  ----------------------
/opt/airflow/dags/job_scraping_dag.py                           1           0  0.71s           2026-03-21T17:50:30                      12
================================================================================
[2026-03-21T17:51:05.534+0000] {manager.py:997} INFO - 
================================================================================
DAG File Processing Stats

File Path                              PID    Runtime      # DAGs    # Errors  Last Runtime    Last Run               Last # of DB Queries
-------------------------------------  -----  ---------  --------  ----------  --------------  -------------------  ----------------------
/opt/airflow/dags/job_scraping_dag.py                           1           0  0.67s           2026-03-21T17:51:01                      12
================================================================================
[2026-03-21T17:51:36.050+0000] {manager.py:997} INFO - 
================================================================================
DAG File Processing Stats

File Path                              PID    Runtime      # DAGs    # Errors  Last Runtime    Last Run               Last # of DB Queries
-------------------------------------  -----  ---------  --------  ----------  --------------  -------------------  ----------------------
/opt/airflow/dags/job_scraping_dag.py                           1           0  0.66s           2026-03-21T17:51:32                      12
================================================================================
[2026-03-21T17:52:06.351+0000] {manager.py:997} INFO - 
================================================================================
DAG File Processing Stats

File Path                              PID    Runtime      # DAGs    # Errors  Last Runtime    Last Run               Last # of DB Queries
-------------------------------------  -----  ---------  --------  ----------  --------------  -------------------  ----------------------
/opt/airflow/dags/job_scraping_dag.py                           1           0  0.65s           2026-03-21T17:52:03                      12
================================================================================
[2026-03-21T17:52:36.652+0000] {manager.py:997} INFO - 
================================================================================
DAG File Processing Stats

File Path                              PID    Runtime      # DAGs    # Errors  Last Runtime    Last Run               Last # of DB Queries
-------------------------------------  -----  ---------  --------  ----------  --------------  -------------------  ----------------------
/opt/airflow/dags/job_scraping_dag.py                           1           0  0.70s           2026-03-21T17:52:34                      12
================================================================================
[2026-03-21T17:53:06.921+0000] {manager.py:997} INFO - 
================================================================================
DAG File Processing Stats

File Path                              PID    Runtime      # DAGs    # Errors  Last Runtime    Last Run               Last # of DB Queries
-------------------------------------  -----  ---------  --------  ----------  --------------  -------------------  ----------------------
/opt/airflow/dags/job_scraping_dag.py                           1           0  0.64s           2026-03-21T17:53:05                      12
================================================================================
[2026-03-21T17:53:29.102+0000] {manager.py:821} INFO - Searching for files in /opt/airflow/dags
[2026-03-21T17:53:29.133+0000] {manager.py:824} INFO - There are 1 files in /opt/airflow/dags
[2026-03-21T17:53:37.181+0000] {manager.py:997} INFO - 
================================================================================
DAG File Processing Stats

File Path                              PID    Runtime      # DAGs    # Errors  Last Runtime    Last Run               Last # of DB Queries
-------------------------------------  -----  ---------  --------  ----------  --------------  -------------------  ----------------------
/opt/airflow/dags/job_scraping_dag.py                           1           0  0.72s           2026-03-21T17:53:36                      12
================================================================================
[2026-03-21T17:54:07.690+0000] {manager.py:997} INFO - 
================================================================================
DAG File Processing Stats

File Path                              PID    Runtime      # DAGs    # Errors  Last Runtime    Last Run               Last # of DB Queries
-------------------------------------  -----  ---------  --------  ----------  --------------  -------------------  ----------------------
/opt/airflow/dags/job_scraping_dag.py                           1           0  0.62s           2026-03-21T17:54:07                      12
================================================================================
[2026-03-21T17:54:37.948+0000] {manager.py:997} INFO - 
================================================================================
DAG File Processing Stats

File Path                              PID    Runtime      # DAGs    # Errors  Last Runtime    Last Run               Last # of DB Queries
-------------------------------------  -----  ---------  --------  ----------  --------------  -------------------  ----------------------
/opt/airflow/dags/job_scraping_dag.py                           1           0  0.62s           2026-03-21T17:54:37                      12
================================================================================
[2026-03-21T17:55:08.217+0000] {manager.py:997} INFO - 
================================================================================
DAG File Processing Stats

File Path                                PID  Runtime      # DAGs    # Errors  Last Runtime    Last Run               Last # of DB Queries
-------------------------------------  -----  ---------  --------  ----------  --------------  -------------------  ----------------------
/opt/airflow/dags/job_scraping_dag.py   1712  0.01s             1           0  0.62s           2026-03-21T17:54:37                      12
================================================================================
[2026-03-21T17:55:38.470+0000] {manager.py:997} INFO - 
================================================================================
DAG File Processing Stats

File Path                              PID    Runtime      # DAGs    # Errors  Last Runtime    Last Run               Last # of DB Queries
-------------------------------------  -----  ---------  --------  ----------  --------------  -------------------  ----------------------
/opt/airflow/dags/job_scraping_dag.py                           1           0  1.25s           2026-03-21T17:55:09                      12
================================================================================
[2026-03-21T17:56:08.928+0000] {manager.py:997} INFO - 
================================================================================
DAG File Processing Stats

File Path                              PID    Runtime      # DAGs    # Errors  Last Runtime    Last Run               Last # of DB Queries
-------------------------------------  -----  ---------  --------  ----------  --------------  -------------------  ----------------------
/opt/airflow/dags/job_scraping_dag.py                           1           0  0.70s           2026-03-21T17:55:40                      12
================================================================================
[2026-03-21T17:56:39.131+0000] {manager.py:997} INFO - 
================================================================================
DAG File Processing Stats

File Path                              PID    Runtime      # DAGs    # Errors  Last Runtime    Last Run               Last # of DB Queries
-------------------------------------  -----  ---------  --------  ----------  --------------  -------------------  ----------------------
/opt/airflow/dags/job_scraping_dag.py                           1           0  0.73s           2026-03-21T17:56:11                      12
================================================================================
[2026-03-21T17:57:09.335+0000] {manager.py:997} INFO - 
================================================================================
DAG File Processing Stats

File Path                              PID    Runtime      # DAGs    # Errors  Last Runtime    Last Run               Last # of DB Queries
-------------------------------------  -----  ---------  --------  ----------  --------------  -------------------  ----------------------
/opt/airflow/dags/job_scraping_dag.py                           1           0  0.62s           2026-03-21T17:56:42                      12
================================================================================
[2026-03-21T17:57:39.985+0000] {manager.py:997} INFO - 
================================================================================
DAG File Processing Stats

File Path                              PID    Runtime      # DAGs    # Errors  Last Runtime    Last Run               Last # of DB Queries
-------------------------------------  -----  ---------  --------  ----------  --------------  -------------------  ----------------------
/opt/airflow/dags/job_scraping_dag.py                           1           0  0.61s           2026-03-21T17:57:12                      12
================================================================================
[2026-03-21T17:58:10.485+0000] {manager.py:997} INFO - 
================================================================================
DAG File Processing Stats

File Path                              PID    Runtime      # DAGs    # Errors  Last Runtime    Last Run               Last # of DB Queries
-------------------------------------  -----  ---------  --------  ----------  --------------  -------------------  ----------------------
/opt/airflow/dags/job_scraping_dag.py                           1           0  0.64s           2026-03-21T17:57:43                      12
================================================================================
[2026-03-21T17:58:29.640+0000] {manager.py:821} INFO - Searching for files in /opt/airflow/dags
[2026-03-21T17:58:29.672+0000] {manager.py:824} INFO - There are 1 files in /opt/airflow/dags
[2026-03-21T17:58:40.774+0000] {manager.py:997} INFO - 
================================================================================
DAG File Processing Stats

File Path                              PID    Runtime      # DAGs    # Errors  Last Runtime    Last Run               Last # of DB Queries
-------------------------------------  -----  ---------  --------  ----------  --------------  -------------------  ----------------------
/opt/airflow/dags/job_scraping_dag.py                           1           0  0.62s           2026-03-21T17:58:14                      12
================================================================================
[2026-03-21T17:59:11.272+0000] {manager.py:997} INFO - 
================================================================================
DAG File Processing Stats

File Path                              PID    Runtime      # DAGs    # Errors  Last Runtime    Last Run               Last # of DB Queries
-------------------------------------  -----  ---------  --------  ----------  --------------  -------------------  ----------------------
/opt/airflow/dags/job_scraping_dag.py                           1           0  0.70s           2026-03-21T17:58:45                      12
================================================================================
[2026-03-21T17:59:41.501+0000] {manager.py:997} INFO - 
================================================================================
DAG File Processing Stats

File Path                              PID    Runtime      # DAGs    # Errors  Last Runtime    Last Run               Last # of DB Queries
-------------------------------------  -----  ---------  --------  ----------  --------------  -------------------  ----------------------
/opt/airflow/dags/job_scraping_dag.py                           1           0  0.75s           2026-03-21T17:59:16                      12
================================================================================
[2026-03-21T18:00:11.665+0000] {manager.py:997} INFO - 
================================================================================
DAG File Processing Stats

File Path                              PID    Runtime      # DAGs    # Errors  Last Runtime    Last Run               Last # of DB Queries
-------------------------------------  -----  ---------  --------  ----------  --------------  -------------------  ----------------------
/opt/airflow/dags/job_scraping_dag.py                           1           0  0.65s           2026-03-21T17:59:47                      12
================================================================================
[2026-03-21T18:00:41.706+0000] {manager.py:997} INFO - 
================================================================================
DAG File Processing Stats

File Path                              PID    Runtime      # DAGs    # Errors  Last Runtime    Last Run               Last # of DB Queries
-------------------------------------  -----  ---------  --------  ----------  --------------  -------------------  ----------------------
/opt/airflow/dags/job_scraping_dag.py                           1           0  0.74s           2026-03-21T18:00:18                      12
================================================================================
[2026-03-21T18:01:12.521+0000] {manager.py:997} INFO - 
================================================================================
DAG File Processing Stats

File Path                              PID    Runtime      # DAGs    # Errors  Last Runtime    Last Run               Last # of DB Queries
-------------------------------------  -----  ---------  --------  ----------  --------------  -------------------  ----------------------
/opt/airflow/dags/job_scraping_dag.py                           1           0  0.64s           2026-03-21T18:00:49                      12
================================================================================
[2026-03-21T18:01:42.830+0000] {manager.py:997} INFO - 
================================================================================
DAG File Processing Stats

File Path                              PID    Runtime      # DAGs    # Errors  Last Runtime    Last Run               Last # of DB Queries
-------------------------------------  -----  ---------  --------  ----------  --------------  -------------------  ----------------------
/opt/airflow/dags/job_scraping_dag.py                           1           0  0.73s           2026-03-21T18:01:20                      12
================================================================================
[2026-03-21T18:02:13.049+0000] {manager.py:997} INFO - 
================================================================================
DAG File Processing Stats

File Path                              PID    Runtime      # DAGs    # Errors  Last Runtime    Last Run               Last # of DB Queries
-------------------------------------  -----  ---------  --------  ----------  --------------  -------------------  ----------------------
/opt/airflow/dags/job_scraping_dag.py                           1           0  0.71s           2026-03-21T18:01:51                      12
================================================================================
[2026-03-21T18:02:43.251+0000] {manager.py:997} INFO - 
================================================================================
DAG File Processing Stats

File Path                              PID    Runtime      # DAGs    # Errors  Last Runtime    Last Run               Last # of DB Queries
-------------------------------------  -----  ---------  --------  ----------  --------------  -------------------  ----------------------
/opt/airflow/dags/job_scraping_dag.py                           1           0  0.78s           2026-03-21T18:02:22                      12
================================================================================
[2026-03-21T18:03:13.456+0000] {manager.py:997} INFO - 
================================================================================
DAG File Processing Stats

File Path                              PID    Runtime      # DAGs    # Errors  Last Runtime    Last Run               Last # of DB Queries
-------------------------------------  -----  ---------  --------  ----------  --------------  -------------------  ----------------------
/opt/airflow/dags/job_scraping_dag.py                           1           0  0.65s           2026-03-21T18:02:53                      12
================================================================================
[2026-03-21T18:03:29.897+0000] {manager.py:821} INFO - Searching for files in /opt/airflow/dags
[2026-03-21T18:03:29.910+0000] {manager.py:824} INFO - There are 1 files in /opt/airflow/dags
[2026-03-21T18:03:44.023+0000] {manager.py:997} INFO - 
================================================================================
DAG File Processing Stats

File Path                              PID    Runtime      # DAGs    # Errors  Last Runtime    Last Run               Last # of DB Queries
-------------------------------------  -----  ---------  --------  ----------  --------------  -------------------  ----------------------
/opt/airflow/dags/job_scraping_dag.py                           1           0  0.66s           2026-03-21T18:03:24                      12
================================================================================
[2026-03-21T18:04:14.267+0000] {manager.py:997} INFO - 
================================================================================
DAG File Processing Stats

File Path                              PID    Runtime      # DAGs    # Errors  Last Runtime    Last Run               Last # of DB Queries
-------------------------------------  -----  ---------  --------  ----------  --------------  -------------------  ----------------------
/opt/airflow/dags/job_scraping_dag.py                           1           0  0.69s           2026-03-21T18:03:55                      12
================================================================================
[2026-03-21T18:04:44.533+0000] {manager.py:997} INFO - 
================================================================================
DAG File Processing Stats

File Path                              PID    Runtime      # DAGs    # Errors  Last Runtime    Last Run               Last # of DB Queries
-------------------------------------  -----  ---------  --------  ----------  --------------  -------------------  ----------------------
/opt/airflow/dags/job_scraping_dag.py                           1           0  0.63s           2026-03-21T18:04:26                      12
================================================================================
[2026-03-21T18:05:14.811+0000] {manager.py:997} INFO - 
================================================================================
DAG File Processing Stats

File Path                              PID    Runtime      # DAGs    # Errors  Last Runtime    Last Run               Last # of DB Queries
-------------------------------------  -----  ---------  --------  ----------  --------------  -------------------  ----------------------
/opt/airflow/dags/job_scraping_dag.py                           1           0  0.67s           2026-03-21T18:04:56                      12
================================================================================
[2026-03-21T18:05:44.974+0000] {manager.py:997} INFO - 
================================================================================
DAG File Processing Stats

File Path                              PID    Runtime      # DAGs    # Errors  Last Runtime    Last Run               Last # of DB Queries
-------------------------------------  -----  ---------  --------  ----------  --------------  -------------------  ----------------------
/opt/airflow/dags/job_scraping_dag.py                           1           0  0.63s           2026-03-21T18:05:27                      12
================================================================================
[2026-03-21T18:06:15.661+0000] {manager.py:997} INFO - 
================================================================================
DAG File Processing Stats

File Path                              PID    Runtime      # DAGs    # Errors  Last Runtime    Last Run               Last # of DB Queries
-------------------------------------  -----  ---------  --------  ----------  --------------  -------------------  ----------------------
/opt/airflow/dags/job_scraping_dag.py                           1           0  0.65s           2026-03-21T18:05:58                      12
================================================================================
[2026-03-21T18:06:45.663+0000] {manager.py:997} INFO - 
================================================================================
DAG File Processing Stats

File Path                              PID    Runtime      # DAGs    # Errors  Last Runtime    Last Run               Last # of DB Queries
-------------------------------------  -----  ---------  --------  ----------  --------------  -------------------  ----------------------
/opt/airflow/dags/job_scraping_dag.py                           1           0  0.70s           2026-03-21T18:06:29                      12
================================================================================
[2026-03-21T18:07:16.355+0000] {manager.py:997} INFO - 
================================================================================
DAG File Processing Stats

File Path                              PID    Runtime      # DAGs    # Errors  Last Runtime    Last Run               Last # of DB Queries
-------------------------------------  -----  ---------  --------  ----------  --------------  -------------------  ----------------------
/opt/airflow/dags/job_scraping_dag.py                           1           0  0.64s           2026-03-21T18:07:00                      12
================================================================================
[2026-03-21T18:07:46.592+0000] {manager.py:997} INFO - 
================================================================================
DAG File Processing Stats

File Path                              PID    Runtime      # DAGs    # Errors  Last Runtime    Last Run               Last # of DB Queries
-------------------------------------  -----  ---------  --------  ----------  --------------  -------------------  ----------------------
/opt/airflow/dags/job_scraping_dag.py                           1           0  1.24s           2026-03-21T18:07:31                      12
================================================================================
[2026-03-21T18:08:16.747+0000] {manager.py:997} INFO - 
================================================================================
DAG File Processing Stats

File Path                              PID    Runtime      # DAGs    # Errors  Last Runtime    Last Run               Last # of DB Queries
-------------------------------------  -----  ---------  --------  ----------  --------------  -------------------  ----------------------
/opt/airflow/dags/job_scraping_dag.py                           1           0  0.63s           2026-03-21T18:08:02                      12
================================================================================
[2026-03-21T18:08:30.258+0000] {manager.py:821} INFO - Searching for files in /opt/airflow/dags
[2026-03-21T18:08:30.283+0000] {manager.py:824} INFO - There are 1 files in /opt/airflow/dags
[2026-03-21T18:08:47.414+0000] {manager.py:997} INFO - 
================================================================================
DAG File Processing Stats

File Path                              PID    Runtime      # DAGs    # Errors  Last Runtime    Last Run               Last # of DB Queries
-------------------------------------  -----  ---------  --------  ----------  --------------  -------------------  ----------------------
/opt/airflow/dags/job_scraping_dag.py                           1           0  0.65s           2026-03-21T18:08:33                      12
================================================================================
[2026-03-21T18:09:17.907+0000] {manager.py:997} INFO - 
================================================================================
DAG File Processing Stats

File Path                              PID    Runtime      # DAGs    # Errors  Last Runtime    Last Run               Last # of DB Queries
-------------------------------------  -----  ---------  --------  ----------  --------------  -------------------  ----------------------
/opt/airflow/dags/job_scraping_dag.py                           1           0  0.63s           2026-03-21T18:09:04                      12
================================================================================
[2026-03-21T18:09:48.167+0000] {manager.py:997} INFO - 
================================================================================
DAG File Processing Stats

File Path                              PID    Runtime      # DAGs    # Errors  Last Runtime    Last Run               Last # of DB Queries
-------------------------------------  -----  ---------  --------  ----------  --------------  -------------------  ----------------------
/opt/airflow/dags/job_scraping_dag.py                           1           0  0.63s           2026-03-21T18:09:35                      12
================================================================================
[2026-03-21T18:10:18.756+0000] {manager.py:997} INFO - 
================================================================================
DAG File Processing Stats

File Path                              PID    Runtime      # DAGs    # Errors  Last Runtime    Last Run               Last # of DB Queries
-------------------------------------  -----  ---------  --------  ----------  --------------  -------------------  ----------------------
/opt/airflow/dags/job_scraping_dag.py                           1           0  0.65s           2026-03-21T18:10:06                      12
================================================================================
[2026-03-21T18:10:48.969+0000] {manager.py:997} INFO - 
================================================================================
DAG File Processing Stats

File Path                              PID    Runtime      # DAGs    # Errors  Last Runtime    Last Run               Last # of DB Queries
-------------------------------------  -----  ---------  --------  ----------  --------------  -------------------  ----------------------
/opt/airflow/dags/job_scraping_dag.py                           1           0  0.72s           2026-03-21T18:10:36                      12
================================================================================
[2026-03-21T18:11:19.235+0000] {manager.py:997} INFO - 
================================================================================
DAG File Processing Stats

File Path                              PID    Runtime      # DAGs    # Errors  Last Runtime    Last Run               Last # of DB Queries
-------------------------------------  -----  ---------  --------  ----------  --------------  -------------------  ----------------------
/opt/airflow/dags/job_scraping_dag.py                           1           0  0.66s           2026-03-21T18:11:07                      12
================================================================================
[2026-03-21T18:11:49.252+0000] {manager.py:997} INFO - 
================================================================================
DAG File Processing Stats

File Path                              PID    Runtime      # DAGs    # Errors  Last Runtime    Last Run               Last # of DB Queries
-------------------------------------  -----  ---------  --------  ----------  --------------  -------------------  ----------------------
/opt/airflow/dags/job_scraping_dag.py                           1           0  1.08s           2026-03-21T18:11:39                      12
================================================================================
[2026-03-21T18:12:19.546+0000] {manager.py:997} INFO - 
================================================================================
DAG File Processing Stats

File Path                              PID    Runtime      # DAGs    # Errors  Last Runtime    Last Run               Last # of DB Queries
-------------------------------------  -----  ---------  --------  ----------  --------------  -------------------  ----------------------
/opt/airflow/dags/job_scraping_dag.py                           1           0  0.66s           2026-03-21T18:12:10                      12
================================================================================
[2026-03-21T18:12:49.842+0000] {manager.py:997} INFO - 
================================================================================
DAG File Processing Stats

File Path                              PID    Runtime      # DAGs    # Errors  Last Runtime    Last Run               Last # of DB Queries
-------------------------------------  -----  ---------  --------  ----------  --------------  -------------------  ----------------------
/opt/airflow/dags/job_scraping_dag.py                           1           0  0.70s           2026-03-21T18:12:41                      12
================================================================================
[2026-03-21T18:13:20.030+0000] {manager.py:997} INFO - 
================================================================================
DAG File Processing Stats

File Path                              PID    Runtime      # DAGs    # Errors  Last Runtime    Last Run               Last # of DB Queries
-------------------------------------  -----  ---------  --------  ----------  --------------  -------------------  ----------------------
/opt/airflow/dags/job_scraping_dag.py                           1           0  0.67s           2026-03-21T18:13:11                      12
================================================================================
[2026-03-21T18:13:30.396+0000] {manager.py:821} INFO - Searching for files in /opt/airflow/dags
[2026-03-21T18:13:30.421+0000] {manager.py:824} INFO - There are 1 files in /opt/airflow/dags
[2026-03-21T18:13:50.575+0000] {manager.py:997} INFO - 
================================================================================
DAG File Processing Stats

File Path                              PID    Runtime      # DAGs    # Errors  Last Runtime    Last Run               Last # of DB Queries
-------------------------------------  -----  ---------  --------  ----------  --------------  -------------------  ----------------------
/opt/airflow/dags/job_scraping_dag.py                           1           0  0.64s           2026-03-21T18:13:42                      12
================================================================================
[2026-03-21T18:14:20.825+0000] {manager.py:997} INFO - 
================================================================================
DAG File Processing Stats

File Path                              PID    Runtime      # DAGs    # Errors  Last Runtime    Last Run               Last # of DB Queries
-------------------------------------  -----  ---------  --------  ----------  --------------  -------------------  ----------------------
/opt/airflow/dags/job_scraping_dag.py                           1           0  0.65s           2026-03-21T18:14:13                      12
================================================================================
[2026-03-21T18:14:51.147+0000] {manager.py:997} INFO - 
================================================================================
DAG File Processing Stats

File Path                              PID    Runtime      # DAGs    # Errors  Last Runtime    Last Run               Last # of DB Queries
-------------------------------------  -----  ---------  --------  ----------  --------------  -------------------  ----------------------
/opt/airflow/dags/job_scraping_dag.py                           1           0  0.63s           2026-03-21T18:14:44                      12
================================================================================
[2026-03-21T18:15:21.417+0000] {manager.py:997} INFO - 
================================================================================
DAG File Processing Stats

File Path                              PID    Runtime      # DAGs    # Errors  Last Runtime    Last Run               Last # of DB Queries
-------------------------------------  -----  ---------  --------  ----------  --------------  -------------------  ----------------------
/opt/airflow/dags/job_scraping_dag.py                           1           0  0.60s           2026-03-21T18:15:15                      12
================================================================================
[2026-03-21T18:15:51.549+0000] {manager.py:997} INFO - 
================================================================================
DAG File Processing Stats

File Path                              PID    Runtime      # DAGs    # Errors  Last Runtime    Last Run               Last # of DB Queries
-------------------------------------  -----  ---------  --------  ----------  --------------  -------------------  ----------------------
/opt/airflow/dags/job_scraping_dag.py                           1           0  0.62s           2026-03-21T18:15:46                      12
================================================================================
[2026-03-21T18:16:21.593+0000] {manager.py:997} INFO - 
================================================================================
DAG File Processing Stats

File Path                              PID    Runtime      # DAGs    # Errors  Last Runtime    Last Run               Last # of DB Queries
-------------------------------------  -----  ---------  --------  ----------  --------------  -------------------  ----------------------
/opt/airflow/dags/job_scraping_dag.py                           1           0  0.72s           2026-03-21T18:16:17                      12
================================================================================
[2026-03-21T21:49:54.700+0000] {manager.py:821} INFO - Searching for files in /opt/airflow/dags
[2026-03-21T21:49:55.366+0000] {manager.py:824} INFO - There are 1 files in /opt/airflow/dags
[2026-03-21T22:13:08.984+0000] {manager.py:821} INFO - Searching for files in /opt/airflow/dags
[2026-03-21T22:13:09.145+0000] {manager.py:824} INFO - There are 1 files in /opt/airflow/dags
[2026-03-21T22:13:31.032+0000] {manager.py:997} INFO - 
================================================================================
DAG File Processing Stats

File Path                              PID    Runtime      # DAGs    # Errors  Last Runtime    Last Run               Last # of DB Queries
-------------------------------------  -----  ---------  --------  ----------  --------------  -------------------  ----------------------
/opt/airflow/dags/job_scraping_dag.py                           1           0  1393.51s        2026-03-21T22:13:08                      12
================================================================================
[2026-03-21T22:14:01.776+0000] {manager.py:997} INFO - 
================================================================================
DAG File Processing Stats

File Path                              PID    Runtime      # DAGs    # Errors  Last Runtime    Last Run               Last # of DB Queries
-------------------------------------  -----  ---------  --------  ----------  --------------  -------------------  ----------------------
/opt/airflow/dags/job_scraping_dag.py                           1           0  4.32s           2026-03-21T22:13:43                      34
================================================================================
[2026-03-21T22:14:32.044+0000] {manager.py:997} INFO - 
================================================================================
DAG File Processing Stats

File Path                              PID    Runtime      # DAGs    # Errors  Last Runtime    Last Run               Last # of DB Queries
-------------------------------------  -----  ---------  --------  ----------  --------------  -------------------  ----------------------
/opt/airflow/dags/job_scraping_dag.py                           1           0  0.93s           2026-03-21T22:14:14                      12
================================================================================
[2026-03-21T22:15:02.433+0000] {manager.py:997} INFO - 
================================================================================
DAG File Processing Stats

File Path                              PID    Runtime      # DAGs    # Errors  Last Runtime    Last Run               Last # of DB Queries
-------------------------------------  -----  ---------  --------  ----------  --------------  -------------------  ----------------------
/opt/airflow/dags/job_scraping_dag.py                           1           0  0.74s           2026-03-21T22:14:45                      12
================================================================================
[2026-03-21T22:15:32.668+0000] {manager.py:997} INFO - 
================================================================================
DAG File Processing Stats

File Path                              PID    Runtime      # DAGs    # Errors  Last Runtime    Last Run               Last # of DB Queries
-------------------------------------  -----  ---------  --------  ----------  --------------  -------------------  ----------------------
/opt/airflow/dags/job_scraping_dag.py                           1           0  0.70s           2026-03-21T22:15:16                      12
================================================================================
[2026-03-21T22:16:02.946+0000] {manager.py:997} INFO - 
================================================================================
DAG File Processing Stats

File Path                              PID    Runtime      # DAGs    # Errors  Last Runtime    Last Run               Last # of DB Queries
-------------------------------------  -----  ---------  --------  ----------  --------------  -------------------  ----------------------
/opt/airflow/dags/job_scraping_dag.py                           1           0  0.69s           2026-03-21T22:15:47                      12
================================================================================
[2026-03-21T22:16:33.230+0000] {manager.py:997} INFO - 
================================================================================
DAG File Processing Stats

File Path                              PID    Runtime      # DAGs    # Errors  Last Runtime    Last Run               Last # of DB Queries
-------------------------------------  -----  ---------  --------  ----------  --------------  -------------------  ----------------------
/opt/airflow/dags/job_scraping_dag.py                           1           0  0.63s           2026-03-21T22:16:18                      12
================================================================================
[2026-03-21T22:17:03.655+0000] {manager.py:997} INFO - 
================================================================================
DAG File Processing Stats

File Path                              PID    Runtime      # DAGs    # Errors  Last Runtime    Last Run               Last # of DB Queries
-------------------------------------  -----  ---------  --------  ----------  --------------  -------------------  ----------------------
/opt/airflow/dags/job_scraping_dag.py                           1           0  0.83s           2026-03-21T22:16:49                      12
================================================================================
[2026-03-21T22:17:34.205+0000] {manager.py:997} INFO - 
================================================================================
DAG File Processing Stats

File Path                              PID    Runtime      # DAGs    # Errors  Last Runtime    Last Run               Last # of DB Queries
-------------------------------------  -----  ---------  --------  ----------  --------------  -------------------  ----------------------
/opt/airflow/dags/job_scraping_dag.py                           1           0  0.66s           2026-03-21T22:17:20                      12
================================================================================
[2026-03-21T22:18:04.443+0000] {manager.py:997} INFO - 
================================================================================
DAG File Processing Stats

File Path                              PID    Runtime      # DAGs    # Errors  Last Runtime    Last Run               Last # of DB Queries
-------------------------------------  -----  ---------  --------  ----------  --------------  -------------------  ----------------------
/opt/airflow/dags/job_scraping_dag.py                           1           0  0.65s           2026-03-21T22:17:51                      12
================================================================================
[2026-03-21T22:18:09.480+0000] {manager.py:821} INFO - Searching for files in /opt/airflow/dags
[2026-03-21T22:18:09.511+0000] {manager.py:824} INFO - There are 1 files in /opt/airflow/dags
[2026-03-21T22:18:34.454+0000] {manager.py:997} INFO - 
================================================================================
DAG File Processing Stats

File Path                              PID    Runtime      # DAGs    # Errors  Last Runtime    Last Run               Last # of DB Queries
-------------------------------------  -----  ---------  --------  ----------  --------------  -------------------  ----------------------
/opt/airflow/dags/job_scraping_dag.py                           1           0  0.72s           2026-03-21T22:18:22                      12
================================================================================
[2026-03-21T22:19:04.989+0000] {manager.py:997} INFO - 
================================================================================
DAG File Processing Stats

File Path                              PID    Runtime      # DAGs    # Errors  Last Runtime    Last Run               Last # of DB Queries
-------------------------------------  -----  ---------  --------  ----------  --------------  -------------------  ----------------------
/opt/airflow/dags/job_scraping_dag.py                           1           0  0.64s           2026-03-21T22:18:53                      12
================================================================================
[2026-03-21T22:19:35.217+0000] {manager.py:997} INFO - 
================================================================================
DAG File Processing Stats

File Path                              PID    Runtime      # DAGs    # Errors  Last Runtime    Last Run               Last # of DB Queries
-------------------------------------  -----  ---------  --------  ----------  --------------  -------------------  ----------------------
/opt/airflow/dags/job_scraping_dag.py                           1           0  0.64s           2026-03-21T22:19:24                      12
================================================================================
[2026-03-21T22:20:05.499+0000] {manager.py:997} INFO - 
================================================================================
DAG File Processing Stats

File Path                              PID    Runtime      # DAGs    # Errors  Last Runtime    Last Run               Last # of DB Queries
-------------------------------------  -----  ---------  --------  ----------  --------------  -------------------  ----------------------
/opt/airflow/dags/job_scraping_dag.py                           1           0  0.71s           2026-03-21T22:19:55                      12
================================================================================
[2026-03-21T22:20:35.734+0000] {manager.py:997} INFO - 
================================================================================
DAG File Processing Stats

File Path                              PID    Runtime      # DAGs    # Errors  Last Runtime    Last Run               Last # of DB Queries
-------------------------------------  -----  ---------  --------  ----------  --------------  -------------------  ----------------------
/opt/airflow/dags/job_scraping_dag.py                           1           0  0.70s           2026-03-21T22:20:26                      12
================================================================================
[2026-03-21T22:21:06.057+0000] {manager.py:997} INFO - 
================================================================================
DAG File Processing Stats

File Path                              PID    Runtime      # DAGs    # Errors  Last Runtime    Last Run               Last # of DB Queries
-------------------------------------  -----  ---------  --------  ----------  --------------  -------------------  ----------------------
/opt/airflow/dags/job_scraping_dag.py                           1           0  0.69s           2026-03-21T22:20:57                      12
================================================================================
[2026-03-21T22:21:36.406+0000] {manager.py:997} INFO - 
================================================================================
DAG File Processing Stats

File Path                              PID    Runtime      # DAGs    # Errors  Last Runtime    Last Run               Last # of DB Queries
-------------------------------------  -----  ---------  --------  ----------  --------------  -------------------  ----------------------
/opt/airflow/dags/job_scraping_dag.py                           1           0  0.73s           2026-03-21T22:21:27                      12
================================================================================
[2026-03-21T22:22:06.660+0000] {manager.py:997} INFO - 
================================================================================
DAG File Processing Stats

File Path                              PID    Runtime      # DAGs    # Errors  Last Runtime    Last Run               Last # of DB Queries
-------------------------------------  -----  ---------  --------  ----------  --------------  -------------------  ----------------------
/opt/airflow/dags/job_scraping_dag.py                           1           0  0.66s           2026-03-21T22:21:58                      12
================================================================================
[2026-03-21T22:22:36.880+0000] {manager.py:997} INFO - 
================================================================================
DAG File Processing Stats

File Path                              PID    Runtime      # DAGs    # Errors  Last Runtime    Last Run               Last # of DB Queries
-------------------------------------  -----  ---------  --------  ----------  --------------  -------------------  ----------------------
/opt/airflow/dags/job_scraping_dag.py                           1           0  0.86s           2026-03-21T22:22:30                      12
================================================================================
[2026-03-21T22:23:07.455+0000] {manager.py:997} INFO - 
================================================================================
DAG File Processing Stats

File Path                              PID    Runtime      # DAGs    # Errors  Last Runtime    Last Run               Last # of DB Queries
-------------------------------------  -----  ---------  --------  ----------  --------------  -------------------  ----------------------
/opt/airflow/dags/job_scraping_dag.py                           1           0  1.24s           2026-03-21T22:23:01                      12
================================================================================
[2026-03-21T22:23:09.681+0000] {manager.py:821} INFO - Searching for files in /opt/airflow/dags
[2026-03-21T22:23:09.755+0000] {manager.py:824} INFO - There are 1 files in /opt/airflow/dags
[2026-03-21T22:23:37.787+0000] {manager.py:997} INFO - 
================================================================================
DAG File Processing Stats

File Path                              PID    Runtime      # DAGs    # Errors  Last Runtime    Last Run               Last # of DB Queries
-------------------------------------  -----  ---------  --------  ----------  --------------  -------------------  ----------------------
/opt/airflow/dags/job_scraping_dag.py                           1           0  1.24s           2026-03-21T22:23:32                      12
================================================================================
[2026-03-21T22:24:08.352+0000] {manager.py:997} INFO - 
================================================================================
DAG File Processing Stats

File Path                              PID    Runtime      # DAGs    # Errors  Last Runtime    Last Run               Last # of DB Queries
-------------------------------------  -----  ---------  --------  ----------  --------------  -------------------  ----------------------
/opt/airflow/dags/job_scraping_dag.py                           1           0  1.24s           2026-03-21T22:24:04                      12
================================================================================
[2026-03-21T22:24:38.411+0000] {manager.py:997} INFO - 
================================================================================
DAG File Processing Stats

File Path                              PID    Runtime      # DAGs    # Errors  Last Runtime    Last Run               Last # of DB Queries
-------------------------------------  -----  ---------  --------  ----------  --------------  -------------------  ----------------------
/opt/airflow/dags/job_scraping_dag.py                           1           0  0.72s           2026-03-21T22:24:35                      12
================================================================================
[2026-03-21T22:25:08.461+0000] {manager.py:997} INFO - 
================================================================================
DAG File Processing Stats

File Path                              PID    Runtime      # DAGs    # Errors  Last Runtime    Last Run               Last # of DB Queries
-------------------------------------  -----  ---------  --------  ----------  --------------  -------------------  ----------------------
/opt/airflow/dags/job_scraping_dag.py                           1           0  0.77s           2026-03-21T22:25:06                      12
================================================================================
[2026-03-21T22:25:39.212+0000] {manager.py:997} INFO - 
================================================================================
DAG File Processing Stats

File Path                              PID    Runtime      # DAGs    # Errors  Last Runtime    Last Run               Last # of DB Queries
-------------------------------------  -----  ---------  --------  ----------  --------------  -------------------  ----------------------
/opt/airflow/dags/job_scraping_dag.py                           1           0  0.64s           2026-03-21T22:25:37                      12
================================================================================
[2026-03-21T22:26:09.388+0000] {manager.py:997} INFO - 
================================================================================
DAG File Processing Stats

File Path                              PID    Runtime      # DAGs    # Errors  Last Runtime    Last Run               Last # of DB Queries
-------------------------------------  -----  ---------  --------  ----------  --------------  -------------------  ----------------------
/opt/airflow/dags/job_scraping_dag.py                           1           0  0.90s           2026-03-21T22:26:08                      12
================================================================================
[2026-03-21T22:26:39.874+0000] {manager.py:997} INFO - 
================================================================================
DAG File Processing Stats

File Path                              PID    Runtime      # DAGs    # Errors  Last Runtime    Last Run               Last # of DB Queries
-------------------------------------  -----  ---------  --------  ----------  --------------  -------------------  ----------------------
/opt/airflow/dags/job_scraping_dag.py                           1           0  0.63s           2026-03-21T22:26:39                      12
================================================================================
[2026-03-21T22:27:10.162+0000] {manager.py:997} INFO - 
================================================================================
DAG File Processing Stats

File Path                                PID  Runtime      # DAGs    # Errors  Last Runtime    Last Run               Last # of DB Queries
-------------------------------------  -----  ---------  --------  ----------  --------------  -------------------  ----------------------
/opt/airflow/dags/job_scraping_dag.py   2126  0.62s             1           0  0.63s           2026-03-21T22:26:39                      12
================================================================================
[2026-03-21T22:27:40.464+0000] {manager.py:997} INFO - 
================================================================================
DAG File Processing Stats

File Path                                PID  Runtime      # DAGs    # Errors  Last Runtime    Last Run               Last # of DB Queries
-------------------------------------  -----  ---------  --------  ----------  --------------  -------------------  ----------------------
/opt/airflow/dags/job_scraping_dag.py   2132  0.00s             1           0  0.81s           2026-03-21T22:27:10                      12
================================================================================
[2026-03-21T22:28:09.748+0000] {manager.py:821} INFO - Searching for files in /opt/airflow/dags
[2026-03-21T22:28:09.795+0000] {manager.py:824} INFO - There are 1 files in /opt/airflow/dags
[2026-03-21T22:28:10.829+0000] {manager.py:997} INFO - 
================================================================================
DAG File Processing Stats

File Path                              PID    Runtime      # DAGs    # Errors  Last Runtime    Last Run               Last # of DB Queries
-------------------------------------  -----  ---------  --------  ----------  --------------  -------------------  ----------------------
/opt/airflow/dags/job_scraping_dag.py                           1           0  0.64s           2026-03-21T22:27:41                      12
================================================================================
[2026-03-21T22:28:41.113+0000] {manager.py:997} INFO - 
================================================================================
DAG File Processing Stats

File Path                              PID    Runtime      # DAGs    # Errors  Last Runtime    Last Run               Last # of DB Queries
-------------------------------------  -----  ---------  --------  ----------  --------------  -------------------  ----------------------
/opt/airflow/dags/job_scraping_dag.py                           1           0  0.64s           2026-03-21T22:28:12                      12
================================================================================
[2026-03-21T22:29:11.380+0000] {manager.py:997} INFO - 
================================================================================
DAG File Processing Stats

File Path                              PID    Runtime      # DAGs    # Errors  Last Runtime    Last Run               Last # of DB Queries
-------------------------------------  -----  ---------  --------  ----------  --------------  -------------------  ----------------------
/opt/airflow/dags/job_scraping_dag.py                           1           0  0.98s           2026-03-21T22:28:43                      12
================================================================================
[2026-03-21T22:29:41.817+0000] {manager.py:997} INFO - 
================================================================================
DAG File Processing Stats

File Path                              PID    Runtime      # DAGs    # Errors  Last Runtime    Last Run               Last # of DB Queries
-------------------------------------  -----  ---------  --------  ----------  --------------  -------------------  ----------------------
/opt/airflow/dags/job_scraping_dag.py                           1           0  0.66s           2026-03-21T22:29:14                      12
================================================================================
[2026-03-21T22:30:12.064+0000] {manager.py:997} INFO - 
================================================================================
DAG File Processing Stats

File Path                              PID    Runtime      # DAGs    # Errors  Last Runtime    Last Run               Last # of DB Queries
-------------------------------------  -----  ---------  --------  ----------  --------------  -------------------  ----------------------
/opt/airflow/dags/job_scraping_dag.py                           1           0  0.72s           2026-03-21T22:29:45                      12
================================================================================
[2026-03-21T22:30:42.548+0000] {manager.py:997} INFO - 
================================================================================
DAG File Processing Stats

File Path                              PID    Runtime      # DAGs    # Errors  Last Runtime    Last Run               Last # of DB Queries
-------------------------------------  -----  ---------  --------  ----------  --------------  -------------------  ----------------------
/opt/airflow/dags/job_scraping_dag.py                           1           0  0.66s           2026-03-21T22:30:15                      12
================================================================================
[2026-03-21T22:31:12.868+0000] {manager.py:997} INFO - 
================================================================================
DAG File Processing Stats

File Path                              PID    Runtime      # DAGs    # Errors  Last Runtime    Last Run               Last # of DB Queries
-------------------------------------  -----  ---------  --------  ----------  --------------  -------------------  ----------------------
/opt/airflow/dags/job_scraping_dag.py                           1           0  0.64s           2026-03-21T22:30:46                      12
================================================================================
[2026-03-21T22:31:43.151+0000] {manager.py:997} INFO - 
================================================================================
DAG File Processing Stats

File Path                              PID    Runtime      # DAGs    # Errors  Last Runtime    Last Run               Last # of DB Queries
-------------------------------------  -----  ---------  --------  ----------  --------------  -------------------  ----------------------
/opt/airflow/dags/job_scraping_dag.py                           1           0  0.63s           2026-03-21T22:31:17                      12
================================================================================
[2026-03-21T22:32:13.369+0000] {manager.py:997} INFO - 
================================================================================
DAG File Processing Stats

File Path                              PID    Runtime      # DAGs    # Errors  Last Runtime    Last Run               Last # of DB Queries
-------------------------------------  -----  ---------  --------  ----------  --------------  -------------------  ----------------------
/opt/airflow/dags/job_scraping_dag.py                           1           0  0.63s           2026-03-21T22:31:48                      12
================================================================================
[2026-03-21T22:32:43.592+0000] {manager.py:997} INFO - 
================================================================================
DAG File Processing Stats

File Path                              PID    Runtime      # DAGs    # Errors  Last Runtime    Last Run               Last # of DB Queries
-------------------------------------  -----  ---------  --------  ----------  --------------  -------------------  ----------------------
/opt/airflow/dags/job_scraping_dag.py                           1           0  0.65s           2026-03-21T22:32:19                      12
================================================================================
[2026-03-21T22:33:10.096+0000] {manager.py:821} INFO - Searching for files in /opt/airflow/dags
[2026-03-21T22:33:10.145+0000] {manager.py:824} INFO - There are 1 files in /opt/airflow/dags
[2026-03-21T22:33:13.764+0000] {manager.py:997} INFO - 
================================================================================
DAG File Processing Stats

File Path                              PID    Runtime      # DAGs    # Errors  Last Runtime    Last Run               Last # of DB Queries
-------------------------------------  -----  ---------  --------  ----------  --------------  -------------------  ----------------------
/opt/airflow/dags/job_scraping_dag.py                           1           0  0.91s           2026-03-21T22:32:50                      12
================================================================================
[2026-03-21T22:33:43.793+0000] {manager.py:997} INFO - 
================================================================================
DAG File Processing Stats

File Path                              PID    Runtime      # DAGs    # Errors  Last Runtime    Last Run               Last # of DB Queries
-------------------------------------  -----  ---------  --------  ----------  --------------  -------------------  ----------------------
/opt/airflow/dags/job_scraping_dag.py                           1           0  0.72s           2026-03-21T22:33:21                      12
================================================================================
[2026-03-21T22:34:14.687+0000] {manager.py:997} INFO - 
================================================================================
DAG File Processing Stats

File Path                              PID    Runtime      # DAGs    # Errors  Last Runtime    Last Run               Last # of DB Queries
-------------------------------------  -----  ---------  --------  ----------  --------------  -------------------  ----------------------
/opt/airflow/dags/job_scraping_dag.py                           1           0  0.67s           2026-03-21T22:33:52                      12
================================================================================
[2026-03-21T22:34:44.694+0000] {manager.py:997} INFO - 
================================================================================
DAG File Processing Stats

File Path                              PID    Runtime      # DAGs    # Errors  Last Runtime    Last Run               Last # of DB Queries
-------------------------------------  -----  ---------  --------  ----------  --------------  -------------------  ----------------------
/opt/airflow/dags/job_scraping_dag.py                           1           0  0.72s           2026-03-21T22:34:23                      12
================================================================================
[2026-03-21T22:35:15.173+0000] {manager.py:997} INFO - 
================================================================================
DAG File Processing Stats

File Path                              PID    Runtime      # DAGs    # Errors  Last Runtime    Last Run               Last # of DB Queries
-------------------------------------  -----  ---------  --------  ----------  --------------  -------------------  ----------------------
/opt/airflow/dags/job_scraping_dag.py                           1           0  0.65s           2026-03-21T22:34:54                      12
================================================================================
[2026-03-21T22:35:45.447+0000] {manager.py:997} INFO - 
================================================================================
DAG File Processing Stats

File Path                              PID    Runtime      # DAGs    # Errors  Last Runtime    Last Run               Last # of DB Queries
-------------------------------------  -----  ---------  --------  ----------  --------------  -------------------  ----------------------
/opt/airflow/dags/job_scraping_dag.py                           1           0  0.72s           2026-03-21T22:35:25                      12
================================================================================
[2026-03-21T22:36:15.884+0000] {manager.py:997} INFO - 
================================================================================
DAG File Processing Stats

File Path                              PID    Runtime      # DAGs    # Errors  Last Runtime    Last Run               Last # of DB Queries
-------------------------------------  -----  ---------  --------  ----------  --------------  -------------------  ----------------------
/opt/airflow/dags/job_scraping_dag.py                           1           0  0.64s           2026-03-21T22:35:56                      12
================================================================================
[2026-03-21T22:36:46.068+0000] {manager.py:997} INFO - 
================================================================================
DAG File Processing Stats

File Path                              PID    Runtime      # DAGs    # Errors  Last Runtime    Last Run               Last # of DB Queries
-------------------------------------  -----  ---------  --------  ----------  --------------  -------------------  ----------------------
/opt/airflow/dags/job_scraping_dag.py                           1           0  1.04s           2026-03-21T22:36:27                      12
================================================================================
[2026-03-21T22:37:16.364+0000] {manager.py:997} INFO - 
================================================================================
DAG File Processing Stats

File Path                              PID    Runtime      # DAGs    # Errors  Last Runtime    Last Run               Last # of DB Queries
-------------------------------------  -----  ---------  --------  ----------  --------------  -------------------  ----------------------
/opt/airflow/dags/job_scraping_dag.py                           1           0  0.61s           2026-03-21T22:36:58                      12
================================================================================
[2026-03-21T22:37:46.621+0000] {manager.py:997} INFO - 
================================================================================
DAG File Processing Stats

File Path                              PID    Runtime      # DAGs    # Errors  Last Runtime    Last Run               Last # of DB Queries
-------------------------------------  -----  ---------  --------  ----------  --------------  -------------------  ----------------------
/opt/airflow/dags/job_scraping_dag.py                           1           0  0.62s           2026-03-21T22:37:29                      12
================================================================================
[2026-03-21T22:38:10.679+0000] {manager.py:821} INFO - Searching for files in /opt/airflow/dags
[2026-03-21T22:38:10.695+0000] {manager.py:824} INFO - There are 1 files in /opt/airflow/dags
[2026-03-21T22:38:16.756+0000] {manager.py:997} INFO - 
================================================================================
DAG File Processing Stats

File Path                              PID    Runtime      # DAGs    # Errors  Last Runtime    Last Run               Last # of DB Queries
-------------------------------------  -----  ---------  --------  ----------  --------------  -------------------  ----------------------
/opt/airflow/dags/job_scraping_dag.py                           1           0  0.86s           2026-03-21T22:38:00                      12
================================================================================
[2026-03-21T22:38:47.373+0000] {manager.py:997} INFO - 
================================================================================
DAG File Processing Stats

File Path                              PID    Runtime      # DAGs    # Errors  Last Runtime    Last Run               Last # of DB Queries
-------------------------------------  -----  ---------  --------  ----------  --------------  -------------------  ----------------------
/opt/airflow/dags/job_scraping_dag.py                           1           0  0.67s           2026-03-21T22:38:31                      12
================================================================================
[2026-03-21T22:39:17.628+0000] {manager.py:997} INFO - 
================================================================================
DAG File Processing Stats

File Path                              PID    Runtime      # DAGs    # Errors  Last Runtime    Last Run               Last # of DB Queries
-------------------------------------  -----  ---------  --------  ----------  --------------  -------------------  ----------------------
/opt/airflow/dags/job_scraping_dag.py                           1           0  0.70s           2026-03-21T22:39:02                      12
================================================================================
[2026-03-21T22:39:48.120+0000] {manager.py:997} INFO - 
================================================================================
DAG File Processing Stats

File Path                              PID    Runtime      # DAGs    # Errors  Last Runtime    Last Run               Last # of DB Queries
-------------------------------------  -----  ---------  --------  ----------  --------------  -------------------  ----------------------
/opt/airflow/dags/job_scraping_dag.py                           1           0  0.69s           2026-03-21T22:39:33                      12
================================================================================
[2026-03-21T22:40:18.341+0000] {manager.py:997} INFO - 
================================================================================
DAG File Processing Stats

File Path                              PID    Runtime      # DAGs    # Errors  Last Runtime    Last Run               Last # of DB Queries
-------------------------------------  -----  ---------  --------  ----------  --------------  -------------------  ----------------------
/opt/airflow/dags/job_scraping_dag.py                           1           0  0.82s           2026-03-21T22:40:04                      12
================================================================================
[2026-03-21T22:40:48.545+0000] {manager.py:997} INFO - 
================================================================================
DAG File Processing Stats

File Path                              PID    Runtime      # DAGs    # Errors  Last Runtime    Last Run               Last # of DB Queries
-------------------------------------  -----  ---------  --------  ----------  --------------  -------------------  ----------------------
/opt/airflow/dags/job_scraping_dag.py                           1           0  0.64s           2026-03-21T22:40:35                      12
================================================================================
[2026-03-21T22:41:19.155+0000] {manager.py:997} INFO - 
================================================================================
DAG File Processing Stats

File Path                              PID    Runtime      # DAGs    # Errors  Last Runtime    Last Run               Last # of DB Queries
-------------------------------------  -----  ---------  --------  ----------  --------------  -------------------  ----------------------
/opt/airflow/dags/job_scraping_dag.py                           1           0  0.67s           2026-03-21T22:41:06                      12
================================================================================
[2026-03-21T22:41:49.360+0000] {manager.py:997} INFO - 
================================================================================
DAG File Processing Stats

File Path                              PID    Runtime      # DAGs    # Errors  Last Runtime    Last Run               Last # of DB Queries
-------------------------------------  -----  ---------  --------  ----------  --------------  -------------------  ----------------------
/opt/airflow/dags/job_scraping_dag.py                           1           0  0.65s           2026-03-21T22:41:37                      12
================================================================================
[2026-03-21T22:42:19.944+0000] {manager.py:997} INFO - 
================================================================================
DAG File Processing Stats

File Path                              PID    Runtime      # DAGs    # Errors  Last Runtime    Last Run               Last # of DB Queries
-------------------------------------  -----  ---------  --------  ----------  --------------  -------------------  ----------------------
/opt/airflow/dags/job_scraping_dag.py                           1           0  0.66s           2026-03-21T22:42:08                      12
================================================================================
[2026-03-21T22:42:50.190+0000] {manager.py:997} INFO - 
================================================================================
DAG File Processing Stats

File Path                              PID    Runtime      # DAGs    # Errors  Last Runtime    Last Run               Last # of DB Queries
-------------------------------------  -----  ---------  --------  ----------  --------------  -------------------  ----------------------
/opt/airflow/dags/job_scraping_dag.py                           1           0  0.65s           2026-03-21T22:42:39                      12
================================================================================
[2026-03-21T22:43:10.711+0000] {manager.py:821} INFO - Searching for files in /opt/airflow/dags
[2026-03-21T22:43:10.794+0000] {manager.py:824} INFO - There are 1 files in /opt/airflow/dags
[2026-03-21T22:43:20.403+0000] {manager.py:997} INFO - 
================================================================================
DAG File Processing Stats

File Path                              PID    Runtime      # DAGs    # Errors  Last Runtime    Last Run               Last # of DB Queries
-------------------------------------  -----  ---------  --------  ----------  --------------  -------------------  ----------------------
/opt/airflow/dags/job_scraping_dag.py                           1           0  0.95s           2026-03-21T22:43:10                      12
================================================================================
[2026-03-21T22:43:50.525+0000] {manager.py:997} INFO - 
================================================================================
DAG File Processing Stats

File Path                              PID    Runtime      # DAGs    # Errors  Last Runtime    Last Run               Last # of DB Queries
-------------------------------------  -----  ---------  --------  ----------  --------------  -------------------  ----------------------
/opt/airflow/dags/job_scraping_dag.py                           1           0  1.43s           2026-03-21T22:43:41                      12
================================================================================
[2026-03-21T22:44:20.818+0000] {manager.py:997} INFO - 
================================================================================
DAG File Processing Stats

File Path                              PID    Runtime      # DAGs    # Errors  Last Runtime    Last Run               Last # of DB Queries
-------------------------------------  -----  ---------  --------  ----------  --------------  -------------------  ----------------------
/opt/airflow/dags/job_scraping_dag.py                           1           0  0.94s           2026-03-21T22:44:13                      12
================================================================================
[2026-03-21T22:44:50.992+0000] {manager.py:997} INFO - 
================================================================================
DAG File Processing Stats

File Path                              PID    Runtime      # DAGs    # Errors  Last Runtime    Last Run               Last # of DB Queries
-------------------------------------  -----  ---------  --------  ----------  --------------  -------------------  ----------------------
/opt/airflow/dags/job_scraping_dag.py                           1           0  0.67s           2026-03-21T22:44:43                      12
================================================================================
[2026-03-21T22:45:21.539+0000] {manager.py:997} INFO - 
================================================================================
DAG File Processing Stats

File Path                              PID    Runtime      # DAGs    # Errors  Last Runtime    Last Run               Last # of DB Queries
-------------------------------------  -----  ---------  --------  ----------  --------------  -------------------  ----------------------
/opt/airflow/dags/job_scraping_dag.py                           1           0  0.63s           2026-03-21T22:45:14                      12
================================================================================
[2026-03-21T22:45:51.789+0000] {manager.py:997} INFO - 
================================================================================
DAG File Processing Stats

File Path                              PID    Runtime      # DAGs    # Errors  Last Runtime    Last Run               Last # of DB Queries
-------------------------------------  -----  ---------  --------  ----------  --------------  -------------------  ----------------------
/opt/airflow/dags/job_scraping_dag.py                           1           0  0.66s           2026-03-21T22:45:45                      12
================================================================================
[2026-03-21T22:46:22.337+0000] {manager.py:997} INFO - 
================================================================================
DAG File Processing Stats

File Path                              PID    Runtime      # DAGs    # Errors  Last Runtime    Last Run               Last # of DB Queries
-------------------------------------  -----  ---------  --------  ----------  --------------  -------------------  ----------------------
/opt/airflow/dags/job_scraping_dag.py                           1           0  0.64s           2026-03-21T22:46:16                      12
================================================================================
[2026-03-21T22:46:52.590+0000] {manager.py:997} INFO - 
================================================================================
DAG File Processing Stats

File Path                              PID    Runtime      # DAGs    # Errors  Last Runtime    Last Run               Last # of DB Queries
-------------------------------------  -----  ---------  --------  ----------  --------------  -------------------  ----------------------
/opt/airflow/dags/job_scraping_dag.py                           1           0  0.71s           2026-03-21T22:46:47                      12
================================================================================
[2026-03-21T22:47:22.926+0000] {manager.py:997} INFO - 
================================================================================
DAG File Processing Stats

File Path                              PID    Runtime      # DAGs    # Errors  Last Runtime    Last Run               Last # of DB Queries
-------------------------------------  -----  ---------  --------  ----------  --------------  -------------------  ----------------------
/opt/airflow/dags/job_scraping_dag.py                           1           0  1.13s           2026-03-21T22:47:18                      12
================================================================================
[2026-03-21T22:47:53.273+0000] {manager.py:997} INFO - 
================================================================================
DAG File Processing Stats

File Path                              PID    Runtime      # DAGs    # Errors  Last Runtime    Last Run               Last # of DB Queries
-------------------------------------  -----  ---------  --------  ----------  --------------  -------------------  ----------------------
/opt/airflow/dags/job_scraping_dag.py                           1           0  0.64s           2026-03-21T22:47:49                      12
================================================================================
[2026-03-21T22:48:10.988+0000] {manager.py:821} INFO - Searching for files in /opt/airflow/dags
[2026-03-21T22:48:11.023+0000] {manager.py:824} INFO - There are 1 files in /opt/airflow/dags
[2026-03-21T22:48:23.480+0000] {manager.py:997} INFO - 
================================================================================
DAG File Processing Stats

File Path                              PID    Runtime      # DAGs    # Errors  Last Runtime    Last Run               Last # of DB Queries
-------------------------------------  -----  ---------  --------  ----------  --------------  -------------------  ----------------------
/opt/airflow/dags/job_scraping_dag.py                           1           0  0.77s           2026-03-21T22:48:20                      12
================================================================================
[2026-03-21T22:48:53.709+0000] {manager.py:997} INFO - 
================================================================================
DAG File Processing Stats

File Path                              PID    Runtime      # DAGs    # Errors  Last Runtime    Last Run               Last # of DB Queries
-------------------------------------  -----  ---------  --------  ----------  --------------  -------------------  ----------------------
/opt/airflow/dags/job_scraping_dag.py                           1           0  0.63s           2026-03-21T22:48:51                      12
================================================================================
[2026-03-21T22:49:24.142+0000] {manager.py:997} INFO - 
================================================================================
DAG File Processing Stats

File Path                              PID    Runtime      # DAGs    # Errors  Last Runtime    Last Run               Last # of DB Queries
-------------------------------------  -----  ---------  --------  ----------  --------------  -------------------  ----------------------
/opt/airflow/dags/job_scraping_dag.py                           1           0  0.64s           2026-03-21T22:49:22                      12
================================================================================
[2026-03-21T22:49:54.401+0000] {manager.py:997} INFO - 
================================================================================
DAG File Processing Stats

File Path                              PID    Runtime      # DAGs    # Errors  Last Runtime    Last Run               Last # of DB Queries
-------------------------------------  -----  ---------  --------  ----------  --------------  -------------------  ----------------------
/opt/airflow/dags/job_scraping_dag.py                           1           0  0.69s           2026-03-21T22:49:53                      12
================================================================================
[2026-03-21T22:50:24.789+0000] {manager.py:997} INFO - 
================================================================================
DAG File Processing Stats

File Path                              PID    Runtime      # DAGs    # Errors  Last Runtime    Last Run               Last # of DB Queries
-------------------------------------  -----  ---------  --------  ----------  --------------  -------------------  ----------------------
/opt/airflow/dags/job_scraping_dag.py                           1           0  0.74s           2026-03-21T22:50:24                      12
================================================================================
[2026-03-21T22:50:55.030+0000] {manager.py:997} INFO - 
================================================================================
DAG File Processing Stats

File Path                                PID  Runtime      # DAGs    # Errors  Last Runtime    Last Run               Last # of DB Queries
-------------------------------------  -----  ---------  --------  ----------  --------------  -------------------  ----------------------
/opt/airflow/dags/job_scraping_dag.py   2402  0.45s             1           0  0.74s           2026-03-21T22:50:24                      12
================================================================================
[2026-03-21T22:51:25.335+0000] {manager.py:997} INFO - 
================================================================================
DAG File Processing Stats

File Path                                PID  Runtime      # DAGs    # Errors  Last Runtime    Last Run               Last # of DB Queries
-------------------------------------  -----  ---------  --------  ----------  --------------  -------------------  ----------------------
/opt/airflow/dags/job_scraping_dag.py   2408  0.00s             1           0  0.63s           2026-03-21T22:50:55                      12
================================================================================
[2026-03-21T22:51:55.405+0000] {manager.py:997} INFO - 
================================================================================
DAG File Processing Stats

File Path                              PID    Runtime      # DAGs    # Errors  Last Runtime    Last Run               Last # of DB Queries
-------------------------------------  -----  ---------  --------  ----------  --------------  -------------------  ----------------------
/opt/airflow/dags/job_scraping_dag.py                           1           0  0.83s           2026-03-21T22:51:26                      12
================================================================================
[2026-03-21T22:52:25.436+0000] {manager.py:997} INFO - 
================================================================================
DAG File Processing Stats

File Path                              PID    Runtime      # DAGs    # Errors  Last Runtime    Last Run               Last # of DB Queries
-------------------------------------  -----  ---------  --------  ----------  --------------  -------------------  ----------------------
/opt/airflow/dags/job_scraping_dag.py                           1           0  0.74s           2026-03-21T22:51:57                      12
================================================================================
[2026-03-21T22:52:56.162+0000] {manager.py:997} INFO - 
================================================================================
DAG File Processing Stats

File Path                              PID    Runtime      # DAGs    # Errors  Last Runtime    Last Run               Last # of DB Queries
-------------------------------------  -----  ---------  --------  ----------  --------------  -------------------  ----------------------
/opt/airflow/dags/job_scraping_dag.py                           1           0  0.66s           2026-03-21T22:52:28                      12
================================================================================
[2026-03-21T22:53:11.020+0000] {manager.py:821} INFO - Searching for files in /opt/airflow/dags
[2026-03-21T22:53:11.069+0000] {manager.py:824} INFO - There are 1 files in /opt/airflow/dags
[2026-03-21T22:53:26.258+0000] {manager.py:997} INFO - 
================================================================================
DAG File Processing Stats

File Path                              PID    Runtime      # DAGs    # Errors  Last Runtime    Last Run               Last # of DB Queries
-------------------------------------  -----  ---------  --------  ----------  --------------  -------------------  ----------------------
/opt/airflow/dags/job_scraping_dag.py                           1           0  0.72s           2026-03-21T22:52:58                      12
================================================================================
[2026-03-21T22:53:56.947+0000] {manager.py:997} INFO - 
================================================================================
DAG File Processing Stats

File Path                              PID    Runtime      # DAGs    # Errors  Last Runtime    Last Run               Last # of DB Queries
-------------------------------------  -----  ---------  --------  ----------  --------------  -------------------  ----------------------
/opt/airflow/dags/job_scraping_dag.py                           1           0  0.68s           2026-03-21T22:53:29                      12
================================================================================
[2026-03-21T22:54:27.555+0000] {manager.py:997} INFO - 
================================================================================
DAG File Processing Stats

File Path                              PID    Runtime      # DAGs    # Errors  Last Runtime    Last Run               Last # of DB Queries
-------------------------------------  -----  ---------  --------  ----------  --------------  -------------------  ----------------------
/opt/airflow/dags/job_scraping_dag.py                           1           0  0.65s           2026-03-21T22:54:00                      12
================================================================================
[2026-03-21T22:54:57.889+0000] {manager.py:997} INFO - 
================================================================================
DAG File Processing Stats

File Path                              PID    Runtime      # DAGs    # Errors  Last Runtime    Last Run               Last # of DB Queries
-------------------------------------  -----  ---------  --------  ----------  --------------  -------------------  ----------------------
/opt/airflow/dags/job_scraping_dag.py                           1           0  0.91s           2026-03-21T22:54:31                      12
================================================================================
[2026-03-21T22:55:28.470+0000] {manager.py:997} INFO - 
================================================================================
DAG File Processing Stats

File Path                              PID    Runtime      # DAGs    # Errors  Last Runtime    Last Run               Last # of DB Queries
-------------------------------------  -----  ---------  --------  ----------  --------------  -------------------  ----------------------
/opt/airflow/dags/job_scraping_dag.py                           1           0  0.60s           2026-03-21T22:55:02                      12
================================================================================
[2026-03-21T22:55:58.809+0000] {manager.py:997} INFO - 
================================================================================
DAG File Processing Stats

File Path                              PID    Runtime      # DAGs    # Errors  Last Runtime    Last Run               Last # of DB Queries
-------------------------------------  -----  ---------  --------  ----------  --------------  -------------------  ----------------------
/opt/airflow/dags/job_scraping_dag.py                           1           0  0.65s           2026-03-21T22:55:33                      12
================================================================================
[2026-03-21T22:56:29.011+0000] {manager.py:997} INFO - 
================================================================================
DAG File Processing Stats

File Path                              PID    Runtime      # DAGs    # Errors  Last Runtime    Last Run               Last # of DB Queries
-------------------------------------  -----  ---------  --------  ----------  --------------  -------------------  ----------------------
/opt/airflow/dags/job_scraping_dag.py                           1           0  0.84s           2026-03-21T22:56:04                      12
================================================================================
[2026-03-21T22:56:59.361+0000] {manager.py:997} INFO - 
================================================================================
DAG File Processing Stats

File Path                              PID    Runtime      # DAGs    # Errors  Last Runtime    Last Run               Last # of DB Queries
-------------------------------------  -----  ---------  --------  ----------  --------------  -------------------  ----------------------
/opt/airflow/dags/job_scraping_dag.py                           1           0  0.61s           2026-03-21T22:56:35                      12
================================================================================
[2026-03-21T22:57:29.622+0000] {manager.py:997} INFO - 
================================================================================
DAG File Processing Stats

File Path                              PID    Runtime      # DAGs    # Errors  Last Runtime    Last Run               Last # of DB Queries
-------------------------------------  -----  ---------  --------  ----------  --------------  -------------------  ----------------------
/opt/airflow/dags/job_scraping_dag.py                           1           0  0.73s           2026-03-21T22:57:06                      12
================================================================================
[2026-03-21T22:57:59.874+0000] {manager.py:997} INFO - 
================================================================================
DAG File Processing Stats

File Path                              PID    Runtime      # DAGs    # Errors  Last Runtime    Last Run               Last # of DB Queries
-------------------------------------  -----  ---------  --------  ----------  --------------  -------------------  ----------------------
/opt/airflow/dags/job_scraping_dag.py                           1           0  0.65s           2026-03-21T22:57:37                      12
================================================================================
[2026-03-21T22:58:11.310+0000] {manager.py:821} INFO - Searching for files in /opt/airflow/dags
[2026-03-21T22:58:11.338+0000] {manager.py:824} INFO - There are 1 files in /opt/airflow/dags
[2026-03-21T22:58:30.546+0000] {manager.py:997} INFO - 
================================================================================
DAG File Processing Stats

File Path                              PID    Runtime      # DAGs    # Errors  Last Runtime    Last Run               Last # of DB Queries
-------------------------------------  -----  ---------  --------  ----------  --------------  -------------------  ----------------------
/opt/airflow/dags/job_scraping_dag.py                           1           0  0.63s           2026-03-21T22:58:08                      12
================================================================================
[2026-03-21T22:59:01.141+0000] {manager.py:997} INFO - 
================================================================================
DAG File Processing Stats

File Path                              PID    Runtime      # DAGs    # Errors  Last Runtime    Last Run               Last # of DB Queries
-------------------------------------  -----  ---------  --------  ----------  --------------  -------------------  ----------------------
/opt/airflow/dags/job_scraping_dag.py                           1           0  0.61s           2026-03-21T22:58:39                      12
================================================================================
[2026-03-21T22:59:31.419+0000] {manager.py:997} INFO - 
================================================================================
DAG File Processing Stats

File Path                              PID    Runtime      # DAGs    # Errors  Last Runtime    Last Run               Last # of DB Queries
-------------------------------------  -----  ---------  --------  ----------  --------------  -------------------  ----------------------
/opt/airflow/dags/job_scraping_dag.py                           1           0  0.66s           2026-03-21T22:59:10                      12
================================================================================
[2026-03-21T23:00:02.024+0000] {manager.py:997} INFO - 
================================================================================
DAG File Processing Stats

File Path                              PID    Runtime      # DAGs    # Errors  Last Runtime    Last Run               Last # of DB Queries
-------------------------------------  -----  ---------  --------  ----------  --------------  -------------------  ----------------------
/opt/airflow/dags/job_scraping_dag.py                           1           0  0.67s           2026-03-21T22:59:41                      12
================================================================================
[2026-03-21T23:00:32.352+0000] {manager.py:997} INFO - 
================================================================================
DAG File Processing Stats

File Path                              PID    Runtime      # DAGs    # Errors  Last Runtime    Last Run               Last # of DB Queries
-------------------------------------  -----  ---------  --------  ----------  --------------  -------------------  ----------------------
/opt/airflow/dags/job_scraping_dag.py                           1           0  0.65s           2026-03-21T23:00:12                      12
================================================================================
[2026-03-21T23:01:02.687+0000] {manager.py:997} INFO - 
================================================================================
DAG File Processing Stats

File Path                              PID    Runtime      # DAGs    # Errors  Last Runtime    Last Run               Last # of DB Queries
-------------------------------------  -----  ---------  --------  ----------  --------------  -------------------  ----------------------
/opt/airflow/dags/job_scraping_dag.py                           1           0  0.63s           2026-03-21T23:00:43                      12
================================================================================
[2026-03-21T23:01:32.996+0000] {manager.py:997} INFO - 
================================================================================
DAG File Processing Stats

File Path                              PID    Runtime      # DAGs    # Errors  Last Runtime    Last Run               Last # of DB Queries
-------------------------------------  -----  ---------  --------  ----------  --------------  -------------------  ----------------------
/opt/airflow/dags/job_scraping_dag.py                           1           0  0.70s           2026-03-21T23:01:14                      12
================================================================================
[2026-03-21T23:02:03.256+0000] {manager.py:997} INFO - 
================================================================================
DAG File Processing Stats

File Path                              PID    Runtime      # DAGs    # Errors  Last Runtime    Last Run               Last # of DB Queries
-------------------------------------  -----  ---------  --------  ----------  --------------  -------------------  ----------------------
/opt/airflow/dags/job_scraping_dag.py                           1           0  0.62s           2026-03-21T23:01:45                      12
================================================================================
[2026-03-21T23:02:33.990+0000] {manager.py:997} INFO - 
================================================================================
DAG File Processing Stats

File Path                              PID    Runtime      # DAGs    # Errors  Last Runtime    Last Run               Last # of DB Queries
-------------------------------------  -----  ---------  --------  ----------  --------------  -------------------  ----------------------
/opt/airflow/dags/job_scraping_dag.py                           1           0  0.63s           2026-03-21T23:02:16                      12
================================================================================
[2026-03-21T23:03:04.518+0000] {manager.py:997} INFO - 
================================================================================
DAG File Processing Stats

File Path                              PID    Runtime      # DAGs    # Errors  Last Runtime    Last Run               Last # of DB Queries
-------------------------------------  -----  ---------  --------  ----------  --------------  -------------------  ----------------------
/opt/airflow/dags/job_scraping_dag.py                           1           0  0.62s           2026-03-21T23:02:46                      12
================================================================================
[2026-03-21T23:03:11.596+0000] {manager.py:821} INFO - Searching for files in /opt/airflow/dags
[2026-03-21T23:03:11.624+0000] {manager.py:824} INFO - There are 1 files in /opt/airflow/dags
[2026-03-21T23:03:34.873+0000] {manager.py:997} INFO - 
================================================================================
DAG File Processing Stats

File Path                              PID    Runtime      # DAGs    # Errors  Last Runtime    Last Run               Last # of DB Queries
-------------------------------------  -----  ---------  --------  ----------  --------------  -------------------  ----------------------
/opt/airflow/dags/job_scraping_dag.py                           1           0  0.63s           2026-03-21T23:03:17                      12
================================================================================
[2026-03-21T23:04:05.222+0000] {manager.py:997} INFO - 
================================================================================
DAG File Processing Stats

File Path                              PID    Runtime      # DAGs    # Errors  Last Runtime    Last Run               Last # of DB Queries
-------------------------------------  -----  ---------  --------  ----------  --------------  -------------------  ----------------------
/opt/airflow/dags/job_scraping_dag.py                           1           0  0.63s           2026-03-21T23:03:48                      12
================================================================================
[2026-03-21T23:04:35.570+0000] {manager.py:997} INFO - 
================================================================================
DAG File Processing Stats

File Path                              PID    Runtime      # DAGs    # Errors  Last Runtime    Last Run               Last # of DB Queries
-------------------------------------  -----  ---------  --------  ----------  --------------  -------------------  ----------------------
/opt/airflow/dags/job_scraping_dag.py                           1           0  0.63s           2026-03-21T23:04:19                      12
================================================================================
[2026-03-21T23:05:06.081+0000] {manager.py:997} INFO - 
================================================================================
DAG File Processing Stats

File Path                              PID    Runtime      # DAGs    # Errors  Last Runtime    Last Run               Last # of DB Queries
-------------------------------------  -----  ---------  --------  ----------  --------------  -------------------  ----------------------
/opt/airflow/dags/job_scraping_dag.py                           1           0  0.64s           2026-03-21T23:04:50                      12
================================================================================
[2026-03-21T23:05:36.446+0000] {manager.py:997} INFO - 
================================================================================
DAG File Processing Stats

File Path                              PID    Runtime      # DAGs    # Errors  Last Runtime    Last Run               Last # of DB Queries
-------------------------------------  -----  ---------  --------  ----------  --------------  -------------------  ----------------------
/opt/airflow/dags/job_scraping_dag.py                           1           0  0.66s           2026-03-21T23:05:21                      12
================================================================================
[2026-03-21T23:06:06.539+0000] {manager.py:997} INFO - 
================================================================================
DAG File Processing Stats

File Path                              PID    Runtime      # DAGs    # Errors  Last Runtime    Last Run               Last # of DB Queries
-------------------------------------  -----  ---------  --------  ----------  --------------  -------------------  ----------------------
/opt/airflow/dags/job_scraping_dag.py                           1           0  0.75s           2026-03-21T23:05:52                      12
================================================================================
[2026-03-21T23:06:37.155+0000] {manager.py:997} INFO - 
================================================================================
DAG File Processing Stats

File Path                              PID    Runtime      # DAGs    # Errors  Last Runtime    Last Run               Last # of DB Queries
-------------------------------------  -----  ---------  --------  ----------  --------------  -------------------  ----------------------
/opt/airflow/dags/job_scraping_dag.py                           1           0  0.65s           2026-03-21T23:06:23                      12
================================================================================
[2026-03-21T23:07:07.435+0000] {manager.py:997} INFO - 
================================================================================
DAG File Processing Stats

File Path                              PID    Runtime      # DAGs    # Errors  Last Runtime    Last Run               Last # of DB Queries
-------------------------------------  -----  ---------  --------  ----------  --------------  -------------------  ----------------------
/opt/airflow/dags/job_scraping_dag.py                           1           0  0.67s           2026-03-21T23:06:54                      12
================================================================================
[2026-03-21T23:07:38.023+0000] {manager.py:997} INFO - 
================================================================================
DAG File Processing Stats

File Path                              PID    Runtime      # DAGs    # Errors  Last Runtime    Last Run               Last # of DB Queries
-------------------------------------  -----  ---------  --------  ----------  --------------  -------------------  ----------------------
/opt/airflow/dags/job_scraping_dag.py                           1           0  0.63s           2026-03-21T23:07:25                      12
================================================================================
[2026-03-21T23:08:08.321+0000] {manager.py:997} INFO - 
================================================================================
DAG File Processing Stats

File Path                              PID    Runtime      # DAGs    # Errors  Last Runtime    Last Run               Last # of DB Queries
-------------------------------------  -----  ---------  --------  ----------  --------------  -------------------  ----------------------
/opt/airflow/dags/job_scraping_dag.py                           1           0  0.63s           2026-03-21T23:07:56                      12
================================================================================
[2026-03-21T23:08:12.368+0000] {manager.py:821} INFO - Searching for files in /opt/airflow/dags
[2026-03-21T23:08:12.391+0000] {manager.py:824} INFO - There are 1 files in /opt/airflow/dags
[2026-03-21T23:08:38.451+0000] {manager.py:997} INFO - 
================================================================================
DAG File Processing Stats

File Path                              PID    Runtime      # DAGs    # Errors  Last Runtime    Last Run               Last # of DB Queries
-------------------------------------  -----  ---------  --------  ----------  --------------  -------------------  ----------------------
/opt/airflow/dags/job_scraping_dag.py                           1           0  0.68s           2026-03-21T23:08:27                      12
================================================================================
[2026-03-21T23:09:08.527+0000] {manager.py:997} INFO - 
================================================================================
DAG File Processing Stats

File Path                              PID    Runtime      # DAGs    # Errors  Last Runtime    Last Run               Last # of DB Queries
-------------------------------------  -----  ---------  --------  ----------  --------------  -------------------  ----------------------
/opt/airflow/dags/job_scraping_dag.py                           1           0  0.77s           2026-03-21T23:08:58                      12
================================================================================
[2026-03-21T23:09:38.733+0000] {manager.py:997} INFO - 
================================================================================
DAG File Processing Stats

File Path                              PID    Runtime      # DAGs    # Errors  Last Runtime    Last Run               Last # of DB Queries
-------------------------------------  -----  ---------  --------  ----------  --------------  -------------------  ----------------------
/opt/airflow/dags/job_scraping_dag.py                           1           0  0.90s           2026-03-21T23:09:29                      12
================================================================================
[2026-03-21T23:10:08.816+0000] {manager.py:997} INFO - 
================================================================================
DAG File Processing Stats

File Path                              PID    Runtime      # DAGs    # Errors  Last Runtime    Last Run               Last # of DB Queries
-------------------------------------  -----  ---------  --------  ----------  --------------  -------------------  ----------------------
/opt/airflow/dags/job_scraping_dag.py                           1           0  0.79s           2026-03-21T23:10:00                      12
================================================================================
[2026-03-21T23:10:39.112+0000] {manager.py:997} INFO - 
================================================================================
DAG File Processing Stats

File Path                              PID    Runtime      # DAGs    # Errors  Last Runtime    Last Run               Last # of DB Queries
-------------------------------------  -----  ---------  --------  ----------  --------------  -------------------  ----------------------
/opt/airflow/dags/job_scraping_dag.py                           1           0  0.78s           2026-03-21T23:10:31                      12
================================================================================
[2026-03-21T23:11:09.398+0000] {manager.py:997} INFO - 
================================================================================
DAG File Processing Stats

File Path                              PID    Runtime      # DAGs    # Errors  Last Runtime    Last Run               Last # of DB Queries
-------------------------------------  -----  ---------  --------  ----------  --------------  -------------------  ----------------------
/opt/airflow/dags/job_scraping_dag.py                           1           0  0.98s           2026-03-21T23:11:02                      12
================================================================================
[2026-03-21T23:11:39.668+0000] {manager.py:997} INFO - 
================================================================================
DAG File Processing Stats

File Path                              PID    Runtime      # DAGs    # Errors  Last Runtime    Last Run               Last # of DB Queries
-------------------------------------  -----  ---------  --------  ----------  --------------  -------------------  ----------------------
/opt/airflow/dags/job_scraping_dag.py                           1           0  0.68s           2026-03-21T23:11:33                      12
================================================================================
[2026-03-21T23:12:09.867+0000] {manager.py:997} INFO - 
================================================================================
DAG File Processing Stats

File Path                              PID    Runtime      # DAGs    # Errors  Last Runtime    Last Run               Last # of DB Queries
-------------------------------------  -----  ---------  --------  ----------  --------------  -------------------  ----------------------
/opt/airflow/dags/job_scraping_dag.py                           1           0  0.92s           2026-03-21T23:12:04                      12
================================================================================
[2026-03-21T23:12:40.359+0000] {manager.py:997} INFO - 
================================================================================
DAG File Processing Stats

File Path                              PID    Runtime      # DAGs    # Errors  Last Runtime    Last Run               Last # of DB Queries
-------------------------------------  -----  ---------  --------  ----------  --------------  -------------------  ----------------------
/opt/airflow/dags/job_scraping_dag.py                           1           0  0.71s           2026-03-21T23:12:35                      12
================================================================================
[2026-03-21T23:13:10.645+0000] {manager.py:997} INFO - 
================================================================================
DAG File Processing Stats

File Path                              PID    Runtime      # DAGs    # Errors  Last Runtime    Last Run               Last # of DB Queries
-------------------------------------  -----  ---------  --------  ----------  --------------  -------------------  ----------------------
/opt/airflow/dags/job_scraping_dag.py                           1           0  0.65s           2026-03-21T23:13:06                      12
================================================================================
[2026-03-21T23:13:12.660+0000] {manager.py:821} INFO - Searching for files in /opt/airflow/dags
[2026-03-21T23:13:12.700+0000] {manager.py:824} INFO - There are 1 files in /opt/airflow/dags
[2026-03-21T23:13:40.659+0000] {manager.py:997} INFO - 
================================================================================
DAG File Processing Stats

File Path                              PID    Runtime      # DAGs    # Errors  Last Runtime    Last Run               Last # of DB Queries
-------------------------------------  -----  ---------  --------  ----------  --------------  -------------------  ----------------------
/opt/airflow/dags/job_scraping_dag.py                           1           0  0.66s           2026-03-21T23:13:37                      12
================================================================================
[2026-03-21T23:14:11.331+0000] {manager.py:997} INFO - 
================================================================================
DAG File Processing Stats

File Path                              PID    Runtime      # DAGs    # Errors  Last Runtime    Last Run               Last # of DB Queries
-------------------------------------  -----  ---------  --------  ----------  --------------  -------------------  ----------------------
/opt/airflow/dags/job_scraping_dag.py                           1           0  0.61s           2026-03-21T23:14:08                      12
================================================================================
[2026-03-21T23:14:41.331+0000] {manager.py:997} INFO - 
================================================================================
DAG File Processing Stats

File Path                              PID    Runtime      # DAGs    # Errors  Last Runtime    Last Run               Last # of DB Queries
-------------------------------------  -----  ---------  --------  ----------  --------------  -------------------  ----------------------
/opt/airflow/dags/job_scraping_dag.py                           1           0  0.63s           2026-03-21T23:14:39                      12
================================================================================
[2026-03-21T23:15:12.120+0000] {manager.py:997} INFO - 
================================================================================
DAG File Processing Stats

File Path                              PID    Runtime      # DAGs    # Errors  Last Runtime    Last Run               Last # of DB Queries
-------------------------------------  -----  ---------  --------  ----------  --------------  -------------------  ----------------------
/opt/airflow/dags/job_scraping_dag.py                           1           0  0.70s           2026-03-21T23:15:10                      12
================================================================================
[2026-03-21T23:15:42.587+0000] {manager.py:997} INFO - 
================================================================================
DAG File Processing Stats

File Path                              PID    Runtime      # DAGs    # Errors  Last Runtime    Last Run               Last # of DB Queries
-------------------------------------  -----  ---------  --------  ----------  --------------  -------------------  ----------------------
/opt/airflow/dags/job_scraping_dag.py                           1           0  0.70s           2026-03-21T23:15:41                      12
================================================================================
[2026-03-21T23:16:12.859+0000] {manager.py:997} INFO - 
================================================================================
DAG File Processing Stats

File Path                              PID    Runtime      # DAGs    # Errors  Last Runtime    Last Run               Last # of DB Queries
-------------------------------------  -----  ---------  --------  ----------  --------------  -------------------  ----------------------
/opt/airflow/dags/job_scraping_dag.py                           1           0  0.68s           2026-03-21T23:16:12                      12
================================================================================
[2026-03-21T23:16:42.981+0000] {manager.py:997} INFO - 
================================================================================
DAG File Processing Stats

File Path                              PID    Runtime      # DAGs    # Errors  Last Runtime    Last Run               Last # of DB Queries
-------------------------------------  -----  ---------  --------  ----------  --------------  -------------------  ----------------------
/opt/airflow/dags/job_scraping_dag.py                           1           0  0.84s           2026-03-21T23:16:42                      12
================================================================================
[2026-03-21T23:17:13.257+0000] {manager.py:997} INFO - 
================================================================================
DAG File Processing Stats

File Path                                PID  Runtime      # DAGs    # Errors  Last Runtime    Last Run               Last # of DB Queries
-------------------------------------  -----  ---------  --------  ----------  --------------  -------------------  ----------------------
/opt/airflow/dags/job_scraping_dag.py   2708  0.01s             1           0  0.84s           2026-03-21T23:16:42                      12
================================================================================
[2026-03-21T23:17:43.507+0000] {manager.py:997} INFO - 
================================================================================
DAG File Processing Stats

File Path                              PID    Runtime      # DAGs    # Errors  Last Runtime    Last Run               Last # of DB Queries
-------------------------------------  -----  ---------  --------  ----------  --------------  -------------------  ----------------------
/opt/airflow/dags/job_scraping_dag.py                           1           0  0.97s           2026-03-21T23:17:14                      12
================================================================================
[2026-03-21T23:18:13.170+0000] {manager.py:821} INFO - Searching for files in /opt/airflow/dags
[2026-03-21T23:18:13.201+0000] {manager.py:824} INFO - There are 1 files in /opt/airflow/dags
[2026-03-21T23:18:14.222+0000] {manager.py:997} INFO - 
================================================================================
DAG File Processing Stats

File Path                              PID    Runtime      # DAGs    # Errors  Last Runtime    Last Run               Last # of DB Queries
-------------------------------------  -----  ---------  --------  ----------  --------------  -------------------  ----------------------
/opt/airflow/dags/job_scraping_dag.py                           1           0  0.69s           2026-03-21T23:17:45                      12
================================================================================
[2026-03-21T23:18:44.828+0000] {manager.py:997} INFO - 
================================================================================
DAG File Processing Stats

File Path                              PID    Runtime      # DAGs    # Errors  Last Runtime    Last Run               Last # of DB Queries
-------------------------------------  -----  ---------  --------  ----------  --------------  -------------------  ----------------------
/opt/airflow/dags/job_scraping_dag.py                           1           0  0.63s           2026-03-21T23:18:15                      12
================================================================================
[2026-03-21T23:19:15.094+0000] {manager.py:997} INFO - 
================================================================================
DAG File Processing Stats

File Path                              PID    Runtime      # DAGs    # Errors  Last Runtime    Last Run               Last # of DB Queries
-------------------------------------  -----  ---------  --------  ----------  --------------  -------------------  ----------------------
/opt/airflow/dags/job_scraping_dag.py                           1           0  0.68s           2026-03-21T23:18:46                      12
================================================================================
[2026-03-21T23:19:45.374+0000] {manager.py:997} INFO - 
================================================================================
DAG File Processing Stats

File Path                              PID    Runtime      # DAGs    # Errors  Last Runtime    Last Run               Last # of DB Queries
-------------------------------------  -----  ---------  --------  ----------  --------------  -------------------  ----------------------
/opt/airflow/dags/job_scraping_dag.py                           1           0  0.67s           2026-03-21T23:19:17                      12
================================================================================
[2026-03-21T23:20:15.727+0000] {manager.py:997} INFO - 
================================================================================
DAG File Processing Stats

File Path                              PID    Runtime      # DAGs    # Errors  Last Runtime    Last Run               Last # of DB Queries
-------------------------------------  -----  ---------  --------  ----------  --------------  -------------------  ----------------------
/opt/airflow/dags/job_scraping_dag.py                           1           0  0.66s           2026-03-21T23:19:48                      12
================================================================================
[2026-03-21T23:20:45.981+0000] {manager.py:997} INFO - 
================================================================================
DAG File Processing Stats

File Path                              PID    Runtime      # DAGs    # Errors  Last Runtime    Last Run               Last # of DB Queries
-------------------------------------  -----  ---------  --------  ----------  --------------  -------------------  ----------------------
/opt/airflow/dags/job_scraping_dag.py                           1           0  0.75s           2026-03-21T23:20:19                      12
================================================================================
[2026-03-21T23:21:15.994+0000] {manager.py:997} INFO - 
================================================================================
DAG File Processing Stats

File Path                              PID    Runtime      # DAGs    # Errors  Last Runtime    Last Run               Last # of DB Queries
-------------------------------------  -----  ---------  --------  ----------  --------------  -------------------  ----------------------
/opt/airflow/dags/job_scraping_dag.py                           1           0  0.74s           2026-03-21T23:20:50                      12
================================================================================
[2026-03-21T23:21:46.038+0000] {manager.py:997} INFO - 
================================================================================
DAG File Processing Stats

File Path                              PID    Runtime      # DAGs    # Errors  Last Runtime    Last Run               Last # of DB Queries
-------------------------------------  -----  ---------  --------  ----------  --------------  -------------------  ----------------------
/opt/airflow/dags/job_scraping_dag.py                           1           0  0.71s           2026-03-21T23:21:21                      12
================================================================================
[2026-03-21T23:22:16.149+0000] {manager.py:997} INFO - 
================================================================================
DAG File Processing Stats

File Path                              PID    Runtime      # DAGs    # Errors  Last Runtime    Last Run               Last # of DB Queries
-------------------------------------  -----  ---------  --------  ----------  --------------  -------------------  ----------------------
/opt/airflow/dags/job_scraping_dag.py                           1           0  0.85s           2026-03-21T23:21:52                      12
================================================================================
[2026-03-21T23:22:46.420+0000] {manager.py:997} INFO - 
================================================================================
DAG File Processing Stats

File Path                              PID    Runtime      # DAGs    # Errors  Last Runtime    Last Run               Last # of DB Queries
-------------------------------------  -----  ---------  --------  ----------  --------------  -------------------  ----------------------
/opt/airflow/dags/job_scraping_dag.py                           1           0  1.00s           2026-03-21T23:22:24                      12
================================================================================
[2026-03-21T23:23:13.320+0000] {manager.py:821} INFO - Searching for files in /opt/airflow/dags
[2026-03-21T23:23:13.343+0000] {manager.py:824} INFO - There are 1 files in /opt/airflow/dags
[2026-03-21T23:23:17.387+0000] {manager.py:997} INFO - 
================================================================================
DAG File Processing Stats

File Path                              PID    Runtime      # DAGs    # Errors  Last Runtime    Last Run               Last # of DB Queries
-------------------------------------  -----  ---------  --------  ----------  --------------  -------------------  ----------------------
/opt/airflow/dags/job_scraping_dag.py                           1           0  0.69s           2026-03-21T23:22:55                      12
================================================================================
[2026-03-21T23:23:47.523+0000] {manager.py:997} INFO - 
================================================================================
DAG File Processing Stats

File Path                              PID    Runtime      # DAGs    # Errors  Last Runtime    Last Run               Last # of DB Queries
-------------------------------------  -----  ---------  --------  ----------  --------------  -------------------  ----------------------
/opt/airflow/dags/job_scraping_dag.py                           1           0  0.81s           2026-03-21T23:23:26                      12
================================================================================
[2026-03-21T23:24:18.016+0000] {manager.py:997} INFO - 
================================================================================
DAG File Processing Stats

File Path                              PID    Runtime      # DAGs    # Errors  Last Runtime    Last Run               Last # of DB Queries
-------------------------------------  -----  ---------  --------  ----------  --------------  -------------------  ----------------------
/opt/airflow/dags/job_scraping_dag.py                           1           0  0.68s           2026-03-21T23:23:57                      12
================================================================================
[2026-03-21T23:24:48.319+0000] {manager.py:997} INFO - 
================================================================================
DAG File Processing Stats

File Path                              PID    Runtime      # DAGs    # Errors  Last Runtime    Last Run               Last # of DB Queries
-------------------------------------  -----  ---------  --------  ----------  --------------  -------------------  ----------------------
/opt/airflow/dags/job_scraping_dag.py                           1           0  0.65s           2026-03-21T23:24:28                      12
================================================================================
[2026-03-21T23:25:18.818+0000] {manager.py:997} INFO - 
================================================================================
DAG File Processing Stats

File Path                              PID    Runtime      # DAGs    # Errors  Last Runtime    Last Run               Last # of DB Queries
-------------------------------------  -----  ---------  --------  ----------  --------------  -------------------  ----------------------
/opt/airflow/dags/job_scraping_dag.py                           1           0  0.61s           2026-03-21T23:24:59                      12
================================================================================
[2026-03-21T23:25:49.151+0000] {manager.py:997} INFO - 
================================================================================
DAG File Processing Stats

File Path                              PID    Runtime      # DAGs    # Errors  Last Runtime    Last Run               Last # of DB Queries
-------------------------------------  -----  ---------  --------  ----------  --------------  -------------------  ----------------------
/opt/airflow/dags/job_scraping_dag.py                           1           0  0.62s           2026-03-21T23:25:30                      12
================================================================================
[2026-03-21T23:26:19.551+0000] {manager.py:997} INFO - 
================================================================================
DAG File Processing Stats

File Path                              PID    Runtime      # DAGs    # Errors  Last Runtime    Last Run               Last # of DB Queries
-------------------------------------  -----  ---------  --------  ----------  --------------  -------------------  ----------------------
/opt/airflow/dags/job_scraping_dag.py                           1           0  0.63s           2026-03-21T23:26:00                      12
================================================================================
[2026-03-21T23:26:49.873+0000] {manager.py:997} INFO - 
================================================================================
DAG File Processing Stats

File Path                              PID    Runtime      # DAGs    # Errors  Last Runtime    Last Run               Last # of DB Queries
-------------------------------------  -----  ---------  --------  ----------  --------------  -------------------  ----------------------
/opt/airflow/dags/job_scraping_dag.py                           1           0  0.65s           2026-03-21T23:26:31                      12
================================================================================
[2026-03-21T23:27:19.913+0000] {manager.py:997} INFO - 
================================================================================
DAG File Processing Stats

File Path                              PID    Runtime      # DAGs    # Errors  Last Runtime    Last Run               Last # of DB Queries
-------------------------------------  -----  ---------  --------  ----------  --------------  -------------------  ----------------------
/opt/airflow/dags/job_scraping_dag.py                           1           0  0.71s           2026-03-21T23:27:02                      12
================================================================================
[2026-03-21T23:27:49.914+0000] {manager.py:997} INFO - 
================================================================================
DAG File Processing Stats

File Path                              PID    Runtime      # DAGs    # Errors  Last Runtime    Last Run               Last # of DB Queries
-------------------------------------  -----  ---------  --------  ----------  --------------  -------------------  ----------------------
/opt/airflow/dags/job_scraping_dag.py                           1           0  0.68s           2026-03-21T23:27:33                      12
================================================================================
[2026-03-21T23:28:13.891+0000] {manager.py:821} INFO - Searching for files in /opt/airflow/dags
[2026-03-21T23:28:13.916+0000] {manager.py:824} INFO - There are 1 files in /opt/airflow/dags
[2026-03-21T23:28:19.972+0000] {manager.py:997} INFO - 
================================================================================
DAG File Processing Stats

File Path                              PID    Runtime      # DAGs    # Errors  Last Runtime    Last Run               Last # of DB Queries
-------------------------------------  -----  ---------  --------  ----------  --------------  -------------------  ----------------------
/opt/airflow/dags/job_scraping_dag.py                           1           0  0.87s           2026-03-21T23:28:04                      12
================================================================================
[2026-03-21T23:28:50.022+0000] {manager.py:997} INFO - 
================================================================================
DAG File Processing Stats

File Path                              PID    Runtime      # DAGs    # Errors  Last Runtime    Last Run               Last # of DB Queries
-------------------------------------  -----  ---------  --------  ----------  --------------  -------------------  ----------------------
/opt/airflow/dags/job_scraping_dag.py                           1           0  0.76s           2026-03-21T23:28:35                      12
================================================================================
[2026-03-21T23:29:20.755+0000] {manager.py:997} INFO - 
================================================================================
DAG File Processing Stats

File Path                              PID    Runtime      # DAGs    # Errors  Last Runtime    Last Run               Last # of DB Queries
-------------------------------------  -----  ---------  --------  ----------  --------------  -------------------  ----------------------
/opt/airflow/dags/job_scraping_dag.py                           1           0  0.61s           2026-03-21T23:29:06                      12
================================================================================
[2026-03-21T23:29:51.242+0000] {manager.py:997} INFO - 
================================================================================
DAG File Processing Stats

File Path                              PID    Runtime      # DAGs    # Errors  Last Runtime    Last Run               Last # of DB Queries
-------------------------------------  -----  ---------  --------  ----------  --------------  -------------------  ----------------------
/opt/airflow/dags/job_scraping_dag.py                           1           0  0.63s           2026-03-21T23:29:37                      12
================================================================================
[2026-03-21T23:30:21.544+0000] {manager.py:997} INFO - 
================================================================================
DAG File Processing Stats

File Path                              PID    Runtime      # DAGs    # Errors  Last Runtime    Last Run               Last # of DB Queries
-------------------------------------  -----  ---------  --------  ----------  --------------  -------------------  ----------------------
/opt/airflow/dags/job_scraping_dag.py                           1           0  0.70s           2026-03-21T23:30:08                      12
================================================================================
[2026-03-21T23:30:51.937+0000] {manager.py:997} INFO - 
================================================================================
DAG File Processing Stats

File Path                              PID    Runtime      # DAGs    # Errors  Last Runtime    Last Run               Last # of DB Queries
-------------------------------------  -----  ---------  --------  ----------  --------------  -------------------  ----------------------
/opt/airflow/dags/job_scraping_dag.py                           1           0  0.66s           2026-03-21T23:30:39                      12
================================================================================
[2026-03-21T23:31:22.223+0000] {manager.py:997} INFO - 
================================================================================
DAG File Processing Stats

File Path                              PID    Runtime      # DAGs    # Errors  Last Runtime    Last Run               Last # of DB Queries
-------------------------------------  -----  ---------  --------  ----------  --------------  -------------------  ----------------------
/opt/airflow/dags/job_scraping_dag.py                           1           0  0.65s           2026-03-21T23:31:10                      12
================================================================================
[2026-03-21T23:31:52.674+0000] {manager.py:997} INFO - 
================================================================================
DAG File Processing Stats

File Path                              PID    Runtime      # DAGs    # Errors  Last Runtime    Last Run               Last # of DB Queries
-------------------------------------  -----  ---------  --------  ----------  --------------  -------------------  ----------------------
/opt/airflow/dags/job_scraping_dag.py                           1           0  0.63s           2026-03-21T23:31:41                      12
================================================================================
[2026-03-21T23:32:22.975+0000] {manager.py:997} INFO - 
================================================================================
DAG File Processing Stats

File Path                              PID    Runtime      # DAGs    # Errors  Last Runtime    Last Run               Last # of DB Queries
-------------------------------------  -----  ---------  --------  ----------  --------------  -------------------  ----------------------
/opt/airflow/dags/job_scraping_dag.py                           1           0  0.74s           2026-03-21T23:32:12                      12
================================================================================
[2026-03-21T23:32:53.445+0000] {manager.py:997} INFO - 
================================================================================
DAG File Processing Stats

File Path                              PID    Runtime      # DAGs    # Errors  Last Runtime    Last Run               Last # of DB Queries
-------------------------------------  -----  ---------  --------  ----------  --------------  -------------------  ----------------------
/opt/airflow/dags/job_scraping_dag.py                           1           0  0.63s           2026-03-21T23:32:42                      12
================================================================================
[2026-03-21T23:33:14.661+0000] {manager.py:821} INFO - Searching for files in /opt/airflow/dags
[2026-03-21T23:33:14.709+0000] {manager.py:824} INFO - There are 1 files in /opt/airflow/dags
[2026-03-21T23:33:23.822+0000] {manager.py:997} INFO - 
================================================================================
DAG File Processing Stats

File Path                              PID    Runtime      # DAGs    # Errors  Last Runtime    Last Run               Last # of DB Queries
-------------------------------------  -----  ---------  --------  ----------  --------------  -------------------  ----------------------
/opt/airflow/dags/job_scraping_dag.py                           1           0  0.64s           2026-03-21T23:33:13                      12
================================================================================
[2026-03-21T23:33:54.160+0000] {manager.py:997} INFO - 
================================================================================
DAG File Processing Stats

File Path                              PID    Runtime      # DAGs    # Errors  Last Runtime    Last Run               Last # of DB Queries
-------------------------------------  -----  ---------  --------  ----------  --------------  -------------------  ----------------------
/opt/airflow/dags/job_scraping_dag.py                           1           0  0.63s           2026-03-21T23:33:44                      12
================================================================================
[2026-03-21T23:34:24.457+0000] {manager.py:997} INFO - 
================================================================================
DAG File Processing Stats

File Path                              PID    Runtime      # DAGs    # Errors  Last Runtime    Last Run               Last # of DB Queries
-------------------------------------  -----  ---------  --------  ----------  --------------  -------------------  ----------------------
/opt/airflow/dags/job_scraping_dag.py                           1           0  0.66s           2026-03-21T23:34:15                      12
================================================================================
[2026-03-21T23:34:54.458+0000] {manager.py:997} INFO - 
================================================================================
DAG File Processing Stats

File Path                              PID    Runtime      # DAGs    # Errors  Last Runtime    Last Run               Last # of DB Queries
-------------------------------------  -----  ---------  --------  ----------  --------------  -------------------  ----------------------
/opt/airflow/dags/job_scraping_dag.py                           1           0  0.68s           2026-03-21T23:34:46                      12
================================================================================
[2026-03-21T23:35:25.337+0000] {manager.py:997} INFO - 
================================================================================
DAG File Processing Stats

File Path                              PID    Runtime      # DAGs    # Errors  Last Runtime    Last Run               Last # of DB Queries
-------------------------------------  -----  ---------  --------  ----------  --------------  -------------------  ----------------------
/opt/airflow/dags/job_scraping_dag.py                           1           0  0.66s           2026-03-21T23:35:17                      12
================================================================================
[2026-03-21T23:35:55.720+0000] {manager.py:997} INFO - 
================================================================================
DAG File Processing Stats

File Path                              PID    Runtime      # DAGs    # Errors  Last Runtime    Last Run               Last # of DB Queries
-------------------------------------  -----  ---------  --------  ----------  --------------  -------------------  ----------------------
/opt/airflow/dags/job_scraping_dag.py                           1           0  0.62s           2026-03-21T23:35:48                      12
================================================================================
[2026-03-21T23:36:26.005+0000] {manager.py:997} INFO - 
================================================================================
DAG File Processing Stats

File Path                              PID    Runtime      # DAGs    # Errors  Last Runtime    Last Run               Last # of DB Queries
-------------------------------------  -----  ---------  --------  ----------  --------------  -------------------  ----------------------
/opt/airflow/dags/job_scraping_dag.py                           1           0  0.63s           2026-03-21T23:36:19                      12
================================================================================
[2026-03-21T23:36:56.479+0000] {manager.py:997} INFO - 
================================================================================
DAG File Processing Stats

File Path                              PID    Runtime      # DAGs    # Errors  Last Runtime    Last Run               Last # of DB Queries
-------------------------------------  -----  ---------  --------  ----------  --------------  -------------------  ----------------------
/opt/airflow/dags/job_scraping_dag.py                           1           0  0.63s           2026-03-21T23:36:49                      12
================================================================================
[2026-03-21T23:37:26.803+0000] {manager.py:997} INFO - 
================================================================================
DAG File Processing Stats

File Path                              PID    Runtime      # DAGs    # Errors  Last Runtime    Last Run               Last # of DB Queries
-------------------------------------  -----  ---------  --------  ----------  --------------  -------------------  ----------------------
/opt/airflow/dags/job_scraping_dag.py                           1           0  0.61s           2026-03-21T23:37:20                      12
================================================================================
[2026-03-21T23:37:57.153+0000] {manager.py:997} INFO - 
================================================================================
DAG File Processing Stats

File Path                              PID    Runtime      # DAGs    # Errors  Last Runtime    Last Run               Last # of DB Queries
-------------------------------------  -----  ---------  --------  ----------  --------------  -------------------  ----------------------
/opt/airflow/dags/job_scraping_dag.py                           1           0  0.62s           2026-03-21T23:37:51                      12
================================================================================
[2026-03-21T23:38:14.936+0000] {manager.py:821} INFO - Searching for files in /opt/airflow/dags
[2026-03-21T23:38:14.978+0000] {manager.py:824} INFO - There are 1 files in /opt/airflow/dags
[2026-03-21T23:38:27.445+0000] {manager.py:997} INFO - 
================================================================================
DAG File Processing Stats

File Path                              PID    Runtime      # DAGs    # Errors  Last Runtime    Last Run               Last # of DB Queries
-------------------------------------  -----  ---------  --------  ----------  --------------  -------------------  ----------------------
/opt/airflow/dags/job_scraping_dag.py                           1           0  0.64s           2026-03-21T23:38:22                      12
================================================================================
[2026-03-21T23:38:57.653+0000] {manager.py:997} INFO - 
================================================================================
DAG File Processing Stats

File Path                              PID    Runtime      # DAGs    # Errors  Last Runtime    Last Run               Last # of DB Queries
-------------------------------------  -----  ---------  --------  ----------  --------------  -------------------  ----------------------
/opt/airflow/dags/job_scraping_dag.py                           1           0  0.85s           2026-03-21T23:38:53                      12
================================================================================
[2026-03-21T23:39:28.347+0000] {manager.py:997} INFO - 
================================================================================
DAG File Processing Stats

File Path                              PID    Runtime      # DAGs    # Errors  Last Runtime    Last Run               Last # of DB Queries
-------------------------------------  -----  ---------  --------  ----------  --------------  -------------------  ----------------------
/opt/airflow/dags/job_scraping_dag.py                           1           0  0.63s           2026-03-21T23:39:24                      12
================================================================================
[2026-03-21T23:39:58.885+0000] {manager.py:997} INFO - 
================================================================================
DAG File Processing Stats

File Path                              PID    Runtime      # DAGs    # Errors  Last Runtime    Last Run               Last # of DB Queries
-------------------------------------  -----  ---------  --------  ----------  --------------  -------------------  ----------------------
/opt/airflow/dags/job_scraping_dag.py                           1           0  0.65s           2026-03-21T23:39:55                      12
================================================================================
[2026-03-21T23:40:29.159+0000] {manager.py:997} INFO - 
================================================================================
DAG File Processing Stats

File Path                              PID    Runtime      # DAGs    # Errors  Last Runtime    Last Run               Last # of DB Queries
-------------------------------------  -----  ---------  --------  ----------  --------------  -------------------  ----------------------
/opt/airflow/dags/job_scraping_dag.py                           1           0  0.81s           2026-03-21T23:40:26                      12
================================================================================
[2026-03-21T23:40:59.680+0000] {manager.py:997} INFO - 
================================================================================
DAG File Processing Stats

File Path                              PID    Runtime      # DAGs    # Errors  Last Runtime    Last Run               Last # of DB Queries
-------------------------------------  -----  ---------  --------  ----------  --------------  -------------------  ----------------------
/opt/airflow/dags/job_scraping_dag.py                           1           0  0.67s           2026-03-21T23:40:57                      12
================================================================================
[2026-03-21T23:41:29.949+0000] {manager.py:997} INFO - 
================================================================================
DAG File Processing Stats

File Path                              PID    Runtime      # DAGs    # Errors  Last Runtime    Last Run               Last # of DB Queries
-------------------------------------  -----  ---------  --------  ----------  --------------  -------------------  ----------------------
/opt/airflow/dags/job_scraping_dag.py                           1           0  0.63s           2026-03-21T23:41:28                      12
================================================================================
[2026-03-21T23:42:00.312+0000] {manager.py:997} INFO - 
================================================================================
DAG File Processing Stats

File Path                              PID    Runtime      # DAGs    # Errors  Last Runtime    Last Run               Last # of DB Queries
-------------------------------------  -----  ---------  --------  ----------  --------------  -------------------  ----------------------
/opt/airflow/dags/job_scraping_dag.py                           1           0  0.63s           2026-03-21T23:41:58                      12
================================================================================
[2026-03-21T23:42:30.596+0000] {manager.py:997} INFO - 
================================================================================
DAG File Processing Stats

File Path                              PID    Runtime      # DAGs    # Errors  Last Runtime    Last Run               Last # of DB Queries
-------------------------------------  -----  ---------  --------  ----------  --------------  -------------------  ----------------------
/opt/airflow/dags/job_scraping_dag.py                           1           0  0.61s           2026-03-21T23:42:29                      12
================================================================================
[2026-03-21T23:43:01.137+0000] {manager.py:997} INFO - 
================================================================================
DAG File Processing Stats

File Path                              PID    Runtime      # DAGs    # Errors  Last Runtime    Last Run               Last # of DB Queries
-------------------------------------  -----  ---------  --------  ----------  --------------  -------------------  ----------------------
/opt/airflow/dags/job_scraping_dag.py                           1           0  0.62s           2026-03-21T23:43:00                      12
================================================================================
[2026-03-21T23:43:15.283+0000] {manager.py:821} INFO - Searching for files in /opt/airflow/dags
[2026-03-21T23:43:15.322+0000] {manager.py:824} INFO - There are 1 files in /opt/airflow/dags
[2026-03-21T23:43:31.460+0000] {manager.py:997} INFO - 
================================================================================
DAG File Processing Stats

File Path                                PID  Runtime      # DAGs    # Errors  Last Runtime    Last Run               Last # of DB Queries
-------------------------------------  -----  ---------  --------  ----------  --------------  -------------------  ----------------------
/opt/airflow/dags/job_scraping_dag.py   3014  0.56s             1           0  0.62s           2026-03-21T23:43:00                      12
================================================================================
[2026-03-21T23:44:01.820+0000] {manager.py:997} INFO - 
================================================================================
DAG File Processing Stats

File Path                                PID  Runtime      # DAGs    # Errors  Last Runtime    Last Run               Last # of DB Queries
-------------------------------------  -----  ---------  --------  ----------  --------------  -------------------  ----------------------
/opt/airflow/dags/job_scraping_dag.py   3020  0.00s             1           0  0.64s           2026-03-21T23:43:31                      12
================================================================================
[2026-03-21T23:44:32.150+0000] {manager.py:997} INFO - 
================================================================================
DAG File Processing Stats

File Path                              PID    Runtime      # DAGs    # Errors  Last Runtime    Last Run               Last # of DB Queries
-------------------------------------  -----  ---------  --------  ----------  --------------  -------------------  ----------------------
/opt/airflow/dags/job_scraping_dag.py                           1           0  0.60s           2026-03-21T23:44:02                      12
================================================================================
[2026-03-21T23:45:02.454+0000] {manager.py:997} INFO - 
================================================================================
DAG File Processing Stats

File Path                              PID    Runtime      # DAGs    # Errors  Last Runtime    Last Run               Last # of DB Queries
-------------------------------------  -----  ---------  --------  ----------  --------------  -------------------  ----------------------
/opt/airflow/dags/job_scraping_dag.py                           1           0  0.78s           2026-03-21T23:44:33                      12
================================================================================
[2026-03-21T23:45:32.757+0000] {manager.py:997} INFO - 
================================================================================
DAG File Processing Stats

File Path                              PID    Runtime      # DAGs    # Errors  Last Runtime    Last Run               Last # of DB Queries
-------------------------------------  -----  ---------  --------  ----------  --------------  -------------------  ----------------------
/opt/airflow/dags/job_scraping_dag.py                           1           0  0.67s           2026-03-21T23:45:04                      12
================================================================================
[2026-03-21T23:46:03.068+0000] {manager.py:997} INFO - 
================================================================================
DAG File Processing Stats

File Path                              PID    Runtime      # DAGs    # Errors  Last Runtime    Last Run               Last # of DB Queries
-------------------------------------  -----  ---------  --------  ----------  --------------  -------------------  ----------------------
/opt/airflow/dags/job_scraping_dag.py                           1           0  0.68s           2026-03-21T23:45:35                      12
================================================================================
[2026-03-21T23:46:33.366+0000] {manager.py:997} INFO - 
================================================================================
DAG File Processing Stats

File Path                              PID    Runtime      # DAGs    # Errors  Last Runtime    Last Run               Last # of DB Queries
-------------------------------------  -----  ---------  --------  ----------  --------------  -------------------  ----------------------
/opt/airflow/dags/job_scraping_dag.py                           1           0  0.70s           2026-03-21T23:46:06                      12
================================================================================
[2026-03-21T23:47:03.679+0000] {manager.py:997} INFO - 
================================================================================
DAG File Processing Stats

File Path                              PID    Runtime      # DAGs    # Errors  Last Runtime    Last Run               Last # of DB Queries
-------------------------------------  -----  ---------  --------  ----------  --------------  -------------------  ----------------------
/opt/airflow/dags/job_scraping_dag.py                           1           0  0.64s           2026-03-21T23:46:37                      12
================================================================================
[2026-03-21T23:47:34.002+0000] {manager.py:997} INFO - 
================================================================================
DAG File Processing Stats

File Path                              PID    Runtime      # DAGs    # Errors  Last Runtime    Last Run               Last # of DB Queries
-------------------------------------  -----  ---------  --------  ----------  --------------  -------------------  ----------------------
/opt/airflow/dags/job_scraping_dag.py                           1           0  0.67s           2026-03-21T23:47:08                      12
================================================================================
[2026-03-21T23:48:04.305+0000] {manager.py:997} INFO - 
================================================================================
DAG File Processing Stats

File Path                              PID    Runtime      # DAGs    # Errors  Last Runtime    Last Run               Last # of DB Queries
-------------------------------------  -----  ---------  --------  ----------  --------------  -------------------  ----------------------
/opt/airflow/dags/job_scraping_dag.py                           1           0  0.63s           2026-03-21T23:47:39                      12
================================================================================
[2026-03-21T23:48:15.679+0000] {manager.py:821} INFO - Searching for files in /opt/airflow/dags
[2026-03-21T23:48:15.723+0000] {manager.py:824} INFO - There are 1 files in /opt/airflow/dags
[2026-03-21T23:48:34.923+0000] {manager.py:997} INFO - 
================================================================================
DAG File Processing Stats

File Path                              PID    Runtime      # DAGs    # Errors  Last Runtime    Last Run               Last # of DB Queries
-------------------------------------  -----  ---------  --------  ----------  --------------  -------------------  ----------------------
/opt/airflow/dags/job_scraping_dag.py                           1           0  0.63s           2026-03-21T23:48:09                      12
================================================================================
[2026-03-21T23:49:05.180+0000] {manager.py:997} INFO - 
================================================================================
DAG File Processing Stats

File Path                              PID    Runtime      # DAGs    # Errors  Last Runtime    Last Run               Last # of DB Queries
-------------------------------------  -----  ---------  --------  ----------  --------------  -------------------  ----------------------
/opt/airflow/dags/job_scraping_dag.py                           1           0  0.63s           2026-03-21T23:48:40                      12
================================================================================
[2026-03-21T23:49:35.848+0000] {manager.py:997} INFO - 
================================================================================
DAG File Processing Stats

File Path                              PID    Runtime      # DAGs    # Errors  Last Runtime    Last Run               Last # of DB Queries
-------------------------------------  -----  ---------  --------  ----------  --------------  -------------------  ----------------------
/opt/airflow/dags/job_scraping_dag.py                           1           0  0.60s           2026-03-21T23:49:11                      12
================================================================================
[2026-03-21T23:50:06.447+0000] {manager.py:997} INFO - 
================================================================================
DAG File Processing Stats

File Path                              PID    Runtime      # DAGs    # Errors  Last Runtime    Last Run               Last # of DB Queries
-------------------------------------  -----  ---------  --------  ----------  --------------  -------------------  ----------------------
/opt/airflow/dags/job_scraping_dag.py                           1           0  0.63s           2026-03-21T23:49:42                      12
================================================================================
[2026-03-21T23:50:36.786+0000] {manager.py:997} INFO - 
================================================================================
DAG File Processing Stats

File Path                              PID    Runtime      # DAGs    # Errors  Last Runtime    Last Run               Last # of DB Queries
-------------------------------------  -----  ---------  --------  ----------  --------------  -------------------  ----------------------
/opt/airflow/dags/job_scraping_dag.py                           1           0  0.63s           2026-03-21T23:50:13                      12
================================================================================
[2026-03-21T23:51:06.797+0000] {manager.py:997} INFO - 
================================================================================
DAG File Processing Stats

File Path                              PID    Runtime      # DAGs    # Errors  Last Runtime    Last Run               Last # of DB Queries
-------------------------------------  -----  ---------  --------  ----------  --------------  -------------------  ----------------------
/opt/airflow/dags/job_scraping_dag.py                           1           0  0.70s           2026-03-21T23:50:44                      12
================================================================================
[2026-03-21T23:51:37.489+0000] {manager.py:997} INFO - 
================================================================================
DAG File Processing Stats

File Path                              PID    Runtime      # DAGs    # Errors  Last Runtime    Last Run               Last # of DB Queries
-------------------------------------  -----  ---------  --------  ----------  --------------  -------------------  ----------------------
/opt/airflow/dags/job_scraping_dag.py                           1           0  0.62s           2026-03-21T23:51:15                      12
================================================================================
[2026-03-21T23:52:07.554+0000] {manager.py:997} INFO - 
================================================================================
DAG File Processing Stats

File Path                              PID    Runtime      # DAGs    # Errors  Last Runtime    Last Run               Last # of DB Queries
-------------------------------------  -----  ---------  --------  ----------  --------------  -------------------  ----------------------
/opt/airflow/dags/job_scraping_dag.py                           1           0  0.69s           2026-03-21T23:51:46                      12
================================================================================
[2026-03-21T23:52:37.838+0000] {manager.py:997} INFO - 
================================================================================
DAG File Processing Stats

File Path                              PID    Runtime      # DAGs    # Errors  Last Runtime    Last Run               Last # of DB Queries
-------------------------------------  -----  ---------  --------  ----------  --------------  -------------------  ----------------------
/opt/airflow/dags/job_scraping_dag.py                           1           0  1.17s           2026-03-21T23:52:17                      12
================================================================================
[2026-03-21T23:53:07.866+0000] {manager.py:997} INFO - 
================================================================================
DAG File Processing Stats

File Path                              PID    Runtime      # DAGs    # Errors  Last Runtime    Last Run               Last # of DB Queries
-------------------------------------  -----  ---------  --------  ----------  --------------  -------------------  ----------------------
/opt/airflow/dags/job_scraping_dag.py                           1           0  0.75s           2026-03-21T23:52:48                      12
================================================================================
[2026-03-21T23:53:15.934+0000] {manager.py:821} INFO - Searching for files in /opt/airflow/dags
[2026-03-21T23:53:15.976+0000] {manager.py:824} INFO - There are 1 files in /opt/airflow/dags
[2026-03-21T23:53:38.560+0000] {manager.py:997} INFO - 
================================================================================
DAG File Processing Stats

File Path                              PID    Runtime      # DAGs    # Errors  Last Runtime    Last Run               Last # of DB Queries
-------------------------------------  -----  ---------  --------  ----------  --------------  -------------------  ----------------------
/opt/airflow/dags/job_scraping_dag.py                           1           0  0.64s           2026-03-21T23:53:19                      12
================================================================================
[2026-03-21T23:54:08.808+0000] {manager.py:997} INFO - 
================================================================================
DAG File Processing Stats

File Path                              PID    Runtime      # DAGs    # Errors  Last Runtime    Last Run               Last # of DB Queries
-------------------------------------  -----  ---------  --------  ----------  --------------  -------------------  ----------------------
/opt/airflow/dags/job_scraping_dag.py                           1           0  0.67s           2026-03-21T23:53:50                      12
================================================================================
[2026-03-21T23:54:39.450+0000] {manager.py:997} INFO - 
================================================================================
DAG File Processing Stats

File Path                              PID    Runtime      # DAGs    # Errors  Last Runtime    Last Run               Last # of DB Queries
-------------------------------------  -----  ---------  --------  ----------  --------------  -------------------  ----------------------
/opt/airflow/dags/job_scraping_dag.py                           1           0  0.62s           2026-03-21T23:54:21                      12
================================================================================
[2026-03-21T23:55:10.026+0000] {manager.py:997} INFO - 
================================================================================
DAG File Processing Stats

File Path                              PID    Runtime      # DAGs    # Errors  Last Runtime    Last Run               Last # of DB Queries
-------------------------------------  -----  ---------  --------  ----------  --------------  -------------------  ----------------------
/opt/airflow/dags/job_scraping_dag.py                           1           0  0.64s           2026-03-21T23:54:52                      12
================================================================================
[2026-03-21T23:55:40.315+0000] {manager.py:997} INFO - 
================================================================================
DAG File Processing Stats

File Path                              PID    Runtime      # DAGs    # Errors  Last Runtime    Last Run               Last # of DB Queries
-------------------------------------  -----  ---------  --------  ----------  --------------  -------------------  ----------------------
/opt/airflow/dags/job_scraping_dag.py                           1           0  0.62s           2026-03-21T23:55:23                      12
================================================================================
[2026-03-21T23:56:10.397+0000] {manager.py:997} INFO - 
================================================================================
DAG File Processing Stats

File Path                              PID    Runtime      # DAGs    # Errors  Last Runtime    Last Run               Last # of DB Queries
-------------------------------------  -----  ---------  --------  ----------  --------------  -------------------  ----------------------
/opt/airflow/dags/job_scraping_dag.py                           1           0  0.76s           2026-03-21T23:55:54                      12
================================================================================
[2026-03-21T23:56:41.320+0000] {manager.py:997} INFO - 
================================================================================
DAG File Processing Stats

File Path                              PID    Runtime      # DAGs    # Errors  Last Runtime    Last Run               Last # of DB Queries
-------------------------------------  -----  ---------  --------  ----------  --------------  -------------------  ----------------------
/opt/airflow/dags/job_scraping_dag.py                           1           0  0.64s           2026-03-21T23:56:25                      12
================================================================================
[2026-03-21T23:57:11.695+0000] {manager.py:997} INFO - 
================================================================================
DAG File Processing Stats

File Path                              PID    Runtime      # DAGs    # Errors  Last Runtime    Last Run               Last # of DB Queries
-------------------------------------  -----  ---------  --------  ----------  --------------  -------------------  ----------------------
/opt/airflow/dags/job_scraping_dag.py                           1           0  0.64s           2026-03-21T23:56:56                      12
================================================================================
[2026-03-21T23:57:42.014+0000] {manager.py:997} INFO - 
================================================================================
DAG File Processing Stats

File Path                              PID    Runtime      # DAGs    # Errors  Last Runtime    Last Run               Last # of DB Queries
-------------------------------------  -----  ---------  --------  ----------  --------------  -------------------  ----------------------
/opt/airflow/dags/job_scraping_dag.py                           1           0  0.70s           2026-03-21T23:57:27                      12
================================================================================
[2026-03-21T23:58:12.588+0000] {manager.py:997} INFO - 
================================================================================
DAG File Processing Stats

File Path                              PID    Runtime      # DAGs    # Errors  Last Runtime    Last Run               Last # of DB Queries
-------------------------------------  -----  ---------  --------  ----------  --------------  -------------------  ----------------------
/opt/airflow/dags/job_scraping_dag.py                           1           0  0.64s           2026-03-21T23:57:57                      12
================================================================================
[2026-03-21T23:58:15.983+0000] {manager.py:821} INFO - Searching for files in /opt/airflow/dags
[2026-03-21T23:58:16.022+0000] {manager.py:824} INFO - There are 1 files in /opt/airflow/dags
[2026-03-21T23:58:42.849+0000] {manager.py:997} INFO - 
================================================================================
DAG File Processing Stats

File Path                              PID    Runtime      # DAGs    # Errors  Last Runtime    Last Run               Last # of DB Queries
-------------------------------------  -----  ---------  --------  ----------  --------------  -------------------  ----------------------
/opt/airflow/dags/job_scraping_dag.py                           1           0  0.68s           2026-03-21T23:58:28                      12
================================================================================
[2026-03-21T23:59:13.169+0000] {manager.py:997} INFO - 
================================================================================
DAG File Processing Stats

File Path                              PID    Runtime      # DAGs    # Errors  Last Runtime    Last Run               Last # of DB Queries
-------------------------------------  -----  ---------  --------  ----------  --------------  -------------------  ----------------------
/opt/airflow/dags/job_scraping_dag.py                           1           0  0.72s           2026-03-21T23:58:59                      12
================================================================================
[2026-03-21T23:59:43.450+0000] {manager.py:997} INFO - 
================================================================================
DAG File Processing Stats

File Path                              PID    Runtime      # DAGs    # Errors  Last Runtime    Last Run               Last # of DB Queries
-------------------------------------  -----  ---------  --------  ----------  --------------  -------------------  ----------------------
/opt/airflow/dags/job_scraping_dag.py                           1           0  0.67s           2026-03-21T23:59:30                      12
================================================================================
[2026-03-22T00:00:13.738+0000] {manager.py:997} INFO - 
================================================================================
DAG File Processing Stats

File Path                              PID    Runtime      # DAGs    # Errors  Last Runtime    Last Run               Last # of DB Queries
-------------------------------------  -----  ---------  --------  ----------  --------------  -------------------  ----------------------
/opt/airflow/dags/job_scraping_dag.py                           1           0  0.69s           2026-03-22T00:00:01                      12
================================================================================
[2026-03-22T00:00:44.113+0000] {manager.py:997} INFO - 
================================================================================
DAG File Processing Stats

File Path                              PID    Runtime      # DAGs    # Errors  Last Runtime    Last Run               Last # of DB Queries
-------------------------------------  -----  ---------  --------  ----------  --------------  -------------------  ----------------------
/opt/airflow/dags/job_scraping_dag.py                           1           0  0.68s           2026-03-22T00:00:32                      12
================================================================================
[2026-03-22T00:01:14.453+0000] {manager.py:997} INFO - 
================================================================================
DAG File Processing Stats

File Path                              PID    Runtime      # DAGs    # Errors  Last Runtime    Last Run               Last # of DB Queries
-------------------------------------  -----  ---------  --------  ----------  --------------  -------------------  ----------------------
/opt/airflow/dags/job_scraping_dag.py                           1           0  0.62s           2026-03-22T00:01:03                      12
================================================================================
[2026-03-22T00:01:44.611+0000] {manager.py:997} INFO - 
================================================================================
DAG File Processing Stats

File Path                              PID    Runtime      # DAGs    # Errors  Last Runtime    Last Run               Last # of DB Queries
-------------------------------------  -----  ---------  --------  ----------  --------------  -------------------  ----------------------
/opt/airflow/dags/job_scraping_dag.py                           1           0  0.79s           2026-03-22T00:01:34                      12
================================================================================
[2026-03-22T00:02:14.614+0000] {manager.py:997} INFO - 
================================================================================
DAG File Processing Stats

File Path                              PID    Runtime      # DAGs    # Errors  Last Runtime    Last Run               Last # of DB Queries
-------------------------------------  -----  ---------  --------  ----------  --------------  -------------------  ----------------------
/opt/airflow/dags/job_scraping_dag.py                           1           0  0.67s           2026-03-22T00:02:05                      12
================================================================================
[2026-03-22T00:02:44.944+0000] {manager.py:997} INFO - 
================================================================================
DAG File Processing Stats

File Path                              PID    Runtime      # DAGs    # Errors  Last Runtime    Last Run               Last # of DB Queries
-------------------------------------  -----  ---------  --------  ----------  --------------  -------------------  ----------------------
/opt/airflow/dags/job_scraping_dag.py                           1           0  0.72s           2026-03-22T00:02:36                      12
================================================================================
[2026-03-22T00:03:15.270+0000] {manager.py:997} INFO - 
================================================================================
DAG File Processing Stats

File Path                              PID    Runtime      # DAGs    # Errors  Last Runtime    Last Run               Last # of DB Queries
-------------------------------------  -----  ---------  --------  ----------  --------------  -------------------  ----------------------
/opt/airflow/dags/job_scraping_dag.py                           1           0  0.71s           2026-03-22T00:03:07                      12
================================================================================
[2026-03-22T00:03:16.278+0000] {manager.py:821} INFO - Searching for files in /opt/airflow/dags
[2026-03-22T00:03:16.329+0000] {manager.py:824} INFO - There are 1 files in /opt/airflow/dags
[2026-03-22T00:03:45.767+0000] {manager.py:997} INFO - 
================================================================================
DAG File Processing Stats

File Path                              PID    Runtime      # DAGs    # Errors  Last Runtime    Last Run               Last # of DB Queries
-------------------------------------  -----  ---------  --------  ----------  --------------  -------------------  ----------------------
/opt/airflow/dags/job_scraping_dag.py                           1           0  0.62s           2026-03-22T00:03:38                      12
================================================================================
[2026-03-22T00:04:16.056+0000] {manager.py:997} INFO - 
================================================================================
DAG File Processing Stats

File Path                              PID    Runtime      # DAGs    # Errors  Last Runtime    Last Run               Last # of DB Queries
-------------------------------------  -----  ---------  --------  ----------  --------------  -------------------  ----------------------
/opt/airflow/dags/job_scraping_dag.py                           1           0  0.67s           2026-03-22T00:04:09                      12
================================================================================
[2026-03-22T01:30:26.318+0000] {manager.py:821} INFO - Searching for files in /opt/airflow/dags
[2026-03-22T01:30:26.570+0000] {manager.py:824} INFO - There are 1 files in /opt/airflow/dags
[2026-03-22T01:47:39.836+0000] {manager.py:821} INFO - Searching for files in /opt/airflow/dags
[2026-03-22T01:47:40.088+0000] {manager.py:824} INFO - There are 1 files in /opt/airflow/dags
[2026-03-22T01:47:40.156+0000] {manager.py:1366} ERROR - Processor for /opt/airflow/dags/job_scraping_dag.py with PID 3260 started at 2026-03-22T01:30:26.679857+00:00 has timed out, killing it.
[2026-03-22T19:50:11.687+0000] {manager.py:821} INFO - Searching for files in /opt/airflow/dags
[2026-03-22T19:50:11.787+0000] {manager.py:824} INFO - There are 1 files in /opt/airflow/dags
[2026-03-22T19:50:22.854+0000] {manager.py:997} INFO - 
================================================================================
DAG File Processing Stats

File Path                              PID    Runtime      # DAGs    # Errors  Last Runtime    Last Run               Last # of DB Queries
-------------------------------------  -----  ---------  --------  ----------  --------------  -------------------  ----------------------
/opt/airflow/dags/job_scraping_dag.py                           1           0  5.78s           2026-03-22T19:50:17                      34
================================================================================
[2026-03-22T19:50:52.897+0000] {manager.py:997} INFO - 
================================================================================
DAG File Processing Stats

File Path                              PID    Runtime      # DAGs    # Errors  Last Runtime    Last Run               Last # of DB Queries
-------------------------------------  -----  ---------  --------  ----------  --------------  -------------------  ----------------------
/opt/airflow/dags/job_scraping_dag.py                           1           0  2.16s           2026-03-22T19:50:49                      12
================================================================================
[2026-03-22T19:51:23.320+0000] {manager.py:997} INFO - 
================================================================================
DAG File Processing Stats

File Path                              PID    Runtime      # DAGs    # Errors  Last Runtime    Last Run               Last # of DB Queries
-------------------------------------  -----  ---------  --------  ----------  --------------  -------------------  ----------------------
/opt/airflow/dags/job_scraping_dag.py                           1           0  1.06s           2026-03-22T19:51:21                      12
================================================================================
[2026-03-22T19:51:54.273+0000] {manager.py:997} INFO - 
================================================================================
DAG File Processing Stats

File Path                                PID  Runtime      # DAGs    # Errors  Last Runtime    Last Run               Last # of DB Queries
-------------------------------------  -----  ---------  --------  ----------  --------------  -------------------  ----------------------
/opt/airflow/dags/job_scraping_dag.py   3296  2.16s             1           0  1.06s           2026-03-22T19:51:21                      12
================================================================================
[2026-03-22T19:52:24.360+0000] {manager.py:997} INFO - 
================================================================================
DAG File Processing Stats

File Path                              PID    Runtime      # DAGs    # Errors  Last Runtime    Last Run               Last # of DB Queries
-------------------------------------  -----  ---------  --------  ----------  --------------  -------------------  ----------------------
/opt/airflow/dags/job_scraping_dag.py                           1           0  4.42s           2026-03-22T19:51:56                      12
================================================================================
[2026-03-22T19:52:54.401+0000] {manager.py:997} INFO - 
================================================================================
DAG File Processing Stats

File Path                              PID    Runtime      # DAGs    # Errors  Last Runtime    Last Run               Last # of DB Queries
-------------------------------------  -----  ---------  --------  ----------  --------------  -------------------  ----------------------
/opt/airflow/dags/job_scraping_dag.py                           1           0  6.47s           2026-03-22T19:52:33                      12
================================================================================
[2026-03-22T19:53:24.468+0000] {manager.py:997} INFO - 
================================================================================
DAG File Processing Stats

File Path                              PID    Runtime      # DAGs    # Errors  Last Runtime    Last Run               Last # of DB Queries
-------------------------------------  -----  ---------  --------  ----------  --------------  -------------------  ----------------------
/opt/airflow/dags/job_scraping_dag.py                           1           0  4.41s           2026-03-22T19:53:08                      12
================================================================================
[2026-03-22T19:53:55.034+0000] {manager.py:997} INFO - 
================================================================================
DAG File Processing Stats

File Path                              PID    Runtime      # DAGs    # Errors  Last Runtime    Last Run               Last # of DB Queries
-------------------------------------  -----  ---------  --------  ----------  --------------  -------------------  ----------------------
/opt/airflow/dags/job_scraping_dag.py                           1           0  5.77s           2026-03-22T19:53:44                      12
================================================================================
[2026-03-22T19:54:25.219+0000] {manager.py:997} INFO - 
================================================================================
DAG File Processing Stats

File Path                              PID    Runtime      # DAGs    # Errors  Last Runtime    Last Run               Last # of DB Queries
-------------------------------------  -----  ---------  --------  ----------  --------------  -------------------  ----------------------
/opt/airflow/dags/job_scraping_dag.py                           1           0  2.52s           2026-03-22T19:54:18                      12
================================================================================
[2026-03-22T19:54:54.300+0000] {manager.py:465} INFO - Exiting gracefully upon receiving signal 15
[2026-03-22T20:03:41.133+0000] {manager.py:483} INFO - Processing files using up to 2 processes at a time 
[2026-03-22T20:03:41.135+0000] {manager.py:484} INFO - Process each file at most once every 30 seconds
[2026-03-22T20:03:41.136+0000] {manager.py:485} INFO - Checking for new files in /opt/airflow/dags every 300 seconds
[2026-03-22T20:03:41.138+0000] {manager.py:821} INFO - Searching for files in /opt/airflow/dags
[2026-03-22T20:03:41.225+0000] {manager.py:824} INFO - There are 1 files in /opt/airflow/dags
[2026-03-22T20:03:41.442+0000] {manager.py:997} INFO - 
================================================================================
DAG File Processing Stats

File Path                                PID  Runtime      # DAGs    # Errors  Last Runtime    Last Run      Last # of DB Queries
-------------------------------------  -----  ---------  --------  ----------  --------------  ----------  ----------------------
/opt/airflow/dags/job_scraping_dag.py    173  0.07s             0           0                                                   0
================================================================================
[2026-03-22T20:04:11.570+0000] {manager.py:997} INFO - 
================================================================================
DAG File Processing Stats

File Path                              PID    Runtime      # DAGs    # Errors  Last Runtime    Last Run               Last # of DB Queries
-------------------------------------  -----  ---------  --------  ----------  --------------  -------------------  ----------------------
/opt/airflow/dags/job_scraping_dag.py                           1           0  1.97s           2026-03-22T20:03:43                      12
================================================================================
[2026-03-22T20:04:41.667+0000] {manager.py:997} INFO - 
================================================================================
DAG File Processing Stats

File Path                              PID    Runtime      # DAGs    # Errors  Last Runtime    Last Run               Last # of DB Queries
-------------------------------------  -----  ---------  --------  ----------  --------------  -------------------  ----------------------
/opt/airflow/dags/job_scraping_dag.py                           1           0  0.86s           2026-03-22T20:04:14                      12
================================================================================
[2026-03-22T20:05:12.161+0000] {manager.py:997} INFO - 
================================================================================
DAG File Processing Stats

File Path                              PID    Runtime      # DAGs    # Errors  Last Runtime    Last Run               Last # of DB Queries
-------------------------------------  -----  ---------  --------  ----------  --------------  -------------------  ----------------------
/opt/airflow/dags/job_scraping_dag.py                           1           0  0.64s           2026-03-22T20:04:45                      12
================================================================================
[2026-03-22T20:05:42.372+0000] {manager.py:997} INFO - 
================================================================================
DAG File Processing Stats

File Path                              PID    Runtime      # DAGs    # Errors  Last Runtime    Last Run               Last # of DB Queries
-------------------------------------  -----  ---------  --------  ----------  --------------  -------------------  ----------------------
/opt/airflow/dags/job_scraping_dag.py                           1           0  0.63s           2026-03-22T20:05:16                      12
================================================================================
[2026-03-22T20:06:12.474+0000] {manager.py:997} INFO - 
================================================================================
DAG File Processing Stats

File Path                              PID    Runtime      # DAGs    # Errors  Last Runtime    Last Run               Last # of DB Queries
-------------------------------------  -----  ---------  --------  ----------  --------------  -------------------  ----------------------
/opt/airflow/dags/job_scraping_dag.py                           1           0  0.87s           2026-03-22T20:05:47                      12
================================================================================
[2026-03-22T20:06:43.206+0000] {manager.py:997} INFO - 
================================================================================
DAG File Processing Stats

File Path                              PID    Runtime      # DAGs    # Errors  Last Runtime    Last Run               Last # of DB Queries
-------------------------------------  -----  ---------  --------  ----------  --------------  -------------------  ----------------------
/opt/airflow/dags/job_scraping_dag.py                           1           0  0.68s           2026-03-22T20:06:18                      12
================================================================================
[2026-03-22T20:07:13.318+0000] {manager.py:997} INFO - 
================================================================================
DAG File Processing Stats

File Path                              PID    Runtime      # DAGs    # Errors  Last Runtime    Last Run               Last # of DB Queries
-------------------------------------  -----  ---------  --------  ----------  --------------  -------------------  ----------------------
/opt/airflow/dags/job_scraping_dag.py                           1           0  0.83s           2026-03-22T20:06:49                      12
================================================================================
[2026-03-22T20:07:43.879+0000] {manager.py:997} INFO - 
================================================================================
DAG File Processing Stats

File Path                              PID    Runtime      # DAGs    # Errors  Last Runtime    Last Run               Last # of DB Queries
-------------------------------------  -----  ---------  --------  ----------  --------------  -------------------  ----------------------
/opt/airflow/dags/job_scraping_dag.py                           1           0  0.63s           2026-03-22T20:07:20                      12
================================================================================
[2026-03-22T20:08:14.148+0000] {manager.py:997} INFO - 
================================================================================
DAG File Processing Stats

File Path                              PID    Runtime      # DAGs    # Errors  Last Runtime    Last Run               Last # of DB Queries
-------------------------------------  -----  ---------  --------  ----------  --------------  -------------------  ----------------------
/opt/airflow/dags/job_scraping_dag.py                           1           0  0.82s           2026-03-22T20:07:51                      12
================================================================================
[2026-03-22T20:10:11.532+0000] {manager.py:483} INFO - Processing files using up to 2 processes at a time 
[2026-03-22T20:10:11.535+0000] {manager.py:484} INFO - Process each file at most once every 30 seconds
[2026-03-22T20:10:11.536+0000] {manager.py:485} INFO - Checking for new files in /opt/airflow/dags every 300 seconds
[2026-03-22T20:10:11.537+0000] {manager.py:821} INFO - Searching for files in /opt/airflow/dags
[2026-03-22T20:10:11.564+0000] {manager.py:824} INFO - There are 1 files in /opt/airflow/dags
[2026-03-22T20:10:11.675+0000] {manager.py:997} INFO - 
================================================================================
DAG File Processing Stats

File Path                                PID  Runtime      # DAGs    # Errors  Last Runtime    Last Run      Last # of DB Queries
-------------------------------------  -----  ---------  --------  ----------  --------------  ----------  ----------------------
/opt/airflow/dags/job_scraping_dag.py    168  0.04s             0           0                                                   0
================================================================================
[2026-03-22T20:10:41.940+0000] {manager.py:997} INFO - 
================================================================================
DAG File Processing Stats

File Path                              PID    Runtime      # DAGs    # Errors  Last Runtime    Last Run               Last # of DB Queries
-------------------------------------  -----  ---------  --------  ----------  --------------  -------------------  ----------------------
/opt/airflow/dags/job_scraping_dag.py                           1           0  1.07s           2026-03-22T20:10:12                      12
================================================================================
[2026-03-22T20:11:11.946+0000] {manager.py:997} INFO - 
================================================================================
DAG File Processing Stats

File Path                              PID    Runtime      # DAGs    # Errors  Last Runtime    Last Run               Last # of DB Queries
-------------------------------------  -----  ---------  --------  ----------  --------------  -------------------  ----------------------
/opt/airflow/dags/job_scraping_dag.py                           1           0  0.75s           2026-03-22T20:10:43                      12
================================================================================
[2026-03-22T20:11:41.988+0000] {manager.py:997} INFO - 
================================================================================
DAG File Processing Stats

File Path                              PID    Runtime      # DAGs    # Errors  Last Runtime    Last Run               Last # of DB Queries
-------------------------------------  -----  ---------  --------  ----------  --------------  -------------------  ----------------------
/opt/airflow/dags/job_scraping_dag.py                           1           0  0.83s           2026-03-22T20:11:14                      12
================================================================================
[2026-03-22T20:12:12.042+0000] {manager.py:997} INFO - 
================================================================================
DAG File Processing Stats

File Path                              PID    Runtime      # DAGs    # Errors  Last Runtime    Last Run               Last # of DB Queries
-------------------------------------  -----  ---------  --------  ----------  --------------  -------------------  ----------------------
/opt/airflow/dags/job_scraping_dag.py                           1           0  0.82s           2026-03-22T20:11:45                      12
================================================================================
[2026-03-22T20:12:42.891+0000] {manager.py:997} INFO - 
================================================================================
DAG File Processing Stats

File Path                              PID    Runtime      # DAGs    # Errors  Last Runtime    Last Run               Last # of DB Queries
-------------------------------------  -----  ---------  --------  ----------  --------------  -------------------  ----------------------
/opt/airflow/dags/job_scraping_dag.py                           1           0  0.63s           2026-03-22T20:12:16                      12
================================================================================
[2026-03-22T20:13:13.058+0000] {manager.py:997} INFO - 
================================================================================
DAG File Processing Stats

File Path                              PID    Runtime      # DAGs    # Errors  Last Runtime    Last Run               Last # of DB Queries
-------------------------------------  -----  ---------  --------  ----------  --------------  -------------------  ----------------------
/opt/airflow/dags/job_scraping_dag.py                           1           0  0.91s           2026-03-22T20:12:47                      12
================================================================================
[2026-03-22T20:13:43.380+0000] {manager.py:997} INFO - 
================================================================================
DAG File Processing Stats

File Path                              PID    Runtime      # DAGs    # Errors  Last Runtime    Last Run               Last # of DB Queries
-------------------------------------  -----  ---------  --------  ----------  --------------  -------------------  ----------------------
/opt/airflow/dags/job_scraping_dag.py                           1           0  0.64s           2026-03-22T20:13:18                      12
================================================================================
[2026-03-22T20:14:13.621+0000] {manager.py:997} INFO - 
================================================================================
DAG File Processing Stats

File Path                              PID    Runtime      # DAGs    # Errors  Last Runtime    Last Run               Last # of DB Queries
-------------------------------------  -----  ---------  --------  ----------  --------------  -------------------  ----------------------
/opt/airflow/dags/job_scraping_dag.py                           1           0  0.76s           2026-03-22T20:13:49                      12
================================================================================
[2026-03-22T20:14:43.846+0000] {manager.py:997} INFO - 
================================================================================
DAG File Processing Stats

File Path                              PID    Runtime      # DAGs    # Errors  Last Runtime    Last Run               Last # of DB Queries
-------------------------------------  -----  ---------  --------  ----------  --------------  -------------------  ----------------------
/opt/airflow/dags/job_scraping_dag.py                           1           0  0.73s           2026-03-22T20:14:20                      12
================================================================================
[2026-03-22T20:15:11.779+0000] {manager.py:821} INFO - Searching for files in /opt/airflow/dags
[2026-03-22T20:15:11.801+0000] {manager.py:824} INFO - There are 1 files in /opt/airflow/dags
[2026-03-22T20:15:14.165+0000] {manager.py:997} INFO - 
================================================================================
DAG File Processing Stats

File Path                              PID    Runtime      # DAGs    # Errors  Last Runtime    Last Run               Last # of DB Queries
-------------------------------------  -----  ---------  --------  ----------  --------------  -------------------  ----------------------
/opt/airflow/dags/job_scraping_dag.py                           1           0  0.66s           2026-03-22T20:14:51                      12
================================================================================
[2026-03-22T20:15:44.407+0000] {manager.py:997} INFO - 
================================================================================
DAG File Processing Stats

File Path                              PID    Runtime      # DAGs    # Errors  Last Runtime    Last Run               Last # of DB Queries
-------------------------------------  -----  ---------  --------  ----------  --------------  -------------------  ----------------------
/opt/airflow/dags/job_scraping_dag.py                           1           0  0.79s           2026-03-22T20:15:22                      12
================================================================================
[2026-03-22T20:16:14.673+0000] {manager.py:997} INFO - 
================================================================================
DAG File Processing Stats

File Path                              PID    Runtime      # DAGs    # Errors  Last Runtime    Last Run               Last # of DB Queries
-------------------------------------  -----  ---------  --------  ----------  --------------  -------------------  ----------------------
/opt/airflow/dags/job_scraping_dag.py                           1           0  0.67s           2026-03-22T20:15:53                      12
================================================================================
[2026-03-22T20:16:45.035+0000] {manager.py:997} INFO - 
================================================================================
DAG File Processing Stats

File Path                              PID    Runtime      # DAGs    # Errors  Last Runtime    Last Run               Last # of DB Queries
-------------------------------------  -----  ---------  --------  ----------  --------------  -------------------  ----------------------
/opt/airflow/dags/job_scraping_dag.py                           1           0  0.67s           2026-03-22T20:16:24                      12
================================================================================
[2026-03-22T20:16:57.551+0000] {manager.py:465} INFO - Exiting gracefully upon receiving signal 15
[2026-03-22T20:20:15.701+0000] {manager.py:483} INFO - Processing files using up to 2 processes at a time 
[2026-03-22T20:20:15.703+0000] {manager.py:484} INFO - Process each file at most once every 30 seconds
[2026-03-22T20:20:15.704+0000] {manager.py:485} INFO - Checking for new files in /opt/airflow/dags every 300 seconds
[2026-03-22T20:20:15.705+0000] {manager.py:821} INFO - Searching for files in /opt/airflow/dags
[2026-03-22T20:20:15.725+0000] {manager.py:824} INFO - There are 1 files in /opt/airflow/dags
[2026-03-22T20:20:15.820+0000] {manager.py:997} INFO - 
================================================================================
DAG File Processing Stats

File Path                                PID  Runtime      # DAGs    # Errors  Last Runtime    Last Run      Last # of DB Queries
-------------------------------------  -----  ---------  --------  ----------  --------------  ----------  ----------------------
/opt/airflow/dags/job_scraping_dag.py    168  0.03s             0           0                                                   0
================================================================================
[2026-03-22T20:20:45.964+0000] {manager.py:997} INFO - 
================================================================================
DAG File Processing Stats

File Path                              PID    Runtime      # DAGs    # Errors  Last Runtime    Last Run               Last # of DB Queries
-------------------------------------  -----  ---------  --------  ----------  --------------  -------------------  ----------------------
/opt/airflow/dags/job_scraping_dag.py                           1           0  0.91s           2026-03-22T20:20:16                      12
================================================================================
[2026-03-22T20:21:15.982+0000] {manager.py:997} INFO - 
================================================================================
DAG File Processing Stats

File Path                              PID    Runtime      # DAGs    # Errors  Last Runtime    Last Run               Last # of DB Queries
-------------------------------------  -----  ---------  --------  ----------  --------------  -------------------  ----------------------
/opt/airflow/dags/job_scraping_dag.py                           1           0  0.71s           2026-03-22T20:20:47                      12
================================================================================
[2026-03-22T20:21:46.717+0000] {manager.py:997} INFO - 
================================================================================
DAG File Processing Stats

File Path                              PID    Runtime      # DAGs    # Errors  Last Runtime    Last Run               Last # of DB Queries
-------------------------------------  -----  ---------  --------  ----------  --------------  -------------------  ----------------------
/opt/airflow/dags/job_scraping_dag.py                           1           0  0.66s           2026-03-22T20:21:18                      12
================================================================================
[2026-03-22T20:22:17.297+0000] {manager.py:997} INFO - 
================================================================================
DAG File Processing Stats

File Path                              PID    Runtime      # DAGs    # Errors  Last Runtime    Last Run               Last # of DB Queries
-------------------------------------  -----  ---------  --------  ----------  --------------  -------------------  ----------------------
/opt/airflow/dags/job_scraping_dag.py                           1           0  0.63s           2026-03-22T20:21:49                      12
================================================================================
[2026-03-22T20:22:47.633+0000] {manager.py:997} INFO - 
================================================================================
DAG File Processing Stats

File Path                              PID    Runtime      # DAGs    # Errors  Last Runtime    Last Run               Last # of DB Queries
-------------------------------------  -----  ---------  --------  ----------  --------------  -------------------  ----------------------
/opt/airflow/dags/job_scraping_dag.py                           1           0  0.89s           2026-03-22T20:22:20                      12
================================================================================
[2026-03-22T20:23:17.739+0000] {manager.py:997} INFO - 
================================================================================
DAG File Processing Stats

File Path                              PID    Runtime      # DAGs    # Errors  Last Runtime    Last Run               Last # of DB Queries
-------------------------------------  -----  ---------  --------  ----------  --------------  -------------------  ----------------------
/opt/airflow/dags/job_scraping_dag.py                           1           0  0.75s           2026-03-22T20:22:51                      12
================================================================================
[2026-03-22T20:23:47.811+0000] {manager.py:997} INFO - 
================================================================================
DAG File Processing Stats

File Path                              PID    Runtime      # DAGs    # Errors  Last Runtime    Last Run               Last # of DB Queries
-------------------------------------  -----  ---------  --------  ----------  --------------  -------------------  ----------------------
/opt/airflow/dags/job_scraping_dag.py                           1           0  0.80s           2026-03-22T20:23:22                      12
================================================================================
[2026-03-22T20:24:18.105+0000] {manager.py:997} INFO - 
================================================================================
DAG File Processing Stats

File Path                              PID    Runtime      # DAGs    # Errors  Last Runtime    Last Run               Last # of DB Queries
-------------------------------------  -----  ---------  --------  ----------  --------------  -------------------  ----------------------
/opt/airflow/dags/job_scraping_dag.py                           1           0  0.70s           2026-03-22T20:23:53                      12
================================================================================
[2026-03-22T20:24:48.389+0000] {manager.py:997} INFO - 
================================================================================
DAG File Processing Stats

File Path                              PID    Runtime      # DAGs    # Errors  Last Runtime    Last Run               Last # of DB Queries
-------------------------------------  -----  ---------  --------  ----------  --------------  -------------------  ----------------------
/opt/airflow/dags/job_scraping_dag.py                           1           0  0.75s           2026-03-22T20:24:24                      12
================================================================================
[2026-03-22T20:25:15.853+0000] {manager.py:821} INFO - Searching for files in /opt/airflow/dags
[2026-03-22T20:25:15.870+0000] {manager.py:824} INFO - There are 1 files in /opt/airflow/dags
[2026-03-22T20:25:18.431+0000] {manager.py:997} INFO - 
================================================================================
DAG File Processing Stats

File Path                              PID    Runtime      # DAGs    # Errors  Last Runtime    Last Run               Last # of DB Queries
-------------------------------------  -----  ---------  --------  ----------  --------------  -------------------  ----------------------
/opt/airflow/dags/job_scraping_dag.py                           1           0  0.73s           2026-03-22T20:24:55                      12
================================================================================
[2026-03-22T20:25:48.479+0000] {manager.py:997} INFO - 
================================================================================
DAG File Processing Stats

File Path                              PID    Runtime      # DAGs    # Errors  Last Runtime    Last Run               Last # of DB Queries
-------------------------------------  -----  ---------  --------  ----------  --------------  -------------------  ----------------------
/opt/airflow/dags/job_scraping_dag.py                           1           0  0.73s           2026-03-22T20:25:26                      12
================================================================================
[2026-03-22T20:26:18.785+0000] {manager.py:997} INFO - 
================================================================================
DAG File Processing Stats

File Path                              PID    Runtime      # DAGs    # Errors  Last Runtime    Last Run               Last # of DB Queries
-------------------------------------  -----  ---------  --------  ----------  --------------  -------------------  ----------------------
/opt/airflow/dags/job_scraping_dag.py                           1           0  0.70s           2026-03-22T20:25:56                      12
================================================================================
[2026-03-22T20:26:49.058+0000] {manager.py:997} INFO - 
================================================================================
DAG File Processing Stats

File Path                              PID    Runtime      # DAGs    # Errors  Last Runtime    Last Run               Last # of DB Queries
-------------------------------------  -----  ---------  --------  ----------  --------------  -------------------  ----------------------
/opt/airflow/dags/job_scraping_dag.py                           1           0  0.77s           2026-03-22T20:26:28                      12
================================================================================
[2026-03-22T20:27:19.088+0000] {manager.py:997} INFO - 
================================================================================
DAG File Processing Stats

File Path                              PID    Runtime      # DAGs    # Errors  Last Runtime    Last Run               Last # of DB Queries
-------------------------------------  -----  ---------  --------  ----------  --------------  -------------------  ----------------------
/opt/airflow/dags/job_scraping_dag.py                           1           0  0.68s           2026-03-22T20:26:58                      12
================================================================================
[2026-03-22T20:27:49.151+0000] {manager.py:997} INFO - 
================================================================================
DAG File Processing Stats

File Path                              PID    Runtime      # DAGs    # Errors  Last Runtime    Last Run               Last # of DB Queries
-------------------------------------  -----  ---------  --------  ----------  --------------  -------------------  ----------------------
/opt/airflow/dags/job_scraping_dag.py                           1           0  0.71s           2026-03-22T20:27:29                      12
================================================================================
[2026-03-22T20:28:19.181+0000] {manager.py:997} INFO - 
================================================================================
DAG File Processing Stats

File Path                              PID    Runtime      # DAGs    # Errors  Last Runtime    Last Run               Last # of DB Queries
-------------------------------------  -----  ---------  --------  ----------  --------------  -------------------  ----------------------
/opt/airflow/dags/job_scraping_dag.py                           1           0  0.78s           2026-03-22T20:28:01                      12
================================================================================
[2026-03-22T20:28:49.455+0000] {manager.py:997} INFO - 
================================================================================
DAG File Processing Stats

File Path                              PID    Runtime      # DAGs    # Errors  Last Runtime    Last Run               Last # of DB Queries
-------------------------------------  -----  ---------  --------  ----------  --------------  -------------------  ----------------------
/opt/airflow/dags/job_scraping_dag.py                           1           0  0.72s           2026-03-22T20:28:31                      12
================================================================================
[2026-03-22T20:29:19.707+0000] {manager.py:997} INFO - 
================================================================================
DAG File Processing Stats

File Path                              PID    Runtime      # DAGs    # Errors  Last Runtime    Last Run               Last # of DB Queries
-------------------------------------  -----  ---------  --------  ----------  --------------  -------------------  ----------------------
/opt/airflow/dags/job_scraping_dag.py                           1           0  0.80s           2026-03-22T20:29:02                      12
================================================================================
[2026-03-22T20:29:49.960+0000] {manager.py:997} INFO - 
================================================================================
DAG File Processing Stats

File Path                              PID    Runtime      # DAGs    # Errors  Last Runtime    Last Run               Last # of DB Queries
-------------------------------------  -----  ---------  --------  ----------  --------------  -------------------  ----------------------
/opt/airflow/dags/job_scraping_dag.py                           1           0  0.66s           2026-03-22T20:29:33                      12
================================================================================
[2026-03-22T20:30:15.893+0000] {manager.py:821} INFO - Searching for files in /opt/airflow/dags
[2026-03-22T20:30:15.915+0000] {manager.py:824} INFO - There are 1 files in /opt/airflow/dags
[2026-03-22T20:30:19.964+0000] {manager.py:997} INFO - 
================================================================================
DAG File Processing Stats

File Path                              PID    Runtime      # DAGs    # Errors  Last Runtime    Last Run               Last # of DB Queries
-------------------------------------  -----  ---------  --------  ----------  --------------  -------------------  ----------------------
/opt/airflow/dags/job_scraping_dag.py                           1           0  0.69s           2026-03-22T20:30:04                      11
================================================================================
[2026-03-22T20:30:50.269+0000] {manager.py:997} INFO - 
================================================================================
DAG File Processing Stats

File Path                              PID    Runtime      # DAGs    # Errors  Last Runtime    Last Run               Last # of DB Queries
-------------------------------------  -----  ---------  --------  ----------  --------------  -------------------  ----------------------
/opt/airflow/dags/job_scraping_dag.py                           1           0  1.12s           2026-03-22T20:30:36                      34
================================================================================
[2026-03-22T20:31:20.635+0000] {manager.py:997} INFO - 
================================================================================
DAG File Processing Stats

File Path                              PID    Runtime      # DAGs    # Errors  Last Runtime    Last Run               Last # of DB Queries
-------------------------------------  -----  ---------  --------  ----------  --------------  -------------------  ----------------------
/opt/airflow/dags/job_scraping_dag.py                           1           0  0.66s           2026-03-22T20:31:07                      12
================================================================================
[2026-03-22T20:31:50.862+0000] {manager.py:997} INFO - 
================================================================================
DAG File Processing Stats

File Path                              PID    Runtime      # DAGs    # Errors  Last Runtime    Last Run               Last # of DB Queries
-------------------------------------  -----  ---------  --------  ----------  --------------  -------------------  ----------------------
/opt/airflow/dags/job_scraping_dag.py                           1           0  0.70s           2026-03-22T20:31:38                      12
================================================================================
[2026-03-22T20:32:21.152+0000] {manager.py:997} INFO - 
================================================================================
DAG File Processing Stats

File Path                              PID    Runtime      # DAGs    # Errors  Last Runtime    Last Run               Last # of DB Queries
-------------------------------------  -----  ---------  --------  ----------  --------------  -------------------  ----------------------
/opt/airflow/dags/job_scraping_dag.py                           1           0  0.62s           2026-03-22T20:32:09                      12
================================================================================
[2026-03-22T20:32:51.848+0000] {manager.py:997} INFO - 
================================================================================
DAG File Processing Stats

File Path                              PID    Runtime      # DAGs    # Errors  Last Runtime    Last Run               Last # of DB Queries
-------------------------------------  -----  ---------  --------  ----------  --------------  -------------------  ----------------------
/opt/airflow/dags/job_scraping_dag.py                           1           0  0.67s           2026-03-22T20:32:40                      12
================================================================================
[2026-03-22T20:33:21.977+0000] {manager.py:997} INFO - 
================================================================================
DAG File Processing Stats

File Path                              PID    Runtime      # DAGs    # Errors  Last Runtime    Last Run               Last # of DB Queries
-------------------------------------  -----  ---------  --------  ----------  --------------  -------------------  ----------------------
/opt/airflow/dags/job_scraping_dag.py                           1           0  0.84s           2026-03-22T20:33:10                      12
================================================================================
[2026-03-22T20:33:52.040+0000] {manager.py:997} INFO - 
================================================================================
DAG File Processing Stats

File Path                              PID    Runtime      # DAGs    # Errors  Last Runtime    Last Run               Last # of DB Queries
-------------------------------------  -----  ---------  --------  ----------  --------------  -------------------  ----------------------
/opt/airflow/dags/job_scraping_dag.py                           1           0  0.77s           2026-03-22T20:33:41                      11
================================================================================
[2026-03-22T20:34:22.136+0000] {manager.py:997} INFO - 
================================================================================
DAG File Processing Stats

File Path                              PID    Runtime      # DAGs    # Errors  Last Runtime    Last Run               Last # of DB Queries
-------------------------------------  -----  ---------  --------  ----------  --------------  -------------------  ----------------------
/opt/airflow/dags/job_scraping_dag.py                           1           0  0.79s           2026-03-22T20:34:13                      34
================================================================================
[2026-03-22T20:34:52.425+0000] {manager.py:997} INFO - 
================================================================================
DAG File Processing Stats

File Path                              PID    Runtime      # DAGs    # Errors  Last Runtime    Last Run               Last # of DB Queries
-------------------------------------  -----  ---------  --------  ----------  --------------  -------------------  ----------------------
/opt/airflow/dags/job_scraping_dag.py                           1           0  0.73s           2026-03-22T20:34:43                      12
================================================================================
[2026-03-22T20:35:16.625+0000] {manager.py:821} INFO - Searching for files in /opt/airflow/dags
[2026-03-22T20:35:16.653+0000] {manager.py:824} INFO - There are 1 files in /opt/airflow/dags
[2026-03-22T20:35:22.743+0000] {manager.py:997} INFO - 
================================================================================
DAG File Processing Stats

File Path                              PID    Runtime      # DAGs    # Errors  Last Runtime    Last Run               Last # of DB Queries
-------------------------------------  -----  ---------  --------  ----------  --------------  -------------------  ----------------------
/opt/airflow/dags/job_scraping_dag.py                           1           0  0.61s           2026-03-22T20:35:14                      12
================================================================================
[2026-03-22T20:35:53.187+0000] {manager.py:997} INFO - 
================================================================================
DAG File Processing Stats

File Path                              PID    Runtime      # DAGs    # Errors  Last Runtime    Last Run               Last # of DB Queries
-------------------------------------  -----  ---------  --------  ----------  --------------  -------------------  ----------------------
/opt/airflow/dags/job_scraping_dag.py                           1           0  0.61s           2026-03-22T20:35:45                      12
================================================================================
[2026-03-22T20:36:23.488+0000] {manager.py:997} INFO - 
================================================================================
DAG File Processing Stats

File Path                              PID    Runtime      # DAGs    # Errors  Last Runtime    Last Run               Last # of DB Queries
-------------------------------------  -----  ---------  --------  ----------  --------------  -------------------  ----------------------
/opt/airflow/dags/job_scraping_dag.py                           1           0  0.67s           2026-03-22T20:36:16                      12
================================================================================
[2026-03-22T20:36:54.075+0000] {manager.py:997} INFO - 
================================================================================
DAG File Processing Stats

File Path                              PID    Runtime      # DAGs    # Errors  Last Runtime    Last Run               Last # of DB Queries
-------------------------------------  -----  ---------  --------  ----------  --------------  -------------------  ----------------------
/opt/airflow/dags/job_scraping_dag.py                           1           0  0.67s           2026-03-22T20:36:47                      12
================================================================================
[2026-03-22T20:37:24.427+0000] {manager.py:997} INFO - 
================================================================================
DAG File Processing Stats

File Path                              PID    Runtime      # DAGs    # Errors  Last Runtime    Last Run               Last # of DB Queries
-------------------------------------  -----  ---------  --------  ----------  --------------  -------------------  ----------------------
/opt/airflow/dags/job_scraping_dag.py                           1           0  0.66s           2026-03-22T20:37:18                      12
================================================================================
[2026-03-22T20:37:44.953+0000] {manager.py:465} INFO - Exiting gracefully upon receiving signal 15
[2026-03-22T20:38:25.623+0000] {manager.py:483} INFO - Processing files using up to 2 processes at a time 
[2026-03-22T20:38:25.624+0000] {manager.py:484} INFO - Process each file at most once every 30 seconds
[2026-03-22T20:38:25.626+0000] {manager.py:485} INFO - Checking for new files in /opt/airflow/dags every 300 seconds
[2026-03-22T20:38:25.627+0000] {manager.py:821} INFO - Searching for files in /opt/airflow/dags
[2026-03-22T20:38:25.655+0000] {manager.py:824} INFO - There are 1 files in /opt/airflow/dags
[2026-03-22T20:38:25.764+0000] {manager.py:997} INFO - 
================================================================================
DAG File Processing Stats

File Path                                PID  Runtime      # DAGs    # Errors  Last Runtime    Last Run      Last # of DB Queries
-------------------------------------  -----  ---------  --------  ----------  --------------  ----------  ----------------------
/opt/airflow/dags/job_scraping_dag.py    168  0.03s             0           0                                                   0
================================================================================
[2026-03-22T20:38:56.060+0000] {manager.py:997} INFO - 
================================================================================
DAG File Processing Stats

File Path                              PID    Runtime      # DAGs    # Errors  Last Runtime    Last Run               Last # of DB Queries
-------------------------------------  -----  ---------  --------  ----------  --------------  -------------------  ----------------------
/opt/airflow/dags/job_scraping_dag.py                           1           0  0.98s           2026-03-22T20:38:26                      12
================================================================================
[2026-03-22T20:39:26.083+0000] {manager.py:997} INFO - 
================================================================================
DAG File Processing Stats

File Path                              PID    Runtime      # DAGs    # Errors  Last Runtime    Last Run               Last # of DB Queries
-------------------------------------  -----  ---------  --------  ----------  --------------  -------------------  ----------------------
/opt/airflow/dags/job_scraping_dag.py                           1           0  0.64s           2026-03-22T20:38:57                      12
================================================================================
[2026-03-22T20:39:56.744+0000] {manager.py:997} INFO - 
================================================================================
DAG File Processing Stats

File Path                              PID    Runtime      # DAGs    # Errors  Last Runtime    Last Run               Last # of DB Queries
-------------------------------------  -----  ---------  --------  ----------  --------------  -------------------  ----------------------
/opt/airflow/dags/job_scraping_dag.py                           1           0  0.61s           2026-03-22T20:39:28                      12
================================================================================
[2026-03-22T20:40:26.897+0000] {manager.py:997} INFO - 
================================================================================
DAG File Processing Stats

File Path                              PID    Runtime      # DAGs    # Errors  Last Runtime    Last Run               Last # of DB Queries
-------------------------------------  -----  ---------  --------  ----------  --------------  -------------------  ----------------------
/opt/airflow/dags/job_scraping_dag.py                           1           0  0.89s           2026-03-22T20:39:59                      12
================================================================================
[2026-03-22T20:40:57.544+0000] {manager.py:997} INFO - 
================================================================================
DAG File Processing Stats

File Path                              PID    Runtime      # DAGs    # Errors  Last Runtime    Last Run               Last # of DB Queries
-------------------------------------  -----  ---------  --------  ----------  --------------  -------------------  ----------------------
/opt/airflow/dags/job_scraping_dag.py                           1           0  0.64s           2026-03-22T20:40:30                      12
================================================================================
[2026-03-22T20:41:11.490+0000] {manager.py:465} INFO - Exiting gracefully upon receiving signal 15
[2026-03-22T20:49:10.550+0000] {manager.py:483} INFO - Processing files using up to 2 processes at a time 
[2026-03-22T20:49:10.555+0000] {manager.py:484} INFO - Process each file at most once every 30 seconds
[2026-03-22T20:49:10.558+0000] {manager.py:485} INFO - Checking for new files in /opt/airflow/dags every 300 seconds
[2026-03-22T20:49:10.559+0000] {manager.py:821} INFO - Searching for files in /opt/airflow/dags
[2026-03-22T20:49:10.588+0000] {manager.py:824} INFO - There are 1 files in /opt/airflow/dags
[2026-03-22T20:49:10.670+0000] {manager.py:997} INFO - 
================================================================================
DAG File Processing Stats

File Path                                PID  Runtime      # DAGs    # Errors  Last Runtime    Last Run      Last # of DB Queries
-------------------------------------  -----  ---------  --------  ----------  --------------  ----------  ----------------------
/opt/airflow/dags/job_scraping_dag.py    168  0.02s             0           0                                                   0
================================================================================
[2026-03-22T20:49:41.242+0000] {manager.py:997} INFO - 
================================================================================
DAG File Processing Stats

File Path                              PID    Runtime      # DAGs    # Errors  Last Runtime    Last Run               Last # of DB Queries
-------------------------------------  -----  ---------  --------  ----------  --------------  -------------------  ----------------------
/opt/airflow/dags/job_scraping_dag.py                           1           0  1.27s           2026-03-22T20:49:11                      45
================================================================================
[2026-03-22T20:50:11.363+0000] {manager.py:997} INFO - 
================================================================================
DAG File Processing Stats

File Path                              PID    Runtime      # DAGs    # Errors  Last Runtime    Last Run               Last # of DB Queries
-------------------------------------  -----  ---------  --------  ----------  --------------  -------------------  ----------------------
/opt/airflow/dags/job_scraping_dag.py                           1           0  1.84s           2026-03-22T20:49:44                      12
================================================================================
[2026-03-22T20:50:41.773+0000] {manager.py:997} INFO - 
================================================================================
DAG File Processing Stats

File Path                              PID    Runtime      # DAGs    # Errors  Last Runtime    Last Run               Last # of DB Queries
-------------------------------------  -----  ---------  --------  ----------  --------------  -------------------  ----------------------
/opt/airflow/dags/job_scraping_dag.py                           1           0  3.35s           2026-03-22T20:50:17                      12
================================================================================
[2026-03-22T20:51:12.099+0000] {manager.py:997} INFO - 
================================================================================
DAG File Processing Stats

File Path                              PID    Runtime      # DAGs    # Errors  Last Runtime    Last Run               Last # of DB Queries
-------------------------------------  -----  ---------  --------  ----------  --------------  -------------------  ----------------------
/opt/airflow/dags/job_scraping_dag.py                           1           0  1.04s           2026-03-22T20:50:48                      12
================================================================================
[2026-03-22T20:51:42.717+0000] {manager.py:997} INFO - 
================================================================================
DAG File Processing Stats

File Path                              PID    Runtime      # DAGs    # Errors  Last Runtime    Last Run               Last # of DB Queries
-------------------------------------  -----  ---------  --------  ----------  --------------  -------------------  ----------------------
/opt/airflow/dags/job_scraping_dag.py                           1           0  2.94s           2026-03-22T20:51:22                      12
================================================================================
[2026-03-22T20:52:12.947+0000] {manager.py:997} INFO - 
================================================================================
DAG File Processing Stats

File Path                              PID    Runtime      # DAGs    # Errors  Last Runtime    Last Run               Last # of DB Queries
-------------------------------------  -----  ---------  --------  ----------  --------------  -------------------  ----------------------
/opt/airflow/dags/job_scraping_dag.py                           1           0  0.90s           2026-03-22T20:51:53                      11
================================================================================
[2026-03-22T20:52:43.200+0000] {manager.py:997} INFO - 
================================================================================
DAG File Processing Stats

File Path                              PID    Runtime      # DAGs    # Errors  Last Runtime    Last Run               Last # of DB Queries
-------------------------------------  -----  ---------  --------  ----------  --------------  -------------------  ----------------------
/opt/airflow/dags/job_scraping_dag.py                           1           0  1.15s           2026-03-22T20:52:25                      34
================================================================================
[2026-03-22T20:53:13.614+0000] {manager.py:997} INFO - 
================================================================================
DAG File Processing Stats

File Path                              PID    Runtime      # DAGs    # Errors  Last Runtime    Last Run               Last # of DB Queries
-------------------------------------  -----  ---------  --------  ----------  --------------  -------------------  ----------------------
/opt/airflow/dags/job_scraping_dag.py                           1           0  0.68s           2026-03-22T20:52:56                      12
================================================================================
[2026-03-22T20:53:43.866+0000] {manager.py:997} INFO - 
================================================================================
DAG File Processing Stats

File Path                              PID    Runtime      # DAGs    # Errors  Last Runtime    Last Run               Last # of DB Queries
-------------------------------------  -----  ---------  --------  ----------  --------------  -------------------  ----------------------
/opt/airflow/dags/job_scraping_dag.py                           1           0  0.64s           2026-03-22T20:53:26                      12
================================================================================
[2026-03-22T20:54:11.065+0000] {manager.py:821} INFO - Searching for files in /opt/airflow/dags
[2026-03-22T20:54:11.086+0000] {manager.py:824} INFO - There are 1 files in /opt/airflow/dags
[2026-03-22T20:54:14.123+0000] {manager.py:997} INFO - 
================================================================================
DAG File Processing Stats

File Path                              PID    Runtime      # DAGs    # Errors  Last Runtime    Last Run               Last # of DB Queries
-------------------------------------  -----  ---------  --------  ----------  --------------  -------------------  ----------------------
/opt/airflow/dags/job_scraping_dag.py                           1           0  0.90s           2026-03-22T20:53:57                      12
================================================================================
[2026-03-22T20:54:44.650+0000] {manager.py:997} INFO - 
================================================================================
DAG File Processing Stats

File Path                              PID    Runtime      # DAGs    # Errors  Last Runtime    Last Run               Last # of DB Queries
-------------------------------------  -----  ---------  --------  ----------  --------------  -------------------  ----------------------
/opt/airflow/dags/job_scraping_dag.py                           1           0  0.66s           2026-03-22T20:54:28                      12
================================================================================
[2026-03-22T20:55:14.903+0000] {manager.py:997} INFO - 
================================================================================
DAG File Processing Stats

File Path                              PID    Runtime      # DAGs    # Errors  Last Runtime    Last Run               Last # of DB Queries
-------------------------------------  -----  ---------  --------  ----------  --------------  -------------------  ----------------------
/opt/airflow/dags/job_scraping_dag.py                           1           0  0.86s           2026-03-22T20:55:00                      12
================================================================================
[2026-03-22T20:55:45.405+0000] {manager.py:997} INFO - 
================================================================================
DAG File Processing Stats

File Path                              PID    Runtime      # DAGs    # Errors  Last Runtime    Last Run               Last # of DB Queries
-------------------------------------  -----  ---------  --------  ----------  --------------  -------------------  ----------------------
/opt/airflow/dags/job_scraping_dag.py                           1           0  0.68s           2026-03-22T20:55:30                      12
================================================================================
[2026-03-22T20:56:15.702+0000] {manager.py:997} INFO - 
================================================================================
DAG File Processing Stats

File Path                              PID    Runtime      # DAGs    # Errors  Last Runtime    Last Run               Last # of DB Queries
-------------------------------------  -----  ---------  --------  ----------  --------------  -------------------  ----------------------
/opt/airflow/dags/job_scraping_dag.py                           1           0  0.65s           2026-03-22T20:56:01                      12
================================================================================
[2026-03-22T20:56:45.982+0000] {manager.py:997} INFO - 
================================================================================
DAG File Processing Stats

File Path                              PID    Runtime      # DAGs    # Errors  Last Runtime    Last Run               Last # of DB Queries
-------------------------------------  -----  ---------  --------  ----------  --------------  -------------------  ----------------------
/opt/airflow/dags/job_scraping_dag.py                           1           0  0.72s           2026-03-22T20:56:32                      12
================================================================================
[2026-03-22T20:57:16.224+0000] {manager.py:997} INFO - 
================================================================================
DAG File Processing Stats

File Path                              PID    Runtime      # DAGs    # Errors  Last Runtime    Last Run               Last # of DB Queries
-------------------------------------  -----  ---------  --------  ----------  --------------  -------------------  ----------------------
/opt/airflow/dags/job_scraping_dag.py                           1           0  0.65s           2026-03-22T20:57:03                      12
================================================================================
[2026-03-22T20:57:46.527+0000] {manager.py:997} INFO - 
================================================================================
DAG File Processing Stats

File Path                              PID    Runtime      # DAGs    # Errors  Last Runtime    Last Run               Last # of DB Queries
-------------------------------------  -----  ---------  --------  ----------  --------------  -------------------  ----------------------
/opt/airflow/dags/job_scraping_dag.py                           1           0  0.65s           2026-03-22T20:57:34                      12
================================================================================
[2026-03-22T20:58:16.806+0000] {manager.py:997} INFO - 
================================================================================
DAG File Processing Stats

File Path                              PID    Runtime      # DAGs    # Errors  Last Runtime    Last Run               Last # of DB Queries
-------------------------------------  -----  ---------  --------  ----------  --------------  -------------------  ----------------------
/opt/airflow/dags/job_scraping_dag.py                           1           0  0.66s           2026-03-22T20:58:05                      12
================================================================================
[2026-03-22T20:58:47.078+0000] {manager.py:997} INFO - 
================================================================================
DAG File Processing Stats

File Path                              PID    Runtime      # DAGs    # Errors  Last Runtime    Last Run               Last # of DB Queries
-------------------------------------  -----  ---------  --------  ----------  --------------  -------------------  ----------------------
/opt/airflow/dags/job_scraping_dag.py                           1           0  0.64s           2026-03-22T20:58:36                      12
================================================================================
[2026-03-22T20:59:11.281+0000] {manager.py:821} INFO - Searching for files in /opt/airflow/dags
[2026-03-22T20:59:11.307+0000] {manager.py:824} INFO - There are 1 files in /opt/airflow/dags
[2026-03-22T20:59:17.391+0000] {manager.py:997} INFO - 
================================================================================
DAG File Processing Stats

File Path                              PID    Runtime      # DAGs    # Errors  Last Runtime    Last Run               Last # of DB Queries
-------------------------------------  -----  ---------  --------  ----------  --------------  -------------------  ----------------------
/opt/airflow/dags/job_scraping_dag.py                           1           0  0.67s           2026-03-22T20:59:07                      12
================================================================================
[2026-03-22T20:59:47.721+0000] {manager.py:997} INFO - 
================================================================================
DAG File Processing Stats

File Path                              PID    Runtime      # DAGs    # Errors  Last Runtime    Last Run               Last # of DB Queries
-------------------------------------  -----  ---------  --------  ----------  --------------  -------------------  ----------------------
/opt/airflow/dags/job_scraping_dag.py                           1           0  0.64s           2026-03-22T20:59:38                      12
================================================================================
[2026-03-22T21:00:17.985+0000] {manager.py:997} INFO - 
================================================================================
DAG File Processing Stats

File Path                              PID    Runtime      # DAGs    # Errors  Last Runtime    Last Run               Last # of DB Queries
-------------------------------------  -----  ---------  --------  ----------  --------------  -------------------  ----------------------
/opt/airflow/dags/job_scraping_dag.py                           1           0  0.65s           2026-03-22T21:00:09                      12
================================================================================
[2026-03-22T21:00:48.258+0000] {manager.py:997} INFO - 
================================================================================
DAG File Processing Stats

File Path                              PID    Runtime      # DAGs    # Errors  Last Runtime    Last Run               Last # of DB Queries
-------------------------------------  -----  ---------  --------  ----------  --------------  -------------------  ----------------------
/opt/airflow/dags/job_scraping_dag.py                           1           0  0.77s           2026-03-22T21:00:40                      12
================================================================================
[2026-03-22T21:01:18.281+0000] {manager.py:997} INFO - 
================================================================================
DAG File Processing Stats

File Path                              PID    Runtime      # DAGs    # Errors  Last Runtime    Last Run               Last # of DB Queries
-------------------------------------  -----  ---------  --------  ----------  --------------  -------------------  ----------------------
/opt/airflow/dags/job_scraping_dag.py                           1           0  0.68s           2026-03-22T21:01:11                      12
================================================================================
[2026-03-22T21:01:48.352+0000] {manager.py:997} INFO - 
================================================================================
DAG File Processing Stats

File Path                              PID    Runtime      # DAGs    # Errors  Last Runtime    Last Run               Last # of DB Queries
-------------------------------------  -----  ---------  --------  ----------  --------------  -------------------  ----------------------
/opt/airflow/dags/job_scraping_dag.py                           1           0  0.80s           2026-03-22T21:01:42                      12
================================================================================
[2026-03-22T21:02:18.418+0000] {manager.py:997} INFO - 
================================================================================
DAG File Processing Stats

File Path                              PID    Runtime      # DAGs    # Errors  Last Runtime    Last Run               Last # of DB Queries
-------------------------------------  -----  ---------  --------  ----------  --------------  -------------------  ----------------------
/opt/airflow/dags/job_scraping_dag.py                           1           0  0.76s           2026-03-22T21:02:13                      12
================================================================================
[2026-03-22T21:02:48.685+0000] {manager.py:997} INFO - 
================================================================================
DAG File Processing Stats

File Path                              PID    Runtime      # DAGs    # Errors  Last Runtime    Last Run               Last # of DB Queries
-------------------------------------  -----  ---------  --------  ----------  --------------  -------------------  ----------------------
/opt/airflow/dags/job_scraping_dag.py                           1           0  0.71s           2026-03-22T21:02:44                      12
================================================================================
[2026-03-22T21:03:18.946+0000] {manager.py:997} INFO - 
================================================================================
DAG File Processing Stats

File Path                              PID    Runtime      # DAGs    # Errors  Last Runtime    Last Run               Last # of DB Queries
-------------------------------------  -----  ---------  --------  ----------  --------------  -------------------  ----------------------
/opt/airflow/dags/job_scraping_dag.py                           1           0  0.66s           2026-03-22T21:03:15                      12
================================================================================
[2026-03-22T21:03:49.453+0000] {manager.py:997} INFO - 
================================================================================
DAG File Processing Stats

File Path                              PID    Runtime      # DAGs    # Errors  Last Runtime    Last Run               Last # of DB Queries
-------------------------------------  -----  ---------  --------  ----------  --------------  -------------------  ----------------------
/opt/airflow/dags/job_scraping_dag.py                           1           0  0.68s           2026-03-22T21:03:45                      12
================================================================================
[2026-03-22T21:04:11.638+0000] {manager.py:821} INFO - Searching for files in /opt/airflow/dags
[2026-03-22T21:04:11.662+0000] {manager.py:824} INFO - There are 1 files in /opt/airflow/dags
[2026-03-22T21:04:19.744+0000] {manager.py:997} INFO - 
================================================================================
DAG File Processing Stats

File Path                              PID    Runtime      # DAGs    # Errors  Last Runtime    Last Run               Last # of DB Queries
-------------------------------------  -----  ---------  --------  ----------  --------------  -------------------  ----------------------
/opt/airflow/dags/job_scraping_dag.py                           1           0  0.66s           2026-03-22T21:04:16                      12
================================================================================
[2026-03-22T21:04:50.026+0000] {manager.py:997} INFO - 
================================================================================
DAG File Processing Stats

File Path                              PID    Runtime      # DAGs    # Errors  Last Runtime    Last Run               Last # of DB Queries
-------------------------------------  -----  ---------  --------  ----------  --------------  -------------------  ----------------------
/opt/airflow/dags/job_scraping_dag.py                           1           0  0.69s           2026-03-22T21:04:47                      12
================================================================================
[2026-03-22T21:05:20.275+0000] {manager.py:997} INFO - 
================================================================================
DAG File Processing Stats

File Path                              PID    Runtime      # DAGs    # Errors  Last Runtime    Last Run               Last # of DB Queries
-------------------------------------  -----  ---------  --------  ----------  --------------  -------------------  ----------------------
/opt/airflow/dags/job_scraping_dag.py                           1           0  0.63s           2026-03-22T21:05:18                      12
================================================================================
[2026-03-22T21:05:50.280+0000] {manager.py:997} INFO - 
================================================================================
DAG File Processing Stats

File Path                              PID    Runtime      # DAGs    # Errors  Last Runtime    Last Run               Last # of DB Queries
-------------------------------------  -----  ---------  --------  ----------  --------------  -------------------  ----------------------
/opt/airflow/dags/job_scraping_dag.py                           1           0  0.65s           2026-03-22T21:05:49                      12
================================================================================
[2026-03-22T21:06:20.400+0000] {manager.py:997} INFO - 
================================================================================
DAG File Processing Stats

File Path                              PID    Runtime      # DAGs    # Errors  Last Runtime    Last Run               Last # of DB Queries
-------------------------------------  -----  ---------  --------  ----------  --------------  -------------------  ----------------------
/opt/airflow/dags/job_scraping_dag.py                           1           0  0.78s           2026-03-22T21:06:20                      12
================================================================================
[2026-03-22T21:06:50.726+0000] {manager.py:997} INFO - 
================================================================================
DAG File Processing Stats

File Path                                PID  Runtime      # DAGs    # Errors  Last Runtime    Last Run               Last # of DB Queries
-------------------------------------  -----  ---------  --------  ----------  --------------  -------------------  ----------------------
/opt/airflow/dags/job_scraping_dag.py    406  0.00s             1           0  0.78s           2026-03-22T21:06:20                      12
================================================================================
[2026-03-22T21:07:20.985+0000] {manager.py:997} INFO - 
================================================================================
DAG File Processing Stats

File Path                              PID    Runtime      # DAGs    # Errors  Last Runtime    Last Run               Last # of DB Queries
-------------------------------------  -----  ---------  --------  ----------  --------------  -------------------  ----------------------
/opt/airflow/dags/job_scraping_dag.py                           1           0  0.65s           2026-03-22T21:06:51                      12
================================================================================
[2026-03-22T21:07:51.228+0000] {manager.py:997} INFO - 
================================================================================
DAG File Processing Stats

File Path                              PID    Runtime      # DAGs    # Errors  Last Runtime    Last Run               Last # of DB Queries
-------------------------------------  -----  ---------  --------  ----------  --------------  -------------------  ----------------------
/opt/airflow/dags/job_scraping_dag.py                           1           0  0.70s           2026-03-22T21:07:22                      12
================================================================================
[2026-03-22T21:08:21.490+0000] {manager.py:997} INFO - 
================================================================================
DAG File Processing Stats

File Path                              PID    Runtime      # DAGs    # Errors  Last Runtime    Last Run               Last # of DB Queries
-------------------------------------  -----  ---------  --------  ----------  --------------  -------------------  ----------------------
/opt/airflow/dags/job_scraping_dag.py                           1           0  0.73s           2026-03-22T21:07:53                      12
================================================================================
[2026-03-22T21:08:51.940+0000] {manager.py:997} INFO - 
================================================================================
DAG File Processing Stats

File Path                              PID    Runtime      # DAGs    # Errors  Last Runtime    Last Run               Last # of DB Queries
-------------------------------------  -----  ---------  --------  ----------  --------------  -------------------  ----------------------
/opt/airflow/dags/job_scraping_dag.py                           1           0  0.63s           2026-03-22T21:08:24                      12
================================================================================
[2026-03-22T21:09:12.108+0000] {manager.py:821} INFO - Searching for files in /opt/airflow/dags
[2026-03-22T21:09:12.130+0000] {manager.py:824} INFO - There are 1 files in /opt/airflow/dags
[2026-03-22T21:09:22.223+0000] {manager.py:997} INFO - 
================================================================================
DAG File Processing Stats

File Path                              PID    Runtime      # DAGs    # Errors  Last Runtime    Last Run               Last # of DB Queries
-------------------------------------  -----  ---------  --------  ----------  --------------  -------------------  ----------------------
/opt/airflow/dags/job_scraping_dag.py                           1           0  0.79s           2026-03-22T21:08:55                      12
================================================================================
[2026-03-22T21:09:52.735+0000] {manager.py:997} INFO - 
================================================================================
DAG File Processing Stats

File Path                              PID    Runtime      # DAGs    # Errors  Last Runtime    Last Run               Last # of DB Queries
-------------------------------------  -----  ---------  --------  ----------  --------------  -------------------  ----------------------
/opt/airflow/dags/job_scraping_dag.py                           1           0  0.74s           2026-03-22T21:09:25                      12
================================================================================
[2026-03-22T21:10:23.022+0000] {manager.py:997} INFO - 
================================================================================
DAG File Processing Stats

File Path                              PID    Runtime      # DAGs    # Errors  Last Runtime    Last Run               Last # of DB Queries
-------------------------------------  -----  ---------  --------  ----------  --------------  -------------------  ----------------------
/opt/airflow/dags/job_scraping_dag.py                           1           0  0.71s           2026-03-22T21:09:56                      12
================================================================================
[2026-03-22T21:10:53.353+0000] {manager.py:997} INFO - 
================================================================================
DAG File Processing Stats

File Path                              PID    Runtime      # DAGs    # Errors  Last Runtime    Last Run               Last # of DB Queries
-------------------------------------  -----  ---------  --------  ----------  --------------  -------------------  ----------------------
/opt/airflow/dags/job_scraping_dag.py                           1           0  1.04s           2026-03-22T21:10:28                      12
================================================================================
[2026-03-22T21:11:23.687+0000] {manager.py:997} INFO - 
================================================================================
DAG File Processing Stats

File Path                              PID    Runtime      # DAGs    # Errors  Last Runtime    Last Run               Last # of DB Queries
-------------------------------------  -----  ---------  --------  ----------  --------------  -------------------  ----------------------
/opt/airflow/dags/job_scraping_dag.py                           1           0  0.98s           2026-03-22T21:10:59                      12
================================================================================
[2026-03-22T21:11:54.119+0000] {manager.py:997} INFO - 
================================================================================
DAG File Processing Stats

File Path                              PID    Runtime      # DAGs    # Errors  Last Runtime    Last Run               Last # of DB Queries
-------------------------------------  -----  ---------  --------  ----------  --------------  -------------------  ----------------------
/opt/airflow/dags/job_scraping_dag.py                           1           0  2.47s           2026-03-22T21:11:32                      12
================================================================================
[2026-03-22T21:12:24.982+0000] {manager.py:997} INFO - 
================================================================================
DAG File Processing Stats

File Path                              PID    Runtime      # DAGs    # Errors  Last Runtime    Last Run               Last # of DB Queries
-------------------------------------  -----  ---------  --------  ----------  --------------  -------------------  ----------------------
/opt/airflow/dags/job_scraping_dag.py                           1           0  2.09s           2026-03-22T21:12:04                      12
================================================================================
[2026-03-22T21:12:55.678+0000] {manager.py:997} INFO - 
================================================================================
DAG File Processing Stats

File Path                              PID    Runtime      # DAGs    # Errors  Last Runtime    Last Run               Last # of DB Queries
-------------------------------------  -----  ---------  --------  ----------  --------------  -------------------  ----------------------
/opt/airflow/dags/job_scraping_dag.py                           1           0  3.48s           2026-03-22T21:12:38                      12
================================================================================
[2026-03-22T21:13:25.867+0000] {manager.py:997} INFO - 
================================================================================
DAG File Processing Stats

File Path                              PID    Runtime      # DAGs    # Errors  Last Runtime    Last Run               Last # of DB Queries
-------------------------------------  -----  ---------  --------  ----------  --------------  -------------------  ----------------------
/opt/airflow/dags/job_scraping_dag.py                           1           0  0.88s           2026-03-22T21:13:09                      12
================================================================================
[2026-03-22T21:13:56.059+0000] {manager.py:997} INFO - 
================================================================================
DAG File Processing Stats

File Path                              PID    Runtime      # DAGs    # Errors  Last Runtime    Last Run               Last # of DB Queries
-------------------------------------  -----  ---------  --------  ----------  --------------  -------------------  ----------------------
/opt/airflow/dags/job_scraping_dag.py                           1           0  0.95s           2026-03-22T21:13:40                      12
================================================================================
[2026-03-22T21:14:12.577+0000] {manager.py:821} INFO - Searching for files in /opt/airflow/dags
[2026-03-22T21:14:12.623+0000] {manager.py:824} INFO - There are 1 files in /opt/airflow/dags
[2026-03-22T21:14:26.771+0000] {manager.py:997} INFO - 
================================================================================
DAG File Processing Stats

File Path                              PID    Runtime      # DAGs    # Errors  Last Runtime    Last Run               Last # of DB Queries
-------------------------------------  -----  ---------  --------  ----------  --------------  -------------------  ----------------------
/opt/airflow/dags/job_scraping_dag.py                           1           0  0.65s           2026-03-22T21:14:11                      12
================================================================================
[2026-03-22T21:14:56.790+0000] {manager.py:997} INFO - 
================================================================================
DAG File Processing Stats

File Path                              PID    Runtime      # DAGs    # Errors  Last Runtime    Last Run               Last # of DB Queries
-------------------------------------  -----  ---------  --------  ----------  --------------  -------------------  ----------------------
/opt/airflow/dags/job_scraping_dag.py                           1           0  0.67s           2026-03-22T21:14:42                      12
================================================================================
[2026-03-22T21:15:26.817+0000] {manager.py:997} INFO - 
================================================================================
DAG File Processing Stats

File Path                              PID    Runtime      # DAGs    # Errors  Last Runtime    Last Run               Last # of DB Queries
-------------------------------------  -----  ---------  --------  ----------  --------------  -------------------  ----------------------
/opt/airflow/dags/job_scraping_dag.py                           1           0  0.66s           2026-03-22T21:15:13                      12
================================================================================
[2026-03-22T21:15:57.161+0000] {manager.py:997} INFO - 
================================================================================
DAG File Processing Stats

File Path                              PID    Runtime      # DAGs    # Errors  Last Runtime    Last Run               Last # of DB Queries
-------------------------------------  -----  ---------  --------  ----------  --------------  -------------------  ----------------------
/opt/airflow/dags/job_scraping_dag.py                           1           0  0.61s           2026-03-22T21:15:44                      12
================================================================================
[2026-03-22T21:16:27.531+0000] {manager.py:997} INFO - 
================================================================================
DAG File Processing Stats

File Path                              PID    Runtime      # DAGs    # Errors  Last Runtime    Last Run               Last # of DB Queries
-------------------------------------  -----  ---------  --------  ----------  --------------  -------------------  ----------------------
/opt/airflow/dags/job_scraping_dag.py                           1           0  0.60s           2026-03-22T21:16:15                      12
================================================================================
[2026-03-22T21:16:57.961+0000] {manager.py:997} INFO - 
================================================================================
DAG File Processing Stats

File Path                              PID    Runtime      # DAGs    # Errors  Last Runtime    Last Run               Last # of DB Queries
-------------------------------------  -----  ---------  --------  ----------  --------------  -------------------  ----------------------
/opt/airflow/dags/job_scraping_dag.py                           1           0  0.61s           2026-03-22T21:16:46                      12
================================================================================
[2026-03-22T21:17:28.351+0000] {manager.py:997} INFO - 
================================================================================
DAG File Processing Stats

File Path                              PID    Runtime      # DAGs    # Errors  Last Runtime    Last Run               Last # of DB Queries
-------------------------------------  -----  ---------  --------  ----------  --------------  -------------------  ----------------------
/opt/airflow/dags/job_scraping_dag.py                           1           0  0.61s           2026-03-22T21:17:17                      12
================================================================================
[2026-03-22T21:17:58.826+0000] {manager.py:997} INFO - 
================================================================================
DAG File Processing Stats

File Path                              PID    Runtime      # DAGs    # Errors  Last Runtime    Last Run               Last # of DB Queries
-------------------------------------  -----  ---------  --------  ----------  --------------  -------------------  ----------------------
/opt/airflow/dags/job_scraping_dag.py                           1           0  0.63s           2026-03-22T21:17:48                      12
================================================================================
[2026-03-22T21:18:29.080+0000] {manager.py:997} INFO - 
================================================================================
DAG File Processing Stats

File Path                              PID    Runtime      # DAGs    # Errors  Last Runtime    Last Run               Last # of DB Queries
-------------------------------------  -----  ---------  --------  ----------  --------------  -------------------  ----------------------
/opt/airflow/dags/job_scraping_dag.py                           1           0  0.73s           2026-03-22T21:18:19                      12
================================================================================
[2026-03-22T21:18:59.311+0000] {manager.py:997} INFO - 
================================================================================
DAG File Processing Stats

File Path                              PID    Runtime      # DAGs    # Errors  Last Runtime    Last Run               Last # of DB Queries
-------------------------------------  -----  ---------  --------  ----------  --------------  -------------------  ----------------------
/opt/airflow/dags/job_scraping_dag.py                           1           0  0.76s           2026-03-22T21:18:50                      12
================================================================================
[2026-03-22T21:19:13.453+0000] {manager.py:821} INFO - Searching for files in /opt/airflow/dags
[2026-03-22T21:19:13.487+0000] {manager.py:824} INFO - There are 1 files in /opt/airflow/dags
[2026-03-22T21:19:29.458+0000] {manager.py:997} INFO - 
================================================================================
DAG File Processing Stats

File Path                              PID    Runtime      # DAGs    # Errors  Last Runtime    Last Run               Last # of DB Queries
-------------------------------------  -----  ---------  --------  ----------  --------------  -------------------  ----------------------
/opt/airflow/dags/job_scraping_dag.py                           1           0  0.81s           2026-03-22T21:19:21                      12
================================================================================
[2026-03-22T21:19:59.471+0000] {manager.py:997} INFO - 
================================================================================
DAG File Processing Stats

File Path                              PID    Runtime      # DAGs    # Errors  Last Runtime    Last Run               Last # of DB Queries
-------------------------------------  -----  ---------  --------  ----------  --------------  -------------------  ----------------------
/opt/airflow/dags/job_scraping_dag.py                           1           0  0.75s           2026-03-22T21:19:52                      12
================================================================================
[2026-03-22T21:20:29.543+0000] {manager.py:997} INFO - 
================================================================================
DAG File Processing Stats

File Path                              PID    Runtime      # DAGs    # Errors  Last Runtime    Last Run               Last # of DB Queries
-------------------------------------  -----  ---------  --------  ----------  --------------  -------------------  ----------------------
/opt/airflow/dags/job_scraping_dag.py                           1           0  0.80s           2026-03-22T21:20:23                      12
================================================================================
[2026-03-22T21:20:59.581+0000] {manager.py:997} INFO - 
================================================================================
DAG File Processing Stats

File Path                              PID    Runtime      # DAGs    # Errors  Last Runtime    Last Run               Last # of DB Queries
-------------------------------------  -----  ---------  --------  ----------  --------------  -------------------  ----------------------
/opt/airflow/dags/job_scraping_dag.py                           1           0  0.77s           2026-03-22T21:20:54                      12
================================================================================
[2026-03-22T21:21:29.861+0000] {manager.py:997} INFO - 
================================================================================
DAG File Processing Stats

File Path                              PID    Runtime      # DAGs    # Errors  Last Runtime    Last Run               Last # of DB Queries
-------------------------------------  -----  ---------  --------  ----------  --------------  -------------------  ----------------------
/opt/airflow/dags/job_scraping_dag.py                           1           0  0.84s           2026-03-22T21:21:25                      12
================================================================================
[2026-03-22T21:22:00.140+0000] {manager.py:997} INFO - 
================================================================================
DAG File Processing Stats

File Path                              PID    Runtime      # DAGs    # Errors  Last Runtime    Last Run               Last # of DB Queries
-------------------------------------  -----  ---------  --------  ----------  --------------  -------------------  ----------------------
/opt/airflow/dags/job_scraping_dag.py                           1           0  0.73s           2026-03-22T21:21:56                      12
================================================================================
[2026-03-22T21:22:30.393+0000] {manager.py:997} INFO - 
================================================================================
DAG File Processing Stats

File Path                              PID    Runtime      # DAGs    # Errors  Last Runtime    Last Run               Last # of DB Queries
-------------------------------------  -----  ---------  --------  ----------  --------------  -------------------  ----------------------
/opt/airflow/dags/job_scraping_dag.py                           1           0  0.70s           2026-03-22T21:22:27                      12
================================================================================
[2026-03-22T21:23:00.790+0000] {manager.py:997} INFO - 
================================================================================
DAG File Processing Stats

File Path                              PID    Runtime      # DAGs    # Errors  Last Runtime    Last Run               Last # of DB Queries
-------------------------------------  -----  ---------  --------  ----------  --------------  -------------------  ----------------------
/opt/airflow/dags/job_scraping_dag.py                           1           0  0.67s           2026-03-22T21:22:58                      12
================================================================================
[2026-03-22T21:23:31.079+0000] {manager.py:997} INFO - 
================================================================================
DAG File Processing Stats

File Path                              PID    Runtime      # DAGs    # Errors  Last Runtime    Last Run               Last # of DB Queries
-------------------------------------  -----  ---------  --------  ----------  --------------  -------------------  ----------------------
/opt/airflow/dags/job_scraping_dag.py                           1           0  0.81s           2026-03-22T21:23:29                      12
================================================================================
[2026-03-22T21:24:01.357+0000] {manager.py:997} INFO - 
================================================================================
DAG File Processing Stats

File Path                              PID    Runtime      # DAGs    # Errors  Last Runtime    Last Run               Last # of DB Queries
-------------------------------------  -----  ---------  --------  ----------  --------------  -------------------  ----------------------
/opt/airflow/dags/job_scraping_dag.py                           1           0  0.63s           2026-03-22T21:24:00                      12
================================================================================
[2026-03-22T21:24:13.466+0000] {manager.py:821} INFO - Searching for files in /opt/airflow/dags
[2026-03-22T21:24:13.499+0000] {manager.py:824} INFO - There are 1 files in /opt/airflow/dags
[2026-03-22T21:24:31.625+0000] {manager.py:997} INFO - 
================================================================================
DAG File Processing Stats

File Path                              PID    Runtime      # DAGs    # Errors  Last Runtime    Last Run               Last # of DB Queries
-------------------------------------  -----  ---------  --------  ----------  --------------  -------------------  ----------------------
/opt/airflow/dags/job_scraping_dag.py                           1           0  0.96s           2026-03-22T21:24:31                      12
================================================================================
[2026-03-22T21:25:01.949+0000] {manager.py:997} INFO - 
================================================================================
DAG File Processing Stats

File Path                                PID  Runtime      # DAGs    # Errors  Last Runtime    Last Run               Last # of DB Queries
-------------------------------------  -----  ---------  --------  ----------  --------------  -------------------  ----------------------
/opt/airflow/dags/job_scraping_dag.py    640  0.00s             1           0  0.96s           2026-03-22T21:24:31                      12
================================================================================
[2026-03-22T21:25:32.765+0000] {manager.py:997} INFO - 
================================================================================
DAG File Processing Stats

File Path                                PID  Runtime      # DAGs    # Errors  Last Runtime    Last Run               Last # of DB Queries
-------------------------------------  -----  ---------  --------  ----------  --------------  -------------------  ----------------------
/opt/airflow/dags/job_scraping_dag.py    684  0.01s             0           1  0.07s           2026-03-22T21:25:30                       5
================================================================================
[2026-03-22T21:26:03.098+0000] {manager.py:997} INFO - 
================================================================================
DAG File Processing Stats

File Path                              PID    Runtime      # DAGs    # Errors  Last Runtime    Last Run               Last # of DB Queries
-------------------------------------  -----  ---------  --------  ----------  --------------  -------------------  ----------------------
/opt/airflow/dags/job_scraping_dag.py                           1           0  0.92s           2026-03-22T21:25:48                      34
================================================================================
[2026-03-22T21:26:33.390+0000] {manager.py:997} INFO - 
================================================================================
DAG File Processing Stats

File Path                              PID    Runtime      # DAGs    # Errors  Last Runtime    Last Run               Last # of DB Queries
-------------------------------------  -----  ---------  --------  ----------  --------------  -------------------  ----------------------
/opt/airflow/dags/job_scraping_dag.py                           1           0  0.67s           2026-03-22T21:26:19                      12
================================================================================
[2026-03-22T21:27:03.649+0000] {manager.py:997} INFO - 
================================================================================
DAG File Processing Stats

File Path                              PID    Runtime      # DAGs    # Errors  Last Runtime    Last Run               Last # of DB Queries
-------------------------------------  -----  ---------  --------  ----------  --------------  -------------------  ----------------------
/opt/airflow/dags/job_scraping_dag.py                           1           0  0.94s           2026-03-22T21:26:41                      34
================================================================================
[2026-03-22T21:27:33.758+0000] {manager.py:997} INFO - 
================================================================================
DAG File Processing Stats

File Path                              PID    Runtime      # DAGs    # Errors  Last Runtime    Last Run               Last # of DB Queries
-------------------------------------  -----  ---------  --------  ----------  --------------  -------------------  ----------------------
/opt/airflow/dags/job_scraping_dag.py                           1           0  0.69s           2026-03-22T21:27:16                      12
================================================================================
[2026-03-22T21:28:04.085+0000] {manager.py:997} INFO - 
================================================================================
DAG File Processing Stats

File Path                              PID    Runtime      # DAGs    # Errors  Last Runtime    Last Run               Last # of DB Queries
-------------------------------------  -----  ---------  --------  ----------  --------------  -------------------  ----------------------
/opt/airflow/dags/job_scraping_dag.py                           1           0  0.62s           2026-03-22T21:27:47                      12
================================================================================
[2026-03-22T21:28:34.674+0000] {manager.py:997} INFO - 
================================================================================
DAG File Processing Stats

File Path                              PID    Runtime      # DAGs    # Errors  Last Runtime    Last Run               Last # of DB Queries
-------------------------------------  -----  ---------  --------  ----------  --------------  -------------------  ----------------------
/opt/airflow/dags/job_scraping_dag.py                           1           0  0.63s           2026-03-22T21:28:17                      12
================================================================================
[2026-03-22T21:29:05.000+0000] {manager.py:997} INFO - 
================================================================================
DAG File Processing Stats

File Path                              PID    Runtime      # DAGs    # Errors  Last Runtime    Last Run               Last # of DB Queries
-------------------------------------  -----  ---------  --------  ----------  --------------  -------------------  ----------------------
/opt/airflow/dags/job_scraping_dag.py                           1           0  0.62s           2026-03-22T21:28:48                      12
================================================================================
[2026-03-22T21:29:14.095+0000] {manager.py:821} INFO - Searching for files in /opt/airflow/dags
[2026-03-22T21:29:14.117+0000] {manager.py:824} INFO - There are 1 files in /opt/airflow/dags
[2026-03-22T21:29:35.377+0000] {manager.py:997} INFO - 
================================================================================
DAG File Processing Stats

File Path                              PID    Runtime      # DAGs    # Errors  Last Runtime    Last Run               Last # of DB Queries
-------------------------------------  -----  ---------  --------  ----------  --------------  -------------------  ----------------------
/opt/airflow/dags/job_scraping_dag.py                           1           0  0.62s           2026-03-22T21:29:19                      12
================================================================================
[2026-03-22T21:30:05.665+0000] {manager.py:997} INFO - 
================================================================================
DAG File Processing Stats

File Path                              PID    Runtime      # DAGs    # Errors  Last Runtime    Last Run               Last # of DB Queries
-------------------------------------  -----  ---------  --------  ----------  --------------  -------------------  ----------------------
/opt/airflow/dags/job_scraping_dag.py                           1           0  0.66s           2026-03-22T21:29:50                      12
================================================================================
[2026-03-22T21:30:35.824+0000] {manager.py:997} INFO - 
================================================================================
DAG File Processing Stats

File Path                              PID    Runtime      # DAGs    # Errors  Last Runtime    Last Run               Last # of DB Queries
-------------------------------------  -----  ---------  --------  ----------  --------------  -------------------  ----------------------
/opt/airflow/dags/job_scraping_dag.py                           1           0  0.85s           2026-03-22T21:30:21                      12
================================================================================
[2026-03-22T21:31:06.516+0000] {manager.py:997} INFO - 
================================================================================
DAG File Processing Stats

File Path                              PID    Runtime      # DAGs    # Errors  Last Runtime    Last Run               Last # of DB Queries
-------------------------------------  -----  ---------  --------  ----------  --------------  -------------------  ----------------------
/opt/airflow/dags/job_scraping_dag.py                           1           0  0.68s           2026-03-22T21:30:52                      12
================================================================================
[2026-03-22T21:31:36.538+0000] {manager.py:997} INFO - 
================================================================================
DAG File Processing Stats

File Path                              PID    Runtime      # DAGs    # Errors  Last Runtime    Last Run               Last # of DB Queries
-------------------------------------  -----  ---------  --------  ----------  --------------  -------------------  ----------------------
/opt/airflow/dags/job_scraping_dag.py                           1           0  0.66s           2026-03-22T21:31:23                      12
================================================================================
[2026-03-22T21:32:07.357+0000] {manager.py:997} INFO - 
================================================================================
DAG File Processing Stats

File Path                              PID    Runtime      # DAGs    # Errors  Last Runtime    Last Run               Last # of DB Queries
-------------------------------------  -----  ---------  --------  ----------  --------------  -------------------  ----------------------
/opt/airflow/dags/job_scraping_dag.py                           1           0  0.75s           2026-03-22T21:31:54                      12
================================================================================
[2026-03-22T21:32:37.450+0000] {manager.py:997} INFO - 
================================================================================
DAG File Processing Stats

File Path                              PID    Runtime      # DAGs    # Errors  Last Runtime    Last Run               Last # of DB Queries
-------------------------------------  -----  ---------  --------  ----------  --------------  -------------------  ----------------------
/opt/airflow/dags/job_scraping_dag.py                           1           0  0.82s           2026-03-22T21:32:25                      12
================================================================================
[2026-03-22T21:33:08.040+0000] {manager.py:997} INFO - 
================================================================================
DAG File Processing Stats

File Path                              PID    Runtime      # DAGs    # Errors  Last Runtime    Last Run               Last # of DB Queries
-------------------------------------  -----  ---------  --------  ----------  --------------  -------------------  ----------------------
/opt/airflow/dags/job_scraping_dag.py                           1           0  0.71s           2026-03-22T21:32:56                      12
================================================================================
[2026-03-22T21:33:38.339+0000] {manager.py:997} INFO - 
================================================================================
DAG File Processing Stats

File Path                              PID    Runtime      # DAGs    # Errors  Last Runtime    Last Run               Last # of DB Queries
-------------------------------------  -----  ---------  --------  ----------  --------------  -------------------  ----------------------
/opt/airflow/dags/job_scraping_dag.py                           1           0  0.61s           2026-03-22T21:33:27                      12
================================================================================
[2026-03-22T21:34:08.710+0000] {manager.py:997} INFO - 
================================================================================
DAG File Processing Stats

File Path                              PID    Runtime      # DAGs    # Errors  Last Runtime    Last Run               Last # of DB Queries
-------------------------------------  -----  ---------  --------  ----------  --------------  -------------------  ----------------------
/opt/airflow/dags/job_scraping_dag.py                           1           0  0.62s           2026-03-22T21:33:58                      12
================================================================================
[2026-03-22T21:34:14.347+0000] {manager.py:821} INFO - Searching for files in /opt/airflow/dags
[2026-03-22T21:34:14.382+0000] {manager.py:824} INFO - There are 1 files in /opt/airflow/dags
[2026-03-22T21:34:38.979+0000] {manager.py:997} INFO - 
================================================================================
DAG File Processing Stats

File Path                              PID    Runtime      # DAGs    # Errors  Last Runtime    Last Run               Last # of DB Queries
-------------------------------------  -----  ---------  --------  ----------  --------------  -------------------  ----------------------
/opt/airflow/dags/job_scraping_dag.py                           1           0  0.64s           2026-03-22T21:34:29                      12
================================================================================
[2026-03-22T21:35:09.247+0000] {manager.py:997} INFO - 
================================================================================
DAG File Processing Stats

File Path                              PID    Runtime      # DAGs    # Errors  Last Runtime    Last Run               Last # of DB Queries
-------------------------------------  -----  ---------  --------  ----------  --------------  -------------------  ----------------------
/opt/airflow/dags/job_scraping_dag.py                           1           0  0.71s           2026-03-22T21:35:00                      12
================================================================================
[2026-03-22T21:35:39.568+0000] {manager.py:997} INFO - 
================================================================================
DAG File Processing Stats

File Path                              PID    Runtime      # DAGs    # Errors  Last Runtime    Last Run               Last # of DB Queries
-------------------------------------  -----  ---------  --------  ----------  --------------  -------------------  ----------------------
/opt/airflow/dags/job_scraping_dag.py                           1           0  0.64s           2026-03-22T21:35:31                      12
================================================================================
[2026-03-22T21:36:09.857+0000] {manager.py:997} INFO - 
================================================================================
DAG File Processing Stats

File Path                              PID    Runtime      # DAGs    # Errors  Last Runtime    Last Run               Last # of DB Queries
-------------------------------------  -----  ---------  --------  ----------  --------------  -------------------  ----------------------
/opt/airflow/dags/job_scraping_dag.py                           1           0  0.75s           2026-03-22T21:36:02                      12
================================================================================
[2026-03-22T21:36:40.113+0000] {manager.py:997} INFO - 
================================================================================
DAG File Processing Stats

File Path                              PID    Runtime      # DAGs    # Errors  Last Runtime    Last Run               Last # of DB Queries
-------------------------------------  -----  ---------  --------  ----------  --------------  -------------------  ----------------------
/opt/airflow/dags/job_scraping_dag.py                           1           0  0.69s           2026-03-22T21:36:33                      12
================================================================================
[2026-03-22T21:37:10.502+0000] {manager.py:997} INFO - 
================================================================================
DAG File Processing Stats

File Path                              PID    Runtime      # DAGs    # Errors  Last Runtime    Last Run               Last # of DB Queries
-------------------------------------  -----  ---------  --------  ----------  --------------  -------------------  ----------------------
/opt/airflow/dags/job_scraping_dag.py                           1           0  1.54s           2026-03-22T21:37:04                      12
================================================================================
[2026-03-22T21:37:40.798+0000] {manager.py:997} INFO - 
================================================================================
DAG File Processing Stats

File Path                              PID    Runtime      # DAGs    # Errors  Last Runtime    Last Run               Last # of DB Queries
-------------------------------------  -----  ---------  --------  ----------  --------------  -------------------  ----------------------
/opt/airflow/dags/job_scraping_dag.py                           1           0  0.65s           2026-03-22T21:37:35                      12
================================================================================
[2026-03-22T21:38:10.878+0000] {manager.py:997} INFO - 
================================================================================
DAG File Processing Stats

File Path                              PID    Runtime      # DAGs    # Errors  Last Runtime    Last Run               Last # of DB Queries
-------------------------------------  -----  ---------  --------  ----------  --------------  -------------------  ----------------------
/opt/airflow/dags/job_scraping_dag.py                           1           0  0.80s           2026-03-22T21:38:06                      12
================================================================================
[2026-03-22T21:38:40.956+0000] {manager.py:997} INFO - 
================================================================================
DAG File Processing Stats

File Path                              PID    Runtime      # DAGs    # Errors  Last Runtime    Last Run               Last # of DB Queries
-------------------------------------  -----  ---------  --------  ----------  --------------  -------------------  ----------------------
/opt/airflow/dags/job_scraping_dag.py                           1           0  0.76s           2026-03-22T21:38:37                      12
================================================================================
[2026-03-22T21:39:11.098+0000] {manager.py:997} INFO - 
================================================================================
DAG File Processing Stats

File Path                              PID    Runtime      # DAGs    # Errors  Last Runtime    Last Run               Last # of DB Queries
-------------------------------------  -----  ---------  --------  ----------  --------------  -------------------  ----------------------
/opt/airflow/dags/job_scraping_dag.py                           1           0  0.90s           2026-03-22T21:39:09                      12
================================================================================
[2026-03-22T21:39:14.630+0000] {manager.py:821} INFO - Searching for files in /opt/airflow/dags
[2026-03-22T21:39:14.664+0000] {manager.py:824} INFO - There are 1 files in /opt/airflow/dags
[2026-03-22T21:39:42.030+0000] {manager.py:997} INFO - 
================================================================================
DAG File Processing Stats

File Path                              PID    Runtime      # DAGs    # Errors  Last Runtime    Last Run               Last # of DB Queries
-------------------------------------  -----  ---------  --------  ----------  --------------  -------------------  ----------------------
/opt/airflow/dags/job_scraping_dag.py                           1           0  0.63s           2026-03-22T21:39:40                      12
================================================================================
[2026-03-22T21:40:12.349+0000] {manager.py:997} INFO - 
================================================================================
DAG File Processing Stats

File Path                              PID    Runtime      # DAGs    # Errors  Last Runtime    Last Run               Last # of DB Queries
-------------------------------------  -----  ---------  --------  ----------  --------------  -------------------  ----------------------
/opt/airflow/dags/job_scraping_dag.py                           1           0  0.63s           2026-03-22T21:40:10                      12
================================================================================
[2026-03-22T21:40:42.646+0000] {manager.py:997} INFO - 
================================================================================
DAG File Processing Stats

File Path                              PID    Runtime      # DAGs    # Errors  Last Runtime    Last Run               Last # of DB Queries
-------------------------------------  -----  ---------  --------  ----------  --------------  -------------------  ----------------------
/opt/airflow/dags/job_scraping_dag.py                           1           0  0.79s           2026-03-22T21:40:42                      12
================================================================================
[2026-03-22T21:41:12.967+0000] {manager.py:997} INFO - 
================================================================================
DAG File Processing Stats

File Path                                PID  Runtime      # DAGs    # Errors  Last Runtime    Last Run               Last # of DB Queries
-------------------------------------  -----  ---------  --------  ----------  --------------  -------------------  ----------------------
/opt/airflow/dags/job_scraping_dag.py    886  0.63s             1           0  0.79s           2026-03-22T21:40:42                      12
================================================================================
[2026-03-22T21:41:43.291+0000] {manager.py:997} INFO - 
================================================================================
DAG File Processing Stats

File Path                                PID  Runtime      # DAGs    # Errors  Last Runtime    Last Run               Last # of DB Queries
-------------------------------------  -----  ---------  --------  ----------  --------------  -------------------  ----------------------
/opt/airflow/dags/job_scraping_dag.py    892  0.00s             1           0  0.68s           2026-03-22T21:41:13                      12
================================================================================
[2026-03-22T21:42:13.383+0000] {manager.py:997} INFO - 
================================================================================
DAG File Processing Stats

File Path                              PID    Runtime      # DAGs    # Errors  Last Runtime    Last Run               Last # of DB Queries
-------------------------------------  -----  ---------  --------  ----------  --------------  -------------------  ----------------------
/opt/airflow/dags/job_scraping_dag.py                           1           0  0.82s           2026-03-22T21:41:44                      12
================================================================================
[2026-03-22T21:42:43.863+0000] {manager.py:997} INFO - 
================================================================================
DAG File Processing Stats

File Path                              PID    Runtime      # DAGs    # Errors  Last Runtime    Last Run               Last # of DB Queries
-------------------------------------  -----  ---------  --------  ----------  --------------  -------------------  ----------------------
/opt/airflow/dags/job_scraping_dag.py                           1           0  0.67s           2026-03-22T21:42:15                      12
================================================================================
[2026-03-22T21:43:14.156+0000] {manager.py:997} INFO - 
================================================================================
DAG File Processing Stats

File Path                              PID    Runtime      # DAGs    # Errors  Last Runtime    Last Run               Last # of DB Queries
-------------------------------------  -----  ---------  --------  ----------  --------------  -------------------  ----------------------
/opt/airflow/dags/job_scraping_dag.py                           1           0  0.64s           2026-03-22T21:42:46                      12
================================================================================
[2026-03-22T21:43:44.412+0000] {manager.py:997} INFO - 
================================================================================
DAG File Processing Stats

File Path                              PID    Runtime      # DAGs    # Errors  Last Runtime    Last Run               Last # of DB Queries
-------------------------------------  -----  ---------  --------  ----------  --------------  -------------------  ----------------------
/opt/airflow/dags/job_scraping_dag.py                           1           0  0.92s           2026-03-22T21:43:17                      12
================================================================================
[2026-03-22T21:44:14.890+0000] {manager.py:821} INFO - Searching for files in /opt/airflow/dags
[2026-03-22T21:44:14.921+0000] {manager.py:824} INFO - There are 1 files in /opt/airflow/dags
[2026-03-22T21:44:14.929+0000] {manager.py:997} INFO - 
================================================================================
DAG File Processing Stats

File Path                              PID    Runtime      # DAGs    # Errors  Last Runtime    Last Run               Last # of DB Queries
-------------------------------------  -----  ---------  --------  ----------  --------------  -------------------  ----------------------
/opt/airflow/dags/job_scraping_dag.py                           1           0  0.68s           2026-03-22T21:43:48                      12
================================================================================
[2026-03-22T21:44:45.235+0000] {manager.py:997} INFO - 
================================================================================
DAG File Processing Stats

File Path                              PID    Runtime      # DAGs    # Errors  Last Runtime    Last Run               Last # of DB Queries
-------------------------------------  -----  ---------  --------  ----------  --------------  -------------------  ----------------------
/opt/airflow/dags/job_scraping_dag.py                           1           0  0.69s           2026-03-22T21:44:19                      12
================================================================================
[2026-03-22T21:45:15.704+0000] {manager.py:997} INFO - 
================================================================================
DAG File Processing Stats

File Path                              PID    Runtime      # DAGs    # Errors  Last Runtime    Last Run               Last # of DB Queries
-------------------------------------  -----  ---------  --------  ----------  --------------  -------------------  ----------------------
/opt/airflow/dags/job_scraping_dag.py                           1           0  0.63s           2026-03-22T21:44:49                      12
================================================================================
[2026-03-22T21:45:46.023+0000] {manager.py:997} INFO - 
================================================================================
DAG File Processing Stats

File Path                              PID    Runtime      # DAGs    # Errors  Last Runtime    Last Run               Last # of DB Queries
-------------------------------------  -----  ---------  --------  ----------  --------------  -------------------  ----------------------
/opt/airflow/dags/job_scraping_dag.py                           1           0  0.70s           2026-03-22T21:45:20                      12
================================================================================
[2026-03-22T21:46:16.401+0000] {manager.py:997} INFO - 
================================================================================
DAG File Processing Stats

File Path                              PID    Runtime      # DAGs    # Errors  Last Runtime    Last Run               Last # of DB Queries
-------------------------------------  -----  ---------  --------  ----------  --------------  -------------------  ----------------------
/opt/airflow/dags/job_scraping_dag.py                           1           0  0.72s           2026-03-22T21:45:51                      12
================================================================================
[2026-03-22T21:46:46.689+0000] {manager.py:997} INFO - 
================================================================================
DAG File Processing Stats

File Path                              PID    Runtime      # DAGs    # Errors  Last Runtime    Last Run               Last # of DB Queries
-------------------------------------  -----  ---------  --------  ----------  --------------  -------------------  ----------------------
/opt/airflow/dags/job_scraping_dag.py                           1           0  0.64s           2026-03-22T21:46:22                      12
================================================================================
[2026-03-22T21:47:17.254+0000] {manager.py:997} INFO - 
================================================================================
DAG File Processing Stats

File Path                              PID    Runtime      # DAGs    # Errors  Last Runtime    Last Run               Last # of DB Queries
-------------------------------------  -----  ---------  --------  ----------  --------------  -------------------  ----------------------
/opt/airflow/dags/job_scraping_dag.py                           1           0  0.68s           2026-03-22T21:46:53                      12
================================================================================
[2026-03-22T21:47:38.391+0000] {manager.py:465} INFO - Exiting gracefully upon receiving signal 15
[2026-03-22T21:48:19.667+0000] {manager.py:483} INFO - Processing files using up to 2 processes at a time 
[2026-03-22T21:48:19.668+0000] {manager.py:484} INFO - Process each file at most once every 30 seconds
[2026-03-22T21:48:19.670+0000] {manager.py:485} INFO - Checking for new files in /opt/airflow/dags every 300 seconds
[2026-03-22T21:48:19.672+0000] {manager.py:821} INFO - Searching for files in /opt/airflow/dags
[2026-03-22T21:48:19.708+0000] {manager.py:824} INFO - There are 1 files in /opt/airflow/dags
[2026-03-22T21:48:19.847+0000] {manager.py:997} INFO - 
================================================================================
DAG File Processing Stats

File Path                                PID  Runtime      # DAGs    # Errors  Last Runtime    Last Run      Last # of DB Queries
-------------------------------------  -----  ---------  --------  ----------  --------------  ----------  ----------------------
/opt/airflow/dags/job_scraping_dag.py    168  0.04s             0           0                                                   0
================================================================================
[2026-03-22T21:48:50.155+0000] {manager.py:997} INFO - 
================================================================================
DAG File Processing Stats

File Path                              PID    Runtime      # DAGs    # Errors  Last Runtime    Last Run               Last # of DB Queries
-------------------------------------  -----  ---------  --------  ----------  --------------  -------------------  ----------------------
/opt/airflow/dags/job_scraping_dag.py                           1           0  1.22s           2026-03-22T21:48:21                      12
================================================================================
[2026-03-22T21:49:20.555+0000] {manager.py:997} INFO - 
================================================================================
DAG File Processing Stats

File Path                              PID    Runtime      # DAGs    # Errors  Last Runtime    Last Run               Last # of DB Queries
-------------------------------------  -----  ---------  --------  ----------  --------------  -------------------  ----------------------
/opt/airflow/dags/job_scraping_dag.py                           1           0  1.09s           2026-03-22T21:48:52                      12
================================================================================
[2026-03-22T21:49:50.637+0000] {manager.py:997} INFO - 
================================================================================
DAG File Processing Stats

File Path                              PID    Runtime      # DAGs    # Errors  Last Runtime    Last Run               Last # of DB Queries
-------------------------------------  -----  ---------  --------  ----------  --------------  -------------------  ----------------------
/opt/airflow/dags/job_scraping_dag.py                           1           0  0.68s           2026-03-22T21:49:23                      12
================================================================================
[2026-03-22T21:50:20.699+0000] {manager.py:997} INFO - 
================================================================================
DAG File Processing Stats

File Path                              PID    Runtime      # DAGs    # Errors  Last Runtime    Last Run               Last # of DB Queries
-------------------------------------  -----  ---------  --------  ----------  --------------  -------------------  ----------------------
/opt/airflow/dags/job_scraping_dag.py                           1           0  0.66s           2026-03-22T21:49:54                      12
================================================================================
[2026-03-22T21:50:50.749+0000] {manager.py:997} INFO - 
================================================================================
DAG File Processing Stats

File Path                              PID    Runtime      # DAGs    # Errors  Last Runtime    Last Run               Last # of DB Queries
-------------------------------------  -----  ---------  --------  ----------  --------------  -------------------  ----------------------
/opt/airflow/dags/job_scraping_dag.py                           1           0  0.68s           2026-03-22T21:50:25                      12
================================================================================
[2026-03-22T21:51:21.123+0000] {manager.py:997} INFO - 
================================================================================
DAG File Processing Stats

File Path                              PID    Runtime      # DAGs    # Errors  Last Runtime    Last Run               Last # of DB Queries
-------------------------------------  -----  ---------  --------  ----------  --------------  -------------------  ----------------------
/opt/airflow/dags/job_scraping_dag.py                           1           0  0.65s           2026-03-22T21:50:56                      12
================================================================================
[2026-03-22T21:51:51.440+0000] {manager.py:997} INFO - 
================================================================================
DAG File Processing Stats

File Path                              PID    Runtime      # DAGs    # Errors  Last Runtime    Last Run               Last # of DB Queries
-------------------------------------  -----  ---------  --------  ----------  --------------  -------------------  ----------------------
/opt/airflow/dags/job_scraping_dag.py                           1           0  0.62s           2026-03-22T21:51:27                      12
================================================================================
[2026-03-22T21:52:21.566+0000] {manager.py:997} INFO - 
================================================================================
DAG File Processing Stats

File Path                              PID    Runtime      # DAGs    # Errors  Last Runtime    Last Run               Last # of DB Queries
-------------------------------------  -----  ---------  --------  ----------  --------------  -------------------  ----------------------
/opt/airflow/dags/job_scraping_dag.py                           1           0  0.87s           2026-03-22T21:51:58                      12
================================================================================
[2026-03-22T21:52:51.872+0000] {manager.py:997} INFO - 
================================================================================
DAG File Processing Stats

File Path                              PID    Runtime      # DAGs    # Errors  Last Runtime    Last Run               Last # of DB Queries
-------------------------------------  -----  ---------  --------  ----------  --------------  -------------------  ----------------------
/opt/airflow/dags/job_scraping_dag.py                           1           0  1.05s           2026-03-22T21:52:29                      12
================================================================================
[2026-03-22T21:53:20.017+0000] {manager.py:821} INFO - Searching for files in /opt/airflow/dags
[2026-03-22T21:53:20.090+0000] {manager.py:824} INFO - There are 1 files in /opt/airflow/dags
[2026-03-22T21:53:22.139+0000] {manager.py:997} INFO - 
================================================================================
DAG File Processing Stats

File Path                              PID    Runtime      # DAGs    # Errors  Last Runtime    Last Run               Last # of DB Queries
-------------------------------------  -----  ---------  --------  ----------  --------------  -------------------  ----------------------
/opt/airflow/dags/job_scraping_dag.py                           1           0  1.84s           2026-03-22T21:53:01                      12
================================================================================
[2026-03-22T21:53:52.211+0000] {manager.py:997} INFO - 
================================================================================
DAG File Processing Stats

File Path                              PID    Runtime      # DAGs    # Errors  Last Runtime    Last Run               Last # of DB Queries
-------------------------------------  -----  ---------  --------  ----------  --------------  -------------------  ----------------------
/opt/airflow/dags/job_scraping_dag.py                           1           0  0.85s           2026-03-22T21:53:33                      12
================================================================================
[2026-03-22T21:54:22.823+0000] {manager.py:997} INFO - 
================================================================================
DAG File Processing Stats

File Path                              PID    Runtime      # DAGs    # Errors  Last Runtime    Last Run               Last # of DB Queries
-------------------------------------  -----  ---------  --------  ----------  --------------  -------------------  ----------------------
/opt/airflow/dags/job_scraping_dag.py                           1           0  0.67s           2026-03-22T21:54:03                      12
================================================================================
[2026-03-22T21:54:53.180+0000] {manager.py:997} INFO - 
================================================================================
DAG File Processing Stats

File Path                              PID    Runtime      # DAGs    # Errors  Last Runtime    Last Run               Last # of DB Queries
-------------------------------------  -----  ---------  --------  ----------  --------------  -------------------  ----------------------
/opt/airflow/dags/job_scraping_dag.py                           1           0  0.65s           2026-03-22T21:54:35                      12
================================================================================
[2026-03-22T21:55:23.578+0000] {manager.py:997} INFO - 
================================================================================
DAG File Processing Stats

File Path                              PID    Runtime      # DAGs    # Errors  Last Runtime    Last Run               Last # of DB Queries
-------------------------------------  -----  ---------  --------  ----------  --------------  -------------------  ----------------------
/opt/airflow/dags/job_scraping_dag.py                           1           0  0.60s           2026-03-22T21:55:05                      12
================================================================================
[2026-03-22T21:55:53.927+0000] {manager.py:997} INFO - 
================================================================================
DAG File Processing Stats

File Path                              PID    Runtime      # DAGs    # Errors  Last Runtime    Last Run               Last # of DB Queries
-------------------------------------  -----  ---------  --------  ----------  --------------  -------------------  ----------------------
/opt/airflow/dags/job_scraping_dag.py                           1           0  0.59s           2026-03-22T21:55:36                      12
================================================================================
[2026-03-22T21:56:24.378+0000] {manager.py:997} INFO - 
================================================================================
DAG File Processing Stats

File Path                              PID    Runtime      # DAGs    # Errors  Last Runtime    Last Run               Last # of DB Queries
-------------------------------------  -----  ---------  --------  ----------  --------------  -------------------  ----------------------
/opt/airflow/dags/job_scraping_dag.py                           1           0  0.60s           2026-03-22T21:56:07                      12
================================================================================
[2026-03-22T21:56:54.631+0000] {manager.py:997} INFO - 
================================================================================
DAG File Processing Stats

File Path                              PID    Runtime      # DAGs    # Errors  Last Runtime    Last Run               Last # of DB Queries
-------------------------------------  -----  ---------  --------  ----------  --------------  -------------------  ----------------------
/opt/airflow/dags/job_scraping_dag.py                           1           0  0.68s           2026-03-22T21:56:38                      12
================================================================================
[2026-03-22T21:57:25.083+0000] {manager.py:997} INFO - 
================================================================================
DAG File Processing Stats

File Path                              PID    Runtime      # DAGs    # Errors  Last Runtime    Last Run               Last # of DB Queries
-------------------------------------  -----  ---------  --------  ----------  --------------  -------------------  ----------------------
/opt/airflow/dags/job_scraping_dag.py                           1           0  0.62s           2026-03-22T21:57:09                      12
================================================================================
[2026-03-22T21:57:55.393+0000] {manager.py:997} INFO - 
================================================================================
DAG File Processing Stats

File Path                              PID    Runtime      # DAGs    # Errors  Last Runtime    Last Run               Last # of DB Queries
-------------------------------------  -----  ---------  --------  ----------  --------------  -------------------  ----------------------
/opt/airflow/dags/job_scraping_dag.py                           1           0  0.69s           2026-03-22T21:57:40                      12
================================================================================
[2026-03-22T21:58:20.287+0000] {manager.py:821} INFO - Searching for files in /opt/airflow/dags
[2026-03-22T21:58:20.327+0000] {manager.py:824} INFO - There are 1 files in /opt/airflow/dags
[2026-03-22T21:58:25.881+0000] {manager.py:997} INFO - 
================================================================================
DAG File Processing Stats

File Path                              PID    Runtime      # DAGs    # Errors  Last Runtime    Last Run               Last # of DB Queries
-------------------------------------  -----  ---------  --------  ----------  --------------  -------------------  ----------------------
/opt/airflow/dags/job_scraping_dag.py                           1           0  0.60s           2026-03-22T21:58:11                      12
================================================================================
[2026-03-22T21:58:55.968+0000] {manager.py:997} INFO - 
================================================================================
DAG File Processing Stats

File Path                              PID    Runtime      # DAGs    # Errors  Last Runtime    Last Run               Last # of DB Queries
-------------------------------------  -----  ---------  --------  ----------  --------------  -------------------  ----------------------
/opt/airflow/dags/job_scraping_dag.py                           1           0  1.24s           2026-03-22T21:58:42                      12
================================================================================
[2026-03-22T21:59:26.302+0000] {manager.py:997} INFO - 
================================================================================
DAG File Processing Stats

File Path                              PID    Runtime      # DAGs    # Errors  Last Runtime    Last Run               Last # of DB Queries
-------------------------------------  -----  ---------  --------  ----------  --------------  -------------------  ----------------------
/opt/airflow/dags/job_scraping_dag.py                           1           0  0.61s           2026-03-22T21:59:13                      12
================================================================================
[2026-03-22T21:59:56.579+0000] {manager.py:997} INFO - 
================================================================================
DAG File Processing Stats

File Path                              PID    Runtime      # DAGs    # Errors  Last Runtime    Last Run               Last # of DB Queries
-------------------------------------  -----  ---------  --------  ----------  --------------  -------------------  ----------------------
/opt/airflow/dags/job_scraping_dag.py                           1           0  0.86s           2026-03-22T21:59:44                      12
================================================================================
[2026-03-22T22:00:26.716+0000] {manager.py:997} INFO - 
================================================================================
DAG File Processing Stats

File Path                              PID    Runtime      # DAGs    # Errors  Last Runtime    Last Run               Last # of DB Queries
-------------------------------------  -----  ---------  --------  ----------  --------------  -------------------  ----------------------
/opt/airflow/dags/job_scraping_dag.py                           1           0  0.87s           2026-03-22T22:00:15                      12
================================================================================
[2026-03-22T22:00:56.744+0000] {manager.py:997} INFO - 
================================================================================
DAG File Processing Stats

File Path                              PID    Runtime      # DAGs    # Errors  Last Runtime    Last Run               Last # of DB Queries
-------------------------------------  -----  ---------  --------  ----------  --------------  -------------------  ----------------------
/opt/airflow/dags/job_scraping_dag.py                           1           0  0.76s           2026-03-22T22:00:46                      12
================================================================================
[2026-03-22T22:01:21.531+0000] {manager.py:465} INFO - Exiting gracefully upon receiving signal 15
[2026-03-22T22:01:57.857+0000] {manager.py:483} INFO - Processing files using up to 2 processes at a time 
[2026-03-22T22:01:57.859+0000] {manager.py:484} INFO - Process each file at most once every 30 seconds
[2026-03-22T22:01:57.860+0000] {manager.py:485} INFO - Checking for new files in /opt/airflow/dags every 300 seconds
[2026-03-22T22:01:57.861+0000] {manager.py:821} INFO - Searching for files in /opt/airflow/dags
[2026-03-22T22:01:57.889+0000] {manager.py:824} INFO - There are 1 files in /opt/airflow/dags
[2026-03-22T22:01:58.009+0000] {manager.py:997} INFO - 
================================================================================
DAG File Processing Stats

File Path                                PID  Runtime      # DAGs    # Errors  Last Runtime    Last Run      Last # of DB Queries
-------------------------------------  -----  ---------  --------  ----------  --------------  ----------  ----------------------
/opt/airflow/dags/job_scraping_dag.py    168  0.04s             0           0                                                   0
================================================================================
[2026-03-22T22:02:28.321+0000] {manager.py:997} INFO - 
================================================================================
DAG File Processing Stats

File Path                              PID    Runtime      # DAGs    # Errors  Last Runtime    Last Run               Last # of DB Queries
-------------------------------------  -----  ---------  --------  ----------  --------------  -------------------  ----------------------
/opt/airflow/dags/job_scraping_dag.py                           1           0  1.07s           2026-03-22T22:01:59                      12
================================================================================
[2026-03-22T22:02:58.693+0000] {manager.py:997} INFO - 
================================================================================
DAG File Processing Stats

File Path                              PID    Runtime      # DAGs    # Errors  Last Runtime    Last Run               Last # of DB Queries
-------------------------------------  -----  ---------  --------  ----------  --------------  -------------------  ----------------------
/opt/airflow/dags/job_scraping_dag.py                           1           0  0.62s           2026-03-22T22:02:29                      12
================================================================================
[2026-03-22T22:03:29.077+0000] {manager.py:997} INFO - 
================================================================================
DAG File Processing Stats

File Path                              PID    Runtime      # DAGs    # Errors  Last Runtime    Last Run               Last # of DB Queries
-------------------------------------  -----  ---------  --------  ----------  --------------  -------------------  ----------------------
/opt/airflow/dags/job_scraping_dag.py                           1           0  0.63s           2026-03-22T22:03:00                      12
================================================================================
[2026-03-22T22:03:59.113+0000] {manager.py:997} INFO - 
================================================================================
DAG File Processing Stats

File Path                              PID    Runtime      # DAGs    # Errors  Last Runtime    Last Run               Last # of DB Queries
-------------------------------------  -----  ---------  --------  ----------  --------------  -------------------  ----------------------
/opt/airflow/dags/job_scraping_dag.py                           1           0  0.71s           2026-03-22T22:03:31                      12
================================================================================
[2026-03-22T22:04:29.912+0000] {manager.py:997} INFO - 
================================================================================
DAG File Processing Stats

File Path                              PID    Runtime      # DAGs    # Errors  Last Runtime    Last Run               Last # of DB Queries
-------------------------------------  -----  ---------  --------  ----------  --------------  -------------------  ----------------------
/opt/airflow/dags/job_scraping_dag.py                           1           0  0.61s           2026-03-22T22:04:02                      12
================================================================================
[2026-03-22T22:04:59.962+0000] {manager.py:997} INFO - 
================================================================================
DAG File Processing Stats

File Path                              PID    Runtime      # DAGs    # Errors  Last Runtime    Last Run               Last # of DB Queries
-------------------------------------  -----  ---------  --------  ----------  --------------  -------------------  ----------------------
/opt/airflow/dags/job_scraping_dag.py                           1           0  0.69s           2026-03-22T22:04:33                      12
================================================================================
[2026-03-22T22:05:30.788+0000] {manager.py:997} INFO - 
================================================================================
DAG File Processing Stats

File Path                              PID    Runtime      # DAGs    # Errors  Last Runtime    Last Run               Last # of DB Queries
-------------------------------------  -----  ---------  --------  ----------  --------------  -------------------  ----------------------
/opt/airflow/dags/job_scraping_dag.py                           1           0  0.63s           2026-03-22T22:05:04                      12
================================================================================
[2026-03-22T22:06:01.203+0000] {manager.py:997} INFO - 
================================================================================
DAG File Processing Stats

File Path                              PID    Runtime      # DAGs    # Errors  Last Runtime    Last Run               Last # of DB Queries
-------------------------------------  -----  ---------  --------  ----------  --------------  -------------------  ----------------------
/opt/airflow/dags/job_scraping_dag.py                           1           0  0.62s           2026-03-22T22:05:35                      12
================================================================================
[2026-03-22T22:06:31.463+0000] {manager.py:997} INFO - 
================================================================================
DAG File Processing Stats

File Path                              PID    Runtime      # DAGs    # Errors  Last Runtime    Last Run               Last # of DB Queries
-------------------------------------  -----  ---------  --------  ----------  --------------  -------------------  ----------------------
/opt/airflow/dags/job_scraping_dag.py                           1           0  0.66s           2026-03-22T22:06:06                      12
================================================================================
[2026-03-22T22:06:58.676+0000] {manager.py:821} INFO - Searching for files in /opt/airflow/dags
[2026-03-22T22:06:58.708+0000] {manager.py:824} INFO - There are 1 files in /opt/airflow/dags
[2026-03-22T22:07:01.750+0000] {manager.py:997} INFO - 
================================================================================
DAG File Processing Stats

File Path                              PID    Runtime      # DAGs    # Errors  Last Runtime    Last Run               Last # of DB Queries
-------------------------------------  -----  ---------  --------  ----------  --------------  -------------------  ----------------------
/opt/airflow/dags/job_scraping_dag.py                           1           0  0.97s           2026-03-22T22:06:37                      12
================================================================================
[2026-03-22T22:07:31.803+0000] {manager.py:997} INFO - 
================================================================================
DAG File Processing Stats

File Path                              PID    Runtime      # DAGs    # Errors  Last Runtime    Last Run               Last # of DB Queries
-------------------------------------  -----  ---------  --------  ----------  --------------  -------------------  ----------------------
/opt/airflow/dags/job_scraping_dag.py                           1           0  0.77s           2026-03-22T22:07:08                      12
================================================================================
[2026-03-22T22:08:02.234+0000] {manager.py:997} INFO - 
================================================================================
DAG File Processing Stats

File Path                              PID    Runtime      # DAGs    # Errors  Last Runtime    Last Run               Last # of DB Queries
-------------------------------------  -----  ---------  --------  ----------  --------------  -------------------  ----------------------
/opt/airflow/dags/job_scraping_dag.py                           1           0  1.11s           2026-03-22T22:07:39                      12
================================================================================
[2026-03-22T22:08:32.579+0000] {manager.py:997} INFO - 
================================================================================
DAG File Processing Stats

File Path                              PID    Runtime      # DAGs    # Errors  Last Runtime    Last Run               Last # of DB Queries
-------------------------------------  -----  ---------  --------  ----------  --------------  -------------------  ----------------------
/opt/airflow/dags/job_scraping_dag.py                           1           0  1.95s           2026-03-22T22:08:12                      12
================================================================================
[2026-03-22T22:09:02.684+0000] {manager.py:997} INFO - 
================================================================================
DAG File Processing Stats

File Path                              PID    Runtime      # DAGs    # Errors  Last Runtime    Last Run               Last # of DB Queries
-------------------------------------  -----  ---------  --------  ----------  --------------  -------------------  ----------------------
/opt/airflow/dags/job_scraping_dag.py                           1           0  0.79s           2026-03-22T22:08:43                      12
================================================================================
[2026-03-22T22:09:32.866+0000] {manager.py:997} INFO - 
================================================================================
DAG File Processing Stats

File Path                              PID    Runtime      # DAGs    # Errors  Last Runtime    Last Run               Last # of DB Queries
-------------------------------------  -----  ---------  --------  ----------  --------------  -------------------  ----------------------
/opt/airflow/dags/job_scraping_dag.py                           1           0  0.84s           2026-03-22T22:09:14                      12
================================================================================
[2026-03-22T22:10:03.561+0000] {manager.py:997} INFO - 
================================================================================
DAG File Processing Stats

File Path                              PID    Runtime      # DAGs    # Errors  Last Runtime    Last Run               Last # of DB Queries
-------------------------------------  -----  ---------  --------  ----------  --------------  -------------------  ----------------------
/opt/airflow/dags/job_scraping_dag.py                           1           0  0.65s           2026-03-22T22:09:45                      12
================================================================================
[2026-03-22T22:10:34.144+0000] {manager.py:997} INFO - 
================================================================================
DAG File Processing Stats

File Path                              PID    Runtime      # DAGs    # Errors  Last Runtime    Last Run               Last # of DB Queries
-------------------------------------  -----  ---------  --------  ----------  --------------  -------------------  ----------------------
/opt/airflow/dags/job_scraping_dag.py                           1           0  0.63s           2026-03-22T22:10:16                      12
================================================================================
[2026-03-22T22:11:04.463+0000] {manager.py:997} INFO - 
================================================================================
DAG File Processing Stats

File Path                              PID    Runtime      # DAGs    # Errors  Last Runtime    Last Run               Last # of DB Queries
-------------------------------------  -----  ---------  --------  ----------  --------------  -------------------  ----------------------
/opt/airflow/dags/job_scraping_dag.py                           1           0  0.64s           2026-03-22T22:10:47                      12
================================================================================
[2026-03-22T22:11:35.123+0000] {manager.py:997} INFO - 
================================================================================
DAG File Processing Stats

File Path                              PID    Runtime      # DAGs    # Errors  Last Runtime    Last Run               Last # of DB Queries
-------------------------------------  -----  ---------  --------  ----------  --------------  -------------------  ----------------------
/opt/airflow/dags/job_scraping_dag.py                           1           0  0.67s           2026-03-22T22:11:18                      12
================================================================================
[2026-03-22T22:11:59.123+0000] {manager.py:821} INFO - Searching for files in /opt/airflow/dags
[2026-03-22T22:11:59.160+0000] {manager.py:824} INFO - There are 1 files in /opt/airflow/dags
[2026-03-22T22:12:05.243+0000] {manager.py:997} INFO - 
================================================================================
DAG File Processing Stats

File Path                              PID    Runtime      # DAGs    # Errors  Last Runtime    Last Run               Last # of DB Queries
-------------------------------------  -----  ---------  --------  ----------  --------------  -------------------  ----------------------
/opt/airflow/dags/job_scraping_dag.py                           1           0  0.75s           2026-03-22T22:11:49                      12
================================================================================
[2026-03-22T22:12:35.287+0000] {manager.py:997} INFO - 
================================================================================
DAG File Processing Stats

File Path                              PID    Runtime      # DAGs    # Errors  Last Runtime    Last Run               Last # of DB Queries
-------------------------------------  -----  ---------  --------  ----------  --------------  -------------------  ----------------------
/opt/airflow/dags/job_scraping_dag.py                           1           0  0.67s           2026-03-22T22:12:20                      12
================================================================================
[2026-03-22T22:13:05.616+0000] {manager.py:997} INFO - 
================================================================================
DAG File Processing Stats

File Path                              PID    Runtime      # DAGs    # Errors  Last Runtime    Last Run               Last # of DB Queries
-------------------------------------  -----  ---------  --------  ----------  --------------  -------------------  ----------------------
/opt/airflow/dags/job_scraping_dag.py                           1           0  0.62s           2026-03-22T22:12:50                      12
================================================================================
[2026-03-22T22:13:35.876+0000] {manager.py:997} INFO - 
================================================================================
DAG File Processing Stats

File Path                              PID    Runtime      # DAGs    # Errors  Last Runtime    Last Run               Last # of DB Queries
-------------------------------------  -----  ---------  --------  ----------  --------------  -------------------  ----------------------
/opt/airflow/dags/job_scraping_dag.py                           1           0  0.88s           2026-03-22T22:13:22                      12
================================================================================
[2026-03-22T22:14:06.096+0000] {manager.py:997} INFO - 
================================================================================
DAG File Processing Stats

File Path                              PID    Runtime      # DAGs    # Errors  Last Runtime    Last Run               Last # of DB Queries
-------------------------------------  -----  ---------  --------  ----------  --------------  -------------------  ----------------------
/opt/airflow/dags/job_scraping_dag.py                           1           0  0.64s           2026-03-22T22:13:52                      12
================================================================================
[2026-03-22T22:14:36.796+0000] {manager.py:997} INFO - 
================================================================================
DAG File Processing Stats

File Path                              PID    Runtime      # DAGs    # Errors  Last Runtime    Last Run               Last # of DB Queries
-------------------------------------  -----  ---------  --------  ----------  --------------  -------------------  ----------------------
/opt/airflow/dags/job_scraping_dag.py                           1           0  0.70s           2026-03-22T22:14:23                      12
================================================================================
[2026-03-22T22:15:06.843+0000] {manager.py:997} INFO - 
================================================================================
DAG File Processing Stats

File Path                              PID    Runtime      # DAGs    # Errors  Last Runtime    Last Run               Last # of DB Queries
-------------------------------------  -----  ---------  --------  ----------  --------------  -------------------  ----------------------
/opt/airflow/dags/job_scraping_dag.py                           1           0  0.69s           2026-03-22T22:14:54                      12
================================================================================
[2026-03-22T22:15:36.854+0000] {manager.py:997} INFO - 
================================================================================
DAG File Processing Stats

File Path                              PID    Runtime      # DAGs    # Errors  Last Runtime    Last Run               Last # of DB Queries
-------------------------------------  -----  ---------  --------  ----------  --------------  -------------------  ----------------------
/opt/airflow/dags/job_scraping_dag.py                           1           0  0.70s           2026-03-22T22:15:25                      12
================================================================================
[2026-03-22T22:16:07.116+0000] {manager.py:997} INFO - 
================================================================================
DAG File Processing Stats

File Path                              PID    Runtime      # DAGs    # Errors  Last Runtime    Last Run               Last # of DB Queries
-------------------------------------  -----  ---------  --------  ----------  --------------  -------------------  ----------------------
/opt/airflow/dags/job_scraping_dag.py                           1           0  0.63s           2026-03-22T22:15:56                      12
================================================================================
[2026-03-22T22:16:37.410+0000] {manager.py:997} INFO - 
================================================================================
DAG File Processing Stats

File Path                              PID    Runtime      # DAGs    # Errors  Last Runtime    Last Run               Last # of DB Queries
-------------------------------------  -----  ---------  --------  ----------  --------------  -------------------  ----------------------
/opt/airflow/dags/job_scraping_dag.py                           1           0  0.67s           2026-03-22T22:16:27                      12
================================================================================
[2026-03-22T22:16:59.329+0000] {manager.py:821} INFO - Searching for files in /opt/airflow/dags
[2026-03-22T22:16:59.359+0000] {manager.py:824} INFO - There are 1 files in /opt/airflow/dags
[2026-03-22T22:17:07.471+0000] {manager.py:997} INFO - 
================================================================================
DAG File Processing Stats

File Path                              PID    Runtime      # DAGs    # Errors  Last Runtime    Last Run               Last # of DB Queries
-------------------------------------  -----  ---------  --------  ----------  --------------  -------------------  ----------------------
/opt/airflow/dags/job_scraping_dag.py                           1           0  0.70s           2026-03-22T22:16:58                      12
================================================================================
[2026-03-22T22:17:37.583+0000] {manager.py:997} INFO - 
================================================================================
DAG File Processing Stats

File Path                              PID    Runtime      # DAGs    # Errors  Last Runtime    Last Run               Last # of DB Queries
-------------------------------------  -----  ---------  --------  ----------  --------------  -------------------  ----------------------
/opt/airflow/dags/job_scraping_dag.py                           1           0  0.77s           2026-03-22T22:17:29                      12
================================================================================
[2026-03-22T22:18:07.859+0000] {manager.py:997} INFO - 
================================================================================
DAG File Processing Stats

File Path                              PID    Runtime      # DAGs    # Errors  Last Runtime    Last Run               Last # of DB Queries
-------------------------------------  -----  ---------  --------  ----------  --------------  -------------------  ----------------------
/opt/airflow/dags/job_scraping_dag.py                           1           0  0.63s           2026-03-22T22:18:00                      12
================================================================================
[2026-03-22T22:18:38.134+0000] {manager.py:997} INFO - 
================================================================================
DAG File Processing Stats

File Path                              PID    Runtime      # DAGs    # Errors  Last Runtime    Last Run               Last # of DB Queries
-------------------------------------  -----  ---------  --------  ----------  --------------  -------------------  ----------------------
/opt/airflow/dags/job_scraping_dag.py                           1           0  0.70s           2026-03-22T22:18:31                      12
================================================================================
[2026-03-22T22:19:08.355+0000] {manager.py:997} INFO - 
================================================================================
DAG File Processing Stats

File Path                              PID    Runtime      # DAGs    # Errors  Last Runtime    Last Run               Last # of DB Queries
-------------------------------------  -----  ---------  --------  ----------  --------------  -------------------  ----------------------
/opt/airflow/dags/job_scraping_dag.py                           1           0  0.88s           2026-03-22T22:19:02                      12
================================================================================
[2026-03-22T22:19:38.867+0000] {manager.py:997} INFO - 
================================================================================
DAG File Processing Stats

File Path                              PID    Runtime      # DAGs    # Errors  Last Runtime    Last Run               Last # of DB Queries
-------------------------------------  -----  ---------  --------  ----------  --------------  -------------------  ----------------------
/opt/airflow/dags/job_scraping_dag.py                           1           0  0.67s           2026-03-22T22:19:33                      12
================================================================================
[2026-03-22T22:20:09.119+0000] {manager.py:997} INFO - 
================================================================================
DAG File Processing Stats

File Path                              PID    Runtime      # DAGs    # Errors  Last Runtime    Last Run               Last # of DB Queries
-------------------------------------  -----  ---------  --------  ----------  --------------  -------------------  ----------------------
/opt/airflow/dags/job_scraping_dag.py                           1           0  0.72s           2026-03-22T22:20:04                      12
================================================================================
[2026-03-22T22:20:39.565+0000] {manager.py:997} INFO - 
================================================================================
DAG File Processing Stats

File Path                              PID    Runtime      # DAGs    # Errors  Last Runtime    Last Run               Last # of DB Queries
-------------------------------------  -----  ---------  --------  ----------  --------------  -------------------  ----------------------
/opt/airflow/dags/job_scraping_dag.py                           1           0  0.72s           2026-03-22T22:20:35                      12
================================================================================
[2026-03-22T22:21:09.823+0000] {manager.py:997} INFO - 
================================================================================
DAG File Processing Stats

File Path                              PID    Runtime      # DAGs    # Errors  Last Runtime    Last Run               Last # of DB Queries
-------------------------------------  -----  ---------  --------  ----------  --------------  -------------------  ----------------------
/opt/airflow/dags/job_scraping_dag.py                           1           0  0.67s           2026-03-22T22:21:06                      12
================================================================================
[2026-03-22T22:21:40.079+0000] {manager.py:997} INFO - 
================================================================================
DAG File Processing Stats

File Path                              PID    Runtime      # DAGs    # Errors  Last Runtime    Last Run               Last # of DB Queries
-------------------------------------  -----  ---------  --------  ----------  --------------  -------------------  ----------------------
/opt/airflow/dags/job_scraping_dag.py                           1           0  0.91s           2026-03-22T22:21:37                      12
================================================================================
[2026-03-22T22:21:59.430+0000] {manager.py:821} INFO - Searching for files in /opt/airflow/dags
[2026-03-22T22:21:59.461+0000] {manager.py:824} INFO - There are 1 files in /opt/airflow/dags
[2026-03-22T22:22:10.578+0000] {manager.py:997} INFO - 
================================================================================
DAG File Processing Stats

File Path                              PID    Runtime      # DAGs    # Errors  Last Runtime    Last Run               Last # of DB Queries
-------------------------------------  -----  ---------  --------  ----------  --------------  -------------------  ----------------------
/opt/airflow/dags/job_scraping_dag.py                           1           0  0.69s           2026-03-22T22:22:08                      12
================================================================================
[2026-03-22T22:22:40.865+0000] {manager.py:997} INFO - 
================================================================================
DAG File Processing Stats

File Path                              PID    Runtime      # DAGs    # Errors  Last Runtime    Last Run               Last # of DB Queries
-------------------------------------  -----  ---------  --------  ----------  --------------  -------------------  ----------------------
/opt/airflow/dags/job_scraping_dag.py                           1           0  0.69s           2026-03-22T22:22:39                      12
================================================================================
[2026-03-22T22:23:11.279+0000] {manager.py:997} INFO - 
================================================================================
DAG File Processing Stats

File Path                              PID    Runtime      # DAGs    # Errors  Last Runtime    Last Run               Last # of DB Queries
-------------------------------------  -----  ---------  --------  ----------  --------------  -------------------  ----------------------
/opt/airflow/dags/job_scraping_dag.py                           1           0  0.66s           2026-03-22T22:23:09                      12
================================================================================
[2026-03-22T22:23:41.551+0000] {manager.py:997} INFO - 
================================================================================
DAG File Processing Stats

File Path                              PID    Runtime      # DAGs    # Errors  Last Runtime    Last Run               Last # of DB Queries
-------------------------------------  -----  ---------  --------  ----------  --------------  -------------------  ----------------------
/opt/airflow/dags/job_scraping_dag.py                           1           0  0.68s           2026-03-22T22:23:40                      12
================================================================================
[2026-03-22T22:24:12.020+0000] {manager.py:997} INFO - 
================================================================================
DAG File Processing Stats

File Path                              PID    Runtime      # DAGs    # Errors  Last Runtime    Last Run               Last # of DB Queries
-------------------------------------  -----  ---------  --------  ----------  --------------  -------------------  ----------------------
/opt/airflow/dags/job_scraping_dag.py                           1           0  0.66s           2026-03-22T22:24:11                      12
================================================================================
[2026-03-22T22:24:42.318+0000] {manager.py:997} INFO - 
================================================================================
DAG File Processing Stats

File Path                                PID  Runtime      # DAGs    # Errors  Last Runtime    Last Run               Last # of DB Queries
-------------------------------------  -----  ---------  --------  ----------  --------------  -------------------  ----------------------
/opt/airflow/dags/job_scraping_dag.py    447  0.53s             1           0  0.66s           2026-03-22T22:24:11                      12
================================================================================
[2026-03-22T22:25:12.594+0000] {manager.py:997} INFO - 
================================================================================
DAG File Processing Stats

File Path                              PID    Runtime      # DAGs    # Errors  Last Runtime    Last Run               Last # of DB Queries
-------------------------------------  -----  ---------  --------  ----------  --------------  -------------------  ----------------------
/opt/airflow/dags/job_scraping_dag.py                           1           0  0.87s           2026-03-22T22:24:42                      12
================================================================================
[2026-03-22T22:25:42.882+0000] {manager.py:997} INFO - 
================================================================================
DAG File Processing Stats

File Path                              PID    Runtime      # DAGs    # Errors  Last Runtime    Last Run               Last # of DB Queries
-------------------------------------  -----  ---------  --------  ----------  --------------  -------------------  ----------------------
/opt/airflow/dags/job_scraping_dag.py                           1           0  0.67s           2026-03-22T22:25:13                      12
================================================================================
[2026-03-22T22:26:13.000+0000] {manager.py:997} INFO - 
================================================================================
DAG File Processing Stats

File Path                              PID    Runtime      # DAGs    # Errors  Last Runtime    Last Run               Last # of DB Queries
-------------------------------------  -----  ---------  --------  ----------  --------------  -------------------  ----------------------
/opt/airflow/dags/job_scraping_dag.py                           1           0  0.83s           2026-03-22T22:25:44                      12
================================================================================
[2026-03-22T22:26:43.442+0000] {manager.py:997} INFO - 
================================================================================
DAG File Processing Stats

File Path                              PID    Runtime      # DAGs    # Errors  Last Runtime    Last Run               Last # of DB Queries
-------------------------------------  -----  ---------  --------  ----------  --------------  -------------------  ----------------------
/opt/airflow/dags/job_scraping_dag.py                           1           0  0.70s           2026-03-22T22:26:15                      12
================================================================================
[2026-03-22T22:26:59.594+0000] {manager.py:821} INFO - Searching for files in /opt/airflow/dags
[2026-03-22T22:26:59.619+0000] {manager.py:824} INFO - There are 1 files in /opt/airflow/dags
[2026-03-22T22:27:13.774+0000] {manager.py:997} INFO - 
================================================================================
DAG File Processing Stats

File Path                              PID    Runtime      # DAGs    # Errors  Last Runtime    Last Run               Last # of DB Queries
-------------------------------------  -----  ---------  --------  ----------  --------------  -------------------  ----------------------
/opt/airflow/dags/job_scraping_dag.py                           1           0  0.65s           2026-03-22T22:26:46                      12
================================================================================
[2026-03-22T22:27:44.178+0000] {manager.py:997} INFO - 
================================================================================
DAG File Processing Stats

File Path                              PID    Runtime      # DAGs    # Errors  Last Runtime    Last Run               Last # of DB Queries
-------------------------------------  -----  ---------  --------  ----------  --------------  -------------------  ----------------------
/opt/airflow/dags/job_scraping_dag.py                           1           0  0.69s           2026-03-22T22:27:17                      12
================================================================================
[2026-03-22T22:28:14.452+0000] {manager.py:997} INFO - 
================================================================================
DAG File Processing Stats

File Path                              PID    Runtime      # DAGs    # Errors  Last Runtime    Last Run               Last # of DB Queries
-------------------------------------  -----  ---------  --------  ----------  --------------  -------------------  ----------------------
/opt/airflow/dags/job_scraping_dag.py                           1           0  0.67s           2026-03-22T22:27:48                      12
================================================================================
[2026-03-22T22:28:45.027+0000] {manager.py:997} INFO - 
================================================================================
DAG File Processing Stats

File Path                              PID    Runtime      # DAGs    # Errors  Last Runtime    Last Run               Last # of DB Queries
-------------------------------------  -----  ---------  --------  ----------  --------------  -------------------  ----------------------
/opt/airflow/dags/job_scraping_dag.py                           1           0  0.65s           2026-03-22T22:28:19                      12
================================================================================
[2026-03-22T22:29:15.320+0000] {manager.py:997} INFO - 
================================================================================
DAG File Processing Stats

File Path                              PID    Runtime      # DAGs    # Errors  Last Runtime    Last Run               Last # of DB Queries
-------------------------------------  -----  ---------  --------  ----------  --------------  -------------------  ----------------------
/opt/airflow/dags/job_scraping_dag.py                           1           0  0.70s           2026-03-22T22:28:50                      12
================================================================================
[2026-03-22T22:29:45.626+0000] {manager.py:997} INFO - 
================================================================================
DAG File Processing Stats

File Path                              PID    Runtime      # DAGs    # Errors  Last Runtime    Last Run               Last # of DB Queries
-------------------------------------  -----  ---------  --------  ----------  --------------  -------------------  ----------------------
/opt/airflow/dags/job_scraping_dag.py                           1           0  0.69s           2026-03-22T22:29:21                      12
================================================================================
[2026-03-22T22:30:15.911+0000] {manager.py:997} INFO - 
================================================================================
DAG File Processing Stats

File Path                              PID    Runtime      # DAGs    # Errors  Last Runtime    Last Run               Last # of DB Queries
-------------------------------------  -----  ---------  --------  ----------  --------------  -------------------  ----------------------
/opt/airflow/dags/job_scraping_dag.py                           1           0  0.66s           2026-03-22T22:29:52                      12
================================================================================
[2026-03-22T22:30:46.195+0000] {manager.py:997} INFO - 
================================================================================
DAG File Processing Stats

File Path                              PID    Runtime      # DAGs    # Errors  Last Runtime    Last Run               Last # of DB Queries
-------------------------------------  -----  ---------  --------  ----------  --------------  -------------------  ----------------------
/opt/airflow/dags/job_scraping_dag.py                           1           0  0.83s           2026-03-22T22:30:23                      12
================================================================================
[2026-03-22T22:31:16.628+0000] {manager.py:997} INFO - 
================================================================================
DAG File Processing Stats

File Path                              PID    Runtime      # DAGs    # Errors  Last Runtime    Last Run               Last # of DB Queries
-------------------------------------  -----  ---------  --------  ----------  --------------  -------------------  ----------------------
/opt/airflow/dags/job_scraping_dag.py                           1           0  0.67s           2026-03-22T22:30:53                      12
================================================================================
[2026-03-22T22:31:46.934+0000] {manager.py:997} INFO - 
================================================================================
DAG File Processing Stats

File Path                              PID    Runtime      # DAGs    # Errors  Last Runtime    Last Run               Last # of DB Queries
-------------------------------------  -----  ---------  --------  ----------  --------------  -------------------  ----------------------
/opt/airflow/dags/job_scraping_dag.py                           1           0  0.69s           2026-03-22T22:31:24                      12
================================================================================
[2026-03-22T22:32:00.084+0000] {manager.py:821} INFO - Searching for files in /opt/airflow/dags
[2026-03-22T22:32:00.107+0000] {manager.py:824} INFO - There are 1 files in /opt/airflow/dags
[2026-03-22T22:32:17.285+0000] {manager.py:997} INFO - 
================================================================================
DAG File Processing Stats

File Path                              PID    Runtime      # DAGs    # Errors  Last Runtime    Last Run               Last # of DB Queries
-------------------------------------  -----  ---------  --------  ----------  --------------  -------------------  ----------------------
/opt/airflow/dags/job_scraping_dag.py                           1           0  1.14s           2026-03-22T22:31:56                      12
================================================================================
[2026-03-22T22:32:47.626+0000] {manager.py:997} INFO - 
================================================================================
DAG File Processing Stats

File Path                              PID    Runtime      # DAGs    # Errors  Last Runtime    Last Run               Last # of DB Queries
-------------------------------------  -----  ---------  --------  ----------  --------------  -------------------  ----------------------
/opt/airflow/dags/job_scraping_dag.py                           1           0  0.67s           2026-03-22T22:32:27                      12
================================================================================
[2026-03-22T22:33:17.897+0000] {manager.py:997} INFO - 
================================================================================
DAG File Processing Stats

File Path                              PID    Runtime      # DAGs    # Errors  Last Runtime    Last Run               Last # of DB Queries
-------------------------------------  -----  ---------  --------  ----------  --------------  -------------------  ----------------------
/opt/airflow/dags/job_scraping_dag.py                           1           0  0.67s           2026-03-22T22:32:58                      12
================================================================================
[2026-03-22T22:33:48.167+0000] {manager.py:997} INFO - 
================================================================================
DAG File Processing Stats

File Path                              PID    Runtime      # DAGs    # Errors  Last Runtime    Last Run               Last # of DB Queries
-------------------------------------  -----  ---------  --------  ----------  --------------  -------------------  ----------------------
/opt/airflow/dags/job_scraping_dag.py                           1           0  0.74s           2026-03-22T22:33:29                      12
================================================================================
[2026-03-22T22:34:18.471+0000] {manager.py:997} INFO - 
================================================================================
DAG File Processing Stats

File Path                              PID    Runtime      # DAGs    # Errors  Last Runtime    Last Run               Last # of DB Queries
-------------------------------------  -----  ---------  --------  ----------  --------------  -------------------  ----------------------
/opt/airflow/dags/job_scraping_dag.py                           1           0  0.66s           2026-03-22T22:33:59                      12
================================================================================
[2026-03-22T22:34:48.746+0000] {manager.py:997} INFO - 
================================================================================
DAG File Processing Stats

File Path                              PID    Runtime      # DAGs    # Errors  Last Runtime    Last Run               Last # of DB Queries
-------------------------------------  -----  ---------  --------  ----------  --------------  -------------------  ----------------------
/opt/airflow/dags/job_scraping_dag.py                           1           0  0.66s           2026-03-22T22:34:30                      12
================================================================================
[2026-03-22T22:35:18.999+0000] {manager.py:997} INFO - 
================================================================================
DAG File Processing Stats

File Path                              PID    Runtime      # DAGs    # Errors  Last Runtime    Last Run               Last # of DB Queries
-------------------------------------  -----  ---------  --------  ----------  --------------  -------------------  ----------------------
/opt/airflow/dags/job_scraping_dag.py                           1           0  0.71s           2026-03-22T22:35:01                      12
================================================================================
[2026-03-22T22:35:49.091+0000] {manager.py:997} INFO - 
================================================================================
DAG File Processing Stats

File Path                              PID    Runtime      # DAGs    # Errors  Last Runtime    Last Run               Last # of DB Queries
-------------------------------------  -----  ---------  --------  ----------  --------------  -------------------  ----------------------
/opt/airflow/dags/job_scraping_dag.py                           1           0  0.79s           2026-03-22T22:35:32                      12
================================================================================
[2026-03-22T22:36:19.556+0000] {manager.py:997} INFO - 
================================================================================
DAG File Processing Stats

File Path                              PID    Runtime      # DAGs    # Errors  Last Runtime    Last Run               Last # of DB Queries
-------------------------------------  -----  ---------  --------  ----------  --------------  -------------------  ----------------------
/opt/airflow/dags/job_scraping_dag.py                           1           0  0.66s           2026-03-22T22:36:03                      12
================================================================================
[2026-03-22T22:36:49.852+0000] {manager.py:997} INFO - 
================================================================================
DAG File Processing Stats

File Path                              PID    Runtime      # DAGs    # Errors  Last Runtime    Last Run               Last # of DB Queries
-------------------------------------  -----  ---------  --------  ----------  --------------  -------------------  ----------------------
/opt/airflow/dags/job_scraping_dag.py                           1           0  0.64s           2026-03-22T22:36:34                      12
================================================================================
[2026-03-22T22:37:00.947+0000] {manager.py:821} INFO - Searching for files in /opt/airflow/dags
[2026-03-22T22:37:00.970+0000] {manager.py:824} INFO - There are 1 files in /opt/airflow/dags
[2026-03-22T22:37:19.927+0000] {manager.py:997} INFO - 
================================================================================
DAG File Processing Stats

File Path                              PID    Runtime      # DAGs    # Errors  Last Runtime    Last Run               Last # of DB Queries
-------------------------------------  -----  ---------  --------  ----------  --------------  -------------------  ----------------------
/opt/airflow/dags/job_scraping_dag.py                           1           0  0.77s           2026-03-22T22:37:05                      12
================================================================================
[2026-03-22T22:37:50.505+0000] {manager.py:997} INFO - 
================================================================================
DAG File Processing Stats

File Path                              PID    Runtime      # DAGs    # Errors  Last Runtime    Last Run               Last # of DB Queries
-------------------------------------  -----  ---------  --------  ----------  --------------  -------------------  ----------------------
/opt/airflow/dags/job_scraping_dag.py                           1           0  0.68s           2026-03-22T22:37:36                      12
================================================================================
[2026-03-22T22:38:20.762+0000] {manager.py:997} INFO - 
================================================================================
DAG File Processing Stats

File Path                              PID    Runtime      # DAGs    # Errors  Last Runtime    Last Run               Last # of DB Queries
-------------------------------------  -----  ---------  --------  ----------  --------------  -------------------  ----------------------
/opt/airflow/dags/job_scraping_dag.py                           1           0  0.67s           2026-03-22T22:38:07                      12
================================================================================
[2026-03-22T22:38:51.041+0000] {manager.py:997} INFO - 
================================================================================
DAG File Processing Stats

File Path                              PID    Runtime      # DAGs    # Errors  Last Runtime    Last Run               Last # of DB Queries
-------------------------------------  -----  ---------  --------  ----------  --------------  -------------------  ----------------------
/opt/airflow/dags/job_scraping_dag.py                           1           0  0.72s           2026-03-22T22:38:38                      12
================================================================================
[2026-03-22T22:39:21.318+0000] {manager.py:997} INFO - 
================================================================================
DAG File Processing Stats

File Path                              PID    Runtime      # DAGs    # Errors  Last Runtime    Last Run               Last # of DB Queries
-------------------------------------  -----  ---------  --------  ----------  --------------  -------------------  ----------------------
/opt/airflow/dags/job_scraping_dag.py                           1           0  0.77s           2026-03-22T22:39:09                      12
================================================================================
[2026-03-22T22:39:51.583+0000] {manager.py:997} INFO - 
================================================================================
DAG File Processing Stats

File Path                              PID    Runtime      # DAGs    # Errors  Last Runtime    Last Run               Last # of DB Queries
-------------------------------------  -----  ---------  --------  ----------  --------------  -------------------  ----------------------
/opt/airflow/dags/job_scraping_dag.py                           1           0  0.78s           2026-03-22T22:39:40                      12
================================================================================
[2026-03-22T22:40:21.647+0000] {manager.py:997} INFO - 
================================================================================
DAG File Processing Stats

File Path                              PID    Runtime      # DAGs    # Errors  Last Runtime    Last Run               Last # of DB Queries
-------------------------------------  -----  ---------  --------  ----------  --------------  -------------------  ----------------------
/opt/airflow/dags/job_scraping_dag.py                           1           0  0.73s           2026-03-22T22:40:11                      12
================================================================================
[2026-03-22T22:40:52.357+0000] {manager.py:997} INFO - 
================================================================================
DAG File Processing Stats

File Path                              PID    Runtime      # DAGs    # Errors  Last Runtime    Last Run               Last # of DB Queries
-------------------------------------  -----  ---------  --------  ----------  --------------  -------------------  ----------------------
/opt/airflow/dags/job_scraping_dag.py                           1           0  0.73s           2026-03-22T22:40:42                      12
================================================================================
[2026-03-22T22:41:22.610+0000] {manager.py:997} INFO - 
================================================================================
DAG File Processing Stats

File Path                              PID    Runtime      # DAGs    # Errors  Last Runtime    Last Run               Last # of DB Queries
-------------------------------------  -----  ---------  --------  ----------  --------------  -------------------  ----------------------
/opt/airflow/dags/job_scraping_dag.py                           1           0  0.95s           2026-03-22T22:41:13                      12
================================================================================
[2026-03-22T22:41:52.842+0000] {manager.py:997} INFO - 
================================================================================
DAG File Processing Stats

File Path                              PID    Runtime      # DAGs    # Errors  Last Runtime    Last Run               Last # of DB Queries
-------------------------------------  -----  ---------  --------  ----------  --------------  -------------------  ----------------------
/opt/airflow/dags/job_scraping_dag.py                           1           0  0.95s           2026-03-22T22:41:44                      12
================================================================================
[2026-03-22T22:42:01.237+0000] {manager.py:821} INFO - Searching for files in /opt/airflow/dags
[2026-03-22T22:42:01.260+0000] {manager.py:824} INFO - There are 1 files in /opt/airflow/dags
[2026-03-22T22:42:22.992+0000] {manager.py:997} INFO - 
================================================================================
DAG File Processing Stats

File Path                              PID    Runtime      # DAGs    # Errors  Last Runtime    Last Run               Last # of DB Queries
-------------------------------------  -----  ---------  --------  ----------  --------------  -------------------  ----------------------
/opt/airflow/dags/job_scraping_dag.py                           1           0  0.86s           2026-03-22T22:42:15                      12
================================================================================
[2026-03-22T22:42:53.720+0000] {manager.py:997} INFO - 
================================================================================
DAG File Processing Stats

File Path                              PID    Runtime      # DAGs    # Errors  Last Runtime    Last Run               Last # of DB Queries
-------------------------------------  -----  ---------  --------  ----------  --------------  -------------------  ----------------------
/opt/airflow/dags/job_scraping_dag.py                           1           0  0.73s           2026-03-22T22:42:46                      12
================================================================================
[2026-03-22T22:43:23.978+0000] {manager.py:997} INFO - 
================================================================================
DAG File Processing Stats

File Path                              PID    Runtime      # DAGs    # Errors  Last Runtime    Last Run               Last # of DB Queries
-------------------------------------  -----  ---------  --------  ----------  --------------  -------------------  ----------------------
/opt/airflow/dags/job_scraping_dag.py                           1           0  0.74s           2026-03-22T22:43:17                      12
================================================================================
[2026-03-22T22:43:53.987+0000] {manager.py:997} INFO - 
================================================================================
DAG File Processing Stats

File Path                              PID    Runtime      # DAGs    # Errors  Last Runtime    Last Run               Last # of DB Queries
-------------------------------------  -----  ---------  --------  ----------  --------------  -------------------  ----------------------
/opt/airflow/dags/job_scraping_dag.py                           1           0  0.74s           2026-03-22T22:43:48                      12
================================================================================
[2026-03-22T22:44:24.002+0000] {manager.py:997} INFO - 
================================================================================
DAG File Processing Stats

File Path                              PID    Runtime      # DAGs    # Errors  Last Runtime    Last Run               Last # of DB Queries
-------------------------------------  -----  ---------  --------  ----------  --------------  -------------------  ----------------------
/opt/airflow/dags/job_scraping_dag.py                           1           0  0.76s           2026-03-22T22:44:19                      12
================================================================================
[2026-03-22T22:44:54.003+0000] {manager.py:997} INFO - 
================================================================================
DAG File Processing Stats

File Path                              PID    Runtime      # DAGs    # Errors  Last Runtime    Last Run               Last # of DB Queries
-------------------------------------  -----  ---------  --------  ----------  --------------  -------------------  ----------------------
/opt/airflow/dags/job_scraping_dag.py                           1           0  0.75s           2026-03-22T22:44:50                      12
================================================================================
[2026-03-22T22:45:24.264+0000] {manager.py:997} INFO - 
================================================================================
DAG File Processing Stats

File Path                              PID    Runtime      # DAGs    # Errors  Last Runtime    Last Run               Last # of DB Queries
-------------------------------------  -----  ---------  --------  ----------  --------------  -------------------  ----------------------
/opt/airflow/dags/job_scraping_dag.py                           1           0  0.70s           2026-03-22T22:45:21                      12
================================================================================
[2026-03-22T22:45:54.530+0000] {manager.py:997} INFO - 
================================================================================
DAG File Processing Stats

File Path                              PID    Runtime      # DAGs    # Errors  Last Runtime    Last Run               Last # of DB Queries
-------------------------------------  -----  ---------  --------  ----------  --------------  -------------------  ----------------------
/opt/airflow/dags/job_scraping_dag.py                           1           0  0.71s           2026-03-22T22:45:52                      12
================================================================================
[2026-03-22T22:46:24.786+0000] {manager.py:997} INFO - 
================================================================================
DAG File Processing Stats

File Path                              PID    Runtime      # DAGs    # Errors  Last Runtime    Last Run               Last # of DB Queries
-------------------------------------  -----  ---------  --------  ----------  --------------  -------------------  ----------------------
/opt/airflow/dags/job_scraping_dag.py                           1           0  0.94s           2026-03-22T22:46:23                      12
================================================================================
[2026-03-22T22:46:54.867+0000] {manager.py:997} INFO - 
================================================================================
DAG File Processing Stats

File Path                              PID    Runtime      # DAGs    # Errors  Last Runtime    Last Run               Last # of DB Queries
-------------------------------------  -----  ---------  --------  ----------  --------------  -------------------  ----------------------
/opt/airflow/dags/job_scraping_dag.py                           1           0  0.82s           2026-03-22T22:46:54                      12
================================================================================
[2026-03-22T22:47:01.279+0000] {manager.py:821} INFO - Searching for files in /opt/airflow/dags
[2026-03-22T22:47:01.307+0000] {manager.py:824} INFO - There are 1 files in /opt/airflow/dags
[2026-03-22T22:47:25.118+0000] {manager.py:997} INFO - 
================================================================================
DAG File Processing Stats

File Path                                PID  Runtime      # DAGs    # Errors  Last Runtime    Last Run               Last # of DB Queries
-------------------------------------  -----  ---------  --------  ----------  --------------  -------------------  ----------------------
/opt/airflow/dags/job_scraping_dag.py    711  0.00s             1           0  0.82s           2026-03-22T22:46:54                      12
================================================================================
[2026-03-22T22:47:55.128+0000] {manager.py:997} INFO - 
================================================================================
DAG File Processing Stats

File Path                              PID    Runtime      # DAGs    # Errors  Last Runtime    Last Run               Last # of DB Queries
-------------------------------------  -----  ---------  --------  ----------  --------------  -------------------  ----------------------
/opt/airflow/dags/job_scraping_dag.py                           1           0  0.75s           2026-03-22T22:47:25                      12
================================================================================
[2026-03-22T22:48:26.043+0000] {manager.py:997} INFO - 
================================================================================
DAG File Processing Stats

File Path                              PID    Runtime      # DAGs    # Errors  Last Runtime    Last Run               Last # of DB Queries
-------------------------------------  -----  ---------  --------  ----------  --------------  -------------------  ----------------------
/opt/airflow/dags/job_scraping_dag.py                           1           0  0.74s           2026-03-22T22:47:56                      12
================================================================================
[2026-03-22T22:48:56.146+0000] {manager.py:997} INFO - 
================================================================================
DAG File Processing Stats

File Path                              PID    Runtime      # DAGs    # Errors  Last Runtime    Last Run               Last # of DB Queries
-------------------------------------  -----  ---------  --------  ----------  --------------  -------------------  ----------------------
/opt/airflow/dags/job_scraping_dag.py                           1           0  0.79s           2026-03-22T22:48:27                      12
================================================================================
[2026-03-22T22:49:26.587+0000] {manager.py:997} INFO - 
================================================================================
DAG File Processing Stats

File Path                              PID    Runtime      # DAGs    # Errors  Last Runtime    Last Run               Last # of DB Queries
-------------------------------------  -----  ---------  --------  ----------  --------------  -------------------  ----------------------
/opt/airflow/dags/job_scraping_dag.py                           1           0  0.72s           2026-03-22T22:48:58                      12
================================================================================
[2026-03-22T22:49:56.847+0000] {manager.py:997} INFO - 
================================================================================
DAG File Processing Stats

File Path                              PID    Runtime      # DAGs    # Errors  Last Runtime    Last Run               Last # of DB Queries
-------------------------------------  -----  ---------  --------  ----------  --------------  -------------------  ----------------------
/opt/airflow/dags/job_scraping_dag.py                           1           0  0.84s           2026-03-22T22:49:30                      12
================================================================================
[2026-03-22T22:50:27.096+0000] {manager.py:997} INFO - 
================================================================================
DAG File Processing Stats

File Path                              PID    Runtime      # DAGs    # Errors  Last Runtime    Last Run               Last # of DB Queries
-------------------------------------  -----  ---------  --------  ----------  --------------  -------------------  ----------------------
/opt/airflow/dags/job_scraping_dag.py                           1           0  0.84s           2026-03-22T22:50:01                      12
================================================================================
[2026-03-22T22:50:57.118+0000] {manager.py:997} INFO - 
================================================================================
DAG File Processing Stats

File Path                              PID    Runtime      # DAGs    # Errors  Last Runtime    Last Run               Last # of DB Queries
-------------------------------------  -----  ---------  --------  ----------  --------------  -------------------  ----------------------
/opt/airflow/dags/job_scraping_dag.py                           1           0  0.75s           2026-03-22T22:50:31                      12
================================================================================
[2026-03-22T22:51:27.181+0000] {manager.py:997} INFO - 
================================================================================
DAG File Processing Stats

File Path                              PID    Runtime      # DAGs    # Errors  Last Runtime    Last Run               Last # of DB Queries
-------------------------------------  -----  ---------  --------  ----------  --------------  -------------------  ----------------------
/opt/airflow/dags/job_scraping_dag.py                           1           0  0.82s           2026-03-22T22:51:02                      12
================================================================================
[2026-03-22T22:51:57.491+0000] {manager.py:997} INFO - 
================================================================================
DAG File Processing Stats

File Path                              PID    Runtime      # DAGs    # Errors  Last Runtime    Last Run               Last # of DB Queries
-------------------------------------  -----  ---------  --------  ----------  --------------  -------------------  ----------------------
/opt/airflow/dags/job_scraping_dag.py                           1           0  1.24s           2026-03-22T22:51:34                      12
================================================================================
[2026-03-22T22:52:01.522+0000] {manager.py:821} INFO - Searching for files in /opt/airflow/dags
[2026-03-22T22:52:01.549+0000] {manager.py:824} INFO - There are 1 files in /opt/airflow/dags
[2026-03-22T22:52:27.667+0000] {manager.py:997} INFO - 
================================================================================
DAG File Processing Stats

File Path                              PID    Runtime      # DAGs    # Errors  Last Runtime    Last Run               Last # of DB Queries
-------------------------------------  -----  ---------  --------  ----------  --------------  -------------------  ----------------------
/opt/airflow/dags/job_scraping_dag.py                           1           0  0.87s           2026-03-22T22:52:05                      12
================================================================================
[2026-03-22T22:52:57.798+0000] {manager.py:997} INFO - 
================================================================================
DAG File Processing Stats

File Path                              PID    Runtime      # DAGs    # Errors  Last Runtime    Last Run               Last # of DB Queries
-------------------------------------  -----  ---------  --------  ----------  --------------  -------------------  ----------------------
/opt/airflow/dags/job_scraping_dag.py                           1           0  0.86s           2026-03-22T22:52:36                      12
================================================================================
[2026-03-22T22:53:27.874+0000] {manager.py:997} INFO - 
================================================================================
DAG File Processing Stats

File Path                              PID    Runtime      # DAGs    # Errors  Last Runtime    Last Run               Last # of DB Queries
-------------------------------------  -----  ---------  --------  ----------  --------------  -------------------  ----------------------
/opt/airflow/dags/job_scraping_dag.py                           1           0  0.82s           2026-03-22T22:53:07                      12
================================================================================
[2026-03-22T22:53:57.878+0000] {manager.py:997} INFO - 
================================================================================
DAG File Processing Stats

File Path                              PID    Runtime      # DAGs    # Errors  Last Runtime    Last Run               Last # of DB Queries
-------------------------------------  -----  ---------  --------  ----------  --------------  -------------------  ----------------------
/opt/airflow/dags/job_scraping_dag.py                           1           0  0.75s           2026-03-22T22:53:38                      12
================================================================================
[2026-03-22T22:54:28.126+0000] {manager.py:997} INFO - 
================================================================================
DAG File Processing Stats

File Path                              PID    Runtime      # DAGs    # Errors  Last Runtime    Last Run               Last # of DB Queries
-------------------------------------  -----  ---------  --------  ----------  --------------  -------------------  ----------------------
/opt/airflow/dags/job_scraping_dag.py                           1           0  0.79s           2026-03-22T22:54:09                      12
================================================================================
[2026-03-22T22:54:58.372+0000] {manager.py:997} INFO - 
================================================================================
DAG File Processing Stats

File Path                              PID    Runtime      # DAGs    # Errors  Last Runtime    Last Run               Last # of DB Queries
-------------------------------------  -----  ---------  --------  ----------  --------------  -------------------  ----------------------
/opt/airflow/dags/job_scraping_dag.py                           1           0  0.79s           2026-03-22T22:54:40                      12
================================================================================
[2026-03-22T22:55:28.613+0000] {manager.py:997} INFO - 
================================================================================
DAG File Processing Stats

File Path                              PID    Runtime      # DAGs    # Errors  Last Runtime    Last Run               Last # of DB Queries
-------------------------------------  -----  ---------  --------  ----------  --------------  -------------------  ----------------------
/opt/airflow/dags/job_scraping_dag.py                           1           0  0.78s           2026-03-22T22:55:11                      12
================================================================================
[2026-03-22T22:55:59.114+0000] {manager.py:997} INFO - 
================================================================================
DAG File Processing Stats

File Path                              PID    Runtime      # DAGs    # Errors  Last Runtime    Last Run               Last # of DB Queries
-------------------------------------  -----  ---------  --------  ----------  --------------  -------------------  ----------------------
/opt/airflow/dags/job_scraping_dag.py                           1           0  0.73s           2026-03-22T22:55:42                      12
================================================================================
[2026-03-22T22:56:29.367+0000] {manager.py:997} INFO - 
================================================================================
DAG File Processing Stats

File Path                              PID    Runtime      # DAGs    # Errors  Last Runtime    Last Run               Last # of DB Queries
-------------------------------------  -----  ---------  --------  ----------  --------------  -------------------  ----------------------
/opt/airflow/dags/job_scraping_dag.py                           1           0  0.73s           2026-03-22T22:56:13                      12
================================================================================
[2026-03-22T22:56:59.652+0000] {manager.py:997} INFO - 
================================================================================
DAG File Processing Stats

File Path                              PID    Runtime      # DAGs    # Errors  Last Runtime    Last Run               Last # of DB Queries
-------------------------------------  -----  ---------  --------  ----------  --------------  -------------------  ----------------------
/opt/airflow/dags/job_scraping_dag.py                           1           0  1.09s           2026-03-22T22:56:44                      12
================================================================================
[2026-03-22T22:57:01.666+0000] {manager.py:821} INFO - Searching for files in /opt/airflow/dags
[2026-03-22T22:57:01.707+0000] {manager.py:824} INFO - There are 1 files in /opt/airflow/dags
[2026-03-22T22:57:29.722+0000] {manager.py:997} INFO - 
================================================================================
DAG File Processing Stats

File Path                              PID    Runtime      # DAGs    # Errors  Last Runtime    Last Run               Last # of DB Queries
-------------------------------------  -----  ---------  --------  ----------  --------------  -------------------  ----------------------
/opt/airflow/dags/job_scraping_dag.py                           1           0  0.75s           2026-03-22T22:57:15                      12
================================================================================
[2026-03-22T22:57:59.763+0000] {manager.py:997} INFO - 
================================================================================
DAG File Processing Stats

File Path                              PID    Runtime      # DAGs    # Errors  Last Runtime    Last Run               Last # of DB Queries
-------------------------------------  -----  ---------  --------  ----------  --------------  -------------------  ----------------------
/opt/airflow/dags/job_scraping_dag.py                           1           0  0.79s           2026-03-22T22:57:46                      12
================================================================================
[2026-03-22T22:58:30.496+0000] {manager.py:997} INFO - 
================================================================================
DAG File Processing Stats

File Path                              PID    Runtime      # DAGs    # Errors  Last Runtime    Last Run               Last # of DB Queries
-------------------------------------  -----  ---------  --------  ----------  --------------  -------------------  ----------------------
/opt/airflow/dags/job_scraping_dag.py                           1           0  0.71s           2026-03-22T22:58:17                      12
================================================================================
[2026-03-22T22:59:00.952+0000] {manager.py:997} INFO - 
================================================================================
DAG File Processing Stats

File Path                              PID    Runtime      # DAGs    # Errors  Last Runtime    Last Run               Last # of DB Queries
-------------------------------------  -----  ---------  --------  ----------  --------------  -------------------  ----------------------
/opt/airflow/dags/job_scraping_dag.py                           1           0  0.74s           2026-03-22T22:58:48                      12
================================================================================
[2026-03-22T22:59:31.202+0000] {manager.py:997} INFO - 
================================================================================
DAG File Processing Stats

File Path                              PID    Runtime      # DAGs    # Errors  Last Runtime    Last Run               Last # of DB Queries
-------------------------------------  -----  ---------  --------  ----------  --------------  -------------------  ----------------------
/opt/airflow/dags/job_scraping_dag.py                           1           0  0.77s           2026-03-22T22:59:19                      12
================================================================================
[2026-03-22T23:00:01.465+0000] {manager.py:997} INFO - 
================================================================================
DAG File Processing Stats

File Path                              PID    Runtime      # DAGs    # Errors  Last Runtime    Last Run               Last # of DB Queries
-------------------------------------  -----  ---------  --------  ----------  --------------  -------------------  ----------------------
/opt/airflow/dags/job_scraping_dag.py                           1           0  0.79s           2026-03-22T22:59:50                      12
================================================================================
[2026-03-22T23:00:31.486+0000] {manager.py:997} INFO - 
================================================================================
DAG File Processing Stats

File Path                              PID    Runtime      # DAGs    # Errors  Last Runtime    Last Run               Last # of DB Queries
-------------------------------------  -----  ---------  --------  ----------  --------------  -------------------  ----------------------
/opt/airflow/dags/job_scraping_dag.py                           1           0  0.75s           2026-03-22T23:00:21                      12
================================================================================
[2026-03-22T23:01:01.518+0000] {manager.py:997} INFO - 
================================================================================
DAG File Processing Stats

File Path                              PID    Runtime      # DAGs    # Errors  Last Runtime    Last Run               Last # of DB Queries
-------------------------------------  -----  ---------  --------  ----------  --------------  -------------------  ----------------------
/opt/airflow/dags/job_scraping_dag.py                           1           0  0.76s           2026-03-22T23:00:52                      12
================================================================================
[2026-03-22T23:01:31.541+0000] {manager.py:997} INFO - 
================================================================================
DAG File Processing Stats

File Path                              PID    Runtime      # DAGs    # Errors  Last Runtime    Last Run               Last # of DB Queries
-------------------------------------  -----  ---------  --------  ----------  --------------  -------------------  ----------------------
/opt/airflow/dags/job_scraping_dag.py                           1           0  0.76s           2026-03-22T23:01:23                      12
================================================================================
[2026-03-22T23:02:01.795+0000] {manager.py:821} INFO - Searching for files in /opt/airflow/dags
[2026-03-22T23:02:01.818+0000] {manager.py:824} INFO - There are 1 files in /opt/airflow/dags
[2026-03-22T23:02:01.834+0000] {manager.py:997} INFO - 
================================================================================
DAG File Processing Stats

File Path                              PID    Runtime      # DAGs    # Errors  Last Runtime    Last Run               Last # of DB Queries
-------------------------------------  -----  ---------  --------  ----------  --------------  -------------------  ----------------------
/opt/airflow/dags/job_scraping_dag.py                           1           0  1.38s           2026-03-22T23:01:54                      12
================================================================================
[2026-03-22T23:02:31.940+0000] {manager.py:997} INFO - 
================================================================================
DAG File Processing Stats

File Path                              PID    Runtime      # DAGs    # Errors  Last Runtime    Last Run               Last # of DB Queries
-------------------------------------  -----  ---------  --------  ----------  --------------  -------------------  ----------------------
/opt/airflow/dags/job_scraping_dag.py                           1           0  0.84s           2026-03-22T23:02:25                      12
================================================================================
[2026-03-22T23:03:02.106+0000] {manager.py:997} INFO - 
================================================================================
DAG File Processing Stats

File Path                              PID    Runtime      # DAGs    # Errors  Last Runtime    Last Run               Last # of DB Queries
-------------------------------------  -----  ---------  --------  ----------  --------------  -------------------  ----------------------
/opt/airflow/dags/job_scraping_dag.py                           1           0  0.89s           2026-03-22T23:02:57                      12
================================================================================
[2026-03-22T23:03:32.714+0000] {manager.py:997} INFO - 
================================================================================
DAG File Processing Stats

File Path                              PID    Runtime      # DAGs    # Errors  Last Runtime    Last Run               Last # of DB Queries
-------------------------------------  -----  ---------  --------  ----------  --------------  -------------------  ----------------------
/opt/airflow/dags/job_scraping_dag.py                           1           0  0.73s           2026-03-22T23:03:28                      12
================================================================================
[2026-03-22T23:04:02.975+0000] {manager.py:997} INFO - 
================================================================================
DAG File Processing Stats

File Path                              PID    Runtime      # DAGs    # Errors  Last Runtime    Last Run               Last # of DB Queries
-------------------------------------  -----  ---------  --------  ----------  --------------  -------------------  ----------------------
/opt/airflow/dags/job_scraping_dag.py                           1           0  0.71s           2026-03-22T23:03:59                      12
================================================================================
[2026-03-22T23:04:33.160+0000] {manager.py:997} INFO - 
================================================================================
DAG File Processing Stats

File Path                              PID    Runtime      # DAGs    # Errors  Last Runtime    Last Run               Last # of DB Queries
-------------------------------------  -----  ---------  --------  ----------  --------------  -------------------  ----------------------
/opt/airflow/dags/job_scraping_dag.py                           1           0  0.92s           2026-03-22T23:04:30                      12
================================================================================
[2026-03-22T23:05:03.205+0000] {manager.py:997} INFO - 
================================================================================
DAG File Processing Stats

File Path                              PID    Runtime      # DAGs    # Errors  Last Runtime    Last Run               Last # of DB Queries
-------------------------------------  -----  ---------  --------  ----------  --------------  -------------------  ----------------------
/opt/airflow/dags/job_scraping_dag.py                           1           0  0.73s           2026-03-22T23:05:01                      12
================================================================================
[2026-03-22T23:05:33.823+0000] {manager.py:997} INFO - 
================================================================================
DAG File Processing Stats

File Path                              PID    Runtime      # DAGs    # Errors  Last Runtime    Last Run               Last # of DB Queries
-------------------------------------  -----  ---------  --------  ----------  --------------  -------------------  ----------------------
/opt/airflow/dags/job_scraping_dag.py                           1           0  0.74s           2026-03-22T23:05:32                      12
================================================================================
[2026-03-22T23:06:04.083+0000] {manager.py:997} INFO - 
================================================================================
DAG File Processing Stats

File Path                              PID    Runtime      # DAGs    # Errors  Last Runtime    Last Run               Last # of DB Queries
-------------------------------------  -----  ---------  --------  ----------  --------------  -------------------  ----------------------
/opt/airflow/dags/job_scraping_dag.py                           1           0  0.74s           2026-03-22T23:06:03                      12
================================================================================
[2026-03-22T23:06:34.090+0000] {manager.py:997} INFO - 
================================================================================
DAG File Processing Stats

File Path                              PID    Runtime      # DAGs    # Errors  Last Runtime    Last Run               Last # of DB Queries
-------------------------------------  -----  ---------  --------  ----------  --------------  -------------------  ----------------------
/opt/airflow/dags/job_scraping_dag.py                           1           0  0.73s           2026-03-22T23:06:34                      12
================================================================================
[2026-03-22T23:07:02.300+0000] {manager.py:821} INFO - Searching for files in /opt/airflow/dags
[2026-03-22T23:07:02.325+0000] {manager.py:824} INFO - There are 1 files in /opt/airflow/dags
[2026-03-22T23:07:04.399+0000] {manager.py:997} INFO - 
================================================================================
DAG File Processing Stats

File Path                                PID  Runtime      # DAGs    # Errors  Last Runtime    Last Run               Last # of DB Queries
-------------------------------------  -----  ---------  --------  ----------  --------------  -------------------  ----------------------
/opt/airflow/dags/job_scraping_dag.py    939  0.01s             1           0  0.73s           2026-03-22T23:06:34                      12
================================================================================
[2026-03-22T23:07:34.935+0000] {manager.py:997} INFO - 
================================================================================
DAG File Processing Stats

File Path                              PID    Runtime      # DAGs    # Errors  Last Runtime    Last Run               Last # of DB Queries
-------------------------------------  -----  ---------  --------  ----------  --------------  -------------------  ----------------------
/opt/airflow/dags/job_scraping_dag.py                           1           0  0.76s           2026-03-22T23:07:05                      12
================================================================================
[2026-03-22T23:08:05.177+0000] {manager.py:997} INFO - 
================================================================================
DAG File Processing Stats

File Path                              PID    Runtime      # DAGs    # Errors  Last Runtime    Last Run               Last # of DB Queries
-------------------------------------  -----  ---------  --------  ----------  --------------  -------------------  ----------------------
/opt/airflow/dags/job_scraping_dag.py                           1           0  0.81s           2026-03-22T23:07:36                      12
================================================================================
[2026-03-22T23:08:35.475+0000] {manager.py:997} INFO - 
================================================================================
DAG File Processing Stats

File Path                              PID    Runtime      # DAGs    # Errors  Last Runtime    Last Run               Last # of DB Queries
-------------------------------------  -----  ---------  --------  ----------  --------------  -------------------  ----------------------
/opt/airflow/dags/job_scraping_dag.py                           1           0  0.93s           2026-03-22T23:08:07                      12
================================================================================
[2026-03-22T23:09:05.700+0000] {manager.py:997} INFO - 
================================================================================
DAG File Processing Stats

File Path                              PID    Runtime      # DAGs    # Errors  Last Runtime    Last Run               Last # of DB Queries
-------------------------------------  -----  ---------  --------  ----------  --------------  -------------------  ----------------------
/opt/airflow/dags/job_scraping_dag.py                           1           0  0.95s           2026-03-22T23:08:38                      12
================================================================================
[2026-03-22T23:09:35.895+0000] {manager.py:997} INFO - 
================================================================================
DAG File Processing Stats

File Path                              PID    Runtime      # DAGs    # Errors  Last Runtime    Last Run               Last # of DB Queries
-------------------------------------  -----  ---------  --------  ----------  --------------  -------------------  ----------------------
/opt/airflow/dags/job_scraping_dag.py                           1           0  0.89s           2026-03-22T23:09:09                      12
================================================================================
[2026-03-22T23:10:06.010+0000] {manager.py:997} INFO - 
================================================================================
DAG File Processing Stats

File Path                              PID    Runtime      # DAGs    # Errors  Last Runtime    Last Run               Last # of DB Queries
-------------------------------------  -----  ---------  --------  ----------  --------------  -------------------  ----------------------
/opt/airflow/dags/job_scraping_dag.py                           1           0  0.84s           2026-03-22T23:09:40                      12
================================================================================
[2026-03-22T23:10:36.261+0000] {manager.py:997} INFO - 
================================================================================
DAG File Processing Stats

File Path                              PID    Runtime      # DAGs    # Errors  Last Runtime    Last Run               Last # of DB Queries
-------------------------------------  -----  ---------  --------  ----------  --------------  -------------------  ----------------------
/opt/airflow/dags/job_scraping_dag.py                           1           0  0.98s           2026-03-22T23:10:12                      12
================================================================================
[2026-03-22T23:11:06.363+0000] {manager.py:997} INFO - 
================================================================================
DAG File Processing Stats

File Path                              PID    Runtime      # DAGs    # Errors  Last Runtime    Last Run               Last # of DB Queries
-------------------------------------  -----  ---------  --------  ----------  --------------  -------------------  ----------------------
/opt/airflow/dags/job_scraping_dag.py                           1           0  0.83s           2026-03-22T23:10:43                      12
================================================================================
[2026-03-22T23:11:36.696+0000] {manager.py:997} INFO - 
================================================================================
DAG File Processing Stats

File Path                              PID    Runtime      # DAGs    # Errors  Last Runtime    Last Run               Last # of DB Queries
-------------------------------------  -----  ---------  --------  ----------  --------------  -------------------  ----------------------
/opt/airflow/dags/job_scraping_dag.py                           1           0  2.02s           2026-03-22T23:11:15                      12
================================================================================
[2026-03-22T23:12:02.602+0000] {manager.py:821} INFO - Searching for files in /opt/airflow/dags
[2026-03-22T23:12:02.640+0000] {manager.py:824} INFO - There are 1 files in /opt/airflow/dags
[2026-03-22T23:12:06.722+0000] {manager.py:997} INFO - 
================================================================================
DAG File Processing Stats

File Path                              PID    Runtime      # DAGs    # Errors  Last Runtime    Last Run               Last # of DB Queries
-------------------------------------  -----  ---------  --------  ----------  --------------  -------------------  ----------------------
/opt/airflow/dags/job_scraping_dag.py                           1           0  0.89s           2026-03-22T23:11:46                      12
================================================================================
[2026-03-22T23:12:37.389+0000] {manager.py:997} INFO - 
================================================================================
DAG File Processing Stats

File Path                              PID    Runtime      # DAGs    # Errors  Last Runtime    Last Run               Last # of DB Queries
-------------------------------------  -----  ---------  --------  ----------  --------------  -------------------  ----------------------
/opt/airflow/dags/job_scraping_dag.py                           1           0  2.41s           2026-03-22T23:12:19                      12
================================================================================
[2026-03-22T23:13:07.422+0000] {manager.py:997} INFO - 
================================================================================
DAG File Processing Stats

File Path                              PID    Runtime      # DAGs    # Errors  Last Runtime    Last Run               Last # of DB Queries
-------------------------------------  -----  ---------  --------  ----------  --------------  -------------------  ----------------------
/opt/airflow/dags/job_scraping_dag.py                           1           0  0.76s           2026-03-22T23:12:50                      12
================================================================================
