[2026-03-24T19:28:19.512+0000] {processor.py:186} INFO - Started process (PID=163) to work on /opt/airflow/dags/job_scraping_dag.py
[2026-03-24T19:28:19.515+0000] {processor.py:914} INFO - Processing file /opt/airflow/dags/job_scraping_dag.py for tasks to queue
[2026-03-24T19:28:19.536+0000] {logging_mixin.py:190} INFO - [2026-03-24T19:28:19.535+0000] {dagbag.py:588} INFO - Filling up the DagBag from /opt/airflow/dags/job_scraping_dag.py
[2026-03-24T19:28:26.414+0000] {logging_mixin.py:190} INFO - [2026-03-24T19:28:26.400+0000] {dagbag.py:387} ERROR - Failed to import: /opt/airflow/dags/job_scraping_dag.py
Traceback (most recent call last):
  File "/home/airflow/.local/lib/python3.11/site-packages/airflow/models/dagbag.py", line 383, in parse
    loader.exec_module(new_module)
  File "<frozen importlib._bootstrap_external>", line 940, in exec_module
  File "<frozen importlib._bootstrap>", line 241, in _call_with_frames_removed
  File "/opt/airflow/dags/job_scraping_dag.py", line 148, in <module>
    from scrapping_france_travail import scrape_france_travail_jobs
ModuleNotFoundError: No module named 'scrapping_france_travail'
[2026-03-24T19:28:26.418+0000] {processor.py:927} WARNING - No viable dags retrieved from /opt/airflow/dags/job_scraping_dag.py
[2026-03-24T19:28:26.488+0000] {processor.py:208} INFO - Processing /opt/airflow/dags/job_scraping_dag.py took 6.999 seconds
[2026-03-24T19:28:57.416+0000] {processor.py:186} INFO - Started process (PID=169) to work on /opt/airflow/dags/job_scraping_dag.py
[2026-03-24T19:28:57.445+0000] {processor.py:914} INFO - Processing file /opt/airflow/dags/job_scraping_dag.py for tasks to queue
[2026-03-24T19:28:57.477+0000] {logging_mixin.py:190} INFO - [2026-03-24T19:28:57.476+0000] {dagbag.py:588} INFO - Filling up the DagBag from /opt/airflow/dags/job_scraping_dag.py
[2026-03-24T19:29:02.063+0000] {logging_mixin.py:190} INFO - [2026-03-24T19:29:01.897+0000] {dagbag.py:387} ERROR - Failed to import: /opt/airflow/dags/job_scraping_dag.py
Traceback (most recent call last):
  File "/home/airflow/.local/lib/python3.11/site-packages/airflow/models/dagbag.py", line 383, in parse
    loader.exec_module(new_module)
  File "<frozen importlib._bootstrap_external>", line 940, in exec_module
  File "<frozen importlib._bootstrap>", line 241, in _call_with_frames_removed
  File "/opt/airflow/dags/job_scraping_dag.py", line 148, in <module>
    from scrapping_france_travail import scrape_france_travail_jobs
ModuleNotFoundError: No module named 'scrapping_france_travail'
[2026-03-24T19:29:02.102+0000] {processor.py:927} WARNING - No viable dags retrieved from /opt/airflow/dags/job_scraping_dag.py
[2026-03-24T19:29:02.307+0000] {processor.py:208} INFO - Processing /opt/airflow/dags/job_scraping_dag.py took 4.929 seconds
[2026-03-24T19:29:32.919+0000] {processor.py:186} INFO - Started process (PID=175) to work on /opt/airflow/dags/job_scraping_dag.py
[2026-03-24T19:29:32.932+0000] {processor.py:914} INFO - Processing file /opt/airflow/dags/job_scraping_dag.py for tasks to queue
[2026-03-24T19:29:32.940+0000] {logging_mixin.py:190} INFO - [2026-03-24T19:29:32.939+0000] {dagbag.py:588} INFO - Filling up the DagBag from /opt/airflow/dags/job_scraping_dag.py
[2026-03-24T19:29:35.600+0000] {logging_mixin.py:190} INFO - [2026-03-24T19:29:35.590+0000] {dagbag.py:387} ERROR - Failed to import: /opt/airflow/dags/job_scraping_dag.py
Traceback (most recent call last):
  File "/home/airflow/.local/lib/python3.11/site-packages/airflow/models/dagbag.py", line 383, in parse
    loader.exec_module(new_module)
  File "<frozen importlib._bootstrap_external>", line 940, in exec_module
  File "<frozen importlib._bootstrap>", line 241, in _call_with_frames_removed
  File "/opt/airflow/dags/job_scraping_dag.py", line 148, in <module>
    from scrapping_france_travail import scrape_france_travail_jobs
ModuleNotFoundError: No module named 'scrapping_france_travail'
[2026-03-24T19:29:35.603+0000] {processor.py:927} WARNING - No viable dags retrieved from /opt/airflow/dags/job_scraping_dag.py
[2026-03-24T19:29:35.674+0000] {processor.py:208} INFO - Processing /opt/airflow/dags/job_scraping_dag.py took 2.794 seconds
[2026-03-24T19:30:06.704+0000] {processor.py:186} INFO - Started process (PID=181) to work on /opt/airflow/dags/job_scraping_dag.py
[2026-03-24T19:30:06.710+0000] {processor.py:914} INFO - Processing file /opt/airflow/dags/job_scraping_dag.py for tasks to queue
[2026-03-24T19:30:06.723+0000] {logging_mixin.py:190} INFO - [2026-03-24T19:30:06.722+0000] {dagbag.py:588} INFO - Filling up the DagBag from /opt/airflow/dags/job_scraping_dag.py
[2026-03-24T19:30:08.198+0000] {logging_mixin.py:190} INFO - [2026-03-24T19:30:08.160+0000] {dagbag.py:387} ERROR - Failed to import: /opt/airflow/dags/job_scraping_dag.py
Traceback (most recent call last):
  File "/home/airflow/.local/lib/python3.11/site-packages/airflow/models/dagbag.py", line 383, in parse
    loader.exec_module(new_module)
  File "<frozen importlib._bootstrap_external>", line 940, in exec_module
  File "<frozen importlib._bootstrap>", line 241, in _call_with_frames_removed
  File "/opt/airflow/dags/job_scraping_dag.py", line 148, in <module>
    from scrapping_france_travail import scrape_france_travail_jobs
ModuleNotFoundError: No module named 'scrapping_france_travail'
[2026-03-24T19:30:08.202+0000] {processor.py:927} WARNING - No viable dags retrieved from /opt/airflow/dags/job_scraping_dag.py
[2026-03-24T19:30:08.292+0000] {processor.py:208} INFO - Processing /opt/airflow/dags/job_scraping_dag.py took 3.922 seconds
[2026-03-24T19:30:39.325+0000] {processor.py:186} INFO - Started process (PID=187) to work on /opt/airflow/dags/job_scraping_dag.py
[2026-03-24T19:30:39.329+0000] {processor.py:914} INFO - Processing file /opt/airflow/dags/job_scraping_dag.py for tasks to queue
[2026-03-24T19:30:39.337+0000] {logging_mixin.py:190} INFO - [2026-03-24T19:30:39.336+0000] {dagbag.py:588} INFO - Filling up the DagBag from /opt/airflow/dags/job_scraping_dag.py
[2026-03-24T19:30:40.708+0000] {logging_mixin.py:190} INFO - [2026-03-24T19:30:40.700+0000] {dagbag.py:387} ERROR - Failed to import: /opt/airflow/dags/job_scraping_dag.py
Traceback (most recent call last):
  File "/home/airflow/.local/lib/python3.11/site-packages/airflow/models/dagbag.py", line 383, in parse
    loader.exec_module(new_module)
  File "<frozen importlib._bootstrap_external>", line 940, in exec_module
  File "<frozen importlib._bootstrap>", line 241, in _call_with_frames_removed
  File "/opt/airflow/dags/job_scraping_dag.py", line 148, in <module>
    from scrapping_france_travail import scrape_france_travail_jobs
ModuleNotFoundError: No module named 'scrapping_france_travail'
[2026-03-24T19:30:40.711+0000] {processor.py:927} WARNING - No viable dags retrieved from /opt/airflow/dags/job_scraping_dag.py
[2026-03-24T19:30:40.761+0000] {processor.py:208} INFO - Processing /opt/airflow/dags/job_scraping_dag.py took 1.455 seconds
[2026-03-24T19:31:11.720+0000] {processor.py:186} INFO - Started process (PID=193) to work on /opt/airflow/dags/job_scraping_dag.py
[2026-03-24T19:31:11.741+0000] {processor.py:914} INFO - Processing file /opt/airflow/dags/job_scraping_dag.py for tasks to queue
[2026-03-24T19:31:11.749+0000] {logging_mixin.py:190} INFO - [2026-03-24T19:31:11.748+0000] {dagbag.py:588} INFO - Filling up the DagBag from /opt/airflow/dags/job_scraping_dag.py
[2026-03-24T19:31:15.552+0000] {logging_mixin.py:190} INFO - [2026-03-24T19:31:15.545+0000] {dagbag.py:387} ERROR - Failed to import: /opt/airflow/dags/job_scraping_dag.py
Traceback (most recent call last):
  File "/home/airflow/.local/lib/python3.11/site-packages/airflow/models/dagbag.py", line 383, in parse
    loader.exec_module(new_module)
  File "<frozen importlib._bootstrap_external>", line 940, in exec_module
  File "<frozen importlib._bootstrap>", line 241, in _call_with_frames_removed
  File "/opt/airflow/dags/job_scraping_dag.py", line 148, in <module>
    from scrapping_france_travail import scrape_france_travail_jobs
ModuleNotFoundError: No module named 'scrapping_france_travail'
[2026-03-24T19:31:15.554+0000] {processor.py:927} WARNING - No viable dags retrieved from /opt/airflow/dags/job_scraping_dag.py
[2026-03-24T19:31:15.690+0000] {processor.py:208} INFO - Processing /opt/airflow/dags/job_scraping_dag.py took 4.005 seconds
[2026-03-24T19:31:46.094+0000] {processor.py:186} INFO - Started process (PID=199) to work on /opt/airflow/dags/job_scraping_dag.py
[2026-03-24T19:31:46.096+0000] {processor.py:914} INFO - Processing file /opt/airflow/dags/job_scraping_dag.py for tasks to queue
[2026-03-24T19:31:46.103+0000] {logging_mixin.py:190} INFO - [2026-03-24T19:31:46.102+0000] {dagbag.py:588} INFO - Filling up the DagBag from /opt/airflow/dags/job_scraping_dag.py
[2026-03-24T19:31:47.571+0000] {logging_mixin.py:190} INFO - [2026-03-24T19:31:47.565+0000] {dagbag.py:387} ERROR - Failed to import: /opt/airflow/dags/job_scraping_dag.py
Traceback (most recent call last):
  File "/home/airflow/.local/lib/python3.11/site-packages/airflow/models/dagbag.py", line 383, in parse
    loader.exec_module(new_module)
  File "<frozen importlib._bootstrap_external>", line 940, in exec_module
  File "<frozen importlib._bootstrap>", line 241, in _call_with_frames_removed
  File "/opt/airflow/dags/job_scraping_dag.py", line 148, in <module>
    from scrapping_france_travail import scrape_france_travail_jobs
ModuleNotFoundError: No module named 'scrapping_france_travail'
[2026-03-24T19:31:47.574+0000] {processor.py:927} WARNING - No viable dags retrieved from /opt/airflow/dags/job_scraping_dag.py
[2026-03-24T19:31:47.623+0000] {processor.py:208} INFO - Processing /opt/airflow/dags/job_scraping_dag.py took 1.552 seconds
[2026-03-24T19:32:18.030+0000] {processor.py:186} INFO - Started process (PID=205) to work on /opt/airflow/dags/job_scraping_dag.py
[2026-03-24T19:32:18.032+0000] {processor.py:914} INFO - Processing file /opt/airflow/dags/job_scraping_dag.py for tasks to queue
[2026-03-24T19:32:18.036+0000] {logging_mixin.py:190} INFO - [2026-03-24T19:32:18.036+0000] {dagbag.py:588} INFO - Filling up the DagBag from /opt/airflow/dags/job_scraping_dag.py
[2026-03-24T19:32:19.831+0000] {logging_mixin.py:190} INFO - [2026-03-24T19:32:19.822+0000] {dagbag.py:387} ERROR - Failed to import: /opt/airflow/dags/job_scraping_dag.py
Traceback (most recent call last):
  File "/home/airflow/.local/lib/python3.11/site-packages/airflow/models/dagbag.py", line 383, in parse
    loader.exec_module(new_module)
  File "<frozen importlib._bootstrap_external>", line 940, in exec_module
  File "<frozen importlib._bootstrap>", line 241, in _call_with_frames_removed
  File "/opt/airflow/dags/job_scraping_dag.py", line 148, in <module>
    from scrapping_france_travail import scrape_france_travail_jobs
ModuleNotFoundError: No module named 'scrapping_france_travail'
[2026-03-24T19:32:19.837+0000] {processor.py:927} WARNING - No viable dags retrieved from /opt/airflow/dags/job_scraping_dag.py
[2026-03-24T19:32:19.913+0000] {processor.py:208} INFO - Processing /opt/airflow/dags/job_scraping_dag.py took 1.895 seconds
[2026-03-24T19:32:50.253+0000] {processor.py:186} INFO - Started process (PID=211) to work on /opt/airflow/dags/job_scraping_dag.py
[2026-03-24T19:32:50.255+0000] {processor.py:914} INFO - Processing file /opt/airflow/dags/job_scraping_dag.py for tasks to queue
[2026-03-24T19:32:50.263+0000] {logging_mixin.py:190} INFO - [2026-03-24T19:32:50.262+0000] {dagbag.py:588} INFO - Filling up the DagBag from /opt/airflow/dags/job_scraping_dag.py
[2026-03-24T19:32:51.353+0000] {logging_mixin.py:190} INFO - [2026-03-24T19:32:51.346+0000] {dagbag.py:387} ERROR - Failed to import: /opt/airflow/dags/job_scraping_dag.py
Traceback (most recent call last):
  File "/home/airflow/.local/lib/python3.11/site-packages/airflow/models/dagbag.py", line 383, in parse
    loader.exec_module(new_module)
  File "<frozen importlib._bootstrap_external>", line 940, in exec_module
  File "<frozen importlib._bootstrap>", line 241, in _call_with_frames_removed
  File "/opt/airflow/dags/job_scraping_dag.py", line 148, in <module>
    from scrapping_france_travail import scrape_france_travail_jobs
ModuleNotFoundError: No module named 'scrapping_france_travail'
[2026-03-24T19:32:51.357+0000] {processor.py:927} WARNING - No viable dags retrieved from /opt/airflow/dags/job_scraping_dag.py
[2026-03-24T19:32:51.402+0000] {processor.py:208} INFO - Processing /opt/airflow/dags/job_scraping_dag.py took 1.161 seconds
[2026-03-24T19:33:21.670+0000] {processor.py:186} INFO - Started process (PID=217) to work on /opt/airflow/dags/job_scraping_dag.py
[2026-03-24T19:33:21.673+0000] {processor.py:914} INFO - Processing file /opt/airflow/dags/job_scraping_dag.py for tasks to queue
[2026-03-24T19:33:21.679+0000] {logging_mixin.py:190} INFO - [2026-03-24T19:33:21.678+0000] {dagbag.py:588} INFO - Filling up the DagBag from /opt/airflow/dags/job_scraping_dag.py
[2026-03-24T19:33:23.130+0000] {logging_mixin.py:190} INFO - [2026-03-24T19:33:23.122+0000] {dagbag.py:387} ERROR - Failed to import: /opt/airflow/dags/job_scraping_dag.py
Traceback (most recent call last):
  File "/home/airflow/.local/lib/python3.11/site-packages/airflow/models/dagbag.py", line 383, in parse
    loader.exec_module(new_module)
  File "<frozen importlib._bootstrap_external>", line 940, in exec_module
  File "<frozen importlib._bootstrap>", line 241, in _call_with_frames_removed
  File "/opt/airflow/dags/job_scraping_dag.py", line 148, in <module>
    from scrapping_france_travail import scrape_france_travail_jobs
ModuleNotFoundError: No module named 'scrapping_france_travail'
[2026-03-24T19:33:23.133+0000] {processor.py:927} WARNING - No viable dags retrieved from /opt/airflow/dags/job_scraping_dag.py
[2026-03-24T19:33:24.513+0000] {processor.py:208} INFO - Processing /opt/airflow/dags/job_scraping_dag.py took 1.527 seconds
[2026-03-24T19:33:55.299+0000] {processor.py:186} INFO - Started process (PID=223) to work on /opt/airflow/dags/job_scraping_dag.py
[2026-03-24T19:33:55.304+0000] {processor.py:914} INFO - Processing file /opt/airflow/dags/job_scraping_dag.py for tasks to queue
[2026-03-24T19:33:55.315+0000] {logging_mixin.py:190} INFO - [2026-03-24T19:33:55.314+0000] {dagbag.py:588} INFO - Filling up the DagBag from /opt/airflow/dags/job_scraping_dag.py
[2026-03-24T19:33:56.560+0000] {logging_mixin.py:190} INFO - [2026-03-24T19:33:56.554+0000] {dagbag.py:387} ERROR - Failed to import: /opt/airflow/dags/job_scraping_dag.py
Traceback (most recent call last):
  File "/home/airflow/.local/lib/python3.11/site-packages/airflow/models/dagbag.py", line 383, in parse
    loader.exec_module(new_module)
  File "<frozen importlib._bootstrap_external>", line 940, in exec_module
  File "<frozen importlib._bootstrap>", line 241, in _call_with_frames_removed
  File "/opt/airflow/dags/job_scraping_dag.py", line 148, in <module>
    from scrapping_france_travail import scrape_france_travail_jobs
ModuleNotFoundError: No module named 'scrapping_france_travail'
[2026-03-24T19:33:56.562+0000] {processor.py:927} WARNING - No viable dags retrieved from /opt/airflow/dags/job_scraping_dag.py
[2026-03-24T19:33:56.602+0000] {processor.py:208} INFO - Processing /opt/airflow/dags/job_scraping_dag.py took 1.330 seconds
[2026-03-24T19:34:26.851+0000] {processor.py:186} INFO - Started process (PID=229) to work on /opt/airflow/dags/job_scraping_dag.py
[2026-03-24T19:34:26.854+0000] {processor.py:914} INFO - Processing file /opt/airflow/dags/job_scraping_dag.py for tasks to queue
[2026-03-24T19:34:26.859+0000] {logging_mixin.py:190} INFO - [2026-03-24T19:34:26.859+0000] {dagbag.py:588} INFO - Filling up the DagBag from /opt/airflow/dags/job_scraping_dag.py
[2026-03-24T19:34:28.517+0000] {logging_mixin.py:190} INFO - [2026-03-24T19:34:28.510+0000] {dagbag.py:387} ERROR - Failed to import: /opt/airflow/dags/job_scraping_dag.py
Traceback (most recent call last):
  File "/home/airflow/.local/lib/python3.11/site-packages/airflow/models/dagbag.py", line 383, in parse
    loader.exec_module(new_module)
  File "<frozen importlib._bootstrap_external>", line 940, in exec_module
  File "<frozen importlib._bootstrap>", line 241, in _call_with_frames_removed
  File "/opt/airflow/dags/job_scraping_dag.py", line 148, in <module>
    from scrapping_france_travail import scrape_france_travail_jobs
ModuleNotFoundError: No module named 'scrapping_france_travail'
[2026-03-24T19:34:28.519+0000] {processor.py:927} WARNING - No viable dags retrieved from /opt/airflow/dags/job_scraping_dag.py
[2026-03-24T19:34:28.567+0000] {processor.py:208} INFO - Processing /opt/airflow/dags/job_scraping_dag.py took 1.731 seconds
[2026-03-24T19:34:58.787+0000] {processor.py:186} INFO - Started process (PID=235) to work on /opt/airflow/dags/job_scraping_dag.py
[2026-03-24T19:34:58.840+0000] {processor.py:914} INFO - Processing file /opt/airflow/dags/job_scraping_dag.py for tasks to queue
[2026-03-24T19:34:58.884+0000] {logging_mixin.py:190} INFO - [2026-03-24T19:34:58.883+0000] {dagbag.py:588} INFO - Filling up the DagBag from /opt/airflow/dags/job_scraping_dag.py
[2026-03-24T19:35:01.085+0000] {logging_mixin.py:190} INFO - [2026-03-24T19:35:01.076+0000] {dagbag.py:387} ERROR - Failed to import: /opt/airflow/dags/job_scraping_dag.py
Traceback (most recent call last):
  File "/home/airflow/.local/lib/python3.11/site-packages/airflow/models/dagbag.py", line 383, in parse
    loader.exec_module(new_module)
  File "<frozen importlib._bootstrap_external>", line 940, in exec_module
  File "<frozen importlib._bootstrap>", line 241, in _call_with_frames_removed
  File "/opt/airflow/dags/job_scraping_dag.py", line 148, in <module>
    from scrapping_france_travail import scrape_france_travail_jobs
ModuleNotFoundError: No module named 'scrapping_france_travail'
[2026-03-24T19:35:01.088+0000] {processor.py:927} WARNING - No viable dags retrieved from /opt/airflow/dags/job_scraping_dag.py
[2026-03-24T19:35:01.144+0000] {processor.py:208} INFO - Processing /opt/airflow/dags/job_scraping_dag.py took 2.393 seconds
[2026-03-24T19:35:31.657+0000] {processor.py:186} INFO - Started process (PID=241) to work on /opt/airflow/dags/job_scraping_dag.py
[2026-03-24T19:35:31.688+0000] {processor.py:914} INFO - Processing file /opt/airflow/dags/job_scraping_dag.py for tasks to queue
[2026-03-24T19:35:31.704+0000] {logging_mixin.py:190} INFO - [2026-03-24T19:35:31.703+0000] {dagbag.py:588} INFO - Filling up the DagBag from /opt/airflow/dags/job_scraping_dag.py
[2026-03-24T19:35:35.453+0000] {logging_mixin.py:190} INFO - [2026-03-24T19:35:35.443+0000] {dagbag.py:387} ERROR - Failed to import: /opt/airflow/dags/job_scraping_dag.py
Traceback (most recent call last):
  File "/home/airflow/.local/lib/python3.11/site-packages/airflow/models/dagbag.py", line 383, in parse
    loader.exec_module(new_module)
  File "<frozen importlib._bootstrap_external>", line 940, in exec_module
  File "<frozen importlib._bootstrap>", line 241, in _call_with_frames_removed
  File "/opt/airflow/dags/job_scraping_dag.py", line 148, in <module>
    from scrapping_france_travail import scrape_france_travail_jobs
ModuleNotFoundError: No module named 'scrapping_france_travail'
[2026-03-24T19:35:35.455+0000] {processor.py:927} WARNING - No viable dags retrieved from /opt/airflow/dags/job_scraping_dag.py
[2026-03-24T19:35:35.558+0000] {processor.py:208} INFO - Processing /opt/airflow/dags/job_scraping_dag.py took 3.927 seconds
[2026-03-24T19:36:05.744+0000] {processor.py:186} INFO - Started process (PID=247) to work on /opt/airflow/dags/job_scraping_dag.py
[2026-03-24T19:36:05.748+0000] {processor.py:914} INFO - Processing file /opt/airflow/dags/job_scraping_dag.py for tasks to queue
[2026-03-24T19:36:05.755+0000] {logging_mixin.py:190} INFO - [2026-03-24T19:36:05.754+0000] {dagbag.py:588} INFO - Filling up the DagBag from /opt/airflow/dags/job_scraping_dag.py
[2026-03-24T19:36:07.657+0000] {logging_mixin.py:190} INFO - [2026-03-24T19:36:07.652+0000] {dagbag.py:387} ERROR - Failed to import: /opt/airflow/dags/job_scraping_dag.py
Traceback (most recent call last):
  File "/home/airflow/.local/lib/python3.11/site-packages/airflow/models/dagbag.py", line 383, in parse
    loader.exec_module(new_module)
  File "<frozen importlib._bootstrap_external>", line 940, in exec_module
  File "<frozen importlib._bootstrap>", line 241, in _call_with_frames_removed
  File "/opt/airflow/dags/job_scraping_dag.py", line 148, in <module>
    from scrapping_france_travail import scrape_france_travail_jobs
ModuleNotFoundError: No module named 'scrapping_france_travail'
[2026-03-24T19:36:07.659+0000] {processor.py:927} WARNING - No viable dags retrieved from /opt/airflow/dags/job_scraping_dag.py
[2026-03-24T19:36:07.719+0000] {processor.py:208} INFO - Processing /opt/airflow/dags/job_scraping_dag.py took 1.991 seconds
[2026-03-24T19:36:38.138+0000] {processor.py:186} INFO - Started process (PID=253) to work on /opt/airflow/dags/job_scraping_dag.py
[2026-03-24T19:36:38.141+0000] {processor.py:914} INFO - Processing file /opt/airflow/dags/job_scraping_dag.py for tasks to queue
[2026-03-24T19:36:38.159+0000] {logging_mixin.py:190} INFO - [2026-03-24T19:36:38.158+0000] {dagbag.py:588} INFO - Filling up the DagBag from /opt/airflow/dags/job_scraping_dag.py
[2026-03-24T19:36:41.825+0000] {logging_mixin.py:190} INFO - [2026-03-24T19:36:41.814+0000] {dagbag.py:387} ERROR - Failed to import: /opt/airflow/dags/job_scraping_dag.py
Traceback (most recent call last):
  File "/home/airflow/.local/lib/python3.11/site-packages/airflow/models/dagbag.py", line 383, in parse
    loader.exec_module(new_module)
  File "<frozen importlib._bootstrap_external>", line 940, in exec_module
  File "<frozen importlib._bootstrap>", line 241, in _call_with_frames_removed
  File "/opt/airflow/dags/job_scraping_dag.py", line 148, in <module>
    from scrapping_france_travail import scrape_france_travail_jobs
ModuleNotFoundError: No module named 'scrapping_france_travail'
[2026-03-24T19:36:41.828+0000] {processor.py:927} WARNING - No viable dags retrieved from /opt/airflow/dags/job_scraping_dag.py
[2026-03-24T19:36:41.905+0000] {processor.py:208} INFO - Processing /opt/airflow/dags/job_scraping_dag.py took 3.802 seconds
[2026-03-24T19:37:14.013+0000] {processor.py:186} INFO - Started process (PID=259) to work on /opt/airflow/dags/job_scraping_dag.py
[2026-03-24T19:37:14.099+0000] {processor.py:914} INFO - Processing file /opt/airflow/dags/job_scraping_dag.py for tasks to queue
[2026-03-24T19:37:14.107+0000] {logging_mixin.py:190} INFO - [2026-03-24T19:37:14.106+0000] {dagbag.py:588} INFO - Filling up the DagBag from /opt/airflow/dags/job_scraping_dag.py
[2026-03-24T19:37:17.971+0000] {logging_mixin.py:190} INFO - [2026-03-24T19:37:17.962+0000] {dagbag.py:387} ERROR - Failed to import: /opt/airflow/dags/job_scraping_dag.py
Traceback (most recent call last):
  File "/home/airflow/.local/lib/python3.11/site-packages/airflow/models/dagbag.py", line 383, in parse
    loader.exec_module(new_module)
  File "<frozen importlib._bootstrap_external>", line 940, in exec_module
  File "<frozen importlib._bootstrap>", line 241, in _call_with_frames_removed
  File "/opt/airflow/dags/job_scraping_dag.py", line 148, in <module>
    from scrapping_france_travail import scrape_france_travail_jobs
ModuleNotFoundError: No module named 'scrapping_france_travail'
[2026-03-24T19:37:17.977+0000] {processor.py:927} WARNING - No viable dags retrieved from /opt/airflow/dags/job_scraping_dag.py
[2026-03-24T19:37:20.223+0000] {processor.py:208} INFO - Processing /opt/airflow/dags/job_scraping_dag.py took 6.234 seconds
[2026-03-24T19:37:50.833+0000] {processor.py:186} INFO - Started process (PID=265) to work on /opt/airflow/dags/job_scraping_dag.py
[2026-03-24T19:37:50.835+0000] {processor.py:914} INFO - Processing file /opt/airflow/dags/job_scraping_dag.py for tasks to queue
[2026-03-24T19:37:50.841+0000] {logging_mixin.py:190} INFO - [2026-03-24T19:37:50.840+0000] {dagbag.py:588} INFO - Filling up the DagBag from /opt/airflow/dags/job_scraping_dag.py
[2026-03-24T19:37:53.061+0000] {logging_mixin.py:190} INFO - [2026-03-24T19:37:53.051+0000] {dagbag.py:387} ERROR - Failed to import: /opt/airflow/dags/job_scraping_dag.py
Traceback (most recent call last):
  File "/home/airflow/.local/lib/python3.11/site-packages/airflow/models/dagbag.py", line 383, in parse
    loader.exec_module(new_module)
  File "<frozen importlib._bootstrap_external>", line 940, in exec_module
  File "<frozen importlib._bootstrap>", line 241, in _call_with_frames_removed
  File "/opt/airflow/dags/job_scraping_dag.py", line 148, in <module>
    from scrapping_france_travail import scrape_france_travail_jobs
ModuleNotFoundError: No module named 'scrapping_france_travail'
[2026-03-24T19:37:53.064+0000] {processor.py:927} WARNING - No viable dags retrieved from /opt/airflow/dags/job_scraping_dag.py
[2026-03-24T19:37:53.143+0000] {processor.py:208} INFO - Processing /opt/airflow/dags/job_scraping_dag.py took 2.328 seconds
[2026-03-24T19:38:23.401+0000] {processor.py:186} INFO - Started process (PID=271) to work on /opt/airflow/dags/job_scraping_dag.py
[2026-03-24T19:38:23.404+0000] {processor.py:914} INFO - Processing file /opt/airflow/dags/job_scraping_dag.py for tasks to queue
[2026-03-24T19:38:23.412+0000] {logging_mixin.py:190} INFO - [2026-03-24T19:38:23.411+0000] {dagbag.py:588} INFO - Filling up the DagBag from /opt/airflow/dags/job_scraping_dag.py
[2026-03-24T19:38:24.695+0000] {logging_mixin.py:190} INFO - [2026-03-24T19:38:24.689+0000] {dagbag.py:387} ERROR - Failed to import: /opt/airflow/dags/job_scraping_dag.py
Traceback (most recent call last):
  File "/home/airflow/.local/lib/python3.11/site-packages/airflow/models/dagbag.py", line 383, in parse
    loader.exec_module(new_module)
  File "<frozen importlib._bootstrap_external>", line 940, in exec_module
  File "<frozen importlib._bootstrap>", line 241, in _call_with_frames_removed
  File "/opt/airflow/dags/job_scraping_dag.py", line 148, in <module>
    from scrapping_france_travail import scrape_france_travail_jobs
ModuleNotFoundError: No module named 'scrapping_france_travail'
[2026-03-24T19:38:24.697+0000] {processor.py:927} WARNING - No viable dags retrieved from /opt/airflow/dags/job_scraping_dag.py
[2026-03-24T19:38:24.768+0000] {processor.py:208} INFO - Processing /opt/airflow/dags/job_scraping_dag.py took 1.385 seconds
[2026-03-24T19:38:53.517+0000] {processor.py:186} INFO - Started process (PID=277) to work on /opt/airflow/dags/job_scraping_dag.py
[2026-03-24T19:38:53.658+0000] {processor.py:914} INFO - Processing file /opt/airflow/dags/job_scraping_dag.py for tasks to queue
[2026-03-24T19:38:53.755+0000] {logging_mixin.py:190} INFO - [2026-03-24T19:38:53.754+0000] {dagbag.py:588} INFO - Filling up the DagBag from /opt/airflow/dags/job_scraping_dag.py
[2026-03-24T19:38:59.030+0000] {logging_mixin.py:190} INFO - [2026-03-24T19:38:58.560+0000] {dagbag.py:387} ERROR - Failed to import: /opt/airflow/dags/job_scraping_dag.py
Traceback (most recent call last):
  File "/home/airflow/.local/lib/python3.11/site-packages/airflow/models/dagbag.py", line 383, in parse
    loader.exec_module(new_module)
  File "<frozen importlib._bootstrap_external>", line 940, in exec_module
  File "<frozen importlib._bootstrap>", line 241, in _call_with_frames_removed
  File "/opt/airflow/dags/job_scraping_dag.py", line 148, in <module>
    from scrapping_france_travail import scrape_france_travail_jobs
ModuleNotFoundError: No module named 'scrapping_france_travail'
[2026-03-24T19:38:59.073+0000] {processor.py:927} WARNING - No viable dags retrieved from /opt/airflow/dags/job_scraping_dag.py
[2026-03-24T19:38:59.178+0000] {processor.py:208} INFO - Processing /opt/airflow/dags/job_scraping_dag.py took 5.698 seconds
[2026-03-24T19:39:00.455+0000] {processor.py:186} INFO - Started process (PID=283) to work on /opt/airflow/dags/job_scraping_dag.py
[2026-03-24T19:39:00.474+0000] {processor.py:914} INFO - Processing file /opt/airflow/dags/job_scraping_dag.py for tasks to queue
[2026-03-24T19:39:00.516+0000] {logging_mixin.py:190} INFO - [2026-03-24T19:39:00.516+0000] {dagbag.py:588} INFO - Filling up the DagBag from /opt/airflow/dags/job_scraping_dag.py
[2026-03-24T19:39:05.637+0000] {logging_mixin.py:190} INFO - [2026-03-24T19:39:05.519+0000] {dagbag.py:387} ERROR - Failed to import: /opt/airflow/dags/job_scraping_dag.py
Traceback (most recent call last):
  File "/home/airflow/.local/lib/python3.11/site-packages/airflow/models/dagbag.py", line 383, in parse
    loader.exec_module(new_module)
  File "<frozen importlib._bootstrap_external>", line 940, in exec_module
  File "<frozen importlib._bootstrap>", line 241, in _call_with_frames_removed
  File "/opt/airflow/dags/job_scraping_dag.py", line 148, in <module>
    from scrapping_france_travail import scrape_france_travail_jobs
ModuleNotFoundError: No module named 'scrapping_france_travail'
[2026-03-24T19:39:05.642+0000] {processor.py:927} WARNING - No viable dags retrieved from /opt/airflow/dags/job_scraping_dag.py
[2026-03-24T19:39:05.721+0000] {processor.py:208} INFO - Processing /opt/airflow/dags/job_scraping_dag.py took 5.294 seconds
[2026-03-24T19:39:06.067+0000] {processor.py:186} INFO - Started process (PID=289) to work on /opt/airflow/dags/job_scraping_dag.py
[2026-03-24T19:39:06.081+0000] {processor.py:914} INFO - Processing file /opt/airflow/dags/job_scraping_dag.py for tasks to queue
[2026-03-24T19:39:06.098+0000] {logging_mixin.py:190} INFO - [2026-03-24T19:39:06.089+0000] {dagbag.py:588} INFO - Filling up the DagBag from /opt/airflow/dags/job_scraping_dag.py
[2026-03-24T19:39:10.300+0000] {logging_mixin.py:190} INFO - [2026-03-24T19:39:10.138+0000] {dagbag.py:387} ERROR - Failed to import: /opt/airflow/dags/job_scraping_dag.py
Traceback (most recent call last):
  File "/home/airflow/.local/lib/python3.11/site-packages/airflow/models/dagbag.py", line 383, in parse
    loader.exec_module(new_module)
  File "<frozen importlib._bootstrap_external>", line 940, in exec_module
  File "<frozen importlib._bootstrap>", line 241, in _call_with_frames_removed
  File "/opt/airflow/dags/job_scraping_dag.py", line 148, in <module>
    from scrapping_france_travail import scrape_france_travail_jobs
ModuleNotFoundError: No module named 'scrapping_france_travail'
[2026-03-24T19:39:10.355+0000] {processor.py:927} WARNING - No viable dags retrieved from /opt/airflow/dags/job_scraping_dag.py
[2026-03-24T19:39:10.447+0000] {processor.py:208} INFO - Processing /opt/airflow/dags/job_scraping_dag.py took 4.418 seconds
[2026-03-24T19:39:41.076+0000] {processor.py:186} INFO - Started process (PID=295) to work on /opt/airflow/dags/job_scraping_dag.py
[2026-03-24T19:39:41.082+0000] {processor.py:914} INFO - Processing file /opt/airflow/dags/job_scraping_dag.py for tasks to queue
[2026-03-24T19:39:41.093+0000] {logging_mixin.py:190} INFO - [2026-03-24T19:39:41.090+0000] {dagbag.py:588} INFO - Filling up the DagBag from /opt/airflow/dags/job_scraping_dag.py
[2026-03-24T19:39:43.206+0000] {logging_mixin.py:190} INFO - [2026-03-24T19:39:43.200+0000] {dagbag.py:387} ERROR - Failed to import: /opt/airflow/dags/job_scraping_dag.py
Traceback (most recent call last):
  File "/home/airflow/.local/lib/python3.11/site-packages/airflow/models/dagbag.py", line 383, in parse
    loader.exec_module(new_module)
  File "<frozen importlib._bootstrap_external>", line 940, in exec_module
  File "<frozen importlib._bootstrap>", line 241, in _call_with_frames_removed
  File "/opt/airflow/dags/job_scraping_dag.py", line 148, in <module>
    from scrapping_france_travail import scrape_france_travail_jobs
ModuleNotFoundError: No module named 'scrapping_france_travail'
[2026-03-24T19:39:43.209+0000] {processor.py:927} WARNING - No viable dags retrieved from /opt/airflow/dags/job_scraping_dag.py
[2026-03-24T19:39:43.244+0000] {processor.py:208} INFO - Processing /opt/airflow/dags/job_scraping_dag.py took 2.188 seconds
[2026-03-24T19:40:13.358+0000] {processor.py:186} INFO - Started process (PID=301) to work on /opt/airflow/dags/job_scraping_dag.py
[2026-03-24T19:40:13.360+0000] {processor.py:914} INFO - Processing file /opt/airflow/dags/job_scraping_dag.py for tasks to queue
[2026-03-24T19:40:13.364+0000] {logging_mixin.py:190} INFO - [2026-03-24T19:40:13.364+0000] {dagbag.py:588} INFO - Filling up the DagBag from /opt/airflow/dags/job_scraping_dag.py
[2026-03-24T19:40:14.970+0000] {processor.py:925} INFO - DAG(s) 'daily_job_scraping' retrieved from /opt/airflow/dags/job_scraping_dag.py
[2026-03-24T19:40:15.667+0000] {logging_mixin.py:190} INFO - [2026-03-24T19:40:15.666+0000] {dag.py:3239} INFO - Sync 1 DAGs
[2026-03-24T19:40:15.706+0000] {logging_mixin.py:190} INFO - [2026-03-24T19:40:15.705+0000] {dag.py:4180} INFO - Setting next_dagrun for daily_job_scraping to 2026-03-23 12:00:00+00:00, run_after=2026-03-24 12:00:00+00:00
[2026-03-24T19:40:15.764+0000] {processor.py:208} INFO - Processing /opt/airflow/dags/job_scraping_dag.py took 2.422 seconds
[2026-03-24T19:40:45.728+0000] {processor.py:186} INFO - Started process (PID=326) to work on /opt/airflow/dags/job_scraping_dag.py
[2026-03-24T19:40:45.907+0000] {processor.py:914} INFO - Processing file /opt/airflow/dags/job_scraping_dag.py for tasks to queue
[2026-03-24T19:40:46.071+0000] {logging_mixin.py:190} INFO - [2026-03-24T19:40:46.070+0000] {dagbag.py:588} INFO - Filling up the DagBag from /opt/airflow/dags/job_scraping_dag.py
[2026-03-24T19:40:56.454+0000] {processor.py:925} INFO - DAG(s) 'daily_job_scraping' retrieved from /opt/airflow/dags/job_scraping_dag.py
[2026-03-24T19:40:56.896+0000] {logging_mixin.py:190} INFO - [2026-03-24T19:40:56.895+0000] {dag.py:3239} INFO - Sync 1 DAGs
[2026-03-24T19:40:57.282+0000] {logging_mixin.py:190} INFO - [2026-03-24T19:40:57.282+0000] {dag.py:4180} INFO - Setting next_dagrun for daily_job_scraping to 2026-03-24 12:00:00+00:00, run_after=2026-03-25 12:00:00+00:00
[2026-03-24T19:40:57.488+0000] {processor.py:208} INFO - Processing /opt/airflow/dags/job_scraping_dag.py took 11.785 seconds
[2026-03-24T19:41:28.824+0000] {processor.py:186} INFO - Started process (PID=343) to work on /opt/airflow/dags/job_scraping_dag.py
[2026-03-24T19:41:28.827+0000] {processor.py:914} INFO - Processing file /opt/airflow/dags/job_scraping_dag.py for tasks to queue
[2026-03-24T19:41:28.899+0000] {logging_mixin.py:190} INFO - [2026-03-24T19:41:28.880+0000] {dagbag.py:588} INFO - Filling up the DagBag from /opt/airflow/dags/job_scraping_dag.py
[2026-03-24T19:41:38.699+0000] {processor.py:925} INFO - DAG(s) 'daily_job_scraping' retrieved from /opt/airflow/dags/job_scraping_dag.py
[2026-03-24T19:41:38.975+0000] {logging_mixin.py:190} INFO - [2026-03-24T19:41:38.974+0000] {dag.py:3239} INFO - Sync 1 DAGs
[2026-03-24T19:41:39.254+0000] {logging_mixin.py:190} INFO - [2026-03-24T19:41:39.253+0000] {dag.py:4180} INFO - Setting next_dagrun for daily_job_scraping to 2026-03-24 12:00:00+00:00, run_after=2026-03-25 12:00:00+00:00
[2026-03-24T19:41:39.553+0000] {processor.py:208} INFO - Processing /opt/airflow/dags/job_scraping_dag.py took 10.764 seconds
[2026-03-24T19:42:12.920+0000] {processor.py:186} INFO - Started process (PID=349) to work on /opt/airflow/dags/job_scraping_dag.py
[2026-03-24T19:42:12.940+0000] {processor.py:914} INFO - Processing file /opt/airflow/dags/job_scraping_dag.py for tasks to queue
[2026-03-24T19:42:12.973+0000] {logging_mixin.py:190} INFO - [2026-03-24T19:42:12.972+0000] {dagbag.py:588} INFO - Filling up the DagBag from /opt/airflow/dags/job_scraping_dag.py
[2026-03-24T19:42:37.225+0000] {processor.py:925} INFO - DAG(s) 'daily_job_scraping' retrieved from /opt/airflow/dags/job_scraping_dag.py
[2026-03-24T19:42:37.649+0000] {logging_mixin.py:190} INFO - [2026-03-24T19:42:37.637+0000] {dag.py:3239} INFO - Sync 1 DAGs
[2026-03-24T19:42:37.912+0000] {logging_mixin.py:190} INFO - [2026-03-24T19:42:37.899+0000] {dag.py:4180} INFO - Setting next_dagrun for daily_job_scraping to 2026-03-24 12:00:00+00:00, run_after=2026-03-25 12:00:00+00:00
[2026-03-24T19:42:35.970+0000] {processor.py:208} INFO - Processing /opt/airflow/dags/job_scraping_dag.py took 25.452 seconds
[2026-03-24T19:43:10.520+0000] {processor.py:186} INFO - Started process (PID=355) to work on /opt/airflow/dags/job_scraping_dag.py
[2026-03-24T19:43:10.535+0000] {processor.py:914} INFO - Processing file /opt/airflow/dags/job_scraping_dag.py for tasks to queue
[2026-03-24T19:43:10.554+0000] {logging_mixin.py:190} INFO - [2026-03-24T19:43:10.553+0000] {dagbag.py:588} INFO - Filling up the DagBag from /opt/airflow/dags/job_scraping_dag.py
[2026-03-24T19:43:21.869+0000] {processor.py:925} INFO - DAG(s) 'daily_job_scraping' retrieved from /opt/airflow/dags/job_scraping_dag.py
[2026-03-24T19:43:22.339+0000] {logging_mixin.py:190} INFO - [2026-03-24T19:43:22.338+0000] {dag.py:3239} INFO - Sync 1 DAGs
[2026-03-24T19:43:22.650+0000] {logging_mixin.py:190} INFO - [2026-03-24T19:43:22.649+0000] {dag.py:4180} INFO - Setting next_dagrun for daily_job_scraping to 2026-03-24 12:00:00+00:00, run_after=2026-03-25 12:00:00+00:00
[2026-03-24T19:43:23.015+0000] {processor.py:208} INFO - Processing /opt/airflow/dags/job_scraping_dag.py took 12.583 seconds
[2026-03-24T19:43:55.551+0000] {processor.py:186} INFO - Started process (PID=361) to work on /opt/airflow/dags/job_scraping_dag.py
[2026-03-24T19:43:55.580+0000] {processor.py:914} INFO - Processing file /opt/airflow/dags/job_scraping_dag.py for tasks to queue
[2026-03-24T19:43:55.619+0000] {logging_mixin.py:190} INFO - [2026-03-24T19:43:55.601+0000] {dagbag.py:588} INFO - Filling up the DagBag from /opt/airflow/dags/job_scraping_dag.py
[2026-03-24T19:44:04.583+0000] {processor.py:925} INFO - DAG(s) 'daily_job_scraping' retrieved from /opt/airflow/dags/job_scraping_dag.py
[2026-03-24T19:44:05.043+0000] {logging_mixin.py:190} INFO - [2026-03-24T19:44:05.029+0000] {dag.py:3239} INFO - Sync 1 DAGs
[2026-03-24T19:44:05.305+0000] {logging_mixin.py:190} INFO - [2026-03-24T19:44:05.292+0000] {dag.py:4180} INFO - Setting next_dagrun for daily_job_scraping to 2026-03-24 12:00:00+00:00, run_after=2026-03-25 12:00:00+00:00
[2026-03-24T19:44:05.830+0000] {processor.py:208} INFO - Processing /opt/airflow/dags/job_scraping_dag.py took 12.681 seconds
[2026-03-24T19:44:45.541+0000] {processor.py:186} INFO - Started process (PID=367) to work on /opt/airflow/dags/job_scraping_dag.py
[2026-03-24T19:44:45.785+0000] {processor.py:914} INFO - Processing file /opt/airflow/dags/job_scraping_dag.py for tasks to queue
[2026-03-24T19:44:45.914+0000] {logging_mixin.py:190} INFO - [2026-03-24T19:44:45.914+0000] {dagbag.py:588} INFO - Filling up the DagBag from /opt/airflow/dags/job_scraping_dag.py
[2026-03-24T19:45:01.570+0000] {processor.py:925} INFO - DAG(s) 'daily_job_scraping' retrieved from /opt/airflow/dags/job_scraping_dag.py
[2026-03-24T19:45:01.969+0000] {logging_mixin.py:190} INFO - [2026-03-24T19:45:01.968+0000] {dag.py:3239} INFO - Sync 1 DAGs
[2026-03-24T19:45:02.124+0000] {logging_mixin.py:190} INFO - [2026-03-24T19:45:02.124+0000] {dag.py:4180} INFO - Setting next_dagrun for daily_job_scraping to 2026-03-24 12:00:00+00:00, run_after=2026-03-25 12:00:00+00:00
[2026-03-24T19:45:02.505+0000] {processor.py:208} INFO - Processing /opt/airflow/dags/job_scraping_dag.py took 19.750 seconds
[2026-03-24T19:45:35.499+0000] {processor.py:186} INFO - Started process (PID=373) to work on /opt/airflow/dags/job_scraping_dag.py
[2026-03-24T19:45:35.601+0000] {processor.py:914} INFO - Processing file /opt/airflow/dags/job_scraping_dag.py for tasks to queue
[2026-03-24T19:45:35.758+0000] {logging_mixin.py:190} INFO - [2026-03-24T19:45:35.757+0000] {dagbag.py:588} INFO - Filling up the DagBag from /opt/airflow/dags/job_scraping_dag.py
[2026-03-24T19:45:50.652+0000] {processor.py:925} INFO - DAG(s) 'daily_job_scraping' retrieved from /opt/airflow/dags/job_scraping_dag.py
[2026-03-24T19:45:51.014+0000] {logging_mixin.py:190} INFO - [2026-03-24T19:45:51.013+0000] {dag.py:3239} INFO - Sync 1 DAGs
[2026-03-24T19:45:51.395+0000] {logging_mixin.py:190} INFO - [2026-03-24T19:45:51.395+0000] {dag.py:4180} INFO - Setting next_dagrun for daily_job_scraping to 2026-03-24 12:00:00+00:00, run_after=2026-03-25 12:00:00+00:00
[2026-03-24T19:45:51.696+0000] {processor.py:208} INFO - Processing /opt/airflow/dags/job_scraping_dag.py took 16.252 seconds
[2026-03-24T19:46:24.233+0000] {processor.py:186} INFO - Started process (PID=379) to work on /opt/airflow/dags/job_scraping_dag.py
[2026-03-24T19:46:24.282+0000] {processor.py:914} INFO - Processing file /opt/airflow/dags/job_scraping_dag.py for tasks to queue
[2026-03-24T19:46:24.319+0000] {logging_mixin.py:190} INFO - [2026-03-24T19:46:24.318+0000] {dagbag.py:588} INFO - Filling up the DagBag from /opt/airflow/dags/job_scraping_dag.py
[2026-03-24T19:46:35.461+0000] {processor.py:925} INFO - DAG(s) 'daily_job_scraping' retrieved from /opt/airflow/dags/job_scraping_dag.py
[2026-03-24T19:46:35.808+0000] {logging_mixin.py:190} INFO - [2026-03-24T19:46:35.807+0000] {dag.py:3239} INFO - Sync 1 DAGs
[2026-03-24T19:46:36.332+0000] {logging_mixin.py:190} INFO - [2026-03-24T19:46:36.332+0000] {dag.py:4180} INFO - Setting next_dagrun for daily_job_scraping to 2026-03-24 12:00:00+00:00, run_after=2026-03-25 12:00:00+00:00
[2026-03-24T19:46:36.818+0000] {processor.py:208} INFO - Processing /opt/airflow/dags/job_scraping_dag.py took 12.674 seconds
[2026-03-24T19:47:09.629+0000] {processor.py:186} INFO - Started process (PID=385) to work on /opt/airflow/dags/job_scraping_dag.py
[2026-03-24T19:47:09.719+0000] {processor.py:914} INFO - Processing file /opt/airflow/dags/job_scraping_dag.py for tasks to queue
[2026-03-24T19:47:09.774+0000] {logging_mixin.py:190} INFO - [2026-03-24T19:47:09.773+0000] {dagbag.py:588} INFO - Filling up the DagBag from /opt/airflow/dags/job_scraping_dag.py
[2026-03-24T19:47:19.119+0000] {processor.py:925} INFO - DAG(s) 'daily_job_scraping' retrieved from /opt/airflow/dags/job_scraping_dag.py
[2026-03-24T19:47:19.656+0000] {logging_mixin.py:190} INFO - [2026-03-24T19:47:19.655+0000] {dag.py:3239} INFO - Sync 1 DAGs
[2026-03-24T19:47:19.968+0000] {logging_mixin.py:190} INFO - [2026-03-24T19:47:19.967+0000] {dag.py:4180} INFO - Setting next_dagrun for daily_job_scraping to 2026-03-24 12:00:00+00:00, run_after=2026-03-25 12:00:00+00:00
[2026-03-24T19:47:20.299+0000] {processor.py:208} INFO - Processing /opt/airflow/dags/job_scraping_dag.py took 13.069 seconds
[2026-03-24T19:47:52.028+0000] {processor.py:186} INFO - Started process (PID=391) to work on /opt/airflow/dags/job_scraping_dag.py
[2026-03-24T19:47:52.045+0000] {processor.py:914} INFO - Processing file /opt/airflow/dags/job_scraping_dag.py for tasks to queue
[2026-03-24T19:47:52.065+0000] {logging_mixin.py:190} INFO - [2026-03-24T19:47:52.064+0000] {dagbag.py:588} INFO - Filling up the DagBag from /opt/airflow/dags/job_scraping_dag.py
[2026-03-24T19:48:02.434+0000] {processor.py:925} INFO - DAG(s) 'daily_job_scraping' retrieved from /opt/airflow/dags/job_scraping_dag.py
[2026-03-24T19:48:02.922+0000] {logging_mixin.py:190} INFO - [2026-03-24T19:48:02.921+0000] {dag.py:3239} INFO - Sync 1 DAGs
[2026-03-24T19:48:03.218+0000] {logging_mixin.py:190} INFO - [2026-03-24T19:48:03.218+0000] {dag.py:4180} INFO - Setting next_dagrun for daily_job_scraping to 2026-03-24 12:00:00+00:00, run_after=2026-03-25 12:00:00+00:00
[2026-03-24T19:48:03.982+0000] {processor.py:208} INFO - Processing /opt/airflow/dags/job_scraping_dag.py took 12.029 seconds
[2026-03-24T19:48:38.041+0000] {processor.py:186} INFO - Started process (PID=400) to work on /opt/airflow/dags/job_scraping_dag.py
[2026-03-24T19:48:38.057+0000] {processor.py:914} INFO - Processing file /opt/airflow/dags/job_scraping_dag.py for tasks to queue
[2026-03-24T19:48:38.076+0000] {logging_mixin.py:190} INFO - [2026-03-24T19:48:38.075+0000] {dagbag.py:588} INFO - Filling up the DagBag from /opt/airflow/dags/job_scraping_dag.py
[2026-03-24T19:48:49.981+0000] {processor.py:925} INFO - DAG(s) 'daily_job_scraping' retrieved from /opt/airflow/dags/job_scraping_dag.py
[2026-03-24T19:48:50.609+0000] {logging_mixin.py:190} INFO - [2026-03-24T19:48:50.607+0000] {dag.py:3239} INFO - Sync 1 DAGs
[2026-03-24T19:48:51.075+0000] {logging_mixin.py:190} INFO - [2026-03-24T19:48:51.072+0000] {dag.py:4180} INFO - Setting next_dagrun for daily_job_scraping to 2026-03-24 12:00:00+00:00, run_after=2026-03-25 12:00:00+00:00
[2026-03-24T19:48:52.009+0000] {processor.py:208} INFO - Processing /opt/airflow/dags/job_scraping_dag.py took 16.329 seconds
[2026-03-24T19:49:24.167+0000] {processor.py:186} INFO - Started process (PID=414) to work on /opt/airflow/dags/job_scraping_dag.py
[2026-03-24T19:49:24.214+0000] {processor.py:914} INFO - Processing file /opt/airflow/dags/job_scraping_dag.py for tasks to queue
[2026-03-24T19:49:24.251+0000] {logging_mixin.py:190} INFO - [2026-03-24T19:49:24.250+0000] {dagbag.py:588} INFO - Filling up the DagBag from /opt/airflow/dags/job_scraping_dag.py
[2026-03-24T19:49:34.405+0000] {processor.py:925} INFO - DAG(s) 'daily_job_scraping' retrieved from /opt/airflow/dags/job_scraping_dag.py
[2026-03-24T19:49:32.456+0000] {logging_mixin.py:190} INFO - [2026-03-24T19:49:32.455+0000] {dag.py:3239} INFO - Sync 1 DAGs
[2026-03-24T19:49:32.732+0000] {logging_mixin.py:190} INFO - [2026-03-24T19:49:32.731+0000] {dag.py:4180} INFO - Setting next_dagrun for daily_job_scraping to 2026-03-24 12:00:00+00:00, run_after=2026-03-25 12:00:00+00:00
[2026-03-24T19:49:33.145+0000] {processor.py:208} INFO - Processing /opt/airflow/dags/job_scraping_dag.py took 11.370 seconds
[2026-03-24T19:50:05.512+0000] {processor.py:186} INFO - Started process (PID=420) to work on /opt/airflow/dags/job_scraping_dag.py
[2026-03-24T19:50:05.527+0000] {processor.py:914} INFO - Processing file /opt/airflow/dags/job_scraping_dag.py for tasks to queue
[2026-03-24T19:50:05.547+0000] {logging_mixin.py:190} INFO - [2026-03-24T19:50:05.546+0000] {dagbag.py:588} INFO - Filling up the DagBag from /opt/airflow/dags/job_scraping_dag.py
[2026-03-24T19:50:18.171+0000] {processor.py:925} INFO - DAG(s) 'daily_job_scraping' retrieved from /opt/airflow/dags/job_scraping_dag.py
[2026-03-24T19:50:18.645+0000] {logging_mixin.py:190} INFO - [2026-03-24T19:50:18.644+0000] {dag.py:3239} INFO - Sync 1 DAGs
[2026-03-24T19:50:18.958+0000] {logging_mixin.py:190} INFO - [2026-03-24T19:50:18.958+0000] {dag.py:4180} INFO - Setting next_dagrun for daily_job_scraping to 2026-03-24 12:00:00+00:00, run_after=2026-03-25 12:00:00+00:00
[2026-03-24T19:50:19.407+0000] {processor.py:208} INFO - Processing /opt/airflow/dags/job_scraping_dag.py took 14.015 seconds
[2026-03-24T19:50:51.008+0000] {processor.py:186} INFO - Started process (PID=430) to work on /opt/airflow/dags/job_scraping_dag.py
[2026-03-24T19:50:51.075+0000] {processor.py:914} INFO - Processing file /opt/airflow/dags/job_scraping_dag.py for tasks to queue
[2026-03-24T19:50:51.130+0000] {logging_mixin.py:190} INFO - [2026-03-24T19:50:51.129+0000] {dagbag.py:588} INFO - Filling up the DagBag from /opt/airflow/dags/job_scraping_dag.py
[2026-03-24T19:50:58.542+0000] {processor.py:925} INFO - DAG(s) 'daily_job_scraping' retrieved from /opt/airflow/dags/job_scraping_dag.py
[2026-03-24T19:50:59.241+0000] {logging_mixin.py:190} INFO - [2026-03-24T19:50:59.240+0000] {dag.py:3239} INFO - Sync 1 DAGs
[2026-03-24T19:50:59.609+0000] {logging_mixin.py:190} INFO - [2026-03-24T19:50:59.609+0000] {dag.py:4180} INFO - Setting next_dagrun for daily_job_scraping to 2026-03-24 12:00:00+00:00, run_after=2026-03-25 12:00:00+00:00
[2026-03-24T19:50:59.929+0000] {processor.py:208} INFO - Processing /opt/airflow/dags/job_scraping_dag.py took 11.286 seconds
[2026-03-24T19:51:32.282+0000] {processor.py:186} INFO - Started process (PID=440) to work on /opt/airflow/dags/job_scraping_dag.py
[2026-03-24T19:51:32.301+0000] {processor.py:914} INFO - Processing file /opt/airflow/dags/job_scraping_dag.py for tasks to queue
[2026-03-24T19:51:32.372+0000] {logging_mixin.py:190} INFO - [2026-03-24T19:51:32.370+0000] {dagbag.py:588} INFO - Filling up the DagBag from /opt/airflow/dags/job_scraping_dag.py
[2026-03-24T19:51:43.669+0000] {processor.py:925} INFO - DAG(s) 'daily_job_scraping' retrieved from /opt/airflow/dags/job_scraping_dag.py
[2026-03-24T19:51:44.139+0000] {logging_mixin.py:190} INFO - [2026-03-24T19:51:44.138+0000] {dag.py:3239} INFO - Sync 1 DAGs
[2026-03-24T19:51:44.449+0000] {logging_mixin.py:190} INFO - [2026-03-24T19:51:44.435+0000] {dag.py:4180} INFO - Setting next_dagrun for daily_job_scraping to 2026-03-24 12:00:00+00:00, run_after=2026-03-25 12:00:00+00:00
[2026-03-24T19:51:44.871+0000] {processor.py:208} INFO - Processing /opt/airflow/dags/job_scraping_dag.py took 12.655 seconds
[2026-03-24T19:52:17.084+0000] {processor.py:186} INFO - Started process (PID=446) to work on /opt/airflow/dags/job_scraping_dag.py
[2026-03-24T19:52:17.096+0000] {processor.py:914} INFO - Processing file /opt/airflow/dags/job_scraping_dag.py for tasks to queue
[2026-03-24T19:52:17.116+0000] {logging_mixin.py:190} INFO - [2026-03-24T19:52:17.115+0000] {dagbag.py:588} INFO - Filling up the DagBag from /opt/airflow/dags/job_scraping_dag.py
[2026-03-24T19:52:23.281+0000] {processor.py:925} INFO - DAG(s) 'daily_job_scraping' retrieved from /opt/airflow/dags/job_scraping_dag.py
[2026-03-24T19:52:23.754+0000] {logging_mixin.py:190} INFO - [2026-03-24T19:52:23.753+0000] {dag.py:3239} INFO - Sync 1 DAGs
[2026-03-24T19:52:24.155+0000] {logging_mixin.py:190} INFO - [2026-03-24T19:52:24.154+0000] {dag.py:4180} INFO - Setting next_dagrun for daily_job_scraping to 2026-03-24 12:00:00+00:00, run_after=2026-03-25 12:00:00+00:00
[2026-03-24T19:52:24.378+0000] {processor.py:208} INFO - Processing /opt/airflow/dags/job_scraping_dag.py took 9.626 seconds
[2026-03-24T19:52:56.024+0000] {processor.py:186} INFO - Started process (PID=452) to work on /opt/airflow/dags/job_scraping_dag.py
[2026-03-24T19:52:56.050+0000] {processor.py:914} INFO - Processing file /opt/airflow/dags/job_scraping_dag.py for tasks to queue
[2026-03-24T19:52:56.064+0000] {logging_mixin.py:190} INFO - [2026-03-24T19:52:56.064+0000] {dagbag.py:588} INFO - Filling up the DagBag from /opt/airflow/dags/job_scraping_dag.py
[2026-03-24T19:53:04.170+0000] {processor.py:925} INFO - DAG(s) 'daily_job_scraping' retrieved from /opt/airflow/dags/job_scraping_dag.py
[2026-03-24T19:53:04.537+0000] {logging_mixin.py:190} INFO - [2026-03-24T19:53:04.536+0000] {dag.py:3239} INFO - Sync 1 DAGs
[2026-03-24T19:53:04.871+0000] {logging_mixin.py:190} INFO - [2026-03-24T19:53:04.853+0000] {dag.py:4180} INFO - Setting next_dagrun for daily_job_scraping to 2026-03-24 12:00:00+00:00, run_after=2026-03-25 12:00:00+00:00
[2026-03-24T19:53:05.109+0000] {processor.py:208} INFO - Processing /opt/airflow/dags/job_scraping_dag.py took 9.163 seconds
[2026-03-24T19:53:36.419+0000] {processor.py:186} INFO - Started process (PID=458) to work on /opt/airflow/dags/job_scraping_dag.py
[2026-03-24T19:53:36.449+0000] {processor.py:914} INFO - Processing file /opt/airflow/dags/job_scraping_dag.py for tasks to queue
[2026-03-24T19:53:36.469+0000] {logging_mixin.py:190} INFO - [2026-03-24T19:53:36.468+0000] {dagbag.py:588} INFO - Filling up the DagBag from /opt/airflow/dags/job_scraping_dag.py
[2026-03-24T19:53:43.968+0000] {processor.py:925} INFO - DAG(s) 'daily_job_scraping' retrieved from /opt/airflow/dags/job_scraping_dag.py
[2026-03-24T19:53:44.678+0000] {logging_mixin.py:190} INFO - [2026-03-24T19:53:44.676+0000] {dag.py:3239} INFO - Sync 1 DAGs
[2026-03-24T19:53:45.077+0000] {logging_mixin.py:190} INFO - [2026-03-24T19:53:45.075+0000] {dag.py:4180} INFO - Setting next_dagrun for daily_job_scraping to 2026-03-24 12:00:00+00:00, run_after=2026-03-25 12:00:00+00:00
[2026-03-24T19:53:45.762+0000] {processor.py:208} INFO - Processing /opt/airflow/dags/job_scraping_dag.py took 11.702 seconds
[2026-03-24T19:54:18.213+0000] {processor.py:186} INFO - Started process (PID=464) to work on /opt/airflow/dags/job_scraping_dag.py
[2026-03-24T19:54:18.230+0000] {processor.py:914} INFO - Processing file /opt/airflow/dags/job_scraping_dag.py for tasks to queue
[2026-03-24T19:54:18.250+0000] {logging_mixin.py:190} INFO - [2026-03-24T19:54:18.249+0000] {dagbag.py:588} INFO - Filling up the DagBag from /opt/airflow/dags/job_scraping_dag.py
[2026-03-24T19:54:27.617+0000] {processor.py:925} INFO - DAG(s) 'daily_job_scraping' retrieved from /opt/airflow/dags/job_scraping_dag.py
[2026-03-24T19:54:28.029+0000] {logging_mixin.py:190} INFO - [2026-03-24T19:54:28.028+0000] {dag.py:3239} INFO - Sync 1 DAGs
[2026-03-24T19:54:28.377+0000] {logging_mixin.py:190} INFO - [2026-03-24T19:54:28.363+0000] {dag.py:4180} INFO - Setting next_dagrun for daily_job_scraping to 2026-03-24 12:00:00+00:00, run_after=2026-03-25 12:00:00+00:00
[2026-03-24T19:54:28.677+0000] {processor.py:208} INFO - Processing /opt/airflow/dags/job_scraping_dag.py took 10.602 seconds
[2026-03-24T19:55:00.470+0000] {processor.py:186} INFO - Started process (PID=470) to work on /opt/airflow/dags/job_scraping_dag.py
[2026-03-24T19:55:00.519+0000] {processor.py:914} INFO - Processing file /opt/airflow/dags/job_scraping_dag.py for tasks to queue
[2026-03-24T19:55:00.608+0000] {logging_mixin.py:190} INFO - [2026-03-24T19:55:00.607+0000] {dagbag.py:588} INFO - Filling up the DagBag from /opt/airflow/dags/job_scraping_dag.py
[2026-03-24T19:55:06.165+0000] {processor.py:925} INFO - DAG(s) 'daily_job_scraping' retrieved from /opt/airflow/dags/job_scraping_dag.py
[2026-03-24T19:55:06.476+0000] {logging_mixin.py:190} INFO - [2026-03-24T19:55:06.475+0000] {dag.py:3239} INFO - Sync 1 DAGs
[2026-03-24T19:55:06.717+0000] {logging_mixin.py:190} INFO - [2026-03-24T19:55:06.703+0000] {dag.py:4180} INFO - Setting next_dagrun for daily_job_scraping to 2026-03-24 12:00:00+00:00, run_after=2026-03-25 12:00:00+00:00
[2026-03-24T19:55:06.962+0000] {processor.py:208} INFO - Processing /opt/airflow/dags/job_scraping_dag.py took 8.857 seconds
[2026-03-24T19:55:37.521+0000] {processor.py:186} INFO - Started process (PID=480) to work on /opt/airflow/dags/job_scraping_dag.py
[2026-03-24T19:55:37.523+0000] {processor.py:914} INFO - Processing file /opt/airflow/dags/job_scraping_dag.py for tasks to queue
[2026-03-24T19:55:37.540+0000] {logging_mixin.py:190} INFO - [2026-03-24T19:55:37.539+0000] {dagbag.py:588} INFO - Filling up the DagBag from /opt/airflow/dags/job_scraping_dag.py
[2026-03-24T19:55:40.675+0000] {processor.py:925} INFO - DAG(s) 'daily_job_scraping' retrieved from /opt/airflow/dags/job_scraping_dag.py
[2026-03-24T19:55:40.820+0000] {logging_mixin.py:190} INFO - [2026-03-24T19:55:40.819+0000] {dag.py:3239} INFO - Sync 1 DAGs
[2026-03-24T19:55:41.028+0000] {logging_mixin.py:190} INFO - [2026-03-24T19:55:41.027+0000] {dag.py:4180} INFO - Setting next_dagrun for daily_job_scraping to 2026-03-24 12:00:00+00:00, run_after=2026-03-25 12:00:00+00:00
[2026-03-24T19:55:41.147+0000] {processor.py:208} INFO - Processing /opt/airflow/dags/job_scraping_dag.py took 3.663 seconds
[2026-03-24T19:56:11.345+0000] {processor.py:186} INFO - Started process (PID=486) to work on /opt/airflow/dags/job_scraping_dag.py
[2026-03-24T19:56:11.347+0000] {processor.py:914} INFO - Processing file /opt/airflow/dags/job_scraping_dag.py for tasks to queue
[2026-03-24T19:56:11.352+0000] {logging_mixin.py:190} INFO - [2026-03-24T19:56:11.352+0000] {dagbag.py:588} INFO - Filling up the DagBag from /opt/airflow/dags/job_scraping_dag.py
[2026-03-24T19:56:12.759+0000] {processor.py:925} INFO - DAG(s) 'daily_job_scraping' retrieved from /opt/airflow/dags/job_scraping_dag.py
[2026-03-24T19:56:12.808+0000] {logging_mixin.py:190} INFO - [2026-03-24T19:56:12.807+0000] {dag.py:3239} INFO - Sync 1 DAGs
[2026-03-24T19:56:12.851+0000] {logging_mixin.py:190} INFO - [2026-03-24T19:56:12.850+0000] {dag.py:4180} INFO - Setting next_dagrun for daily_job_scraping to 2026-03-24 12:00:00+00:00, run_after=2026-03-25 12:00:00+00:00
[2026-03-24T19:56:12.903+0000] {processor.py:208} INFO - Processing /opt/airflow/dags/job_scraping_dag.py took 1.574 seconds
[2026-03-24T19:56:43.064+0000] {processor.py:186} INFO - Started process (PID=492) to work on /opt/airflow/dags/job_scraping_dag.py
[2026-03-24T19:56:43.069+0000] {processor.py:914} INFO - Processing file /opt/airflow/dags/job_scraping_dag.py for tasks to queue
[2026-03-24T19:56:43.077+0000] {logging_mixin.py:190} INFO - [2026-03-24T19:56:43.076+0000] {dagbag.py:588} INFO - Filling up the DagBag from /opt/airflow/dags/job_scraping_dag.py
[2026-03-24T19:56:46.397+0000] {processor.py:925} INFO - DAG(s) 'daily_job_scraping' retrieved from /opt/airflow/dags/job_scraping_dag.py
[2026-03-24T19:56:46.526+0000] {logging_mixin.py:190} INFO - [2026-03-24T19:56:46.525+0000] {dag.py:3239} INFO - Sync 1 DAGs
[2026-03-24T19:56:46.682+0000] {logging_mixin.py:190} INFO - [2026-03-24T19:56:46.682+0000] {dag.py:4180} INFO - Setting next_dagrun for daily_job_scraping to 2026-03-24 12:00:00+00:00, run_after=2026-03-25 12:00:00+00:00
[2026-03-24T19:56:46.756+0000] {processor.py:208} INFO - Processing /opt/airflow/dags/job_scraping_dag.py took 3.709 seconds
[2026-03-24T19:57:17.066+0000] {processor.py:186} INFO - Started process (PID=498) to work on /opt/airflow/dags/job_scraping_dag.py
[2026-03-24T19:57:17.068+0000] {processor.py:914} INFO - Processing file /opt/airflow/dags/job_scraping_dag.py for tasks to queue
[2026-03-24T19:57:17.074+0000] {logging_mixin.py:190} INFO - [2026-03-24T19:57:17.073+0000] {dagbag.py:588} INFO - Filling up the DagBag from /opt/airflow/dags/job_scraping_dag.py
[2026-03-24T19:57:18.518+0000] {processor.py:925} INFO - DAG(s) 'daily_job_scraping' retrieved from /opt/airflow/dags/job_scraping_dag.py
[2026-03-24T19:57:18.578+0000] {logging_mixin.py:190} INFO - [2026-03-24T19:57:18.577+0000] {dag.py:3239} INFO - Sync 1 DAGs
[2026-03-24T19:57:18.635+0000] {logging_mixin.py:190} INFO - [2026-03-24T19:57:18.634+0000] {dag.py:4180} INFO - Setting next_dagrun for daily_job_scraping to 2026-03-24 12:00:00+00:00, run_after=2026-03-25 12:00:00+00:00
[2026-03-24T19:57:18.691+0000] {processor.py:208} INFO - Processing /opt/airflow/dags/job_scraping_dag.py took 1.639 seconds
[2026-03-24T19:57:48.935+0000] {processor.py:186} INFO - Started process (PID=504) to work on /opt/airflow/dags/job_scraping_dag.py
[2026-03-24T19:57:48.938+0000] {processor.py:914} INFO - Processing file /opt/airflow/dags/job_scraping_dag.py for tasks to queue
[2026-03-24T19:57:48.943+0000] {logging_mixin.py:190} INFO - [2026-03-24T19:57:48.942+0000] {dagbag.py:588} INFO - Filling up the DagBag from /opt/airflow/dags/job_scraping_dag.py
[2026-03-24T19:57:52.100+0000] {processor.py:925} INFO - DAG(s) 'daily_job_scraping' retrieved from /opt/airflow/dags/job_scraping_dag.py
[2026-03-24T19:57:52.273+0000] {logging_mixin.py:190} INFO - [2026-03-24T19:57:52.272+0000] {dag.py:3239} INFO - Sync 1 DAGs
[2026-03-24T19:57:52.449+0000] {logging_mixin.py:190} INFO - [2026-03-24T19:57:52.449+0000] {dag.py:4180} INFO - Setting next_dagrun for daily_job_scraping to 2026-03-24 12:00:00+00:00, run_after=2026-03-25 12:00:00+00:00
[2026-03-24T19:57:52.585+0000] {processor.py:208} INFO - Processing /opt/airflow/dags/job_scraping_dag.py took 3.662 seconds
[2026-03-24T19:58:24.189+0000] {processor.py:186} INFO - Started process (PID=510) to work on /opt/airflow/dags/job_scraping_dag.py
[2026-03-24T19:58:24.192+0000] {processor.py:914} INFO - Processing file /opt/airflow/dags/job_scraping_dag.py for tasks to queue
[2026-03-24T19:58:24.206+0000] {logging_mixin.py:190} INFO - [2026-03-24T19:58:24.205+0000] {dagbag.py:588} INFO - Filling up the DagBag from /opt/airflow/dags/job_scraping_dag.py
[2026-03-24T19:58:27.847+0000] {processor.py:925} INFO - DAG(s) 'daily_job_scraping' retrieved from /opt/airflow/dags/job_scraping_dag.py
[2026-03-24T19:58:27.971+0000] {logging_mixin.py:190} INFO - [2026-03-24T19:58:27.970+0000] {dag.py:3239} INFO - Sync 1 DAGs
[2026-03-24T19:58:28.087+0000] {logging_mixin.py:190} INFO - [2026-03-24T19:58:28.087+0000] {dag.py:4180} INFO - Setting next_dagrun for daily_job_scraping to 2026-03-24 12:00:00+00:00, run_after=2026-03-25 12:00:00+00:00
[2026-03-24T19:58:28.163+0000] {processor.py:208} INFO - Processing /opt/airflow/dags/job_scraping_dag.py took 4.000 seconds
[2026-03-24T19:58:59.419+0000] {processor.py:186} INFO - Started process (PID=516) to work on /opt/airflow/dags/job_scraping_dag.py
[2026-03-24T19:58:59.440+0000] {processor.py:914} INFO - Processing file /opt/airflow/dags/job_scraping_dag.py for tasks to queue
[2026-03-24T19:58:59.451+0000] {logging_mixin.py:190} INFO - [2026-03-24T19:58:59.450+0000] {dagbag.py:588} INFO - Filling up the DagBag from /opt/airflow/dags/job_scraping_dag.py
[2026-03-24T19:59:03.950+0000] {processor.py:925} INFO - DAG(s) 'daily_job_scraping' retrieved from /opt/airflow/dags/job_scraping_dag.py
[2026-03-24T19:59:04.059+0000] {logging_mixin.py:190} INFO - [2026-03-24T19:59:04.058+0000] {dag.py:3239} INFO - Sync 1 DAGs
[2026-03-24T19:59:04.193+0000] {logging_mixin.py:190} INFO - [2026-03-24T19:59:04.192+0000] {dag.py:4180} INFO - Setting next_dagrun for daily_job_scraping to 2026-03-24 12:00:00+00:00, run_after=2026-03-25 12:00:00+00:00
[2026-03-24T19:59:04.271+0000] {processor.py:208} INFO - Processing /opt/airflow/dags/job_scraping_dag.py took 4.876 seconds
[2026-03-24T19:59:35.473+0000] {processor.py:186} INFO - Started process (PID=522) to work on /opt/airflow/dags/job_scraping_dag.py
[2026-03-24T19:59:35.477+0000] {processor.py:914} INFO - Processing file /opt/airflow/dags/job_scraping_dag.py for tasks to queue
[2026-03-24T19:59:35.483+0000] {logging_mixin.py:190} INFO - [2026-03-24T19:59:35.482+0000] {dagbag.py:588} INFO - Filling up the DagBag from /opt/airflow/dags/job_scraping_dag.py
[2026-03-24T19:59:38.066+0000] {processor.py:925} INFO - DAG(s) 'daily_job_scraping' retrieved from /opt/airflow/dags/job_scraping_dag.py
[2026-03-24T19:59:38.218+0000] {logging_mixin.py:190} INFO - [2026-03-24T19:59:38.217+0000] {dag.py:3239} INFO - Sync 1 DAGs
[2026-03-24T19:59:38.308+0000] {logging_mixin.py:190} INFO - [2026-03-24T19:59:38.308+0000] {dag.py:4180} INFO - Setting next_dagrun for daily_job_scraping to 2026-03-24 12:00:00+00:00, run_after=2026-03-25 12:00:00+00:00
[2026-03-24T19:59:38.406+0000] {processor.py:208} INFO - Processing /opt/airflow/dags/job_scraping_dag.py took 2.962 seconds
[2026-03-24T20:00:09.403+0000] {processor.py:186} INFO - Started process (PID=528) to work on /opt/airflow/dags/job_scraping_dag.py
[2026-03-24T20:00:09.447+0000] {processor.py:914} INFO - Processing file /opt/airflow/dags/job_scraping_dag.py for tasks to queue
[2026-03-24T20:00:09.570+0000] {logging_mixin.py:190} INFO - [2026-03-24T20:00:09.569+0000] {dagbag.py:588} INFO - Filling up the DagBag from /opt/airflow/dags/job_scraping_dag.py
[2026-03-24T20:00:11.796+0000] {processor.py:925} INFO - DAG(s) 'daily_job_scraping' retrieved from /opt/airflow/dags/job_scraping_dag.py
[2026-03-24T20:00:11.932+0000] {logging_mixin.py:190} INFO - [2026-03-24T20:00:11.931+0000] {dag.py:3239} INFO - Sync 1 DAGs
[2026-03-24T20:00:12.045+0000] {logging_mixin.py:190} INFO - [2026-03-24T20:00:12.044+0000] {dag.py:4180} INFO - Setting next_dagrun for daily_job_scraping to 2026-03-24 12:00:00+00:00, run_after=2026-03-25 12:00:00+00:00
[2026-03-24T20:00:12.595+0000] {processor.py:208} INFO - Processing /opt/airflow/dags/job_scraping_dag.py took 5.553 seconds
[2026-03-24T20:00:42.860+0000] {processor.py:186} INFO - Started process (PID=534) to work on /opt/airflow/dags/job_scraping_dag.py
[2026-03-24T20:00:42.863+0000] {processor.py:914} INFO - Processing file /opt/airflow/dags/job_scraping_dag.py for tasks to queue
[2026-03-24T20:00:42.874+0000] {logging_mixin.py:190} INFO - [2026-03-24T20:00:42.874+0000] {dagbag.py:588} INFO - Filling up the DagBag from /opt/airflow/dags/job_scraping_dag.py
[2026-03-24T20:00:44.468+0000] {processor.py:925} INFO - DAG(s) 'daily_job_scraping' retrieved from /opt/airflow/dags/job_scraping_dag.py
[2026-03-24T20:00:44.590+0000] {logging_mixin.py:190} INFO - [2026-03-24T20:00:44.589+0000] {dag.py:3239} INFO - Sync 1 DAGs
[2026-03-24T20:00:44.678+0000] {logging_mixin.py:190} INFO - [2026-03-24T20:00:44.677+0000] {dag.py:4180} INFO - Setting next_dagrun for daily_job_scraping to 2026-03-24 12:00:00+00:00, run_after=2026-03-25 12:00:00+00:00
[2026-03-24T20:00:44.739+0000] {processor.py:208} INFO - Processing /opt/airflow/dags/job_scraping_dag.py took 1.900 seconds
[2026-03-24T20:01:14.996+0000] {processor.py:186} INFO - Started process (PID=540) to work on /opt/airflow/dags/job_scraping_dag.py
[2026-03-24T20:01:14.999+0000] {processor.py:914} INFO - Processing file /opt/airflow/dags/job_scraping_dag.py for tasks to queue
[2026-03-24T20:01:15.008+0000] {logging_mixin.py:190} INFO - [2026-03-24T20:01:15.007+0000] {dagbag.py:588} INFO - Filling up the DagBag from /opt/airflow/dags/job_scraping_dag.py
[2026-03-24T20:01:18.529+0000] {processor.py:925} INFO - DAG(s) 'daily_job_scraping' retrieved from /opt/airflow/dags/job_scraping_dag.py
[2026-03-24T20:01:18.668+0000] {logging_mixin.py:190} INFO - [2026-03-24T20:01:18.656+0000] {dag.py:3239} INFO - Sync 1 DAGs
[2026-03-24T20:01:18.810+0000] {logging_mixin.py:190} INFO - [2026-03-24T20:01:18.809+0000] {dag.py:4180} INFO - Setting next_dagrun for daily_job_scraping to 2026-03-24 12:00:00+00:00, run_after=2026-03-25 12:00:00+00:00
[2026-03-24T20:01:18.888+0000] {processor.py:208} INFO - Processing /opt/airflow/dags/job_scraping_dag.py took 3.916 seconds
[2026-03-24T20:01:49.558+0000] {processor.py:186} INFO - Started process (PID=546) to work on /opt/airflow/dags/job_scraping_dag.py
[2026-03-24T20:01:49.560+0000] {processor.py:914} INFO - Processing file /opt/airflow/dags/job_scraping_dag.py for tasks to queue
[2026-03-24T20:01:49.570+0000] {logging_mixin.py:190} INFO - [2026-03-24T20:01:49.567+0000] {dagbag.py:588} INFO - Filling up the DagBag from /opt/airflow/dags/job_scraping_dag.py
[2026-03-24T20:01:52.904+0000] {processor.py:925} INFO - DAG(s) 'daily_job_scraping' retrieved from /opt/airflow/dags/job_scraping_dag.py
[2026-03-24T20:01:53.037+0000] {logging_mixin.py:190} INFO - [2026-03-24T20:01:53.036+0000] {dag.py:3239} INFO - Sync 1 DAGs
[2026-03-24T20:01:53.170+0000] {logging_mixin.py:190} INFO - [2026-03-24T20:01:53.169+0000] {dag.py:4180} INFO - Setting next_dagrun for daily_job_scraping to 2026-03-24 12:00:00+00:00, run_after=2026-03-25 12:00:00+00:00
[2026-03-24T20:01:53.257+0000] {processor.py:208} INFO - Processing /opt/airflow/dags/job_scraping_dag.py took 3.718 seconds
[2026-03-24T20:02:23.505+0000] {processor.py:186} INFO - Started process (PID=552) to work on /opt/airflow/dags/job_scraping_dag.py
[2026-03-24T20:02:23.534+0000] {processor.py:914} INFO - Processing file /opt/airflow/dags/job_scraping_dag.py for tasks to queue
[2026-03-24T20:02:23.547+0000] {logging_mixin.py:190} INFO - [2026-03-24T20:02:23.546+0000] {dagbag.py:588} INFO - Filling up the DagBag from /opt/airflow/dags/job_scraping_dag.py
[2026-03-24T20:02:26.212+0000] {processor.py:925} INFO - DAG(s) 'daily_job_scraping' retrieved from /opt/airflow/dags/job_scraping_dag.py
[2026-03-24T20:02:26.323+0000] {logging_mixin.py:190} INFO - [2026-03-24T20:02:26.322+0000] {dag.py:3239} INFO - Sync 1 DAGs
[2026-03-24T20:02:26.394+0000] {logging_mixin.py:190} INFO - [2026-03-24T20:02:26.393+0000] {dag.py:4180} INFO - Setting next_dagrun for daily_job_scraping to 2026-03-24 12:00:00+00:00, run_after=2026-03-25 12:00:00+00:00
[2026-03-24T20:02:26.498+0000] {processor.py:208} INFO - Processing /opt/airflow/dags/job_scraping_dag.py took 3.020 seconds
[2026-03-24T20:02:57.664+0000] {processor.py:186} INFO - Started process (PID=558) to work on /opt/airflow/dags/job_scraping_dag.py
[2026-03-24T20:02:57.666+0000] {processor.py:914} INFO - Processing file /opt/airflow/dags/job_scraping_dag.py for tasks to queue
[2026-03-24T20:02:57.683+0000] {logging_mixin.py:190} INFO - [2026-03-24T20:02:57.682+0000] {dagbag.py:588} INFO - Filling up the DagBag from /opt/airflow/dags/job_scraping_dag.py
[2026-03-24T20:02:58.735+0000] {processor.py:925} INFO - DAG(s) 'daily_job_scraping' retrieved from /opt/airflow/dags/job_scraping_dag.py
[2026-03-24T20:02:58.863+0000] {logging_mixin.py:190} INFO - [2026-03-24T20:02:58.862+0000] {dag.py:3239} INFO - Sync 1 DAGs
[2026-03-24T20:02:58.984+0000] {logging_mixin.py:190} INFO - [2026-03-24T20:02:58.983+0000] {dag.py:4180} INFO - Setting next_dagrun for daily_job_scraping to 2026-03-24 12:00:00+00:00, run_after=2026-03-25 12:00:00+00:00
[2026-03-24T20:02:59.134+0000] {processor.py:208} INFO - Processing /opt/airflow/dags/job_scraping_dag.py took 3.808 seconds
[2026-03-24T20:06:04.461+0000] {processor.py:186} INFO - Started process (PID=164) to work on /opt/airflow/dags/job_scraping_dag.py
[2026-03-24T20:06:04.466+0000] {processor.py:914} INFO - Processing file /opt/airflow/dags/job_scraping_dag.py for tasks to queue
[2026-03-24T20:06:04.480+0000] {logging_mixin.py:190} INFO - [2026-03-24T20:06:04.479+0000] {dagbag.py:588} INFO - Filling up the DagBag from /opt/airflow/dags/job_scraping_dag.py
[2026-03-24T20:06:13.188+0000] {processor.py:925} INFO - DAG(s) 'daily_job_scraping' retrieved from /opt/airflow/dags/job_scraping_dag.py
[2026-03-24T20:06:13.388+0000] {logging_mixin.py:190} INFO - [2026-03-24T20:06:13.376+0000] {dag.py:3239} INFO - Sync 1 DAGs
[2026-03-24T20:06:13.494+0000] {logging_mixin.py:190} INFO - [2026-03-24T20:06:13.493+0000] {dag.py:4180} INFO - Setting next_dagrun for daily_job_scraping to 2026-03-24 12:00:00+00:00, run_after=2026-03-25 12:00:00+00:00
[2026-03-24T20:06:13.584+0000] {processor.py:208} INFO - Processing /opt/airflow/dags/job_scraping_dag.py took 11.474 seconds
[2026-03-24T20:06:44.005+0000] {processor.py:186} INFO - Started process (PID=170) to work on /opt/airflow/dags/job_scraping_dag.py
[2026-03-24T20:06:44.033+0000] {processor.py:914} INFO - Processing file /opt/airflow/dags/job_scraping_dag.py for tasks to queue
[2026-03-24T20:06:44.065+0000] {logging_mixin.py:190} INFO - [2026-03-24T20:06:44.063+0000] {dagbag.py:588} INFO - Filling up the DagBag from /opt/airflow/dags/job_scraping_dag.py
[2026-03-24T20:06:46.753+0000] {processor.py:925} INFO - DAG(s) 'daily_job_scraping' retrieved from /opt/airflow/dags/job_scraping_dag.py
[2026-03-24T20:06:46.841+0000] {logging_mixin.py:190} INFO - [2026-03-24T20:06:46.841+0000] {dag.py:3239} INFO - Sync 1 DAGs
[2026-03-24T20:06:46.895+0000] {logging_mixin.py:190} INFO - [2026-03-24T20:06:46.894+0000] {dag.py:4180} INFO - Setting next_dagrun for daily_job_scraping to 2026-03-24 12:00:00+00:00, run_after=2026-03-25 12:00:00+00:00
[2026-03-24T20:06:46.962+0000] {processor.py:208} INFO - Processing /opt/airflow/dags/job_scraping_dag.py took 3.001 seconds
[2026-03-24T20:07:17.139+0000] {processor.py:186} INFO - Started process (PID=176) to work on /opt/airflow/dags/job_scraping_dag.py
[2026-03-24T20:07:17.141+0000] {processor.py:914} INFO - Processing file /opt/airflow/dags/job_scraping_dag.py for tasks to queue
[2026-03-24T20:07:17.144+0000] {logging_mixin.py:190} INFO - [2026-03-24T20:07:17.143+0000] {dagbag.py:588} INFO - Filling up the DagBag from /opt/airflow/dags/job_scraping_dag.py
[2026-03-24T20:07:18.320+0000] {processor.py:925} INFO - DAG(s) 'daily_job_scraping' retrieved from /opt/airflow/dags/job_scraping_dag.py
[2026-03-24T20:07:18.373+0000] {logging_mixin.py:190} INFO - [2026-03-24T20:07:18.373+0000] {dag.py:3239} INFO - Sync 1 DAGs
[2026-03-24T20:07:18.409+0000] {logging_mixin.py:190} INFO - [2026-03-24T20:07:18.409+0000] {dag.py:4180} INFO - Setting next_dagrun for daily_job_scraping to 2026-03-24 12:00:00+00:00, run_after=2026-03-25 12:00:00+00:00
[2026-03-24T20:07:18.467+0000] {processor.py:208} INFO - Processing /opt/airflow/dags/job_scraping_dag.py took 1.338 seconds
[2026-03-24T20:07:48.904+0000] {processor.py:186} INFO - Started process (PID=182) to work on /opt/airflow/dags/job_scraping_dag.py
[2026-03-24T20:07:48.918+0000] {processor.py:914} INFO - Processing file /opt/airflow/dags/job_scraping_dag.py for tasks to queue
[2026-03-24T20:07:48.924+0000] {logging_mixin.py:190} INFO - [2026-03-24T20:07:48.923+0000] {dagbag.py:588} INFO - Filling up the DagBag from /opt/airflow/dags/job_scraping_dag.py
[2026-03-24T20:07:51.674+0000] {processor.py:925} INFO - DAG(s) 'daily_job_scraping' retrieved from /opt/airflow/dags/job_scraping_dag.py
[2026-03-24T20:07:51.794+0000] {logging_mixin.py:190} INFO - [2026-03-24T20:07:51.783+0000] {dag.py:3239} INFO - Sync 1 DAGs
[2026-03-24T20:07:51.856+0000] {logging_mixin.py:190} INFO - [2026-03-24T20:07:51.856+0000] {dag.py:4180} INFO - Setting next_dagrun for daily_job_scraping to 2026-03-24 12:00:00+00:00, run_after=2026-03-25 12:00:00+00:00
[2026-03-24T20:07:51.907+0000] {processor.py:208} INFO - Processing /opt/airflow/dags/job_scraping_dag.py took 3.035 seconds
[2026-03-24T20:08:22.099+0000] {processor.py:186} INFO - Started process (PID=188) to work on /opt/airflow/dags/job_scraping_dag.py
[2026-03-24T20:08:22.102+0000] {processor.py:914} INFO - Processing file /opt/airflow/dags/job_scraping_dag.py for tasks to queue
[2026-03-24T20:08:22.107+0000] {logging_mixin.py:190} INFO - [2026-03-24T20:08:22.107+0000] {dagbag.py:588} INFO - Filling up the DagBag from /opt/airflow/dags/job_scraping_dag.py
[2026-03-24T20:08:25.613+0000] {processor.py:925} INFO - DAG(s) 'daily_job_scraping' retrieved from /opt/airflow/dags/job_scraping_dag.py
[2026-03-24T20:08:25.756+0000] {logging_mixin.py:190} INFO - [2026-03-24T20:08:25.755+0000] {dag.py:3239} INFO - Sync 1 DAGs
[2026-03-24T20:08:25.912+0000] {logging_mixin.py:190} INFO - [2026-03-24T20:08:25.911+0000] {dag.py:4180} INFO - Setting next_dagrun for daily_job_scraping to 2026-03-24 12:00:00+00:00, run_after=2026-03-25 12:00:00+00:00
[2026-03-24T20:08:26.006+0000] {processor.py:208} INFO - Processing /opt/airflow/dags/job_scraping_dag.py took 3.924 seconds
[2026-03-24T20:08:56.341+0000] {processor.py:186} INFO - Started process (PID=194) to work on /opt/airflow/dags/job_scraping_dag.py
[2026-03-24T20:08:56.345+0000] {processor.py:914} INFO - Processing file /opt/airflow/dags/job_scraping_dag.py for tasks to queue
[2026-03-24T20:08:56.355+0000] {logging_mixin.py:190} INFO - [2026-03-24T20:08:56.354+0000] {dagbag.py:588} INFO - Filling up the DagBag from /opt/airflow/dags/job_scraping_dag.py
[2026-03-24T20:08:57.499+0000] {processor.py:925} INFO - DAG(s) 'daily_job_scraping' retrieved from /opt/airflow/dags/job_scraping_dag.py
[2026-03-24T20:08:57.608+0000] {logging_mixin.py:190} INFO - [2026-03-24T20:08:57.608+0000] {dag.py:3239} INFO - Sync 1 DAGs
[2026-03-24T20:08:57.652+0000] {logging_mixin.py:190} INFO - [2026-03-24T20:08:57.652+0000] {dag.py:4180} INFO - Setting next_dagrun for daily_job_scraping to 2026-03-24 12:00:00+00:00, run_after=2026-03-25 12:00:00+00:00
[2026-03-24T20:08:57.690+0000] {processor.py:208} INFO - Processing /opt/airflow/dags/job_scraping_dag.py took 1.366 seconds
[2026-03-24T20:09:25.115+0000] {processor.py:186} INFO - Started process (PID=200) to work on /opt/airflow/dags/job_scraping_dag.py
[2026-03-24T20:09:25.117+0000] {processor.py:914} INFO - Processing file /opt/airflow/dags/job_scraping_dag.py for tasks to queue
[2026-03-24T20:09:25.124+0000] {logging_mixin.py:190} INFO - [2026-03-24T20:09:25.124+0000] {dagbag.py:588} INFO - Filling up the DagBag from /opt/airflow/dags/job_scraping_dag.py
[2026-03-24T20:09:26.725+0000] {processor.py:925} INFO - DAG(s) 'daily_job_scraping' retrieved from /opt/airflow/dags/job_scraping_dag.py
[2026-03-24T20:09:26.786+0000] {logging_mixin.py:190} INFO - [2026-03-24T20:09:26.786+0000] {dag.py:3239} INFO - Sync 1 DAGs
[2026-03-24T20:09:26.817+0000] {logging_mixin.py:190} INFO - [2026-03-24T20:09:26.817+0000] {dag.py:4180} INFO - Setting next_dagrun for daily_job_scraping to 2026-03-24 12:00:00+00:00, run_after=2026-03-25 12:00:00+00:00
[2026-03-24T20:09:26.846+0000] {processor.py:208} INFO - Processing /opt/airflow/dags/job_scraping_dag.py took 1.748 seconds
[2026-03-24T20:09:57.354+0000] {processor.py:186} INFO - Started process (PID=206) to work on /opt/airflow/dags/job_scraping_dag.py
[2026-03-24T20:09:57.367+0000] {processor.py:914} INFO - Processing file /opt/airflow/dags/job_scraping_dag.py for tasks to queue
[2026-03-24T20:09:57.383+0000] {logging_mixin.py:190} INFO - [2026-03-24T20:09:57.373+0000] {dagbag.py:588} INFO - Filling up the DagBag from /opt/airflow/dags/job_scraping_dag.py
[2026-03-24T20:09:59.429+0000] {processor.py:925} INFO - DAG(s) 'daily_job_scraping' retrieved from /opt/airflow/dags/job_scraping_dag.py
[2026-03-24T20:09:59.503+0000] {logging_mixin.py:190} INFO - [2026-03-24T20:09:59.502+0000] {dag.py:3239} INFO - Sync 1 DAGs
[2026-03-24T20:09:59.570+0000] {logging_mixin.py:190} INFO - [2026-03-24T20:09:59.569+0000] {dag.py:4180} INFO - Setting next_dagrun for daily_job_scraping to 2026-03-24 12:00:00+00:00, run_after=2026-03-25 12:00:00+00:00
[2026-03-24T20:09:59.636+0000] {processor.py:208} INFO - Processing /opt/airflow/dags/job_scraping_dag.py took 2.322 seconds
[2026-03-24T20:10:30.103+0000] {processor.py:186} INFO - Started process (PID=212) to work on /opt/airflow/dags/job_scraping_dag.py
[2026-03-24T20:10:30.106+0000] {processor.py:914} INFO - Processing file /opt/airflow/dags/job_scraping_dag.py for tasks to queue
[2026-03-24T20:10:30.114+0000] {logging_mixin.py:190} INFO - [2026-03-24T20:10:30.113+0000] {dagbag.py:588} INFO - Filling up the DagBag from /opt/airflow/dags/job_scraping_dag.py
[2026-03-24T20:10:31.681+0000] {processor.py:925} INFO - DAG(s) 'daily_job_scraping' retrieved from /opt/airflow/dags/job_scraping_dag.py
[2026-03-24T20:10:31.738+0000] {logging_mixin.py:190} INFO - [2026-03-24T20:10:31.737+0000] {dag.py:3239} INFO - Sync 1 DAGs
[2026-03-24T20:10:31.801+0000] {logging_mixin.py:190} INFO - [2026-03-24T20:10:31.800+0000] {dag.py:4180} INFO - Setting next_dagrun for daily_job_scraping to 2026-03-24 12:00:00+00:00, run_after=2026-03-25 12:00:00+00:00
[2026-03-24T20:10:31.930+0000] {processor.py:208} INFO - Processing /opt/airflow/dags/job_scraping_dag.py took 1.842 seconds
[2026-03-24T20:11:02.982+0000] {processor.py:186} INFO - Started process (PID=218) to work on /opt/airflow/dags/job_scraping_dag.py
[2026-03-24T20:11:02.998+0000] {processor.py:914} INFO - Processing file /opt/airflow/dags/job_scraping_dag.py for tasks to queue
[2026-03-24T20:11:03.032+0000] {logging_mixin.py:190} INFO - [2026-03-24T20:11:03.031+0000] {dagbag.py:588} INFO - Filling up the DagBag from /opt/airflow/dags/job_scraping_dag.py
[2026-03-24T20:11:05.525+0000] {processor.py:925} INFO - DAG(s) 'daily_job_scraping' retrieved from /opt/airflow/dags/job_scraping_dag.py
[2026-03-24T20:11:05.570+0000] {logging_mixin.py:190} INFO - [2026-03-24T20:11:05.570+0000] {dag.py:3239} INFO - Sync 1 DAGs
[2026-03-24T20:11:05.605+0000] {logging_mixin.py:190} INFO - [2026-03-24T20:11:05.605+0000] {dag.py:4180} INFO - Setting next_dagrun for daily_job_scraping to 2026-03-24 12:00:00+00:00, run_after=2026-03-25 12:00:00+00:00
[2026-03-24T20:11:05.645+0000] {processor.py:208} INFO - Processing /opt/airflow/dags/job_scraping_dag.py took 2.695 seconds
[2026-03-24T20:11:35.746+0000] {processor.py:186} INFO - Started process (PID=224) to work on /opt/airflow/dags/job_scraping_dag.py
[2026-03-24T20:11:35.747+0000] {processor.py:914} INFO - Processing file /opt/airflow/dags/job_scraping_dag.py for tasks to queue
[2026-03-24T20:11:35.751+0000] {logging_mixin.py:190} INFO - [2026-03-24T20:11:35.751+0000] {dagbag.py:588} INFO - Filling up the DagBag from /opt/airflow/dags/job_scraping_dag.py
[2026-03-24T20:11:36.948+0000] {processor.py:925} INFO - DAG(s) 'daily_job_scraping' retrieved from /opt/airflow/dags/job_scraping_dag.py
[2026-03-24T20:11:37.008+0000] {logging_mixin.py:190} INFO - [2026-03-24T20:11:37.007+0000] {dag.py:3239} INFO - Sync 1 DAGs
[2026-03-24T20:11:37.051+0000] {logging_mixin.py:190} INFO - [2026-03-24T20:11:37.051+0000] {dag.py:4180} INFO - Setting next_dagrun for daily_job_scraping to 2026-03-24 12:00:00+00:00, run_after=2026-03-25 12:00:00+00:00
[2026-03-24T20:11:37.085+0000] {processor.py:208} INFO - Processing /opt/airflow/dags/job_scraping_dag.py took 1.351 seconds
[2026-03-24T20:12:09.001+0000] {processor.py:186} INFO - Started process (PID=230) to work on /opt/airflow/dags/job_scraping_dag.py
[2026-03-24T20:12:09.003+0000] {processor.py:914} INFO - Processing file /opt/airflow/dags/job_scraping_dag.py for tasks to queue
[2026-03-24T20:12:09.020+0000] {logging_mixin.py:190} INFO - [2026-03-24T20:12:09.019+0000] {dagbag.py:588} INFO - Filling up the DagBag from /opt/airflow/dags/job_scraping_dag.py
[2026-03-24T20:12:11.546+0000] {processor.py:925} INFO - DAG(s) 'daily_job_scraping' retrieved from /opt/airflow/dags/job_scraping_dag.py
[2026-03-24T20:12:11.599+0000] {logging_mixin.py:190} INFO - [2026-03-24T20:12:11.599+0000] {dag.py:3239} INFO - Sync 1 DAGs
[2026-03-24T20:12:11.650+0000] {logging_mixin.py:190} INFO - [2026-03-24T20:12:11.649+0000] {dag.py:4180} INFO - Setting next_dagrun for daily_job_scraping to 2026-03-24 12:00:00+00:00, run_after=2026-03-25 12:00:00+00:00
[2026-03-24T20:12:11.874+0000] {processor.py:208} INFO - Processing /opt/airflow/dags/job_scraping_dag.py took 2.909 seconds
[2026-03-24T20:12:39.794+0000] {processor.py:186} INFO - Started process (PID=236) to work on /opt/airflow/dags/job_scraping_dag.py
[2026-03-24T20:12:39.808+0000] {processor.py:914} INFO - Processing file /opt/airflow/dags/job_scraping_dag.py for tasks to queue
[2026-03-24T20:12:39.825+0000] {logging_mixin.py:190} INFO - [2026-03-24T20:12:39.824+0000] {dagbag.py:588} INFO - Filling up the DagBag from /opt/airflow/dags/job_scraping_dag.py
[2026-03-24T20:12:44.061+0000] {processor.py:925} INFO - DAG(s) 'daily_job_scraping' retrieved from /opt/airflow/dags/job_scraping_dag.py
[2026-03-24T20:12:44.483+0000] {logging_mixin.py:190} INFO - [2026-03-24T20:12:44.482+0000] {dag.py:3239} INFO - Sync 1 DAGs
[2026-03-24T20:12:45.100+0000] {logging_mixin.py:190} INFO - [2026-03-24T20:12:45.100+0000] {dag.py:4180} INFO - Setting next_dagrun for daily_job_scraping to 2026-03-24 12:00:00+00:00, run_after=2026-03-25 12:00:00+00:00
[2026-03-24T20:12:45.523+0000] {processor.py:208} INFO - Processing /opt/airflow/dags/job_scraping_dag.py took 5.803 seconds
[2026-03-24T20:13:16.213+0000] {processor.py:186} INFO - Started process (PID=242) to work on /opt/airflow/dags/job_scraping_dag.py
[2026-03-24T20:13:16.222+0000] {processor.py:914} INFO - Processing file /opt/airflow/dags/job_scraping_dag.py for tasks to queue
[2026-03-24T20:13:16.232+0000] {logging_mixin.py:190} INFO - [2026-03-24T20:13:16.231+0000] {dagbag.py:588} INFO - Filling up the DagBag from /opt/airflow/dags/job_scraping_dag.py
[2026-03-24T20:13:19.783+0000] {processor.py:925} INFO - DAG(s) 'daily_job_scraping' retrieved from /opt/airflow/dags/job_scraping_dag.py
[2026-03-24T20:13:19.911+0000] {logging_mixin.py:190} INFO - [2026-03-24T20:13:19.910+0000] {dag.py:3239} INFO - Sync 1 DAGs
[2026-03-24T20:13:20.017+0000] {logging_mixin.py:190} INFO - [2026-03-24T20:13:20.017+0000] {dag.py:4180} INFO - Setting next_dagrun for daily_job_scraping to 2026-03-24 12:00:00+00:00, run_after=2026-03-25 12:00:00+00:00
[2026-03-24T20:13:20.089+0000] {processor.py:208} INFO - Processing /opt/airflow/dags/job_scraping_dag.py took 3.935 seconds
[2026-03-24T20:13:50.880+0000] {processor.py:186} INFO - Started process (PID=248) to work on /opt/airflow/dags/job_scraping_dag.py
[2026-03-24T20:13:50.887+0000] {processor.py:914} INFO - Processing file /opt/airflow/dags/job_scraping_dag.py for tasks to queue
[2026-03-24T20:13:50.918+0000] {logging_mixin.py:190} INFO - [2026-03-24T20:13:50.915+0000] {dagbag.py:588} INFO - Filling up the DagBag from /opt/airflow/dags/job_scraping_dag.py
[2026-03-24T20:13:53.309+0000] {processor.py:925} INFO - DAG(s) 'daily_job_scraping' retrieved from /opt/airflow/dags/job_scraping_dag.py
[2026-03-24T20:13:53.369+0000] {logging_mixin.py:190} INFO - [2026-03-24T20:13:53.369+0000] {dag.py:3239} INFO - Sync 1 DAGs
[2026-03-24T20:13:53.415+0000] {logging_mixin.py:190} INFO - [2026-03-24T20:13:53.415+0000] {dag.py:4180} INFO - Setting next_dagrun for daily_job_scraping to 2026-03-24 12:00:00+00:00, run_after=2026-03-25 12:00:00+00:00
[2026-03-24T20:13:53.477+0000] {processor.py:208} INFO - Processing /opt/airflow/dags/job_scraping_dag.py took 2.634 seconds
[2026-03-24T20:14:23.792+0000] {processor.py:186} INFO - Started process (PID=254) to work on /opt/airflow/dags/job_scraping_dag.py
[2026-03-24T20:14:23.794+0000] {processor.py:914} INFO - Processing file /opt/airflow/dags/job_scraping_dag.py for tasks to queue
[2026-03-24T20:14:23.800+0000] {logging_mixin.py:190} INFO - [2026-03-24T20:14:23.799+0000] {dagbag.py:588} INFO - Filling up the DagBag from /opt/airflow/dags/job_scraping_dag.py
[2026-03-24T20:14:27.558+0000] {processor.py:925} INFO - DAG(s) 'daily_job_scraping' retrieved from /opt/airflow/dags/job_scraping_dag.py
[2026-03-24T20:14:27.646+0000] {logging_mixin.py:190} INFO - [2026-03-24T20:14:27.645+0000] {dag.py:3239} INFO - Sync 1 DAGs
[2026-03-24T20:14:27.787+0000] {logging_mixin.py:190} INFO - [2026-03-24T20:14:27.786+0000] {dag.py:4180} INFO - Setting next_dagrun for daily_job_scraping to 2026-03-24 12:00:00+00:00, run_after=2026-03-25 12:00:00+00:00
[2026-03-24T20:14:28.093+0000] {processor.py:208} INFO - Processing /opt/airflow/dags/job_scraping_dag.py took 4.321 seconds
[2026-03-24T20:14:58.374+0000] {processor.py:186} INFO - Started process (PID=260) to work on /opt/airflow/dags/job_scraping_dag.py
[2026-03-24T20:14:58.376+0000] {processor.py:914} INFO - Processing file /opt/airflow/dags/job_scraping_dag.py for tasks to queue
[2026-03-24T20:14:58.382+0000] {logging_mixin.py:190} INFO - [2026-03-24T20:14:58.381+0000] {dagbag.py:588} INFO - Filling up the DagBag from /opt/airflow/dags/job_scraping_dag.py
[2026-03-24T20:14:59.603+0000] {processor.py:925} INFO - DAG(s) 'daily_job_scraping' retrieved from /opt/airflow/dags/job_scraping_dag.py
[2026-03-24T20:14:59.658+0000] {logging_mixin.py:190} INFO - [2026-03-24T20:14:59.657+0000] {dag.py:3239} INFO - Sync 1 DAGs
[2026-03-24T20:14:59.700+0000] {logging_mixin.py:190} INFO - [2026-03-24T20:14:59.700+0000] {dag.py:4180} INFO - Setting next_dagrun for daily_job_scraping to 2026-03-24 12:00:00+00:00, run_after=2026-03-25 12:00:00+00:00
[2026-03-24T20:14:59.737+0000] {processor.py:208} INFO - Processing /opt/airflow/dags/job_scraping_dag.py took 1.374 seconds
[2026-03-24T20:15:30.522+0000] {processor.py:186} INFO - Started process (PID=266) to work on /opt/airflow/dags/job_scraping_dag.py
[2026-03-24T20:15:30.523+0000] {processor.py:914} INFO - Processing file /opt/airflow/dags/job_scraping_dag.py for tasks to queue
[2026-03-24T20:15:30.527+0000] {logging_mixin.py:190} INFO - [2026-03-24T20:15:30.526+0000] {dagbag.py:588} INFO - Filling up the DagBag from /opt/airflow/dags/job_scraping_dag.py
[2026-03-24T20:15:31.726+0000] {processor.py:925} INFO - DAG(s) 'daily_job_scraping' retrieved from /opt/airflow/dags/job_scraping_dag.py
[2026-03-24T20:15:31.799+0000] {logging_mixin.py:190} INFO - [2026-03-24T20:15:31.798+0000] {dag.py:3239} INFO - Sync 1 DAGs
[2026-03-24T20:15:31.891+0000] {logging_mixin.py:190} INFO - [2026-03-24T20:15:31.891+0000] {dag.py:4180} INFO - Setting next_dagrun for daily_job_scraping to 2026-03-24 12:00:00+00:00, run_after=2026-03-25 12:00:00+00:00
[2026-03-24T20:15:32.004+0000] {processor.py:208} INFO - Processing /opt/airflow/dags/job_scraping_dag.py took 1.493 seconds
[2026-03-24T20:16:02.828+0000] {processor.py:186} INFO - Started process (PID=272) to work on /opt/airflow/dags/job_scraping_dag.py
[2026-03-24T20:16:02.829+0000] {processor.py:914} INFO - Processing file /opt/airflow/dags/job_scraping_dag.py for tasks to queue
[2026-03-24T20:16:02.833+0000] {logging_mixin.py:190} INFO - [2026-03-24T20:16:02.833+0000] {dagbag.py:588} INFO - Filling up the DagBag from /opt/airflow/dags/job_scraping_dag.py
[2026-03-24T20:16:04.056+0000] {processor.py:925} INFO - DAG(s) 'daily_job_scraping' retrieved from /opt/airflow/dags/job_scraping_dag.py
[2026-03-24T20:16:04.120+0000] {logging_mixin.py:190} INFO - [2026-03-24T20:16:04.119+0000] {dag.py:3239} INFO - Sync 1 DAGs
[2026-03-24T20:16:04.161+0000] {logging_mixin.py:190} INFO - [2026-03-24T20:16:04.161+0000] {dag.py:4180} INFO - Setting next_dagrun for daily_job_scraping to 2026-03-24 12:00:00+00:00, run_after=2026-03-25 12:00:00+00:00
[2026-03-24T20:16:04.201+0000] {processor.py:208} INFO - Processing /opt/airflow/dags/job_scraping_dag.py took 1.383 seconds
[2026-03-24T20:16:34.352+0000] {processor.py:186} INFO - Started process (PID=278) to work on /opt/airflow/dags/job_scraping_dag.py
[2026-03-24T20:16:34.353+0000] {processor.py:914} INFO - Processing file /opt/airflow/dags/job_scraping_dag.py for tasks to queue
[2026-03-24T20:16:34.357+0000] {logging_mixin.py:190} INFO - [2026-03-24T20:16:34.356+0000] {dagbag.py:588} INFO - Filling up the DagBag from /opt/airflow/dags/job_scraping_dag.py
[2026-03-24T20:16:36.087+0000] {processor.py:925} INFO - DAG(s) 'daily_job_scraping' retrieved from /opt/airflow/dags/job_scraping_dag.py
[2026-03-24T20:16:36.165+0000] {logging_mixin.py:190} INFO - [2026-03-24T20:16:36.164+0000] {dag.py:3239} INFO - Sync 1 DAGs
[2026-03-24T20:16:36.219+0000] {logging_mixin.py:190} INFO - [2026-03-24T20:16:36.218+0000] {dag.py:4180} INFO - Setting next_dagrun for daily_job_scraping to 2026-03-24 12:00:00+00:00, run_after=2026-03-25 12:00:00+00:00
[2026-03-24T20:16:36.253+0000] {processor.py:208} INFO - Processing /opt/airflow/dags/job_scraping_dag.py took 1.915 seconds
[2026-03-24T20:17:07.032+0000] {processor.py:186} INFO - Started process (PID=284) to work on /opt/airflow/dags/job_scraping_dag.py
[2026-03-24T20:17:07.057+0000] {processor.py:914} INFO - Processing file /opt/airflow/dags/job_scraping_dag.py for tasks to queue
[2026-03-24T20:17:07.062+0000] {logging_mixin.py:190} INFO - [2026-03-24T20:17:07.061+0000] {dagbag.py:588} INFO - Filling up the DagBag from /opt/airflow/dags/job_scraping_dag.py
[2026-03-24T20:17:11.029+0000] {processor.py:925} INFO - DAG(s) 'daily_job_scraping' retrieved from /opt/airflow/dags/job_scraping_dag.py
[2026-03-24T20:17:11.119+0000] {logging_mixin.py:190} INFO - [2026-03-24T20:17:11.118+0000] {dag.py:3239} INFO - Sync 1 DAGs
[2026-03-24T20:17:11.210+0000] {logging_mixin.py:190} INFO - [2026-03-24T20:17:11.210+0000] {dag.py:4180} INFO - Setting next_dagrun for daily_job_scraping to 2026-03-24 12:00:00+00:00, run_after=2026-03-25 12:00:00+00:00
[2026-03-24T20:17:11.295+0000] {processor.py:208} INFO - Processing /opt/airflow/dags/job_scraping_dag.py took 4.287 seconds
[2026-03-24T20:17:41.832+0000] {processor.py:186} INFO - Started process (PID=290) to work on /opt/airflow/dags/job_scraping_dag.py
[2026-03-24T20:17:41.835+0000] {processor.py:914} INFO - Processing file /opt/airflow/dags/job_scraping_dag.py for tasks to queue
[2026-03-24T20:17:41.841+0000] {logging_mixin.py:190} INFO - [2026-03-24T20:17:41.841+0000] {dagbag.py:588} INFO - Filling up the DagBag from /opt/airflow/dags/job_scraping_dag.py
[2026-03-24T20:17:43.824+0000] {processor.py:925} INFO - DAG(s) 'daily_job_scraping' retrieved from /opt/airflow/dags/job_scraping_dag.py
[2026-03-24T20:17:43.885+0000] {logging_mixin.py:190} INFO - [2026-03-24T20:17:43.884+0000] {dag.py:3239} INFO - Sync 1 DAGs
[2026-03-24T20:17:43.927+0000] {logging_mixin.py:190} INFO - [2026-03-24T20:17:43.926+0000] {dag.py:4180} INFO - Setting next_dagrun for daily_job_scraping to 2026-03-24 12:00:00+00:00, run_after=2026-03-25 12:00:00+00:00
[2026-03-24T20:17:43.955+0000] {processor.py:208} INFO - Processing /opt/airflow/dags/job_scraping_dag.py took 2.145 seconds
[2026-03-24T20:18:14.179+0000] {processor.py:186} INFO - Started process (PID=296) to work on /opt/airflow/dags/job_scraping_dag.py
[2026-03-24T20:18:14.190+0000] {processor.py:914} INFO - Processing file /opt/airflow/dags/job_scraping_dag.py for tasks to queue
[2026-03-24T20:18:14.212+0000] {logging_mixin.py:190} INFO - [2026-03-24T20:18:14.211+0000] {dagbag.py:588} INFO - Filling up the DagBag from /opt/airflow/dags/job_scraping_dag.py
[2026-03-24T20:18:15.915+0000] {processor.py:925} INFO - DAG(s) 'daily_job_scraping' retrieved from /opt/airflow/dags/job_scraping_dag.py
[2026-03-24T20:18:15.968+0000] {logging_mixin.py:190} INFO - [2026-03-24T20:18:15.968+0000] {dag.py:3239} INFO - Sync 1 DAGs
[2026-03-24T20:18:16.010+0000] {logging_mixin.py:190} INFO - [2026-03-24T20:18:16.009+0000] {dag.py:4180} INFO - Setting next_dagrun for daily_job_scraping to 2026-03-24 12:00:00+00:00, run_after=2026-03-25 12:00:00+00:00
[2026-03-24T20:18:16.058+0000] {processor.py:208} INFO - Processing /opt/airflow/dags/job_scraping_dag.py took 1.905 seconds
[2026-03-24T20:18:46.252+0000] {processor.py:186} INFO - Started process (PID=302) to work on /opt/airflow/dags/job_scraping_dag.py
[2026-03-24T20:18:46.256+0000] {processor.py:914} INFO - Processing file /opt/airflow/dags/job_scraping_dag.py for tasks to queue
[2026-03-24T20:18:46.261+0000] {logging_mixin.py:190} INFO - [2026-03-24T20:18:46.260+0000] {dagbag.py:588} INFO - Filling up the DagBag from /opt/airflow/dags/job_scraping_dag.py
[2026-03-24T20:18:47.502+0000] {processor.py:925} INFO - DAG(s) 'daily_job_scraping' retrieved from /opt/airflow/dags/job_scraping_dag.py
[2026-03-24T20:18:47.561+0000] {logging_mixin.py:190} INFO - [2026-03-24T20:18:47.560+0000] {dag.py:3239} INFO - Sync 1 DAGs
[2026-03-24T20:18:47.605+0000] {logging_mixin.py:190} INFO - [2026-03-24T20:18:47.605+0000] {dag.py:4180} INFO - Setting next_dagrun for daily_job_scraping to 2026-03-24 12:00:00+00:00, run_after=2026-03-25 12:00:00+00:00
[2026-03-24T20:18:47.638+0000] {processor.py:208} INFO - Processing /opt/airflow/dags/job_scraping_dag.py took 1.398 seconds
[2026-03-24T20:23:07.859+0000] {processor.py:186} INFO - Started process (PID=164) to work on /opt/airflow/dags/job_scraping_dag.py
[2026-03-24T20:23:07.860+0000] {processor.py:914} INFO - Processing file /opt/airflow/dags/job_scraping_dag.py for tasks to queue
[2026-03-24T20:23:07.869+0000] {logging_mixin.py:190} INFO - [2026-03-24T20:23:07.869+0000] {dagbag.py:588} INFO - Filling up the DagBag from /opt/airflow/dags/job_scraping_dag.py
[2026-03-24T20:23:12.905+0000] {processor.py:925} INFO - DAG(s) 'daily_job_scraping' retrieved from /opt/airflow/dags/job_scraping_dag.py
[2026-03-24T20:23:13.000+0000] {logging_mixin.py:190} INFO - [2026-03-24T20:23:12.999+0000] {dag.py:3239} INFO - Sync 1 DAGs
[2026-03-24T20:23:13.088+0000] {logging_mixin.py:190} INFO - [2026-03-24T20:23:13.088+0000] {dag.py:4180} INFO - Setting next_dagrun for daily_job_scraping to 2026-03-24 12:00:00+00:00, run_after=2026-03-25 12:00:00+00:00
[2026-03-24T20:23:13.154+0000] {processor.py:208} INFO - Processing /opt/airflow/dags/job_scraping_dag.py took 5.313 seconds
[2026-03-24T20:23:43.295+0000] {processor.py:186} INFO - Started process (PID=170) to work on /opt/airflow/dags/job_scraping_dag.py
[2026-03-24T20:23:43.298+0000] {processor.py:914} INFO - Processing file /opt/airflow/dags/job_scraping_dag.py for tasks to queue
[2026-03-24T20:23:43.305+0000] {logging_mixin.py:190} INFO - [2026-03-24T20:23:43.304+0000] {dagbag.py:588} INFO - Filling up the DagBag from /opt/airflow/dags/job_scraping_dag.py
[2026-03-24T20:23:44.611+0000] {processor.py:925} INFO - DAG(s) 'daily_job_scraping' retrieved from /opt/airflow/dags/job_scraping_dag.py
[2026-03-24T20:23:44.660+0000] {logging_mixin.py:190} INFO - [2026-03-24T20:23:44.660+0000] {dag.py:3239} INFO - Sync 1 DAGs
[2026-03-24T20:23:44.708+0000] {logging_mixin.py:190} INFO - [2026-03-24T20:23:44.707+0000] {dag.py:4180} INFO - Setting next_dagrun for daily_job_scraping to 2026-03-24 12:00:00+00:00, run_after=2026-03-25 12:00:00+00:00
[2026-03-24T20:23:44.736+0000] {processor.py:208} INFO - Processing /opt/airflow/dags/job_scraping_dag.py took 1.459 seconds
[2026-03-24T20:24:15.864+0000] {processor.py:186} INFO - Started process (PID=176) to work on /opt/airflow/dags/job_scraping_dag.py
[2026-03-24T20:24:15.876+0000] {processor.py:914} INFO - Processing file /opt/airflow/dags/job_scraping_dag.py for tasks to queue
[2026-03-24T20:24:15.893+0000] {logging_mixin.py:190} INFO - [2026-03-24T20:24:15.892+0000] {dagbag.py:588} INFO - Filling up the DagBag from /opt/airflow/dags/job_scraping_dag.py
[2026-03-24T20:24:19.013+0000] {processor.py:925} INFO - DAG(s) 'daily_job_scraping' retrieved from /opt/airflow/dags/job_scraping_dag.py
[2026-03-24T20:24:19.093+0000] {logging_mixin.py:190} INFO - [2026-03-24T20:24:19.092+0000] {dag.py:3239} INFO - Sync 1 DAGs
[2026-03-24T20:24:19.182+0000] {logging_mixin.py:190} INFO - [2026-03-24T20:24:19.181+0000] {dag.py:4180} INFO - Setting next_dagrun for daily_job_scraping to 2026-03-24 12:00:00+00:00, run_after=2026-03-25 12:00:00+00:00
[2026-03-24T20:24:19.263+0000] {processor.py:208} INFO - Processing /opt/airflow/dags/job_scraping_dag.py took 3.432 seconds
[2026-03-24T20:24:50.469+0000] {processor.py:186} INFO - Started process (PID=193) to work on /opt/airflow/dags/job_scraping_dag.py
[2026-03-24T20:24:50.487+0000] {processor.py:914} INFO - Processing file /opt/airflow/dags/job_scraping_dag.py for tasks to queue
[2026-03-24T20:24:50.540+0000] {logging_mixin.py:190} INFO - [2026-03-24T20:24:50.539+0000] {dagbag.py:588} INFO - Filling up the DagBag from /opt/airflow/dags/job_scraping_dag.py
[2026-03-24T20:24:57.676+0000] {processor.py:925} INFO - DAG(s) 'daily_job_scraping' retrieved from /opt/airflow/dags/job_scraping_dag.py
[2026-03-24T20:24:58.074+0000] {logging_mixin.py:190} INFO - [2026-03-24T20:24:58.074+0000] {dag.py:3239} INFO - Sync 1 DAGs
[2026-03-24T20:24:58.337+0000] {logging_mixin.py:190} INFO - [2026-03-24T20:24:58.337+0000] {dag.py:4180} INFO - Setting next_dagrun for daily_job_scraping to 2026-03-24 12:00:00+00:00, run_after=2026-03-25 12:00:00+00:00
[2026-03-24T20:24:58.534+0000] {processor.py:208} INFO - Processing /opt/airflow/dags/job_scraping_dag.py took 8.189 seconds
[2026-03-24T20:25:30.294+0000] {processor.py:186} INFO - Started process (PID=199) to work on /opt/airflow/dags/job_scraping_dag.py
[2026-03-24T20:25:30.301+0000] {processor.py:914} INFO - Processing file /opt/airflow/dags/job_scraping_dag.py for tasks to queue
[2026-03-24T20:25:30.339+0000] {logging_mixin.py:190} INFO - [2026-03-24T20:25:30.337+0000] {dagbag.py:588} INFO - Filling up the DagBag from /opt/airflow/dags/job_scraping_dag.py
[2026-03-24T20:25:37.514+0000] {processor.py:925} INFO - DAG(s) 'daily_job_scraping' retrieved from /opt/airflow/dags/job_scraping_dag.py
[2026-03-24T20:25:35.485+0000] {logging_mixin.py:190} INFO - [2026-03-24T20:25:35.484+0000] {dag.py:3239} INFO - Sync 1 DAGs
[2026-03-24T20:25:35.715+0000] {logging_mixin.py:190} INFO - [2026-03-24T20:25:35.715+0000] {dag.py:4180} INFO - Setting next_dagrun for daily_job_scraping to 2026-03-24 12:00:00+00:00, run_after=2026-03-25 12:00:00+00:00
[2026-03-24T20:25:36.208+0000] {processor.py:208} INFO - Processing /opt/airflow/dags/job_scraping_dag.py took 8.353 seconds
[2026-03-24T20:26:07.972+0000] {processor.py:186} INFO - Started process (PID=205) to work on /opt/airflow/dags/job_scraping_dag.py
[2026-03-24T20:26:08.020+0000] {processor.py:914} INFO - Processing file /opt/airflow/dags/job_scraping_dag.py for tasks to queue
[2026-03-24T20:26:08.039+0000] {logging_mixin.py:190} INFO - [2026-03-24T20:26:08.039+0000] {dagbag.py:588} INFO - Filling up the DagBag from /opt/airflow/dags/job_scraping_dag.py
[2026-03-24T20:26:15.511+0000] {processor.py:925} INFO - DAG(s) 'daily_job_scraping' retrieved from /opt/airflow/dags/job_scraping_dag.py
[2026-03-24T20:26:15.824+0000] {logging_mixin.py:190} INFO - [2026-03-24T20:26:15.823+0000] {dag.py:3239} INFO - Sync 1 DAGs
[2026-03-24T20:26:16.069+0000] {logging_mixin.py:190} INFO - [2026-03-24T20:26:16.068+0000] {dag.py:4180} INFO - Setting next_dagrun for daily_job_scraping to 2026-03-24 12:00:00+00:00, run_after=2026-03-25 12:00:00+00:00
[2026-03-24T20:26:16.348+0000] {processor.py:208} INFO - Processing /opt/airflow/dags/job_scraping_dag.py took 8.438 seconds
[2026-03-24T20:26:47.853+0000] {processor.py:186} INFO - Started process (PID=211) to work on /opt/airflow/dags/job_scraping_dag.py
[2026-03-24T20:26:47.886+0000] {processor.py:914} INFO - Processing file /opt/airflow/dags/job_scraping_dag.py for tasks to queue
[2026-03-24T20:26:47.921+0000] {logging_mixin.py:190} INFO - [2026-03-24T20:26:47.907+0000] {dagbag.py:588} INFO - Filling up the DagBag from /opt/airflow/dags/job_scraping_dag.py
[2026-03-24T20:26:54.438+0000] {processor.py:925} INFO - DAG(s) 'daily_job_scraping' retrieved from /opt/airflow/dags/job_scraping_dag.py
[2026-03-24T20:26:54.589+0000] {logging_mixin.py:190} INFO - [2026-03-24T20:26:54.588+0000] {dag.py:3239} INFO - Sync 1 DAGs
[2026-03-24T20:26:54.723+0000] {logging_mixin.py:190} INFO - [2026-03-24T20:26:54.723+0000] {dag.py:4180} INFO - Setting next_dagrun for daily_job_scraping to 2026-03-24 12:00:00+00:00, run_after=2026-03-25 12:00:00+00:00
[2026-03-24T20:26:54.935+0000] {processor.py:208} INFO - Processing /opt/airflow/dags/job_scraping_dag.py took 7.137 seconds
[2026-03-24T20:27:25.506+0000] {processor.py:186} INFO - Started process (PID=217) to work on /opt/airflow/dags/job_scraping_dag.py
[2026-03-24T20:27:25.524+0000] {processor.py:914} INFO - Processing file /opt/airflow/dags/job_scraping_dag.py for tasks to queue
[2026-03-24T20:27:25.533+0000] {logging_mixin.py:190} INFO - [2026-03-24T20:27:25.532+0000] {dagbag.py:588} INFO - Filling up the DagBag from /opt/airflow/dags/job_scraping_dag.py
[2026-03-24T20:27:29.102+0000] {processor.py:925} INFO - DAG(s) 'daily_job_scraping' retrieved from /opt/airflow/dags/job_scraping_dag.py
[2026-03-24T20:27:29.439+0000] {logging_mixin.py:190} INFO - [2026-03-24T20:27:29.438+0000] {dag.py:3239} INFO - Sync 1 DAGs
[2026-03-24T20:27:29.663+0000] {logging_mixin.py:190} INFO - [2026-03-24T20:27:29.663+0000] {dag.py:4180} INFO - Setting next_dagrun for daily_job_scraping to 2026-03-24 12:00:00+00:00, run_after=2026-03-25 12:00:00+00:00
[2026-03-24T20:27:30.105+0000] {processor.py:208} INFO - Processing /opt/airflow/dags/job_scraping_dag.py took 6.929 seconds
[2026-03-24T20:28:00.648+0000] {processor.py:186} INFO - Started process (PID=223) to work on /opt/airflow/dags/job_scraping_dag.py
[2026-03-24T20:28:00.651+0000] {processor.py:914} INFO - Processing file /opt/airflow/dags/job_scraping_dag.py for tasks to queue
[2026-03-24T20:28:00.661+0000] {logging_mixin.py:190} INFO - [2026-03-24T20:28:00.660+0000] {dagbag.py:588} INFO - Filling up the DagBag from /opt/airflow/dags/job_scraping_dag.py
[2026-03-24T20:28:02.803+0000] {processor.py:925} INFO - DAG(s) 'daily_job_scraping' retrieved from /opt/airflow/dags/job_scraping_dag.py
[2026-03-24T20:28:02.907+0000] {logging_mixin.py:190} INFO - [2026-03-24T20:28:02.906+0000] {dag.py:3239} INFO - Sync 1 DAGs
[2026-03-24T20:28:02.970+0000] {logging_mixin.py:190} INFO - [2026-03-24T20:28:02.970+0000] {dag.py:4180} INFO - Setting next_dagrun for daily_job_scraping to 2026-03-24 12:00:00+00:00, run_after=2026-03-25 12:00:00+00:00
[2026-03-24T20:28:03.041+0000] {processor.py:208} INFO - Processing /opt/airflow/dags/job_scraping_dag.py took 2.409 seconds
[2026-03-24T20:28:33.175+0000] {processor.py:186} INFO - Started process (PID=233) to work on /opt/airflow/dags/job_scraping_dag.py
[2026-03-24T20:28:33.177+0000] {processor.py:914} INFO - Processing file /opt/airflow/dags/job_scraping_dag.py for tasks to queue
[2026-03-24T20:28:33.183+0000] {logging_mixin.py:190} INFO - [2026-03-24T20:28:33.182+0000] {dagbag.py:588} INFO - Filling up the DagBag from /opt/airflow/dags/job_scraping_dag.py
[2026-03-24T20:28:35.395+0000] {processor.py:925} INFO - DAG(s) 'daily_job_scraping' retrieved from /opt/airflow/dags/job_scraping_dag.py
[2026-03-24T20:28:35.532+0000] {logging_mixin.py:190} INFO - [2026-03-24T20:28:35.531+0000] {dag.py:3239} INFO - Sync 1 DAGs
[2026-03-24T20:28:35.641+0000] {logging_mixin.py:190} INFO - [2026-03-24T20:28:35.641+0000] {dag.py:4180} INFO - Setting next_dagrun for daily_job_scraping to 2026-03-24 12:00:00+00:00, run_after=2026-03-25 12:00:00+00:00
[2026-03-24T20:28:35.729+0000] {processor.py:208} INFO - Processing /opt/airflow/dags/job_scraping_dag.py took 2.563 seconds
[2026-03-24T20:29:06.355+0000] {processor.py:186} INFO - Started process (PID=239) to work on /opt/airflow/dags/job_scraping_dag.py
[2026-03-24T20:29:06.357+0000] {processor.py:914} INFO - Processing file /opt/airflow/dags/job_scraping_dag.py for tasks to queue
[2026-03-24T20:29:06.364+0000] {logging_mixin.py:190} INFO - [2026-03-24T20:29:06.363+0000] {dagbag.py:588} INFO - Filling up the DagBag from /opt/airflow/dags/job_scraping_dag.py
[2026-03-24T20:29:08.370+0000] {processor.py:925} INFO - DAG(s) 'daily_job_scraping' retrieved from /opt/airflow/dags/job_scraping_dag.py
[2026-03-24T20:29:08.486+0000] {logging_mixin.py:190} INFO - [2026-03-24T20:29:08.485+0000] {dag.py:3239} INFO - Sync 1 DAGs
[2026-03-24T20:29:08.578+0000] {logging_mixin.py:190} INFO - [2026-03-24T20:29:08.578+0000] {dag.py:4180} INFO - Setting next_dagrun for daily_job_scraping to 2026-03-24 12:00:00+00:00, run_after=2026-03-25 12:00:00+00:00
[2026-03-24T20:29:08.654+0000] {processor.py:208} INFO - Processing /opt/airflow/dags/job_scraping_dag.py took 2.321 seconds
[2026-03-24T20:29:38.995+0000] {processor.py:186} INFO - Started process (PID=245) to work on /opt/airflow/dags/job_scraping_dag.py
[2026-03-24T20:29:38.997+0000] {processor.py:914} INFO - Processing file /opt/airflow/dags/job_scraping_dag.py for tasks to queue
[2026-03-24T20:29:39.002+0000] {logging_mixin.py:190} INFO - [2026-03-24T20:29:39.001+0000] {dagbag.py:588} INFO - Filling up the DagBag from /opt/airflow/dags/job_scraping_dag.py
[2026-03-24T20:29:40.534+0000] {processor.py:925} INFO - DAG(s) 'daily_job_scraping' retrieved from /opt/airflow/dags/job_scraping_dag.py
[2026-03-24T20:29:40.582+0000] {logging_mixin.py:190} INFO - [2026-03-24T20:29:40.581+0000] {dag.py:3239} INFO - Sync 1 DAGs
[2026-03-24T20:29:40.618+0000] {logging_mixin.py:190} INFO - [2026-03-24T20:29:40.618+0000] {dag.py:4180} INFO - Setting next_dagrun for daily_job_scraping to 2026-03-24 12:00:00+00:00, run_after=2026-03-25 12:00:00+00:00
[2026-03-24T20:29:40.652+0000] {processor.py:208} INFO - Processing /opt/airflow/dags/job_scraping_dag.py took 1.674 seconds
[2026-03-24T20:30:11.220+0000] {processor.py:186} INFO - Started process (PID=251) to work on /opt/airflow/dags/job_scraping_dag.py
[2026-03-24T20:30:11.223+0000] {processor.py:914} INFO - Processing file /opt/airflow/dags/job_scraping_dag.py for tasks to queue
[2026-03-24T20:30:11.239+0000] {logging_mixin.py:190} INFO - [2026-03-24T20:30:11.238+0000] {dagbag.py:588} INFO - Filling up the DagBag from /opt/airflow/dags/job_scraping_dag.py
[2026-03-24T20:30:12.866+0000] {processor.py:925} INFO - DAG(s) 'daily_job_scraping' retrieved from /opt/airflow/dags/job_scraping_dag.py
[2026-03-24T20:30:12.923+0000] {logging_mixin.py:190} INFO - [2026-03-24T20:30:12.922+0000] {dag.py:3239} INFO - Sync 1 DAGs
[2026-03-24T20:30:12.987+0000] {logging_mixin.py:190} INFO - [2026-03-24T20:30:12.986+0000] {dag.py:4180} INFO - Setting next_dagrun for daily_job_scraping to 2026-03-24 12:00:00+00:00, run_after=2026-03-25 12:00:00+00:00
[2026-03-24T20:30:13.020+0000] {processor.py:208} INFO - Processing /opt/airflow/dags/job_scraping_dag.py took 1.825 seconds
[2026-03-24T20:30:43.864+0000] {processor.py:186} INFO - Started process (PID=257) to work on /opt/airflow/dags/job_scraping_dag.py
[2026-03-24T20:30:43.867+0000] {processor.py:914} INFO - Processing file /opt/airflow/dags/job_scraping_dag.py for tasks to queue
[2026-03-24T20:30:43.884+0000] {logging_mixin.py:190} INFO - [2026-03-24T20:30:43.883+0000] {dagbag.py:588} INFO - Filling up the DagBag from /opt/airflow/dags/job_scraping_dag.py
[2026-03-24T20:30:46.455+0000] {processor.py:925} INFO - DAG(s) 'daily_job_scraping' retrieved from /opt/airflow/dags/job_scraping_dag.py
[2026-03-24T20:30:46.522+0000] {logging_mixin.py:190} INFO - [2026-03-24T20:30:46.521+0000] {dag.py:3239} INFO - Sync 1 DAGs
[2026-03-24T20:30:46.590+0000] {logging_mixin.py:190} INFO - [2026-03-24T20:30:46.589+0000] {dag.py:4180} INFO - Setting next_dagrun for daily_job_scraping to 2026-03-24 12:00:00+00:00, run_after=2026-03-25 12:00:00+00:00
[2026-03-24T20:30:46.654+0000] {processor.py:208} INFO - Processing /opt/airflow/dags/job_scraping_dag.py took 2.829 seconds
[2026-03-24T20:31:16.987+0000] {processor.py:186} INFO - Started process (PID=263) to work on /opt/airflow/dags/job_scraping_dag.py
[2026-03-24T20:31:16.990+0000] {processor.py:914} INFO - Processing file /opt/airflow/dags/job_scraping_dag.py for tasks to queue
[2026-03-24T20:31:16.996+0000] {logging_mixin.py:190} INFO - [2026-03-24T20:31:16.995+0000] {dagbag.py:588} INFO - Filling up the DagBag from /opt/airflow/dags/job_scraping_dag.py
[2026-03-24T20:31:18.178+0000] {processor.py:925} INFO - DAG(s) 'daily_job_scraping' retrieved from /opt/airflow/dags/job_scraping_dag.py
[2026-03-24T20:31:18.229+0000] {logging_mixin.py:190} INFO - [2026-03-24T20:31:18.228+0000] {dag.py:3239} INFO - Sync 1 DAGs
[2026-03-24T20:31:18.275+0000] {logging_mixin.py:190} INFO - [2026-03-24T20:31:18.274+0000] {dag.py:4180} INFO - Setting next_dagrun for daily_job_scraping to 2026-03-24 12:00:00+00:00, run_after=2026-03-25 12:00:00+00:00
[2026-03-24T20:31:18.300+0000] {processor.py:208} INFO - Processing /opt/airflow/dags/job_scraping_dag.py took 1.342 seconds
[2026-03-24T20:31:48.970+0000] {processor.py:186} INFO - Started process (PID=269) to work on /opt/airflow/dags/job_scraping_dag.py
[2026-03-24T20:31:48.985+0000] {processor.py:914} INFO - Processing file /opt/airflow/dags/job_scraping_dag.py for tasks to queue
[2026-03-24T20:31:48.993+0000] {logging_mixin.py:190} INFO - [2026-03-24T20:31:48.992+0000] {dagbag.py:588} INFO - Filling up the DagBag from /opt/airflow/dags/job_scraping_dag.py
[2026-03-24T20:31:51.661+0000] {processor.py:925} INFO - DAG(s) 'daily_job_scraping' retrieved from /opt/airflow/dags/job_scraping_dag.py
[2026-03-24T20:31:51.727+0000] {logging_mixin.py:190} INFO - [2026-03-24T20:31:51.726+0000] {dag.py:3239} INFO - Sync 1 DAGs
[2026-03-24T20:31:51.811+0000] {logging_mixin.py:190} INFO - [2026-03-24T20:31:51.810+0000] {dag.py:4180} INFO - Setting next_dagrun for daily_job_scraping to 2026-03-24 12:00:00+00:00, run_after=2026-03-25 12:00:00+00:00
[2026-03-24T20:31:51.963+0000] {processor.py:208} INFO - Processing /opt/airflow/dags/job_scraping_dag.py took 3.015 seconds
[2026-03-24T20:32:22.973+0000] {processor.py:186} INFO - Started process (PID=275) to work on /opt/airflow/dags/job_scraping_dag.py
[2026-03-24T20:32:22.975+0000] {processor.py:914} INFO - Processing file /opt/airflow/dags/job_scraping_dag.py for tasks to queue
[2026-03-24T20:32:22.979+0000] {logging_mixin.py:190} INFO - [2026-03-24T20:32:22.979+0000] {dagbag.py:588} INFO - Filling up the DagBag from /opt/airflow/dags/job_scraping_dag.py
[2026-03-24T20:32:26.019+0000] {processor.py:925} INFO - DAG(s) 'daily_job_scraping' retrieved from /opt/airflow/dags/job_scraping_dag.py
[2026-03-24T20:32:26.114+0000] {logging_mixin.py:190} INFO - [2026-03-24T20:32:26.113+0000] {dag.py:3239} INFO - Sync 1 DAGs
[2026-03-24T20:32:26.217+0000] {logging_mixin.py:190} INFO - [2026-03-24T20:32:26.216+0000] {dag.py:4180} INFO - Setting next_dagrun for daily_job_scraping to 2026-03-24 12:00:00+00:00, run_after=2026-03-25 12:00:00+00:00
[2026-03-24T20:32:26.288+0000] {processor.py:208} INFO - Processing /opt/airflow/dags/job_scraping_dag.py took 3.326 seconds
[2026-03-24T20:32:56.662+0000] {processor.py:186} INFO - Started process (PID=281) to work on /opt/airflow/dags/job_scraping_dag.py
[2026-03-24T20:32:56.664+0000] {processor.py:914} INFO - Processing file /opt/airflow/dags/job_scraping_dag.py for tasks to queue
[2026-03-24T20:32:56.670+0000] {logging_mixin.py:190} INFO - [2026-03-24T20:32:56.669+0000] {dagbag.py:588} INFO - Filling up the DagBag from /opt/airflow/dags/job_scraping_dag.py
[2026-03-24T20:32:58.183+0000] {processor.py:925} INFO - DAG(s) 'daily_job_scraping' retrieved from /opt/airflow/dags/job_scraping_dag.py
[2026-03-24T20:32:58.238+0000] {logging_mixin.py:190} INFO - [2026-03-24T20:32:58.237+0000] {dag.py:3239} INFO - Sync 1 DAGs
[2026-03-24T20:32:58.330+0000] {logging_mixin.py:190} INFO - [2026-03-24T20:32:58.329+0000] {dag.py:4180} INFO - Setting next_dagrun for daily_job_scraping to 2026-03-24 12:00:00+00:00, run_after=2026-03-25 12:00:00+00:00
[2026-03-24T20:32:58.415+0000] {processor.py:208} INFO - Processing /opt/airflow/dags/job_scraping_dag.py took 1.765 seconds
[2026-03-24T20:33:26.680+0000] {processor.py:186} INFO - Started process (PID=287) to work on /opt/airflow/dags/job_scraping_dag.py
[2026-03-24T20:33:26.693+0000] {processor.py:914} INFO - Processing file /opt/airflow/dags/job_scraping_dag.py for tasks to queue
[2026-03-24T20:33:26.700+0000] {logging_mixin.py:190} INFO - [2026-03-24T20:33:26.699+0000] {dagbag.py:588} INFO - Filling up the DagBag from /opt/airflow/dags/job_scraping_dag.py
[2026-03-24T20:33:30.626+0000] {processor.py:925} INFO - DAG(s) 'daily_job_scraping' retrieved from /opt/airflow/dags/job_scraping_dag.py
[2026-03-24T20:33:30.752+0000] {logging_mixin.py:190} INFO - [2026-03-24T20:33:30.751+0000] {dag.py:3239} INFO - Sync 1 DAGs
[2026-03-24T20:33:30.909+0000] {logging_mixin.py:190} INFO - [2026-03-24T20:33:30.908+0000] {dag.py:4180} INFO - Setting next_dagrun for daily_job_scraping to 2026-03-24 12:00:00+00:00, run_after=2026-03-25 12:00:00+00:00
[2026-03-24T20:33:30.980+0000] {processor.py:208} INFO - Processing /opt/airflow/dags/job_scraping_dag.py took 4.339 seconds
[2026-03-24T20:34:01.622+0000] {processor.py:186} INFO - Started process (PID=293) to work on /opt/airflow/dags/job_scraping_dag.py
[2026-03-24T20:34:01.626+0000] {processor.py:914} INFO - Processing file /opt/airflow/dags/job_scraping_dag.py for tasks to queue
[2026-03-24T20:34:01.632+0000] {logging_mixin.py:190} INFO - [2026-03-24T20:34:01.631+0000] {dagbag.py:588} INFO - Filling up the DagBag from /opt/airflow/dags/job_scraping_dag.py
[2026-03-24T20:34:04.349+0000] {processor.py:925} INFO - DAG(s) 'daily_job_scraping' retrieved from /opt/airflow/dags/job_scraping_dag.py
[2026-03-24T20:34:04.403+0000] {logging_mixin.py:190} INFO - [2026-03-24T20:34:04.402+0000] {dag.py:3239} INFO - Sync 1 DAGs
[2026-03-24T20:34:04.446+0000] {logging_mixin.py:190} INFO - [2026-03-24T20:34:04.445+0000] {dag.py:4180} INFO - Setting next_dagrun for daily_job_scraping to 2026-03-24 12:00:00+00:00, run_after=2026-03-25 12:00:00+00:00
[2026-03-24T20:34:04.505+0000] {processor.py:208} INFO - Processing /opt/airflow/dags/job_scraping_dag.py took 2.908 seconds
[2026-03-24T20:34:35.291+0000] {processor.py:186} INFO - Started process (PID=299) to work on /opt/airflow/dags/job_scraping_dag.py
[2026-03-24T20:34:35.298+0000] {processor.py:914} INFO - Processing file /opt/airflow/dags/job_scraping_dag.py for tasks to queue
[2026-03-24T20:34:35.304+0000] {logging_mixin.py:190} INFO - [2026-03-24T20:34:35.303+0000] {dagbag.py:588} INFO - Filling up the DagBag from /opt/airflow/dags/job_scraping_dag.py
[2026-03-24T20:34:37.674+0000] {processor.py:925} INFO - DAG(s) 'daily_job_scraping' retrieved from /opt/airflow/dags/job_scraping_dag.py
[2026-03-24T20:34:37.761+0000] {logging_mixin.py:190} INFO - [2026-03-24T20:34:37.760+0000] {dag.py:3239} INFO - Sync 1 DAGs
[2026-03-24T20:34:37.827+0000] {logging_mixin.py:190} INFO - [2026-03-24T20:34:37.827+0000] {dag.py:4180} INFO - Setting next_dagrun for daily_job_scraping to 2026-03-24 12:00:00+00:00, run_after=2026-03-25 12:00:00+00:00
[2026-03-24T20:34:37.854+0000] {processor.py:208} INFO - Processing /opt/airflow/dags/job_scraping_dag.py took 2.579 seconds
[2026-03-24T20:35:10.411+0000] {processor.py:186} INFO - Started process (PID=305) to work on /opt/airflow/dags/job_scraping_dag.py
[2026-03-24T20:35:10.424+0000] {processor.py:914} INFO - Processing file /opt/airflow/dags/job_scraping_dag.py for tasks to queue
[2026-03-24T20:35:10.440+0000] {logging_mixin.py:190} INFO - [2026-03-24T20:35:10.429+0000] {dagbag.py:588} INFO - Filling up the DagBag from /opt/airflow/dags/job_scraping_dag.py
[2026-03-24T20:35:15.123+0000] {processor.py:925} INFO - DAG(s) 'daily_job_scraping' retrieved from /opt/airflow/dags/job_scraping_dag.py
[2026-03-24T20:35:15.260+0000] {logging_mixin.py:190} INFO - [2026-03-24T20:35:15.259+0000] {dag.py:3239} INFO - Sync 1 DAGs
[2026-03-24T20:35:15.369+0000] {logging_mixin.py:190} INFO - [2026-03-24T20:35:15.368+0000] {dag.py:4180} INFO - Setting next_dagrun for daily_job_scraping to 2026-03-24 12:00:00+00:00, run_after=2026-03-25 12:00:00+00:00
[2026-03-24T20:35:15.471+0000] {processor.py:208} INFO - Processing /opt/airflow/dags/job_scraping_dag.py took 5.084 seconds
[2026-03-24T20:35:45.733+0000] {processor.py:186} INFO - Started process (PID=311) to work on /opt/airflow/dags/job_scraping_dag.py
[2026-03-24T20:35:45.738+0000] {processor.py:914} INFO - Processing file /opt/airflow/dags/job_scraping_dag.py for tasks to queue
[2026-03-24T20:35:45.746+0000] {logging_mixin.py:190} INFO - [2026-03-24T20:35:45.745+0000] {dagbag.py:588} INFO - Filling up the DagBag from /opt/airflow/dags/job_scraping_dag.py
[2026-03-24T20:35:45.055+0000] {processor.py:925} INFO - DAG(s) 'daily_job_scraping' retrieved from /opt/airflow/dags/job_scraping_dag.py
[2026-03-24T20:35:45.114+0000] {logging_mixin.py:190} INFO - [2026-03-24T20:35:45.113+0000] {dag.py:3239} INFO - Sync 1 DAGs
[2026-03-24T20:35:45.170+0000] {logging_mixin.py:190} INFO - [2026-03-24T20:35:45.169+0000] {dag.py:4180} INFO - Setting next_dagrun for daily_job_scraping to 2026-03-24 12:00:00+00:00, run_after=2026-03-25 12:00:00+00:00
[2026-03-24T20:35:45.203+0000] {processor.py:208} INFO - Processing /opt/airflow/dags/job_scraping_dag.py took 1.817 seconds
[2026-03-24T20:36:15.537+0000] {processor.py:186} INFO - Started process (PID=317) to work on /opt/airflow/dags/job_scraping_dag.py
[2026-03-24T20:36:15.540+0000] {processor.py:914} INFO - Processing file /opt/airflow/dags/job_scraping_dag.py for tasks to queue
[2026-03-24T20:36:15.546+0000] {logging_mixin.py:190} INFO - [2026-03-24T20:36:15.545+0000] {dagbag.py:588} INFO - Filling up the DagBag from /opt/airflow/dags/job_scraping_dag.py
[2026-03-24T20:36:19.267+0000] {processor.py:925} INFO - DAG(s) 'daily_job_scraping' retrieved from /opt/airflow/dags/job_scraping_dag.py
[2026-03-24T20:36:19.425+0000] {logging_mixin.py:190} INFO - [2026-03-24T20:36:19.424+0000] {dag.py:3239} INFO - Sync 1 DAGs
[2026-03-24T20:36:19.624+0000] {logging_mixin.py:190} INFO - [2026-03-24T20:36:19.623+0000] {dag.py:4180} INFO - Setting next_dagrun for daily_job_scraping to 2026-03-24 12:00:00+00:00, run_after=2026-03-25 12:00:00+00:00
[2026-03-24T20:36:19.780+0000] {processor.py:208} INFO - Processing /opt/airflow/dags/job_scraping_dag.py took 4.255 seconds
[2026-03-24T20:36:50.421+0000] {processor.py:186} INFO - Started process (PID=323) to work on /opt/airflow/dags/job_scraping_dag.py
[2026-03-24T20:36:50.423+0000] {processor.py:914} INFO - Processing file /opt/airflow/dags/job_scraping_dag.py for tasks to queue
[2026-03-24T20:36:50.430+0000] {logging_mixin.py:190} INFO - [2026-03-24T20:36:50.428+0000] {dagbag.py:588} INFO - Filling up the DagBag from /opt/airflow/dags/job_scraping_dag.py
[2026-03-24T20:36:51.916+0000] {processor.py:925} INFO - DAG(s) 'daily_job_scraping' retrieved from /opt/airflow/dags/job_scraping_dag.py
[2026-03-24T20:36:51.969+0000] {logging_mixin.py:190} INFO - [2026-03-24T20:36:51.968+0000] {dag.py:3239} INFO - Sync 1 DAGs
[2026-03-24T20:36:52.001+0000] {logging_mixin.py:190} INFO - [2026-03-24T20:36:52.000+0000] {dag.py:4180} INFO - Setting next_dagrun for daily_job_scraping to 2026-03-24 12:00:00+00:00, run_after=2026-03-25 12:00:00+00:00
[2026-03-24T20:36:52.037+0000] {processor.py:208} INFO - Processing /opt/airflow/dags/job_scraping_dag.py took 1.631 seconds
[2026-03-24T20:37:22.328+0000] {processor.py:186} INFO - Started process (PID=329) to work on /opt/airflow/dags/job_scraping_dag.py
[2026-03-24T20:37:22.330+0000] {processor.py:914} INFO - Processing file /opt/airflow/dags/job_scraping_dag.py for tasks to queue
[2026-03-24T20:37:22.335+0000] {logging_mixin.py:190} INFO - [2026-03-24T20:37:22.334+0000] {dagbag.py:588} INFO - Filling up the DagBag from /opt/airflow/dags/job_scraping_dag.py
[2026-03-24T20:37:24.134+0000] {processor.py:925} INFO - DAG(s) 'daily_job_scraping' retrieved from /opt/airflow/dags/job_scraping_dag.py
[2026-03-24T20:37:24.234+0000] {logging_mixin.py:190} INFO - [2026-03-24T20:37:24.234+0000] {dag.py:3239} INFO - Sync 1 DAGs
[2026-03-24T20:37:24.280+0000] {logging_mixin.py:190} INFO - [2026-03-24T20:37:24.279+0000] {dag.py:4180} INFO - Setting next_dagrun for daily_job_scraping to 2026-03-24 12:00:00+00:00, run_after=2026-03-25 12:00:00+00:00
[2026-03-24T20:37:24.319+0000] {processor.py:208} INFO - Processing /opt/airflow/dags/job_scraping_dag.py took 2.003 seconds
[2026-03-24T20:37:54.708+0000] {processor.py:186} INFO - Started process (PID=335) to work on /opt/airflow/dags/job_scraping_dag.py
[2026-03-24T20:37:54.711+0000] {processor.py:914} INFO - Processing file /opt/airflow/dags/job_scraping_dag.py for tasks to queue
[2026-03-24T20:37:54.726+0000] {logging_mixin.py:190} INFO - [2026-03-24T20:37:54.725+0000] {dagbag.py:588} INFO - Filling up the DagBag from /opt/airflow/dags/job_scraping_dag.py
[2026-03-24T20:37:56.651+0000] {processor.py:925} INFO - DAG(s) 'daily_job_scraping' retrieved from /opt/airflow/dags/job_scraping_dag.py
[2026-03-24T20:37:56.701+0000] {logging_mixin.py:190} INFO - [2026-03-24T20:37:56.700+0000] {dag.py:3239} INFO - Sync 1 DAGs
[2026-03-24T20:37:56.745+0000] {logging_mixin.py:190} INFO - [2026-03-24T20:37:56.745+0000] {dag.py:4180} INFO - Setting next_dagrun for daily_job_scraping to 2026-03-24 12:00:00+00:00, run_after=2026-03-25 12:00:00+00:00
[2026-03-24T20:37:56.775+0000] {processor.py:208} INFO - Processing /opt/airflow/dags/job_scraping_dag.py took 2.103 seconds
[2026-03-24T20:38:26.983+0000] {processor.py:186} INFO - Started process (PID=341) to work on /opt/airflow/dags/job_scraping_dag.py
[2026-03-24T20:38:27.000+0000] {processor.py:914} INFO - Processing file /opt/airflow/dags/job_scraping_dag.py for tasks to queue
[2026-03-24T20:38:27.012+0000] {logging_mixin.py:190} INFO - [2026-03-24T20:38:27.006+0000] {dagbag.py:588} INFO - Filling up the DagBag from /opt/airflow/dags/job_scraping_dag.py
[2026-03-24T20:38:29.410+0000] {processor.py:925} INFO - DAG(s) 'daily_job_scraping' retrieved from /opt/airflow/dags/job_scraping_dag.py
[2026-03-24T20:38:29.524+0000] {logging_mixin.py:190} INFO - [2026-03-24T20:38:29.522+0000] {dag.py:3239} INFO - Sync 1 DAGs
[2026-03-24T20:38:29.601+0000] {logging_mixin.py:190} INFO - [2026-03-24T20:38:29.601+0000] {dag.py:4180} INFO - Setting next_dagrun for daily_job_scraping to 2026-03-24 12:00:00+00:00, run_after=2026-03-25 12:00:00+00:00
[2026-03-24T20:38:29.663+0000] {processor.py:208} INFO - Processing /opt/airflow/dags/job_scraping_dag.py took 2.696 seconds
[2026-03-24T20:38:59.871+0000] {processor.py:186} INFO - Started process (PID=347) to work on /opt/airflow/dags/job_scraping_dag.py
[2026-03-24T20:38:59.874+0000] {processor.py:914} INFO - Processing file /opt/airflow/dags/job_scraping_dag.py for tasks to queue
[2026-03-24T20:38:59.881+0000] {logging_mixin.py:190} INFO - [2026-03-24T20:38:59.880+0000] {dagbag.py:588} INFO - Filling up the DagBag from /opt/airflow/dags/job_scraping_dag.py
[2026-03-24T20:38:59.619+0000] {processor.py:925} INFO - DAG(s) 'daily_job_scraping' retrieved from /opt/airflow/dags/job_scraping_dag.py
[2026-03-24T20:38:59.687+0000] {logging_mixin.py:190} INFO - [2026-03-24T20:38:59.686+0000] {dag.py:3239} INFO - Sync 1 DAGs
[2026-03-24T20:38:59.768+0000] {logging_mixin.py:190} INFO - [2026-03-24T20:38:59.768+0000] {dag.py:4180} INFO - Setting next_dagrun for daily_job_scraping to 2026-03-24 12:00:00+00:00, run_after=2026-03-25 12:00:00+00:00
[2026-03-24T20:38:59.833+0000] {processor.py:208} INFO - Processing /opt/airflow/dags/job_scraping_dag.py took 2.285 seconds
[2026-03-24T20:39:30.122+0000] {processor.py:186} INFO - Started process (PID=353) to work on /opt/airflow/dags/job_scraping_dag.py
[2026-03-24T20:39:30.126+0000] {processor.py:914} INFO - Processing file /opt/airflow/dags/job_scraping_dag.py for tasks to queue
[2026-03-24T20:39:30.133+0000] {logging_mixin.py:190} INFO - [2026-03-24T20:39:30.132+0000] {dagbag.py:588} INFO - Filling up the DagBag from /opt/airflow/dags/job_scraping_dag.py
[2026-03-24T20:39:32.275+0000] {processor.py:925} INFO - DAG(s) 'daily_job_scraping' retrieved from /opt/airflow/dags/job_scraping_dag.py
[2026-03-24T20:39:32.353+0000] {logging_mixin.py:190} INFO - [2026-03-24T20:39:32.351+0000] {dag.py:3239} INFO - Sync 1 DAGs
[2026-03-24T20:39:32.452+0000] {logging_mixin.py:190} INFO - [2026-03-24T20:39:32.451+0000] {dag.py:4180} INFO - Setting next_dagrun for daily_job_scraping to 2026-03-24 12:00:00+00:00, run_after=2026-03-25 12:00:00+00:00
[2026-03-24T20:39:32.525+0000] {processor.py:208} INFO - Processing /opt/airflow/dags/job_scraping_dag.py took 2.465 seconds
[2026-03-24T20:40:03.369+0000] {processor.py:186} INFO - Started process (PID=359) to work on /opt/airflow/dags/job_scraping_dag.py
[2026-03-24T20:40:03.381+0000] {processor.py:914} INFO - Processing file /opt/airflow/dags/job_scraping_dag.py for tasks to queue
[2026-03-24T20:40:03.387+0000] {logging_mixin.py:190} INFO - [2026-03-24T20:40:03.386+0000] {dagbag.py:588} INFO - Filling up the DagBag from /opt/airflow/dags/job_scraping_dag.py
[2026-03-24T20:40:06.945+0000] {processor.py:925} INFO - DAG(s) 'daily_job_scraping' retrieved from /opt/airflow/dags/job_scraping_dag.py
[2026-03-24T20:40:07.072+0000] {logging_mixin.py:190} INFO - [2026-03-24T20:40:07.071+0000] {dag.py:3239} INFO - Sync 1 DAGs
[2026-03-24T20:40:07.188+0000] {logging_mixin.py:190} INFO - [2026-03-24T20:40:07.177+0000] {dag.py:4180} INFO - Setting next_dagrun for daily_job_scraping to 2026-03-24 12:00:00+00:00, run_after=2026-03-25 12:00:00+00:00
[2026-03-24T20:40:07.263+0000] {processor.py:208} INFO - Processing /opt/airflow/dags/job_scraping_dag.py took 3.930 seconds
[2026-03-24T20:40:38.265+0000] {processor.py:186} INFO - Started process (PID=365) to work on /opt/airflow/dags/job_scraping_dag.py
[2026-03-24T20:40:38.268+0000] {processor.py:914} INFO - Processing file /opt/airflow/dags/job_scraping_dag.py for tasks to queue
[2026-03-24T20:40:38.274+0000] {logging_mixin.py:190} INFO - [2026-03-24T20:40:38.273+0000] {dagbag.py:588} INFO - Filling up the DagBag from /opt/airflow/dags/job_scraping_dag.py
[2026-03-24T20:40:40.353+0000] {processor.py:925} INFO - DAG(s) 'daily_job_scraping' retrieved from /opt/airflow/dags/job_scraping_dag.py
[2026-03-24T20:40:40.413+0000] {logging_mixin.py:190} INFO - [2026-03-24T20:40:40.412+0000] {dag.py:3239} INFO - Sync 1 DAGs
[2026-03-24T20:40:40.514+0000] {logging_mixin.py:190} INFO - [2026-03-24T20:40:40.513+0000] {dag.py:4180} INFO - Setting next_dagrun for daily_job_scraping to 2026-03-24 12:00:00+00:00, run_after=2026-03-25 12:00:00+00:00
[2026-03-24T20:40:40.589+0000] {processor.py:208} INFO - Processing /opt/airflow/dags/job_scraping_dag.py took 2.368 seconds
[2026-03-24T20:41:11.512+0000] {processor.py:186} INFO - Started process (PID=371) to work on /opt/airflow/dags/job_scraping_dag.py
[2026-03-24T20:41:11.515+0000] {processor.py:914} INFO - Processing file /opt/airflow/dags/job_scraping_dag.py for tasks to queue
[2026-03-24T20:41:11.532+0000] {logging_mixin.py:190} INFO - [2026-03-24T20:41:11.531+0000] {dagbag.py:588} INFO - Filling up the DagBag from /opt/airflow/dags/job_scraping_dag.py
[2026-03-24T20:41:14.937+0000] {processor.py:925} INFO - DAG(s) 'daily_job_scraping' retrieved from /opt/airflow/dags/job_scraping_dag.py
[2026-03-24T20:41:15.141+0000] {logging_mixin.py:190} INFO - [2026-03-24T20:41:15.130+0000] {dag.py:3239} INFO - Sync 1 DAGs
[2026-03-24T20:41:15.345+0000] {logging_mixin.py:190} INFO - [2026-03-24T20:41:15.335+0000] {dag.py:4180} INFO - Setting next_dagrun for daily_job_scraping to 2026-03-24 12:00:00+00:00, run_after=2026-03-25 12:00:00+00:00
[2026-03-24T20:41:15.466+0000] {processor.py:208} INFO - Processing /opt/airflow/dags/job_scraping_dag.py took 4.006 seconds
[2026-03-24T20:41:45.971+0000] {processor.py:186} INFO - Started process (PID=377) to work on /opt/airflow/dags/job_scraping_dag.py
[2026-03-24T20:41:45.982+0000] {processor.py:914} INFO - Processing file /opt/airflow/dags/job_scraping_dag.py for tasks to queue
[2026-03-24T20:41:45.987+0000] {logging_mixin.py:190} INFO - [2026-03-24T20:41:45.986+0000] {dagbag.py:588} INFO - Filling up the DagBag from /opt/airflow/dags/job_scraping_dag.py
[2026-03-24T20:41:46.987+0000] {processor.py:925} INFO - DAG(s) 'daily_job_scraping' retrieved from /opt/airflow/dags/job_scraping_dag.py
[2026-03-24T20:41:47.123+0000] {logging_mixin.py:190} INFO - [2026-03-24T20:41:47.122+0000] {dag.py:3239} INFO - Sync 1 DAGs
[2026-03-24T20:41:47.197+0000] {logging_mixin.py:190} INFO - [2026-03-24T20:41:47.196+0000] {dag.py:4180} INFO - Setting next_dagrun for daily_job_scraping to 2026-03-24 12:00:00+00:00, run_after=2026-03-25 12:00:00+00:00
[2026-03-24T20:41:47.276+0000] {processor.py:208} INFO - Processing /opt/airflow/dags/job_scraping_dag.py took 3.637 seconds
[2026-03-24T20:42:17.677+0000] {processor.py:186} INFO - Started process (PID=383) to work on /opt/airflow/dags/job_scraping_dag.py
[2026-03-24T20:42:17.680+0000] {processor.py:914} INFO - Processing file /opt/airflow/dags/job_scraping_dag.py for tasks to queue
[2026-03-24T20:42:17.687+0000] {logging_mixin.py:190} INFO - [2026-03-24T20:42:17.686+0000] {dagbag.py:588} INFO - Filling up the DagBag from /opt/airflow/dags/job_scraping_dag.py
[2026-03-24T20:42:18.946+0000] {processor.py:925} INFO - DAG(s) 'daily_job_scraping' retrieved from /opt/airflow/dags/job_scraping_dag.py
[2026-03-24T20:42:19.004+0000] {logging_mixin.py:190} INFO - [2026-03-24T20:42:19.003+0000] {dag.py:3239} INFO - Sync 1 DAGs
[2026-03-24T20:42:19.041+0000] {logging_mixin.py:190} INFO - [2026-03-24T20:42:19.041+0000] {dag.py:4180} INFO - Setting next_dagrun for daily_job_scraping to 2026-03-24 12:00:00+00:00, run_after=2026-03-25 12:00:00+00:00
[2026-03-24T20:42:19.080+0000] {processor.py:208} INFO - Processing /opt/airflow/dags/job_scraping_dag.py took 1.417 seconds
[2026-03-24T20:42:49.401+0000] {processor.py:186} INFO - Started process (PID=389) to work on /opt/airflow/dags/job_scraping_dag.py
[2026-03-24T20:42:49.402+0000] {processor.py:914} INFO - Processing file /opt/airflow/dags/job_scraping_dag.py for tasks to queue
[2026-03-24T20:42:49.406+0000] {logging_mixin.py:190} INFO - [2026-03-24T20:42:49.405+0000] {dagbag.py:588} INFO - Filling up the DagBag from /opt/airflow/dags/job_scraping_dag.py
[2026-03-24T20:42:51.393+0000] {processor.py:925} INFO - DAG(s) 'daily_job_scraping' retrieved from /opt/airflow/dags/job_scraping_dag.py
[2026-03-24T20:42:51.471+0000] {logging_mixin.py:190} INFO - [2026-03-24T20:42:51.470+0000] {dag.py:3239} INFO - Sync 1 DAGs
[2026-03-24T20:42:51.514+0000] {logging_mixin.py:190} INFO - [2026-03-24T20:42:51.514+0000] {dag.py:4180} INFO - Setting next_dagrun for daily_job_scraping to 2026-03-24 12:00:00+00:00, run_after=2026-03-25 12:00:00+00:00
[2026-03-24T20:42:51.555+0000] {processor.py:208} INFO - Processing /opt/airflow/dags/job_scraping_dag.py took 2.168 seconds
[2026-03-24T20:43:21.721+0000] {processor.py:186} INFO - Started process (PID=395) to work on /opt/airflow/dags/job_scraping_dag.py
[2026-03-24T20:43:21.724+0000] {processor.py:914} INFO - Processing file /opt/airflow/dags/job_scraping_dag.py for tasks to queue
[2026-03-24T20:43:21.730+0000] {logging_mixin.py:190} INFO - [2026-03-24T20:43:21.729+0000] {dagbag.py:588} INFO - Filling up the DagBag from /opt/airflow/dags/job_scraping_dag.py
[2026-03-24T20:43:23.227+0000] {processor.py:925} INFO - DAG(s) 'daily_job_scraping' retrieved from /opt/airflow/dags/job_scraping_dag.py
[2026-03-24T20:43:23.294+0000] {logging_mixin.py:190} INFO - [2026-03-24T20:43:23.294+0000] {dag.py:3239} INFO - Sync 1 DAGs
[2026-03-24T20:43:23.340+0000] {logging_mixin.py:190} INFO - [2026-03-24T20:43:23.339+0000] {dag.py:4180} INFO - Setting next_dagrun for daily_job_scraping to 2026-03-24 12:00:00+00:00, run_after=2026-03-25 12:00:00+00:00
[2026-03-24T20:43:23.388+0000] {processor.py:208} INFO - Processing /opt/airflow/dags/job_scraping_dag.py took 1.695 seconds
[2026-03-24T20:43:54.039+0000] {processor.py:186} INFO - Started process (PID=401) to work on /opt/airflow/dags/job_scraping_dag.py
[2026-03-24T20:43:54.047+0000] {processor.py:914} INFO - Processing file /opt/airflow/dags/job_scraping_dag.py for tasks to queue
[2026-03-24T20:43:54.060+0000] {logging_mixin.py:190} INFO - [2026-03-24T20:43:54.059+0000] {dagbag.py:588} INFO - Filling up the DagBag from /opt/airflow/dags/job_scraping_dag.py
[2026-03-24T20:43:56.080+0000] {processor.py:925} INFO - DAG(s) 'daily_job_scraping' retrieved from /opt/airflow/dags/job_scraping_dag.py
[2026-03-24T20:43:56.141+0000] {logging_mixin.py:190} INFO - [2026-03-24T20:43:56.140+0000] {dag.py:3239} INFO - Sync 1 DAGs
[2026-03-24T20:43:56.200+0000] {logging_mixin.py:190} INFO - [2026-03-24T20:43:56.200+0000] {dag.py:4180} INFO - Setting next_dagrun for daily_job_scraping to 2026-03-24 12:00:00+00:00, run_after=2026-03-25 12:00:00+00:00
[2026-03-24T20:43:56.276+0000] {processor.py:208} INFO - Processing /opt/airflow/dags/job_scraping_dag.py took 2.275 seconds
[2026-03-24T20:44:26.496+0000] {processor.py:186} INFO - Started process (PID=407) to work on /opt/airflow/dags/job_scraping_dag.py
[2026-03-24T20:44:26.498+0000] {processor.py:914} INFO - Processing file /opt/airflow/dags/job_scraping_dag.py for tasks to queue
[2026-03-24T20:44:26.502+0000] {logging_mixin.py:190} INFO - [2026-03-24T20:44:26.501+0000] {dagbag.py:588} INFO - Filling up the DagBag from /opt/airflow/dags/job_scraping_dag.py
[2026-03-24T20:44:27.954+0000] {processor.py:925} INFO - DAG(s) 'daily_job_scraping' retrieved from /opt/airflow/dags/job_scraping_dag.py
[2026-03-24T20:44:28.010+0000] {logging_mixin.py:190} INFO - [2026-03-24T20:44:28.009+0000] {dag.py:3239} INFO - Sync 1 DAGs
[2026-03-24T20:44:28.061+0000] {logging_mixin.py:190} INFO - [2026-03-24T20:44:28.060+0000] {dag.py:4180} INFO - Setting next_dagrun for daily_job_scraping to 2026-03-24 12:00:00+00:00, run_after=2026-03-25 12:00:00+00:00
[2026-03-24T20:44:28.095+0000] {processor.py:208} INFO - Processing /opt/airflow/dags/job_scraping_dag.py took 1.615 seconds
[2026-03-24T20:44:58.919+0000] {processor.py:186} INFO - Started process (PID=413) to work on /opt/airflow/dags/job_scraping_dag.py
[2026-03-24T20:44:58.924+0000] {processor.py:914} INFO - Processing file /opt/airflow/dags/job_scraping_dag.py for tasks to queue
[2026-03-24T20:44:58.939+0000] {logging_mixin.py:190} INFO - [2026-03-24T20:44:58.938+0000] {dagbag.py:588} INFO - Filling up the DagBag from /opt/airflow/dags/job_scraping_dag.py
[2026-03-24T20:45:00.771+0000] {processor.py:925} INFO - DAG(s) 'daily_job_scraping' retrieved from /opt/airflow/dags/job_scraping_dag.py
[2026-03-24T20:45:00.907+0000] {logging_mixin.py:190} INFO - [2026-03-24T20:45:00.906+0000] {dag.py:3239} INFO - Sync 1 DAGs
[2026-03-24T20:45:01.012+0000] {logging_mixin.py:190} INFO - [2026-03-24T20:45:01.012+0000] {dag.py:4180} INFO - Setting next_dagrun for daily_job_scraping to 2026-03-24 12:00:00+00:00, run_after=2026-03-25 12:00:00+00:00
[2026-03-24T20:45:01.097+0000] {processor.py:208} INFO - Processing /opt/airflow/dags/job_scraping_dag.py took 4.527 seconds
[2026-03-24T20:45:31.425+0000] {processor.py:186} INFO - Started process (PID=419) to work on /opt/airflow/dags/job_scraping_dag.py
[2026-03-24T20:45:31.427+0000] {processor.py:914} INFO - Processing file /opt/airflow/dags/job_scraping_dag.py for tasks to queue
[2026-03-24T20:45:31.433+0000] {logging_mixin.py:190} INFO - [2026-03-24T20:45:31.432+0000] {dagbag.py:588} INFO - Filling up the DagBag from /opt/airflow/dags/job_scraping_dag.py
[2026-03-24T20:45:33.470+0000] {processor.py:925} INFO - DAG(s) 'daily_job_scraping' retrieved from /opt/airflow/dags/job_scraping_dag.py
[2026-03-24T20:45:33.545+0000] {logging_mixin.py:190} INFO - [2026-03-24T20:45:33.544+0000] {dag.py:3239} INFO - Sync 1 DAGs
[2026-03-24T20:45:33.617+0000] {logging_mixin.py:190} INFO - [2026-03-24T20:45:33.617+0000] {dag.py:4180} INFO - Setting next_dagrun for daily_job_scraping to 2026-03-24 12:00:00+00:00, run_after=2026-03-25 12:00:00+00:00
[2026-03-24T20:45:33.667+0000] {processor.py:208} INFO - Processing /opt/airflow/dags/job_scraping_dag.py took 2.273 seconds
[2026-03-24T20:46:04.022+0000] {processor.py:186} INFO - Started process (PID=425) to work on /opt/airflow/dags/job_scraping_dag.py
[2026-03-24T20:46:04.024+0000] {processor.py:914} INFO - Processing file /opt/airflow/dags/job_scraping_dag.py for tasks to queue
[2026-03-24T20:46:04.029+0000] {logging_mixin.py:190} INFO - [2026-03-24T20:46:04.029+0000] {dagbag.py:588} INFO - Filling up the DagBag from /opt/airflow/dags/job_scraping_dag.py
[2026-03-24T20:46:06.465+0000] {processor.py:925} INFO - DAG(s) 'daily_job_scraping' retrieved from /opt/airflow/dags/job_scraping_dag.py
[2026-03-24T20:46:06.569+0000] {logging_mixin.py:190} INFO - [2026-03-24T20:46:06.567+0000] {dag.py:3239} INFO - Sync 1 DAGs
[2026-03-24T20:46:06.652+0000] {logging_mixin.py:190} INFO - [2026-03-24T20:46:06.651+0000] {dag.py:4180} INFO - Setting next_dagrun for daily_job_scraping to 2026-03-24 12:00:00+00:00, run_after=2026-03-25 12:00:00+00:00
[2026-03-24T20:46:06.733+0000] {processor.py:208} INFO - Processing /opt/airflow/dags/job_scraping_dag.py took 2.728 seconds
[2026-03-24T20:46:37.565+0000] {processor.py:186} INFO - Started process (PID=431) to work on /opt/airflow/dags/job_scraping_dag.py
[2026-03-24T20:46:37.614+0000] {processor.py:914} INFO - Processing file /opt/airflow/dags/job_scraping_dag.py for tasks to queue
[2026-03-24T20:46:37.665+0000] {logging_mixin.py:190} INFO - [2026-03-24T20:46:37.664+0000] {dagbag.py:588} INFO - Filling up the DagBag from /opt/airflow/dags/job_scraping_dag.py
[2026-03-24T20:46:41.474+0000] {processor.py:925} INFO - DAG(s) 'daily_job_scraping' retrieved from /opt/airflow/dags/job_scraping_dag.py
[2026-03-24T20:46:41.614+0000] {logging_mixin.py:190} INFO - [2026-03-24T20:46:41.613+0000] {dag.py:3239} INFO - Sync 1 DAGs
[2026-03-24T20:46:41.751+0000] {logging_mixin.py:190} INFO - [2026-03-24T20:46:41.750+0000] {dag.py:4180} INFO - Setting next_dagrun for daily_job_scraping to 2026-03-24 12:00:00+00:00, run_after=2026-03-25 12:00:00+00:00
[2026-03-24T20:46:41.826+0000] {processor.py:208} INFO - Processing /opt/airflow/dags/job_scraping_dag.py took 4.288 seconds
[2026-03-24T20:47:12.370+0000] {processor.py:186} INFO - Started process (PID=437) to work on /opt/airflow/dags/job_scraping_dag.py
[2026-03-24T20:47:12.372+0000] {processor.py:914} INFO - Processing file /opt/airflow/dags/job_scraping_dag.py for tasks to queue
[2026-03-24T20:47:12.377+0000] {logging_mixin.py:190} INFO - [2026-03-24T20:47:12.377+0000] {dagbag.py:588} INFO - Filling up the DagBag from /opt/airflow/dags/job_scraping_dag.py
[2026-03-24T20:47:14.692+0000] {processor.py:925} INFO - DAG(s) 'daily_job_scraping' retrieved from /opt/airflow/dags/job_scraping_dag.py
[2026-03-24T20:47:14.773+0000] {logging_mixin.py:190} INFO - [2026-03-24T20:47:14.772+0000] {dag.py:3239} INFO - Sync 1 DAGs
[2026-03-24T20:47:14.873+0000] {logging_mixin.py:190} INFO - [2026-03-24T20:47:14.873+0000] {dag.py:4180} INFO - Setting next_dagrun for daily_job_scraping to 2026-03-24 12:00:00+00:00, run_after=2026-03-25 12:00:00+00:00
[2026-03-24T20:47:14.951+0000] {processor.py:208} INFO - Processing /opt/airflow/dags/job_scraping_dag.py took 2.597 seconds
[2026-03-24T20:47:45.330+0000] {processor.py:186} INFO - Started process (PID=443) to work on /opt/airflow/dags/job_scraping_dag.py
[2026-03-24T20:47:45.345+0000] {processor.py:914} INFO - Processing file /opt/airflow/dags/job_scraping_dag.py for tasks to queue
[2026-03-24T20:47:45.362+0000] {logging_mixin.py:190} INFO - [2026-03-24T20:47:45.361+0000] {dagbag.py:588} INFO - Filling up the DagBag from /opt/airflow/dags/job_scraping_dag.py
[2026-03-24T20:47:47.377+0000] {processor.py:925} INFO - DAG(s) 'daily_job_scraping' retrieved from /opt/airflow/dags/job_scraping_dag.py
[2026-03-24T20:47:45.212+0000] {logging_mixin.py:190} INFO - [2026-03-24T20:47:45.211+0000] {dag.py:3239} INFO - Sync 1 DAGs
[2026-03-24T20:47:45.300+0000] {logging_mixin.py:190} INFO - [2026-03-24T20:47:45.299+0000] {dag.py:4180} INFO - Setting next_dagrun for daily_job_scraping to 2026-03-24 12:00:00+00:00, run_after=2026-03-25 12:00:00+00:00
[2026-03-24T20:47:45.340+0000] {processor.py:208} INFO - Processing /opt/airflow/dags/job_scraping_dag.py took 2.342 seconds
[2026-03-24T20:48:16.860+0000] {processor.py:186} INFO - Started process (PID=449) to work on /opt/airflow/dags/job_scraping_dag.py
[2026-03-24T20:48:16.863+0000] {processor.py:914} INFO - Processing file /opt/airflow/dags/job_scraping_dag.py for tasks to queue
[2026-03-24T20:48:16.881+0000] {logging_mixin.py:190} INFO - [2026-03-24T20:48:16.880+0000] {dagbag.py:588} INFO - Filling up the DagBag from /opt/airflow/dags/job_scraping_dag.py
[2026-03-24T20:48:21.640+0000] {processor.py:925} INFO - DAG(s) 'daily_job_scraping' retrieved from /opt/airflow/dags/job_scraping_dag.py
[2026-03-24T20:48:21.902+0000] {logging_mixin.py:190} INFO - [2026-03-24T20:48:21.891+0000] {dag.py:3239} INFO - Sync 1 DAGs
[2026-03-24T20:48:22.034+0000] {logging_mixin.py:190} INFO - [2026-03-24T20:48:22.034+0000] {dag.py:4180} INFO - Setting next_dagrun for daily_job_scraping to 2026-03-24 12:00:00+00:00, run_after=2026-03-25 12:00:00+00:00
[2026-03-24T20:48:22.113+0000] {processor.py:208} INFO - Processing /opt/airflow/dags/job_scraping_dag.py took 5.279 seconds
[2026-03-24T20:48:52.781+0000] {processor.py:186} INFO - Started process (PID=455) to work on /opt/airflow/dags/job_scraping_dag.py
[2026-03-24T20:48:52.807+0000] {processor.py:914} INFO - Processing file /opt/airflow/dags/job_scraping_dag.py for tasks to queue
[2026-03-24T20:48:52.812+0000] {logging_mixin.py:190} INFO - [2026-03-24T20:48:52.812+0000] {dagbag.py:588} INFO - Filling up the DagBag from /opt/airflow/dags/job_scraping_dag.py
[2026-03-24T20:48:56.580+0000] {processor.py:925} INFO - DAG(s) 'daily_job_scraping' retrieved from /opt/airflow/dags/job_scraping_dag.py
[2026-03-24T20:48:56.701+0000] {logging_mixin.py:190} INFO - [2026-03-24T20:48:56.700+0000] {dag.py:3239} INFO - Sync 1 DAGs
[2026-03-24T20:48:56.806+0000] {logging_mixin.py:190} INFO - [2026-03-24T20:48:56.806+0000] {dag.py:4180} INFO - Setting next_dagrun for daily_job_scraping to 2026-03-24 12:00:00+00:00, run_after=2026-03-25 12:00:00+00:00
[2026-03-24T20:48:56.909+0000] {processor.py:208} INFO - Processing /opt/airflow/dags/job_scraping_dag.py took 4.155 seconds
[2026-03-24T20:49:28.335+0000] {processor.py:186} INFO - Started process (PID=461) to work on /opt/airflow/dags/job_scraping_dag.py
[2026-03-24T20:49:28.337+0000] {processor.py:914} INFO - Processing file /opt/airflow/dags/job_scraping_dag.py for tasks to queue
[2026-03-24T20:49:28.358+0000] {logging_mixin.py:190} INFO - [2026-03-24T20:49:28.357+0000] {dagbag.py:588} INFO - Filling up the DagBag from /opt/airflow/dags/job_scraping_dag.py
[2026-03-24T20:49:33.099+0000] {processor.py:925} INFO - DAG(s) 'daily_job_scraping' retrieved from /opt/airflow/dags/job_scraping_dag.py
[2026-03-24T20:49:33.232+0000] {logging_mixin.py:190} INFO - [2026-03-24T20:49:33.232+0000] {dag.py:3239} INFO - Sync 1 DAGs
[2026-03-24T20:49:33.387+0000] {logging_mixin.py:190} INFO - [2026-03-24T20:49:33.386+0000] {dag.py:4180} INFO - Setting next_dagrun for daily_job_scraping to 2026-03-24 12:00:00+00:00, run_after=2026-03-25 12:00:00+00:00
[2026-03-24T20:49:33.524+0000] {processor.py:208} INFO - Processing /opt/airflow/dags/job_scraping_dag.py took 5.214 seconds
[2026-03-24T20:50:04.045+0000] {processor.py:186} INFO - Started process (PID=467) to work on /opt/airflow/dags/job_scraping_dag.py
[2026-03-24T20:50:04.048+0000] {processor.py:914} INFO - Processing file /opt/airflow/dags/job_scraping_dag.py for tasks to queue
[2026-03-24T20:50:04.064+0000] {logging_mixin.py:190} INFO - [2026-03-24T20:50:04.063+0000] {dagbag.py:588} INFO - Filling up the DagBag from /opt/airflow/dags/job_scraping_dag.py
[2026-03-24T20:50:05.106+0000] {processor.py:925} INFO - DAG(s) 'daily_job_scraping' retrieved from /opt/airflow/dags/job_scraping_dag.py
[2026-03-24T20:50:05.232+0000] {logging_mixin.py:190} INFO - [2026-03-24T20:50:05.231+0000] {dag.py:3239} INFO - Sync 1 DAGs
[2026-03-24T20:50:05.349+0000] {logging_mixin.py:190} INFO - [2026-03-24T20:50:05.349+0000] {dag.py:4180} INFO - Setting next_dagrun for daily_job_scraping to 2026-03-24 12:00:00+00:00, run_after=2026-03-25 12:00:00+00:00
[2026-03-24T20:50:05.427+0000] {processor.py:208} INFO - Processing /opt/airflow/dags/job_scraping_dag.py took 3.718 seconds
[2026-03-24T20:50:35.730+0000] {processor.py:186} INFO - Started process (PID=473) to work on /opt/airflow/dags/job_scraping_dag.py
[2026-03-24T20:50:35.732+0000] {processor.py:914} INFO - Processing file /opt/airflow/dags/job_scraping_dag.py for tasks to queue
[2026-03-24T20:50:35.744+0000] {logging_mixin.py:190} INFO - [2026-03-24T20:50:35.743+0000] {dagbag.py:588} INFO - Filling up the DagBag from /opt/airflow/dags/job_scraping_dag.py
[2026-03-24T20:50:37.248+0000] {processor.py:925} INFO - DAG(s) 'daily_job_scraping' retrieved from /opt/airflow/dags/job_scraping_dag.py
[2026-03-24T20:50:37.312+0000] {logging_mixin.py:190} INFO - [2026-03-24T20:50:37.312+0000] {dag.py:3239} INFO - Sync 1 DAGs
[2026-03-24T20:50:37.352+0000] {logging_mixin.py:190} INFO - [2026-03-24T20:50:37.352+0000] {dag.py:4180} INFO - Setting next_dagrun for daily_job_scraping to 2026-03-24 12:00:00+00:00, run_after=2026-03-25 12:00:00+00:00
[2026-03-24T20:50:37.388+0000] {processor.py:208} INFO - Processing /opt/airflow/dags/job_scraping_dag.py took 1.691 seconds
[2026-03-24T20:51:07.573+0000] {processor.py:186} INFO - Started process (PID=479) to work on /opt/airflow/dags/job_scraping_dag.py
[2026-03-24T20:51:07.579+0000] {processor.py:914} INFO - Processing file /opt/airflow/dags/job_scraping_dag.py for tasks to queue
[2026-03-24T20:51:07.587+0000] {logging_mixin.py:190} INFO - [2026-03-24T20:51:07.586+0000] {dagbag.py:588} INFO - Filling up the DagBag from /opt/airflow/dags/job_scraping_dag.py
[2026-03-24T20:51:09.735+0000] {processor.py:925} INFO - DAG(s) 'daily_job_scraping' retrieved from /opt/airflow/dags/job_scraping_dag.py
[2026-03-24T20:51:09.797+0000] {logging_mixin.py:190} INFO - [2026-03-24T20:51:09.793+0000] {dag.py:3239} INFO - Sync 1 DAGs
[2026-03-24T20:51:09.842+0000] {logging_mixin.py:190} INFO - [2026-03-24T20:51:09.842+0000] {dag.py:4180} INFO - Setting next_dagrun for daily_job_scraping to 2026-03-24 12:00:00+00:00, run_after=2026-03-25 12:00:00+00:00
[2026-03-24T20:51:09.876+0000] {processor.py:208} INFO - Processing /opt/airflow/dags/job_scraping_dag.py took 2.334 seconds
[2026-03-24T20:51:40.203+0000] {processor.py:186} INFO - Started process (PID=485) to work on /opt/airflow/dags/job_scraping_dag.py
[2026-03-24T20:51:40.205+0000] {processor.py:914} INFO - Processing file /opt/airflow/dags/job_scraping_dag.py for tasks to queue
[2026-03-24T20:51:40.211+0000] {logging_mixin.py:190} INFO - [2026-03-24T20:51:40.210+0000] {dagbag.py:588} INFO - Filling up the DagBag from /opt/airflow/dags/job_scraping_dag.py
[2026-03-24T20:51:41.915+0000] {processor.py:925} INFO - DAG(s) 'daily_job_scraping' retrieved from /opt/airflow/dags/job_scraping_dag.py
[2026-03-24T20:51:41.983+0000] {logging_mixin.py:190} INFO - [2026-03-24T20:51:41.982+0000] {dag.py:3239} INFO - Sync 1 DAGs
[2026-03-24T20:51:42.021+0000] {logging_mixin.py:190} INFO - [2026-03-24T20:51:42.021+0000] {dag.py:4180} INFO - Setting next_dagrun for daily_job_scraping to 2026-03-24 12:00:00+00:00, run_after=2026-03-25 12:00:00+00:00
[2026-03-24T20:51:42.063+0000] {processor.py:208} INFO - Processing /opt/airflow/dags/job_scraping_dag.py took 1.876 seconds
[2026-03-24T20:52:12.501+0000] {processor.py:186} INFO - Started process (PID=491) to work on /opt/airflow/dags/job_scraping_dag.py
[2026-03-24T20:52:12.514+0000] {processor.py:914} INFO - Processing file /opt/airflow/dags/job_scraping_dag.py for tasks to queue
[2026-03-24T20:52:12.524+0000] {logging_mixin.py:190} INFO - [2026-03-24T20:52:12.523+0000] {dagbag.py:588} INFO - Filling up the DagBag from /opt/airflow/dags/job_scraping_dag.py
[2026-03-24T20:52:14.728+0000] {processor.py:925} INFO - DAG(s) 'daily_job_scraping' retrieved from /opt/airflow/dags/job_scraping_dag.py
[2026-03-24T20:52:14.847+0000] {logging_mixin.py:190} INFO - [2026-03-24T20:52:14.845+0000] {dag.py:3239} INFO - Sync 1 DAGs
[2026-03-24T20:52:14.913+0000] {logging_mixin.py:190} INFO - [2026-03-24T20:52:14.912+0000] {dag.py:4180} INFO - Setting next_dagrun for daily_job_scraping to 2026-03-24 12:00:00+00:00, run_after=2026-03-25 12:00:00+00:00
[2026-03-24T20:52:14.947+0000] {processor.py:208} INFO - Processing /opt/airflow/dags/job_scraping_dag.py took 2.463 seconds
[2026-03-24T20:52:45.349+0000] {processor.py:186} INFO - Started process (PID=497) to work on /opt/airflow/dags/job_scraping_dag.py
[2026-03-24T20:52:45.351+0000] {processor.py:914} INFO - Processing file /opt/airflow/dags/job_scraping_dag.py for tasks to queue
[2026-03-24T20:52:45.357+0000] {logging_mixin.py:190} INFO - [2026-03-24T20:52:45.356+0000] {dagbag.py:588} INFO - Filling up the DagBag from /opt/airflow/dags/job_scraping_dag.py
[2026-03-24T20:52:47.375+0000] {processor.py:925} INFO - DAG(s) 'daily_job_scraping' retrieved from /opt/airflow/dags/job_scraping_dag.py
[2026-03-24T20:52:47.463+0000] {logging_mixin.py:190} INFO - [2026-03-24T20:52:47.462+0000] {dag.py:3239} INFO - Sync 1 DAGs
[2026-03-24T20:52:47.528+0000] {logging_mixin.py:190} INFO - [2026-03-24T20:52:47.527+0000] {dag.py:4180} INFO - Setting next_dagrun for daily_job_scraping to 2026-03-24 12:00:00+00:00, run_after=2026-03-25 12:00:00+00:00
[2026-03-24T20:52:47.587+0000] {processor.py:208} INFO - Processing /opt/airflow/dags/job_scraping_dag.py took 2.257 seconds
[2026-03-24T20:53:18.458+0000] {processor.py:186} INFO - Started process (PID=503) to work on /opt/airflow/dags/job_scraping_dag.py
[2026-03-24T20:53:18.596+0000] {processor.py:914} INFO - Processing file /opt/airflow/dags/job_scraping_dag.py for tasks to queue
[2026-03-24T20:53:18.775+0000] {logging_mixin.py:190} INFO - [2026-03-24T20:53:18.774+0000] {dagbag.py:588} INFO - Filling up the DagBag from /opt/airflow/dags/job_scraping_dag.py
[2026-03-24T20:53:24.067+0000] {processor.py:925} INFO - DAG(s) 'daily_job_scraping' retrieved from /opt/airflow/dags/job_scraping_dag.py
[2026-03-24T20:53:24.284+0000] {logging_mixin.py:190} INFO - [2026-03-24T20:53:24.283+0000] {dag.py:3239} INFO - Sync 1 DAGs
[2026-03-24T20:53:24.435+0000] {logging_mixin.py:190} INFO - [2026-03-24T20:53:24.435+0000] {dag.py:4180} INFO - Setting next_dagrun for daily_job_scraping to 2026-03-24 12:00:00+00:00, run_after=2026-03-25 12:00:00+00:00
[2026-03-24T20:53:24.867+0000] {processor.py:208} INFO - Processing /opt/airflow/dags/job_scraping_dag.py took 6.432 seconds
[2026-03-24T20:53:55.319+0000] {processor.py:186} INFO - Started process (PID=509) to work on /opt/airflow/dags/job_scraping_dag.py
[2026-03-24T20:53:55.346+0000] {processor.py:914} INFO - Processing file /opt/airflow/dags/job_scraping_dag.py for tasks to queue
[2026-03-24T20:53:55.379+0000] {logging_mixin.py:190} INFO - [2026-03-24T20:53:55.378+0000] {dagbag.py:588} INFO - Filling up the DagBag from /opt/airflow/dags/job_scraping_dag.py
[2026-03-24T20:53:59.343+0000] {processor.py:925} INFO - DAG(s) 'daily_job_scraping' retrieved from /opt/airflow/dags/job_scraping_dag.py
[2026-03-24T20:53:59.491+0000] {logging_mixin.py:190} INFO - [2026-03-24T20:53:59.490+0000] {dag.py:3239} INFO - Sync 1 DAGs
[2026-03-24T20:53:59.630+0000] {logging_mixin.py:190} INFO - [2026-03-24T20:53:59.620+0000] {dag.py:4180} INFO - Setting next_dagrun for daily_job_scraping to 2026-03-24 12:00:00+00:00, run_after=2026-03-25 12:00:00+00:00
[2026-03-24T20:53:59.740+0000] {processor.py:208} INFO - Processing /opt/airflow/dags/job_scraping_dag.py took 4.496 seconds
[2026-03-24T20:54:30.069+0000] {processor.py:186} INFO - Started process (PID=515) to work on /opt/airflow/dags/job_scraping_dag.py
[2026-03-24T20:54:30.071+0000] {processor.py:914} INFO - Processing file /opt/airflow/dags/job_scraping_dag.py for tasks to queue
[2026-03-24T20:54:30.077+0000] {logging_mixin.py:190} INFO - [2026-03-24T20:54:30.076+0000] {dagbag.py:588} INFO - Filling up the DagBag from /opt/airflow/dags/job_scraping_dag.py
[2026-03-24T20:54:31.370+0000] {processor.py:925} INFO - DAG(s) 'daily_job_scraping' retrieved from /opt/airflow/dags/job_scraping_dag.py
[2026-03-24T20:54:31.433+0000] {logging_mixin.py:190} INFO - [2026-03-24T20:54:31.432+0000] {dag.py:3239} INFO - Sync 1 DAGs
[2026-03-24T20:54:31.484+0000] {logging_mixin.py:190} INFO - [2026-03-24T20:54:31.484+0000] {dag.py:4180} INFO - Setting next_dagrun for daily_job_scraping to 2026-03-24 12:00:00+00:00, run_after=2026-03-25 12:00:00+00:00
[2026-03-24T20:54:31.513+0000] {processor.py:208} INFO - Processing /opt/airflow/dags/job_scraping_dag.py took 1.462 seconds
[2026-03-24T20:55:01.815+0000] {processor.py:186} INFO - Started process (PID=521) to work on /opt/airflow/dags/job_scraping_dag.py
[2026-03-24T20:55:01.817+0000] {processor.py:914} INFO - Processing file /opt/airflow/dags/job_scraping_dag.py for tasks to queue
[2026-03-24T20:55:01.833+0000] {logging_mixin.py:190} INFO - [2026-03-24T20:55:01.832+0000] {dagbag.py:588} INFO - Filling up the DagBag from /opt/airflow/dags/job_scraping_dag.py
[2026-03-24T20:55:05.243+0000] {processor.py:925} INFO - DAG(s) 'daily_job_scraping' retrieved from /opt/airflow/dags/job_scraping_dag.py
[2026-03-24T20:55:05.360+0000] {logging_mixin.py:190} INFO - [2026-03-24T20:55:05.349+0000] {dag.py:3239} INFO - Sync 1 DAGs
[2026-03-24T20:55:05.465+0000] {logging_mixin.py:190} INFO - [2026-03-24T20:55:05.464+0000] {dag.py:4180} INFO - Setting next_dagrun for daily_job_scraping to 2026-03-24 12:00:00+00:00, run_after=2026-03-25 12:00:00+00:00
[2026-03-24T20:55:05.533+0000] {processor.py:208} INFO - Processing /opt/airflow/dags/job_scraping_dag.py took 3.756 seconds
[2026-03-24T20:55:36.001+0000] {processor.py:186} INFO - Started process (PID=527) to work on /opt/airflow/dags/job_scraping_dag.py
[2026-03-24T20:55:36.022+0000] {processor.py:914} INFO - Processing file /opt/airflow/dags/job_scraping_dag.py for tasks to queue
[2026-03-24T20:55:36.034+0000] {logging_mixin.py:190} INFO - [2026-03-24T20:55:36.033+0000] {dagbag.py:588} INFO - Filling up the DagBag from /opt/airflow/dags/job_scraping_dag.py
[2026-03-24T20:55:37.704+0000] {processor.py:925} INFO - DAG(s) 'daily_job_scraping' retrieved from /opt/airflow/dags/job_scraping_dag.py
[2026-03-24T20:55:37.743+0000] {logging_mixin.py:190} INFO - [2026-03-24T20:55:37.743+0000] {dag.py:3239} INFO - Sync 1 DAGs
[2026-03-24T20:55:37.783+0000] {logging_mixin.py:190} INFO - [2026-03-24T20:55:37.783+0000] {dag.py:4180} INFO - Setting next_dagrun for daily_job_scraping to 2026-03-24 12:00:00+00:00, run_after=2026-03-25 12:00:00+00:00
[2026-03-24T20:55:37.812+0000] {processor.py:208} INFO - Processing /opt/airflow/dags/job_scraping_dag.py took 1.849 seconds
[2026-03-24T20:56:08.138+0000] {processor.py:186} INFO - Started process (PID=533) to work on /opt/airflow/dags/job_scraping_dag.py
[2026-03-24T20:56:08.154+0000] {processor.py:914} INFO - Processing file /opt/airflow/dags/job_scraping_dag.py for tasks to queue
[2026-03-24T20:56:08.167+0000] {logging_mixin.py:190} INFO - [2026-03-24T20:56:08.166+0000] {dagbag.py:588} INFO - Filling up the DagBag from /opt/airflow/dags/job_scraping_dag.py
[2026-03-24T20:56:10.582+0000] {processor.py:925} INFO - DAG(s) 'daily_job_scraping' retrieved from /opt/airflow/dags/job_scraping_dag.py
[2026-03-24T20:56:10.645+0000] {logging_mixin.py:190} INFO - [2026-03-24T20:56:10.641+0000] {dag.py:3239} INFO - Sync 1 DAGs
[2026-03-24T20:56:10.703+0000] {logging_mixin.py:190} INFO - [2026-03-24T20:56:10.702+0000] {dag.py:4180} INFO - Setting next_dagrun for daily_job_scraping to 2026-03-24 12:00:00+00:00, run_after=2026-03-25 12:00:00+00:00
[2026-03-24T20:56:10.739+0000] {processor.py:208} INFO - Processing /opt/airflow/dags/job_scraping_dag.py took 2.630 seconds
[2026-03-24T20:56:42.052+0000] {processor.py:186} INFO - Started process (PID=539) to work on /opt/airflow/dags/job_scraping_dag.py
[2026-03-24T20:56:42.062+0000] {processor.py:914} INFO - Processing file /opt/airflow/dags/job_scraping_dag.py for tasks to queue
[2026-03-24T20:56:42.081+0000] {logging_mixin.py:190} INFO - [2026-03-24T20:56:42.080+0000] {dagbag.py:588} INFO - Filling up the DagBag from /opt/airflow/dags/job_scraping_dag.py
[2026-03-24T20:56:46.040+0000] {processor.py:925} INFO - DAG(s) 'daily_job_scraping' retrieved from /opt/airflow/dags/job_scraping_dag.py
[2026-03-24T20:56:46.247+0000] {logging_mixin.py:190} INFO - [2026-03-24T20:56:46.246+0000] {dag.py:3239} INFO - Sync 1 DAGs
[2026-03-24T20:56:46.414+0000] {logging_mixin.py:190} INFO - [2026-03-24T20:56:46.413+0000] {dag.py:4180} INFO - Setting next_dagrun for daily_job_scraping to 2026-03-24 12:00:00+00:00, run_after=2026-03-25 12:00:00+00:00
[2026-03-24T20:56:46.599+0000] {processor.py:208} INFO - Processing /opt/airflow/dags/job_scraping_dag.py took 4.571 seconds
[2026-03-24T20:57:17.335+0000] {processor.py:186} INFO - Started process (PID=545) to work on /opt/airflow/dags/job_scraping_dag.py
[2026-03-24T20:57:17.338+0000] {processor.py:914} INFO - Processing file /opt/airflow/dags/job_scraping_dag.py for tasks to queue
[2026-03-24T20:57:17.344+0000] {logging_mixin.py:190} INFO - [2026-03-24T20:57:17.343+0000] {dagbag.py:588} INFO - Filling up the DagBag from /opt/airflow/dags/job_scraping_dag.py
[2026-03-24T20:57:18.720+0000] {processor.py:925} INFO - DAG(s) 'daily_job_scraping' retrieved from /opt/airflow/dags/job_scraping_dag.py
[2026-03-24T20:57:18.771+0000] {logging_mixin.py:190} INFO - [2026-03-24T20:57:18.770+0000] {dag.py:3239} INFO - Sync 1 DAGs
[2026-03-24T20:57:18.807+0000] {logging_mixin.py:190} INFO - [2026-03-24T20:57:18.807+0000] {dag.py:4180} INFO - Setting next_dagrun for daily_job_scraping to 2026-03-24 12:00:00+00:00, run_after=2026-03-25 12:00:00+00:00
[2026-03-24T20:57:18.840+0000] {processor.py:208} INFO - Processing /opt/airflow/dags/job_scraping_dag.py took 1.521 seconds
[2026-03-24T20:57:49.004+0000] {processor.py:186} INFO - Started process (PID=551) to work on /opt/airflow/dags/job_scraping_dag.py
[2026-03-24T20:57:49.006+0000] {processor.py:914} INFO - Processing file /opt/airflow/dags/job_scraping_dag.py for tasks to queue
[2026-03-24T20:57:49.016+0000] {logging_mixin.py:190} INFO - [2026-03-24T20:57:49.016+0000] {dagbag.py:588} INFO - Filling up the DagBag from /opt/airflow/dags/job_scraping_dag.py
[2026-03-24T20:57:50.532+0000] {processor.py:925} INFO - DAG(s) 'daily_job_scraping' retrieved from /opt/airflow/dags/job_scraping_dag.py
[2026-03-24T20:57:50.590+0000] {logging_mixin.py:190} INFO - [2026-03-24T20:57:50.589+0000] {dag.py:3239} INFO - Sync 1 DAGs
[2026-03-24T20:57:50.636+0000] {logging_mixin.py:190} INFO - [2026-03-24T20:57:50.635+0000] {dag.py:4180} INFO - Setting next_dagrun for daily_job_scraping to 2026-03-24 12:00:00+00:00, run_after=2026-03-25 12:00:00+00:00
[2026-03-24T20:57:50.672+0000] {processor.py:208} INFO - Processing /opt/airflow/dags/job_scraping_dag.py took 1.685 seconds
[2026-03-24T20:58:21.034+0000] {processor.py:186} INFO - Started process (PID=557) to work on /opt/airflow/dags/job_scraping_dag.py
[2026-03-24T20:58:21.036+0000] {processor.py:914} INFO - Processing file /opt/airflow/dags/job_scraping_dag.py for tasks to queue
[2026-03-24T20:58:21.044+0000] {logging_mixin.py:190} INFO - [2026-03-24T20:58:21.043+0000] {dagbag.py:588} INFO - Filling up the DagBag from /opt/airflow/dags/job_scraping_dag.py
[2026-03-24T20:58:22.465+0000] {processor.py:925} INFO - DAG(s) 'daily_job_scraping' retrieved from /opt/airflow/dags/job_scraping_dag.py
[2026-03-24T20:58:22.562+0000] {logging_mixin.py:190} INFO - [2026-03-24T20:58:22.561+0000] {dag.py:3239} INFO - Sync 1 DAGs
[2026-03-24T20:58:22.605+0000] {logging_mixin.py:190} INFO - [2026-03-24T20:58:22.604+0000] {dag.py:4180} INFO - Setting next_dagrun for daily_job_scraping to 2026-03-24 12:00:00+00:00, run_after=2026-03-25 12:00:00+00:00
[2026-03-24T20:58:22.633+0000] {processor.py:208} INFO - Processing /opt/airflow/dags/job_scraping_dag.py took 1.613 seconds
[2026-03-24T20:58:52.890+0000] {processor.py:186} INFO - Started process (PID=563) to work on /opt/airflow/dags/job_scraping_dag.py
[2026-03-24T20:58:52.892+0000] {processor.py:914} INFO - Processing file /opt/airflow/dags/job_scraping_dag.py for tasks to queue
[2026-03-24T20:58:52.899+0000] {logging_mixin.py:190} INFO - [2026-03-24T20:58:52.898+0000] {dagbag.py:588} INFO - Filling up the DagBag from /opt/airflow/dags/job_scraping_dag.py
[2026-03-24T20:58:55.384+0000] {processor.py:925} INFO - DAG(s) 'daily_job_scraping' retrieved from /opt/airflow/dags/job_scraping_dag.py
[2026-03-24T20:58:55.480+0000] {logging_mixin.py:190} INFO - [2026-03-24T20:58:55.479+0000] {dag.py:3239} INFO - Sync 1 DAGs
[2026-03-24T20:58:55.623+0000] {logging_mixin.py:190} INFO - [2026-03-24T20:58:55.622+0000] {dag.py:4180} INFO - Setting next_dagrun for daily_job_scraping to 2026-03-24 12:00:00+00:00, run_after=2026-03-25 12:00:00+00:00
[2026-03-24T20:58:55.769+0000] {processor.py:208} INFO - Processing /opt/airflow/dags/job_scraping_dag.py took 2.892 seconds
[2026-03-24T20:59:26.123+0000] {processor.py:186} INFO - Started process (PID=569) to work on /opt/airflow/dags/job_scraping_dag.py
[2026-03-24T20:59:26.125+0000] {processor.py:914} INFO - Processing file /opt/airflow/dags/job_scraping_dag.py for tasks to queue
[2026-03-24T20:59:26.132+0000] {logging_mixin.py:190} INFO - [2026-03-24T20:59:26.132+0000] {dagbag.py:588} INFO - Filling up the DagBag from /opt/airflow/dags/job_scraping_dag.py
[2026-03-24T20:59:27.250+0000] {processor.py:925} INFO - DAG(s) 'daily_job_scraping' retrieved from /opt/airflow/dags/job_scraping_dag.py
[2026-03-24T20:59:27.305+0000] {logging_mixin.py:190} INFO - [2026-03-24T20:59:27.304+0000] {dag.py:3239} INFO - Sync 1 DAGs
[2026-03-24T20:59:27.342+0000] {logging_mixin.py:190} INFO - [2026-03-24T20:59:27.342+0000] {dag.py:4180} INFO - Setting next_dagrun for daily_job_scraping to 2026-03-24 12:00:00+00:00, run_after=2026-03-25 12:00:00+00:00
[2026-03-24T20:59:27.382+0000] {processor.py:208} INFO - Processing /opt/airflow/dags/job_scraping_dag.py took 1.270 seconds
[2026-03-24T20:59:57.893+0000] {processor.py:186} INFO - Started process (PID=575) to work on /opt/airflow/dags/job_scraping_dag.py
[2026-03-24T20:59:57.902+0000] {processor.py:914} INFO - Processing file /opt/airflow/dags/job_scraping_dag.py for tasks to queue
[2026-03-24T20:59:57.908+0000] {logging_mixin.py:190} INFO - [2026-03-24T20:59:57.907+0000] {dagbag.py:588} INFO - Filling up the DagBag from /opt/airflow/dags/job_scraping_dag.py
[2026-03-24T20:59:59.272+0000] {processor.py:925} INFO - DAG(s) 'daily_job_scraping' retrieved from /opt/airflow/dags/job_scraping_dag.py
[2026-03-24T20:59:59.311+0000] {logging_mixin.py:190} INFO - [2026-03-24T20:59:59.310+0000] {dag.py:3239} INFO - Sync 1 DAGs
[2026-03-24T20:59:59.353+0000] {logging_mixin.py:190} INFO - [2026-03-24T20:59:59.352+0000] {dag.py:4180} INFO - Setting next_dagrun for daily_job_scraping to 2026-03-24 12:00:00+00:00, run_after=2026-03-25 12:00:00+00:00
[2026-03-24T20:59:59.428+0000] {processor.py:208} INFO - Processing /opt/airflow/dags/job_scraping_dag.py took 1.582 seconds
[2026-03-24T21:00:30.112+0000] {processor.py:186} INFO - Started process (PID=581) to work on /opt/airflow/dags/job_scraping_dag.py
[2026-03-24T21:00:30.117+0000] {processor.py:914} INFO - Processing file /opt/airflow/dags/job_scraping_dag.py for tasks to queue
[2026-03-24T21:00:30.135+0000] {logging_mixin.py:190} INFO - [2026-03-24T21:00:30.135+0000] {dagbag.py:588} INFO - Filling up the DagBag from /opt/airflow/dags/job_scraping_dag.py
[2026-03-24T21:00:33.247+0000] {processor.py:925} INFO - DAG(s) 'daily_job_scraping' retrieved from /opt/airflow/dags/job_scraping_dag.py
[2026-03-24T21:00:33.363+0000] {logging_mixin.py:190} INFO - [2026-03-24T21:00:33.362+0000] {dag.py:3239} INFO - Sync 1 DAGs
[2026-03-24T21:00:33.483+0000] {logging_mixin.py:190} INFO - [2026-03-24T21:00:33.482+0000] {dag.py:4180} INFO - Setting next_dagrun for daily_job_scraping to 2026-03-24 12:00:00+00:00, run_after=2026-03-25 12:00:00+00:00
[2026-03-24T21:00:33.571+0000] {processor.py:208} INFO - Processing /opt/airflow/dags/job_scraping_dag.py took 3.502 seconds
[2026-03-24T21:01:03.909+0000] {processor.py:186} INFO - Started process (PID=587) to work on /opt/airflow/dags/job_scraping_dag.py
[2026-03-24T21:01:03.911+0000] {processor.py:914} INFO - Processing file /opt/airflow/dags/job_scraping_dag.py for tasks to queue
[2026-03-24T21:01:03.918+0000] {logging_mixin.py:190} INFO - [2026-03-24T21:01:03.917+0000] {dagbag.py:588} INFO - Filling up the DagBag from /opt/airflow/dags/job_scraping_dag.py
[2026-03-24T21:01:05.283+0000] {processor.py:925} INFO - DAG(s) 'daily_job_scraping' retrieved from /opt/airflow/dags/job_scraping_dag.py
[2026-03-24T21:01:05.401+0000] {logging_mixin.py:190} INFO - [2026-03-24T21:01:05.400+0000] {dag.py:3239} INFO - Sync 1 DAGs
[2026-03-24T21:01:05.444+0000] {logging_mixin.py:190} INFO - [2026-03-24T21:01:05.444+0000] {dag.py:4180} INFO - Setting next_dagrun for daily_job_scraping to 2026-03-24 12:00:00+00:00, run_after=2026-03-25 12:00:00+00:00
[2026-03-24T21:01:05.472+0000] {processor.py:208} INFO - Processing /opt/airflow/dags/job_scraping_dag.py took 1.578 seconds
[2026-03-24T21:01:36.189+0000] {processor.py:186} INFO - Started process (PID=593) to work on /opt/airflow/dags/job_scraping_dag.py
[2026-03-24T21:01:36.190+0000] {processor.py:914} INFO - Processing file /opt/airflow/dags/job_scraping_dag.py for tasks to queue
[2026-03-24T21:01:36.194+0000] {logging_mixin.py:190} INFO - [2026-03-24T21:01:36.194+0000] {dagbag.py:588} INFO - Filling up the DagBag from /opt/airflow/dags/job_scraping_dag.py
[2026-03-24T21:01:37.881+0000] {processor.py:925} INFO - DAG(s) 'daily_job_scraping' retrieved from /opt/airflow/dags/job_scraping_dag.py
[2026-03-24T21:01:37.935+0000] {logging_mixin.py:190} INFO - [2026-03-24T21:01:37.934+0000] {dag.py:3239} INFO - Sync 1 DAGs
[2026-03-24T21:01:37.978+0000] {logging_mixin.py:190} INFO - [2026-03-24T21:01:37.978+0000] {dag.py:4180} INFO - Setting next_dagrun for daily_job_scraping to 2026-03-24 12:00:00+00:00, run_after=2026-03-25 12:00:00+00:00
[2026-03-24T21:01:38.003+0000] {processor.py:208} INFO - Processing /opt/airflow/dags/job_scraping_dag.py took 1.831 seconds
[2026-03-24T21:02:10.183+0000] {processor.py:186} INFO - Started process (PID=599) to work on /opt/airflow/dags/job_scraping_dag.py
[2026-03-24T21:02:10.217+0000] {processor.py:914} INFO - Processing file /opt/airflow/dags/job_scraping_dag.py for tasks to queue
[2026-03-24T21:02:10.248+0000] {logging_mixin.py:190} INFO - [2026-03-24T21:02:10.247+0000] {dagbag.py:588} INFO - Filling up the DagBag from /opt/airflow/dags/job_scraping_dag.py
[2026-03-24T21:02:12.397+0000] {processor.py:925} INFO - DAG(s) 'daily_job_scraping' retrieved from /opt/airflow/dags/job_scraping_dag.py
[2026-03-24T21:02:12.452+0000] {logging_mixin.py:190} INFO - [2026-03-24T21:02:12.451+0000] {dag.py:3239} INFO - Sync 1 DAGs
[2026-03-24T21:02:12.502+0000] {logging_mixin.py:190} INFO - [2026-03-24T21:02:12.501+0000] {dag.py:4180} INFO - Setting next_dagrun for daily_job_scraping to 2026-03-24 12:00:00+00:00, run_after=2026-03-25 12:00:00+00:00
[2026-03-24T21:02:12.538+0000] {processor.py:208} INFO - Processing /opt/airflow/dags/job_scraping_dag.py took 2.381 seconds
[2026-03-24T21:02:43.062+0000] {processor.py:186} INFO - Started process (PID=605) to work on /opt/airflow/dags/job_scraping_dag.py
[2026-03-24T21:02:43.064+0000] {processor.py:914} INFO - Processing file /opt/airflow/dags/job_scraping_dag.py for tasks to queue
[2026-03-24T21:02:43.069+0000] {logging_mixin.py:190} INFO - [2026-03-24T21:02:43.069+0000] {dagbag.py:588} INFO - Filling up the DagBag from /opt/airflow/dags/job_scraping_dag.py
[2026-03-24T21:02:44.179+0000] {processor.py:925} INFO - DAG(s) 'daily_job_scraping' retrieved from /opt/airflow/dags/job_scraping_dag.py
[2026-03-24T21:02:44.220+0000] {logging_mixin.py:190} INFO - [2026-03-24T21:02:44.219+0000] {dag.py:3239} INFO - Sync 1 DAGs
[2026-03-24T21:02:44.251+0000] {logging_mixin.py:190} INFO - [2026-03-24T21:02:44.251+0000] {dag.py:4180} INFO - Setting next_dagrun for daily_job_scraping to 2026-03-24 12:00:00+00:00, run_after=2026-03-25 12:00:00+00:00
[2026-03-24T21:02:44.286+0000] {processor.py:208} INFO - Processing /opt/airflow/dags/job_scraping_dag.py took 1.240 seconds
[2026-03-24T21:03:14.629+0000] {processor.py:186} INFO - Started process (PID=611) to work on /opt/airflow/dags/job_scraping_dag.py
[2026-03-24T21:03:14.630+0000] {processor.py:914} INFO - Processing file /opt/airflow/dags/job_scraping_dag.py for tasks to queue
[2026-03-24T21:03:14.634+0000] {logging_mixin.py:190} INFO - [2026-03-24T21:03:14.633+0000] {dagbag.py:588} INFO - Filling up the DagBag from /opt/airflow/dags/job_scraping_dag.py
[2026-03-24T21:03:16.575+0000] {processor.py:925} INFO - DAG(s) 'daily_job_scraping' retrieved from /opt/airflow/dags/job_scraping_dag.py
[2026-03-24T21:03:16.671+0000] {logging_mixin.py:190} INFO - [2026-03-24T21:03:16.670+0000] {dag.py:3239} INFO - Sync 1 DAGs
[2026-03-24T21:03:16.821+0000] {logging_mixin.py:190} INFO - [2026-03-24T21:03:16.820+0000] {dag.py:4180} INFO - Setting next_dagrun for daily_job_scraping to 2026-03-24 12:00:00+00:00, run_after=2026-03-25 12:00:00+00:00
[2026-03-24T21:03:16.889+0000] {processor.py:208} INFO - Processing /opt/airflow/dags/job_scraping_dag.py took 2.272 seconds
[2026-03-24T21:03:47.271+0000] {processor.py:186} INFO - Started process (PID=617) to work on /opt/airflow/dags/job_scraping_dag.py
[2026-03-24T21:03:47.272+0000] {processor.py:914} INFO - Processing file /opt/airflow/dags/job_scraping_dag.py for tasks to queue
[2026-03-24T21:03:47.277+0000] {logging_mixin.py:190} INFO - [2026-03-24T21:03:47.276+0000] {dagbag.py:588} INFO - Filling up the DagBag from /opt/airflow/dags/job_scraping_dag.py
[2026-03-24T21:03:49.216+0000] {processor.py:925} INFO - DAG(s) 'daily_job_scraping' retrieved from /opt/airflow/dags/job_scraping_dag.py
[2026-03-24T21:03:49.294+0000] {logging_mixin.py:190} INFO - [2026-03-24T21:03:49.293+0000] {dag.py:3239} INFO - Sync 1 DAGs
[2026-03-24T21:03:49.363+0000] {logging_mixin.py:190} INFO - [2026-03-24T21:03:49.363+0000] {dag.py:4180} INFO - Setting next_dagrun for daily_job_scraping to 2026-03-24 12:00:00+00:00, run_after=2026-03-25 12:00:00+00:00
[2026-03-24T21:03:49.424+0000] {processor.py:208} INFO - Processing /opt/airflow/dags/job_scraping_dag.py took 2.221 seconds
[2026-03-24T21:04:19.711+0000] {processor.py:186} INFO - Started process (PID=623) to work on /opt/airflow/dags/job_scraping_dag.py
[2026-03-24T21:04:19.713+0000] {processor.py:914} INFO - Processing file /opt/airflow/dags/job_scraping_dag.py for tasks to queue
[2026-03-24T21:04:19.716+0000] {logging_mixin.py:190} INFO - [2026-03-24T21:04:19.716+0000] {dagbag.py:588} INFO - Filling up the DagBag from /opt/airflow/dags/job_scraping_dag.py
[2026-03-24T21:04:21.320+0000] {processor.py:925} INFO - DAG(s) 'daily_job_scraping' retrieved from /opt/airflow/dags/job_scraping_dag.py
[2026-03-24T21:04:21.373+0000] {logging_mixin.py:190} INFO - [2026-03-24T21:04:21.371+0000] {dag.py:3239} INFO - Sync 1 DAGs
[2026-03-24T21:04:21.421+0000] {logging_mixin.py:190} INFO - [2026-03-24T21:04:21.421+0000] {dag.py:4180} INFO - Setting next_dagrun for daily_job_scraping to 2026-03-24 12:00:00+00:00, run_after=2026-03-25 12:00:00+00:00
[2026-03-24T21:04:21.466+0000] {processor.py:208} INFO - Processing /opt/airflow/dags/job_scraping_dag.py took 1.763 seconds
[2026-03-24T21:04:52.122+0000] {processor.py:186} INFO - Started process (PID=629) to work on /opt/airflow/dags/job_scraping_dag.py
[2026-03-24T21:04:52.125+0000] {processor.py:914} INFO - Processing file /opt/airflow/dags/job_scraping_dag.py for tasks to queue
[2026-03-24T21:04:52.139+0000] {logging_mixin.py:190} INFO - [2026-03-24T21:04:52.138+0000] {dagbag.py:588} INFO - Filling up the DagBag from /opt/airflow/dags/job_scraping_dag.py
[2026-03-24T21:04:53.184+0000] {processor.py:925} INFO - DAG(s) 'daily_job_scraping' retrieved from /opt/airflow/dags/job_scraping_dag.py
[2026-03-24T21:04:53.274+0000] {logging_mixin.py:190} INFO - [2026-03-24T21:04:53.272+0000] {dag.py:3239} INFO - Sync 1 DAGs
[2026-03-24T21:04:53.347+0000] {logging_mixin.py:190} INFO - [2026-03-24T21:04:53.347+0000] {dag.py:4180} INFO - Setting next_dagrun for daily_job_scraping to 2026-03-24 12:00:00+00:00, run_after=2026-03-25 12:00:00+00:00
[2026-03-24T21:04:53.426+0000] {processor.py:208} INFO - Processing /opt/airflow/dags/job_scraping_dag.py took 3.649 seconds
[2026-03-24T21:05:23.639+0000] {processor.py:186} INFO - Started process (PID=635) to work on /opt/airflow/dags/job_scraping_dag.py
[2026-03-24T21:05:23.642+0000] {processor.py:914} INFO - Processing file /opt/airflow/dags/job_scraping_dag.py for tasks to queue
[2026-03-24T21:05:23.654+0000] {logging_mixin.py:190} INFO - [2026-03-24T21:05:23.653+0000] {dagbag.py:588} INFO - Filling up the DagBag from /opt/airflow/dags/job_scraping_dag.py
[2026-03-24T21:05:25.667+0000] {processor.py:925} INFO - DAG(s) 'daily_job_scraping' retrieved from /opt/airflow/dags/job_scraping_dag.py
[2026-03-24T21:05:25.725+0000] {logging_mixin.py:190} INFO - [2026-03-24T21:05:25.724+0000] {dag.py:3239} INFO - Sync 1 DAGs
[2026-03-24T21:05:25.775+0000] {logging_mixin.py:190} INFO - [2026-03-24T21:05:25.774+0000] {dag.py:4180} INFO - Setting next_dagrun for daily_job_scraping to 2026-03-24 12:00:00+00:00, run_after=2026-03-25 12:00:00+00:00
[2026-03-24T21:05:25.822+0000] {processor.py:208} INFO - Processing /opt/airflow/dags/job_scraping_dag.py took 2.205 seconds
[2026-03-24T21:05:56.326+0000] {processor.py:186} INFO - Started process (PID=641) to work on /opt/airflow/dags/job_scraping_dag.py
[2026-03-24T21:05:56.329+0000] {processor.py:914} INFO - Processing file /opt/airflow/dags/job_scraping_dag.py for tasks to queue
[2026-03-24T21:05:56.338+0000] {logging_mixin.py:190} INFO - [2026-03-24T21:05:56.336+0000] {dagbag.py:588} INFO - Filling up the DagBag from /opt/airflow/dags/job_scraping_dag.py
[2026-03-24T21:05:57.613+0000] {processor.py:925} INFO - DAG(s) 'daily_job_scraping' retrieved from /opt/airflow/dags/job_scraping_dag.py
[2026-03-24T21:05:57.665+0000] {logging_mixin.py:190} INFO - [2026-03-24T21:05:57.665+0000] {dag.py:3239} INFO - Sync 1 DAGs
[2026-03-24T21:05:57.691+0000] {logging_mixin.py:190} INFO - [2026-03-24T21:05:57.691+0000] {dag.py:4180} INFO - Setting next_dagrun for daily_job_scraping to 2026-03-24 12:00:00+00:00, run_after=2026-03-25 12:00:00+00:00
[2026-03-24T21:05:57.730+0000] {processor.py:208} INFO - Processing /opt/airflow/dags/job_scraping_dag.py took 1.432 seconds
[2026-03-24T21:06:27.970+0000] {processor.py:186} INFO - Started process (PID=647) to work on /opt/airflow/dags/job_scraping_dag.py
[2026-03-24T21:06:27.972+0000] {processor.py:914} INFO - Processing file /opt/airflow/dags/job_scraping_dag.py for tasks to queue
[2026-03-24T21:06:27.977+0000] {logging_mixin.py:190} INFO - [2026-03-24T21:06:27.976+0000] {dagbag.py:588} INFO - Filling up the DagBag from /opt/airflow/dags/job_scraping_dag.py
[2026-03-24T21:06:29.430+0000] {processor.py:925} INFO - DAG(s) 'daily_job_scraping' retrieved from /opt/airflow/dags/job_scraping_dag.py
[2026-03-24T21:06:29.482+0000] {logging_mixin.py:190} INFO - [2026-03-24T21:06:29.481+0000] {dag.py:3239} INFO - Sync 1 DAGs
[2026-03-24T21:06:29.519+0000] {logging_mixin.py:190} INFO - [2026-03-24T21:06:29.518+0000] {dag.py:4180} INFO - Setting next_dagrun for daily_job_scraping to 2026-03-24 12:00:00+00:00, run_after=2026-03-25 12:00:00+00:00
[2026-03-24T21:06:29.556+0000] {processor.py:208} INFO - Processing /opt/airflow/dags/job_scraping_dag.py took 1.604 seconds
[2026-03-24T21:06:59.853+0000] {processor.py:186} INFO - Started process (PID=653) to work on /opt/airflow/dags/job_scraping_dag.py
[2026-03-24T21:06:59.862+0000] {processor.py:914} INFO - Processing file /opt/airflow/dags/job_scraping_dag.py for tasks to queue
[2026-03-24T21:06:59.868+0000] {logging_mixin.py:190} INFO - [2026-03-24T21:06:59.867+0000] {dagbag.py:588} INFO - Filling up the DagBag from /opt/airflow/dags/job_scraping_dag.py
[2026-03-24T21:07:03.581+0000] {processor.py:925} INFO - DAG(s) 'daily_job_scraping' retrieved from /opt/airflow/dags/job_scraping_dag.py
[2026-03-24T21:07:03.704+0000] {logging_mixin.py:190} INFO - [2026-03-24T21:07:03.703+0000] {dag.py:3239} INFO - Sync 1 DAGs
[2026-03-24T21:07:03.821+0000] {logging_mixin.py:190} INFO - [2026-03-24T21:07:03.821+0000] {dag.py:4180} INFO - Setting next_dagrun for daily_job_scraping to 2026-03-24 12:00:00+00:00, run_after=2026-03-25 12:00:00+00:00
[2026-03-24T21:07:03.915+0000] {processor.py:208} INFO - Processing /opt/airflow/dags/job_scraping_dag.py took 4.083 seconds
[2026-03-24T21:07:34.730+0000] {processor.py:186} INFO - Started process (PID=659) to work on /opt/airflow/dags/job_scraping_dag.py
[2026-03-24T21:07:34.732+0000] {processor.py:914} INFO - Processing file /opt/airflow/dags/job_scraping_dag.py for tasks to queue
[2026-03-24T21:07:34.747+0000] {logging_mixin.py:190} INFO - [2026-03-24T21:07:34.746+0000] {dagbag.py:588} INFO - Filling up the DagBag from /opt/airflow/dags/job_scraping_dag.py
[2026-03-24T21:07:38.629+0000] {processor.py:925} INFO - DAG(s) 'daily_job_scraping' retrieved from /opt/airflow/dags/job_scraping_dag.py
[2026-03-24T21:07:38.756+0000] {logging_mixin.py:190} INFO - [2026-03-24T21:07:38.755+0000] {dag.py:3239} INFO - Sync 1 DAGs
[2026-03-24T21:07:38.846+0000] {logging_mixin.py:190} INFO - [2026-03-24T21:07:38.846+0000] {dag.py:4180} INFO - Setting next_dagrun for daily_job_scraping to 2026-03-24 12:00:00+00:00, run_after=2026-03-25 12:00:00+00:00
[2026-03-24T21:07:40.268+0000] {processor.py:208} INFO - Processing /opt/airflow/dags/job_scraping_dag.py took 4.211 seconds
[2026-03-24T21:08:06.774+0000] {processor.py:186} INFO - Started process (PID=665) to work on /opt/airflow/dags/job_scraping_dag.py
[2026-03-24T21:08:06.776+0000] {processor.py:914} INFO - Processing file /opt/airflow/dags/job_scraping_dag.py for tasks to queue
[2026-03-24T21:08:06.780+0000] {logging_mixin.py:190} INFO - [2026-03-24T21:08:06.779+0000] {dagbag.py:588} INFO - Filling up the DagBag from /opt/airflow/dags/job_scraping_dag.py
[2026-03-24T21:08:08.060+0000] {processor.py:925} INFO - DAG(s) 'daily_job_scraping' retrieved from /opt/airflow/dags/job_scraping_dag.py
[2026-03-24T21:08:08.115+0000] {logging_mixin.py:190} INFO - [2026-03-24T21:08:08.114+0000] {dag.py:3239} INFO - Sync 1 DAGs
[2026-03-24T21:08:08.154+0000] {logging_mixin.py:190} INFO - [2026-03-24T21:08:08.152+0000] {dag.py:4180} INFO - Setting next_dagrun for daily_job_scraping to 2026-03-24 12:00:00+00:00, run_after=2026-03-25 12:00:00+00:00
[2026-03-24T21:08:08.185+0000] {processor.py:208} INFO - Processing /opt/airflow/dags/job_scraping_dag.py took 1.424 seconds
[2026-03-24T21:08:38.374+0000] {processor.py:186} INFO - Started process (PID=671) to work on /opt/airflow/dags/job_scraping_dag.py
[2026-03-24T21:08:38.399+0000] {processor.py:914} INFO - Processing file /opt/airflow/dags/job_scraping_dag.py for tasks to queue
[2026-03-24T21:08:38.417+0000] {logging_mixin.py:190} INFO - [2026-03-24T21:08:38.416+0000] {dagbag.py:588} INFO - Filling up the DagBag from /opt/airflow/dags/job_scraping_dag.py
[2026-03-24T21:08:41.398+0000] {processor.py:925} INFO - DAG(s) 'daily_job_scraping' retrieved from /opt/airflow/dags/job_scraping_dag.py
[2026-03-24T21:08:41.517+0000] {logging_mixin.py:190} INFO - [2026-03-24T21:08:41.516+0000] {dag.py:3239} INFO - Sync 1 DAGs
[2026-03-24T21:08:41.600+0000] {logging_mixin.py:190} INFO - [2026-03-24T21:08:41.599+0000] {dag.py:4180} INFO - Setting next_dagrun for daily_job_scraping to 2026-03-24 12:00:00+00:00, run_after=2026-03-25 12:00:00+00:00
[2026-03-24T21:08:41.708+0000] {processor.py:208} INFO - Processing /opt/airflow/dags/job_scraping_dag.py took 3.350 seconds
[2026-03-24T21:09:12.211+0000] {processor.py:186} INFO - Started process (PID=677) to work on /opt/airflow/dags/job_scraping_dag.py
[2026-03-24T21:09:12.219+0000] {processor.py:914} INFO - Processing file /opt/airflow/dags/job_scraping_dag.py for tasks to queue
[2026-03-24T21:09:12.238+0000] {logging_mixin.py:190} INFO - [2026-03-24T21:09:12.237+0000] {dagbag.py:588} INFO - Filling up the DagBag from /opt/airflow/dags/job_scraping_dag.py
[2026-03-24T21:09:14.466+0000] {processor.py:925} INFO - DAG(s) 'daily_job_scraping' retrieved from /opt/airflow/dags/job_scraping_dag.py
[2026-03-24T21:09:14.527+0000] {logging_mixin.py:190} INFO - [2026-03-24T21:09:14.526+0000] {dag.py:3239} INFO - Sync 1 DAGs
[2026-03-24T21:09:14.571+0000] {logging_mixin.py:190} INFO - [2026-03-24T21:09:14.570+0000] {dag.py:4180} INFO - Setting next_dagrun for daily_job_scraping to 2026-03-24 12:00:00+00:00, run_after=2026-03-25 12:00:00+00:00
[2026-03-24T21:09:14.641+0000] {processor.py:208} INFO - Processing /opt/airflow/dags/job_scraping_dag.py took 2.536 seconds
[2026-03-24T21:09:45.757+0000] {processor.py:186} INFO - Started process (PID=683) to work on /opt/airflow/dags/job_scraping_dag.py
[2026-03-24T21:09:45.769+0000] {processor.py:914} INFO - Processing file /opt/airflow/dags/job_scraping_dag.py for tasks to queue
[2026-03-24T21:09:45.787+0000] {logging_mixin.py:190} INFO - [2026-03-24T21:09:45.786+0000] {dagbag.py:588} INFO - Filling up the DagBag from /opt/airflow/dags/job_scraping_dag.py
[2026-03-24T21:09:49.534+0000] {processor.py:925} INFO - DAG(s) 'daily_job_scraping' retrieved from /opt/airflow/dags/job_scraping_dag.py
[2026-03-24T21:09:49.646+0000] {logging_mixin.py:190} INFO - [2026-03-24T21:09:49.635+0000] {dag.py:3239} INFO - Sync 1 DAGs
[2026-03-24T21:09:49.754+0000] {logging_mixin.py:190} INFO - [2026-03-24T21:09:49.754+0000] {dag.py:4180} INFO - Setting next_dagrun for daily_job_scraping to 2026-03-24 12:00:00+00:00, run_after=2026-03-25 12:00:00+00:00
[2026-03-24T21:09:49.832+0000] {processor.py:208} INFO - Processing /opt/airflow/dags/job_scraping_dag.py took 4.102 seconds
[2026-03-24T21:10:20.262+0000] {processor.py:186} INFO - Started process (PID=689) to work on /opt/airflow/dags/job_scraping_dag.py
[2026-03-24T21:10:20.264+0000] {processor.py:914} INFO - Processing file /opt/airflow/dags/job_scraping_dag.py for tasks to queue
[2026-03-24T21:10:20.271+0000] {logging_mixin.py:190} INFO - [2026-03-24T21:10:20.270+0000] {dagbag.py:588} INFO - Filling up the DagBag from /opt/airflow/dags/job_scraping_dag.py
[2026-03-24T21:10:22.092+0000] {processor.py:925} INFO - DAG(s) 'daily_job_scraping' retrieved from /opt/airflow/dags/job_scraping_dag.py
[2026-03-24T21:10:22.141+0000] {logging_mixin.py:190} INFO - [2026-03-24T21:10:22.140+0000] {dag.py:3239} INFO - Sync 1 DAGs
[2026-03-24T21:10:22.189+0000] {logging_mixin.py:190} INFO - [2026-03-24T21:10:22.189+0000] {dag.py:4180} INFO - Setting next_dagrun for daily_job_scraping to 2026-03-24 12:00:00+00:00, run_after=2026-03-25 12:00:00+00:00
[2026-03-24T21:10:22.222+0000] {processor.py:208} INFO - Processing /opt/airflow/dags/job_scraping_dag.py took 1.975 seconds
[2026-03-24T21:10:52.366+0000] {processor.py:186} INFO - Started process (PID=695) to work on /opt/airflow/dags/job_scraping_dag.py
[2026-03-24T21:10:52.367+0000] {processor.py:914} INFO - Processing file /opt/airflow/dags/job_scraping_dag.py for tasks to queue
[2026-03-24T21:10:52.371+0000] {logging_mixin.py:190} INFO - [2026-03-24T21:10:52.370+0000] {dagbag.py:588} INFO - Filling up the DagBag from /opt/airflow/dags/job_scraping_dag.py
[2026-03-24T21:10:51.681+0000] {processor.py:925} INFO - DAG(s) 'daily_job_scraping' retrieved from /opt/airflow/dags/job_scraping_dag.py
[2026-03-24T21:10:51.733+0000] {logging_mixin.py:190} INFO - [2026-03-24T21:10:51.733+0000] {dag.py:3239} INFO - Sync 1 DAGs
[2026-03-24T21:10:51.782+0000] {logging_mixin.py:190} INFO - [2026-03-24T21:10:51.782+0000] {dag.py:4180} INFO - Setting next_dagrun for daily_job_scraping to 2026-03-24 12:00:00+00:00, run_after=2026-03-25 12:00:00+00:00
[2026-03-24T21:10:51.846+0000] {processor.py:208} INFO - Processing /opt/airflow/dags/job_scraping_dag.py took 1.804 seconds
[2026-03-24T21:11:22.352+0000] {processor.py:186} INFO - Started process (PID=701) to work on /opt/airflow/dags/job_scraping_dag.py
[2026-03-24T21:11:22.354+0000] {processor.py:914} INFO - Processing file /opt/airflow/dags/job_scraping_dag.py for tasks to queue
[2026-03-24T21:11:22.365+0000] {logging_mixin.py:190} INFO - [2026-03-24T21:11:22.363+0000] {dagbag.py:588} INFO - Filling up the DagBag from /opt/airflow/dags/job_scraping_dag.py
[2026-03-24T21:11:23.883+0000] {processor.py:925} INFO - DAG(s) 'daily_job_scraping' retrieved from /opt/airflow/dags/job_scraping_dag.py
[2026-03-24T21:11:23.974+0000] {logging_mixin.py:190} INFO - [2026-03-24T21:11:23.969+0000] {dag.py:3239} INFO - Sync 1 DAGs
[2026-03-24T21:11:24.065+0000] {logging_mixin.py:190} INFO - [2026-03-24T21:11:24.064+0000] {dag.py:4180} INFO - Setting next_dagrun for daily_job_scraping to 2026-03-24 12:00:00+00:00, run_after=2026-03-25 12:00:00+00:00
[2026-03-24T21:11:24.134+0000] {processor.py:208} INFO - Processing /opt/airflow/dags/job_scraping_dag.py took 1.804 seconds
[2026-03-24T21:11:56.030+0000] {processor.py:186} INFO - Started process (PID=707) to work on /opt/airflow/dags/job_scraping_dag.py
[2026-03-24T21:11:56.037+0000] {processor.py:914} INFO - Processing file /opt/airflow/dags/job_scraping_dag.py for tasks to queue
[2026-03-24T21:11:56.057+0000] {logging_mixin.py:190} INFO - [2026-03-24T21:11:56.056+0000] {dagbag.py:588} INFO - Filling up the DagBag from /opt/airflow/dags/job_scraping_dag.py
[2026-03-24T21:11:58.375+0000] {processor.py:925} INFO - DAG(s) 'daily_job_scraping' retrieved from /opt/airflow/dags/job_scraping_dag.py
[2026-03-24T21:11:58.439+0000] {logging_mixin.py:190} INFO - [2026-03-24T21:11:58.438+0000] {dag.py:3239} INFO - Sync 1 DAGs
[2026-03-24T21:11:58.502+0000] {logging_mixin.py:190} INFO - [2026-03-24T21:11:58.502+0000] {dag.py:4180} INFO - Setting next_dagrun for daily_job_scraping to 2026-03-24 12:00:00+00:00, run_after=2026-03-25 12:00:00+00:00
[2026-03-24T21:11:58.553+0000] {processor.py:208} INFO - Processing /opt/airflow/dags/job_scraping_dag.py took 2.614 seconds
[2026-03-24T21:12:29.313+0000] {processor.py:186} INFO - Started process (PID=713) to work on /opt/airflow/dags/job_scraping_dag.py
[2026-03-24T21:12:29.315+0000] {processor.py:914} INFO - Processing file /opt/airflow/dags/job_scraping_dag.py for tasks to queue
[2026-03-24T21:12:29.323+0000] {logging_mixin.py:190} INFO - [2026-03-24T21:12:29.321+0000] {dagbag.py:588} INFO - Filling up the DagBag from /opt/airflow/dags/job_scraping_dag.py
[2026-03-24T21:12:35.641+0000] {processor.py:925} INFO - DAG(s) 'daily_job_scraping' retrieved from /opt/airflow/dags/job_scraping_dag.py
[2026-03-24T21:12:35.811+0000] {logging_mixin.py:190} INFO - [2026-03-24T21:12:35.810+0000] {dag.py:3239} INFO - Sync 1 DAGs
[2026-03-24T21:12:35.985+0000] {logging_mixin.py:190} INFO - [2026-03-24T21:12:35.984+0000] {dag.py:4180} INFO - Setting next_dagrun for daily_job_scraping to 2026-03-24 12:00:00+00:00, run_after=2026-03-25 12:00:00+00:00
[2026-03-24T21:12:36.094+0000] {processor.py:208} INFO - Processing /opt/airflow/dags/job_scraping_dag.py took 6.794 seconds
[2026-03-24T21:13:06.443+0000] {processor.py:186} INFO - Started process (PID=719) to work on /opt/airflow/dags/job_scraping_dag.py
[2026-03-24T21:13:06.449+0000] {processor.py:914} INFO - Processing file /opt/airflow/dags/job_scraping_dag.py for tasks to queue
[2026-03-24T21:13:06.459+0000] {logging_mixin.py:190} INFO - [2026-03-24T21:13:06.458+0000] {dagbag.py:588} INFO - Filling up the DagBag from /opt/airflow/dags/job_scraping_dag.py
[2026-03-24T21:13:07.839+0000] {processor.py:925} INFO - DAG(s) 'daily_job_scraping' retrieved from /opt/airflow/dags/job_scraping_dag.py
[2026-03-24T21:13:07.889+0000] {logging_mixin.py:190} INFO - [2026-03-24T21:13:07.889+0000] {dag.py:3239} INFO - Sync 1 DAGs
[2026-03-24T21:13:07.932+0000] {logging_mixin.py:190} INFO - [2026-03-24T21:13:07.932+0000] {dag.py:4180} INFO - Setting next_dagrun for daily_job_scraping to 2026-03-24 12:00:00+00:00, run_after=2026-03-25 12:00:00+00:00
[2026-03-24T21:13:07.967+0000] {processor.py:208} INFO - Processing /opt/airflow/dags/job_scraping_dag.py took 1.557 seconds
[2026-03-24T21:13:38.413+0000] {processor.py:186} INFO - Started process (PID=725) to work on /opt/airflow/dags/job_scraping_dag.py
[2026-03-24T21:13:38.415+0000] {processor.py:914} INFO - Processing file /opt/airflow/dags/job_scraping_dag.py for tasks to queue
[2026-03-24T21:13:38.433+0000] {logging_mixin.py:190} INFO - [2026-03-24T21:13:38.432+0000] {dagbag.py:588} INFO - Filling up the DagBag from /opt/airflow/dags/job_scraping_dag.py
[2026-03-24T21:13:37.949+0000] {processor.py:925} INFO - DAG(s) 'daily_job_scraping' retrieved from /opt/airflow/dags/job_scraping_dag.py
[2026-03-24T21:13:38.054+0000] {logging_mixin.py:190} INFO - [2026-03-24T21:13:38.053+0000] {dag.py:3239} INFO - Sync 1 DAGs
[2026-03-24T21:13:38.148+0000] {logging_mixin.py:190} INFO - [2026-03-24T21:13:38.148+0000] {dag.py:4180} INFO - Setting next_dagrun for daily_job_scraping to 2026-03-24 12:00:00+00:00, run_after=2026-03-25 12:00:00+00:00
[2026-03-24T21:13:38.203+0000] {processor.py:208} INFO - Processing /opt/airflow/dags/job_scraping_dag.py took 2.122 seconds
[2026-03-24T21:14:08.420+0000] {processor.py:186} INFO - Started process (PID=731) to work on /opt/airflow/dags/job_scraping_dag.py
[2026-03-24T21:14:08.423+0000] {processor.py:914} INFO - Processing file /opt/airflow/dags/job_scraping_dag.py for tasks to queue
[2026-03-24T21:14:08.429+0000] {logging_mixin.py:190} INFO - [2026-03-24T21:14:08.428+0000] {dagbag.py:588} INFO - Filling up the DagBag from /opt/airflow/dags/job_scraping_dag.py
[2026-03-24T21:14:09.763+0000] {processor.py:925} INFO - DAG(s) 'daily_job_scraping' retrieved from /opt/airflow/dags/job_scraping_dag.py
[2026-03-24T21:14:09.825+0000] {logging_mixin.py:190} INFO - [2026-03-24T21:14:09.824+0000] {dag.py:3239} INFO - Sync 1 DAGs
[2026-03-24T21:14:09.874+0000] {logging_mixin.py:190} INFO - [2026-03-24T21:14:09.874+0000] {dag.py:4180} INFO - Setting next_dagrun for daily_job_scraping to 2026-03-24 12:00:00+00:00, run_after=2026-03-25 12:00:00+00:00
[2026-03-24T21:14:09.914+0000] {processor.py:208} INFO - Processing /opt/airflow/dags/job_scraping_dag.py took 1.507 seconds
[2026-03-24T21:14:40.082+0000] {processor.py:186} INFO - Started process (PID=737) to work on /opt/airflow/dags/job_scraping_dag.py
[2026-03-24T21:14:40.093+0000] {processor.py:914} INFO - Processing file /opt/airflow/dags/job_scraping_dag.py for tasks to queue
[2026-03-24T21:14:40.106+0000] {logging_mixin.py:190} INFO - [2026-03-24T21:14:40.103+0000] {dagbag.py:588} INFO - Filling up the DagBag from /opt/airflow/dags/job_scraping_dag.py
[2026-03-24T21:14:42.145+0000] {processor.py:925} INFO - DAG(s) 'daily_job_scraping' retrieved from /opt/airflow/dags/job_scraping_dag.py
[2026-03-24T21:14:42.288+0000] {logging_mixin.py:190} INFO - [2026-03-24T21:14:42.287+0000] {dag.py:3239} INFO - Sync 1 DAGs
[2026-03-24T21:14:42.381+0000] {logging_mixin.py:190} INFO - [2026-03-24T21:14:42.381+0000] {dag.py:4180} INFO - Setting next_dagrun for daily_job_scraping to 2026-03-24 12:00:00+00:00, run_after=2026-03-25 12:00:00+00:00
[2026-03-24T21:14:42.446+0000] {processor.py:208} INFO - Processing /opt/airflow/dags/job_scraping_dag.py took 2.387 seconds
[2026-03-24T21:15:13.382+0000] {processor.py:186} INFO - Started process (PID=743) to work on /opt/airflow/dags/job_scraping_dag.py
[2026-03-24T21:15:13.385+0000] {processor.py:914} INFO - Processing file /opt/airflow/dags/job_scraping_dag.py for tasks to queue
[2026-03-24T21:15:13.419+0000] {logging_mixin.py:190} INFO - [2026-03-24T21:15:13.418+0000] {dagbag.py:588} INFO - Filling up the DagBag from /opt/airflow/dags/job_scraping_dag.py
[2026-03-24T21:15:17.208+0000] {processor.py:925} INFO - DAG(s) 'daily_job_scraping' retrieved from /opt/airflow/dags/job_scraping_dag.py
[2026-03-24T21:15:17.309+0000] {logging_mixin.py:190} INFO - [2026-03-24T21:15:17.308+0000] {dag.py:3239} INFO - Sync 1 DAGs
[2026-03-24T21:15:17.391+0000] {logging_mixin.py:190} INFO - [2026-03-24T21:15:17.390+0000] {dag.py:4180} INFO - Setting next_dagrun for daily_job_scraping to 2026-03-24 12:00:00+00:00, run_after=2026-03-25 12:00:00+00:00
[2026-03-24T21:15:17.458+0000] {processor.py:208} INFO - Processing /opt/airflow/dags/job_scraping_dag.py took 4.110 seconds
[2026-03-24T21:15:47.746+0000] {processor.py:186} INFO - Started process (PID=749) to work on /opt/airflow/dags/job_scraping_dag.py
[2026-03-24T21:15:47.748+0000] {processor.py:914} INFO - Processing file /opt/airflow/dags/job_scraping_dag.py for tasks to queue
[2026-03-24T21:15:47.752+0000] {logging_mixin.py:190} INFO - [2026-03-24T21:15:47.751+0000] {dagbag.py:588} INFO - Filling up the DagBag from /opt/airflow/dags/job_scraping_dag.py
[2026-03-24T21:15:49.757+0000] {processor.py:925} INFO - DAG(s) 'daily_job_scraping' retrieved from /opt/airflow/dags/job_scraping_dag.py
[2026-03-24T21:15:49.813+0000] {logging_mixin.py:190} INFO - [2026-03-24T21:15:49.812+0000] {dag.py:3239} INFO - Sync 1 DAGs
[2026-03-24T21:15:49.866+0000] {logging_mixin.py:190} INFO - [2026-03-24T21:15:49.866+0000] {dag.py:4180} INFO - Setting next_dagrun for daily_job_scraping to 2026-03-24 12:00:00+00:00, run_after=2026-03-25 12:00:00+00:00
[2026-03-24T21:15:49.902+0000] {processor.py:208} INFO - Processing /opt/airflow/dags/job_scraping_dag.py took 2.173 seconds
[2026-03-24T21:16:20.346+0000] {processor.py:186} INFO - Started process (PID=755) to work on /opt/airflow/dags/job_scraping_dag.py
[2026-03-24T21:16:20.349+0000] {processor.py:914} INFO - Processing file /opt/airflow/dags/job_scraping_dag.py for tasks to queue
[2026-03-24T21:16:20.355+0000] {logging_mixin.py:190} INFO - [2026-03-24T21:16:20.354+0000] {dagbag.py:588} INFO - Filling up the DagBag from /opt/airflow/dags/job_scraping_dag.py
[2026-03-24T21:16:21.766+0000] {processor.py:925} INFO - DAG(s) 'daily_job_scraping' retrieved from /opt/airflow/dags/job_scraping_dag.py
[2026-03-24T21:16:21.812+0000] {logging_mixin.py:190} INFO - [2026-03-24T21:16:21.811+0000] {dag.py:3239} INFO - Sync 1 DAGs
[2026-03-24T21:16:21.854+0000] {logging_mixin.py:190} INFO - [2026-03-24T21:16:21.853+0000] {dag.py:4180} INFO - Setting next_dagrun for daily_job_scraping to 2026-03-24 12:00:00+00:00, run_after=2026-03-25 12:00:00+00:00
[2026-03-24T21:16:21.881+0000] {processor.py:208} INFO - Processing /opt/airflow/dags/job_scraping_dag.py took 1.550 seconds
[2026-03-24T21:16:52.185+0000] {processor.py:186} INFO - Started process (PID=761) to work on /opt/airflow/dags/job_scraping_dag.py
[2026-03-24T21:16:52.187+0000] {processor.py:914} INFO - Processing file /opt/airflow/dags/job_scraping_dag.py for tasks to queue
[2026-03-24T21:16:52.197+0000] {logging_mixin.py:190} INFO - [2026-03-24T21:16:52.196+0000] {dagbag.py:588} INFO - Filling up the DagBag from /opt/airflow/dags/job_scraping_dag.py
[2026-03-24T21:16:53.873+0000] {processor.py:925} INFO - DAG(s) 'daily_job_scraping' retrieved from /opt/airflow/dags/job_scraping_dag.py
[2026-03-24T21:16:54.131+0000] {logging_mixin.py:190} INFO - [2026-03-24T21:16:54.130+0000] {dag.py:3239} INFO - Sync 1 DAGs
[2026-03-24T21:16:54.277+0000] {logging_mixin.py:190} INFO - [2026-03-24T21:16:54.277+0000] {dag.py:4180} INFO - Setting next_dagrun for daily_job_scraping to 2026-03-24 12:00:00+00:00, run_after=2026-03-25 12:00:00+00:00
[2026-03-24T21:16:54.366+0000] {processor.py:208} INFO - Processing /opt/airflow/dags/job_scraping_dag.py took 4.534 seconds
[2026-03-24T21:17:24.775+0000] {processor.py:186} INFO - Started process (PID=767) to work on /opt/airflow/dags/job_scraping_dag.py
[2026-03-24T21:17:24.777+0000] {processor.py:914} INFO - Processing file /opt/airflow/dags/job_scraping_dag.py for tasks to queue
[2026-03-24T21:17:24.781+0000] {logging_mixin.py:190} INFO - [2026-03-24T21:17:24.781+0000] {dagbag.py:588} INFO - Filling up the DagBag from /opt/airflow/dags/job_scraping_dag.py
[2026-03-24T21:17:26.250+0000] {processor.py:925} INFO - DAG(s) 'daily_job_scraping' retrieved from /opt/airflow/dags/job_scraping_dag.py
[2026-03-24T21:17:26.318+0000] {logging_mixin.py:190} INFO - [2026-03-24T21:17:26.316+0000] {dag.py:3239} INFO - Sync 1 DAGs
[2026-03-24T21:17:26.366+0000] {logging_mixin.py:190} INFO - [2026-03-24T21:17:26.366+0000] {dag.py:4180} INFO - Setting next_dagrun for daily_job_scraping to 2026-03-24 12:00:00+00:00, run_after=2026-03-25 12:00:00+00:00
[2026-03-24T21:17:26.406+0000] {processor.py:208} INFO - Processing /opt/airflow/dags/job_scraping_dag.py took 1.669 seconds
[2026-03-24T21:17:56.581+0000] {processor.py:186} INFO - Started process (PID=773) to work on /opt/airflow/dags/job_scraping_dag.py
[2026-03-24T21:17:56.583+0000] {processor.py:914} INFO - Processing file /opt/airflow/dags/job_scraping_dag.py for tasks to queue
[2026-03-24T21:17:56.588+0000] {logging_mixin.py:190} INFO - [2026-03-24T21:17:56.587+0000] {dagbag.py:588} INFO - Filling up the DagBag from /opt/airflow/dags/job_scraping_dag.py
[2026-03-24T21:17:58.187+0000] {processor.py:925} INFO - DAG(s) 'daily_job_scraping' retrieved from /opt/airflow/dags/job_scraping_dag.py
[2026-03-24T21:17:58.243+0000] {logging_mixin.py:190} INFO - [2026-03-24T21:17:58.242+0000] {dag.py:3239} INFO - Sync 1 DAGs
[2026-03-24T21:17:58.310+0000] {logging_mixin.py:190} INFO - [2026-03-24T21:17:58.309+0000] {dag.py:4180} INFO - Setting next_dagrun for daily_job_scraping to 2026-03-24 12:00:00+00:00, run_after=2026-03-25 12:00:00+00:00
[2026-03-24T21:17:58.408+0000] {processor.py:208} INFO - Processing /opt/airflow/dags/job_scraping_dag.py took 1.844 seconds
[2026-03-24T21:18:28.598+0000] {processor.py:186} INFO - Started process (PID=779) to work on /opt/airflow/dags/job_scraping_dag.py
[2026-03-24T21:18:28.600+0000] {processor.py:914} INFO - Processing file /opt/airflow/dags/job_scraping_dag.py for tasks to queue
[2026-03-24T21:18:28.605+0000] {logging_mixin.py:190} INFO - [2026-03-24T21:18:28.605+0000] {dagbag.py:588} INFO - Filling up the DagBag from /opt/airflow/dags/job_scraping_dag.py
[2026-03-24T21:18:30.047+0000] {processor.py:925} INFO - DAG(s) 'daily_job_scraping' retrieved from /opt/airflow/dags/job_scraping_dag.py
[2026-03-24T21:18:30.141+0000] {logging_mixin.py:190} INFO - [2026-03-24T21:18:30.140+0000] {dag.py:3239} INFO - Sync 1 DAGs
[2026-03-24T21:18:30.213+0000] {logging_mixin.py:190} INFO - [2026-03-24T21:18:30.213+0000] {dag.py:4180} INFO - Setting next_dagrun for daily_job_scraping to 2026-03-24 12:00:00+00:00, run_after=2026-03-25 12:00:00+00:00
[2026-03-24T21:18:30.290+0000] {processor.py:208} INFO - Processing /opt/airflow/dags/job_scraping_dag.py took 1.707 seconds
[2026-03-24T21:19:00.519+0000] {processor.py:186} INFO - Started process (PID=785) to work on /opt/airflow/dags/job_scraping_dag.py
[2026-03-24T21:19:00.521+0000] {processor.py:914} INFO - Processing file /opt/airflow/dags/job_scraping_dag.py for tasks to queue
[2026-03-24T21:19:00.524+0000] {logging_mixin.py:190} INFO - [2026-03-24T21:19:00.524+0000] {dagbag.py:588} INFO - Filling up the DagBag from /opt/airflow/dags/job_scraping_dag.py
[2026-03-24T21:19:01.848+0000] {processor.py:925} INFO - DAG(s) 'daily_job_scraping' retrieved from /opt/airflow/dags/job_scraping_dag.py
[2026-03-24T21:19:01.903+0000] {logging_mixin.py:190} INFO - [2026-03-24T21:19:01.903+0000] {dag.py:3239} INFO - Sync 1 DAGs
[2026-03-24T21:19:01.941+0000] {logging_mixin.py:190} INFO - [2026-03-24T21:19:01.941+0000] {dag.py:4180} INFO - Setting next_dagrun for daily_job_scraping to 2026-03-24 12:00:00+00:00, run_after=2026-03-25 12:00:00+00:00
[2026-03-24T21:19:01.980+0000] {processor.py:208} INFO - Processing /opt/airflow/dags/job_scraping_dag.py took 1.477 seconds
[2026-03-24T21:19:32.172+0000] {processor.py:186} INFO - Started process (PID=791) to work on /opt/airflow/dags/job_scraping_dag.py
[2026-03-24T21:19:32.175+0000] {processor.py:914} INFO - Processing file /opt/airflow/dags/job_scraping_dag.py for tasks to queue
[2026-03-24T21:19:32.179+0000] {logging_mixin.py:190} INFO - [2026-03-24T21:19:32.178+0000] {dagbag.py:588} INFO - Filling up the DagBag from /opt/airflow/dags/job_scraping_dag.py
[2026-03-24T21:19:33.628+0000] {processor.py:925} INFO - DAG(s) 'daily_job_scraping' retrieved from /opt/airflow/dags/job_scraping_dag.py
[2026-03-24T21:19:33.696+0000] {logging_mixin.py:190} INFO - [2026-03-24T21:19:33.695+0000] {dag.py:3239} INFO - Sync 1 DAGs
[2026-03-24T21:19:33.737+0000] {logging_mixin.py:190} INFO - [2026-03-24T21:19:33.737+0000] {dag.py:4180} INFO - Setting next_dagrun for daily_job_scraping to 2026-03-24 12:00:00+00:00, run_after=2026-03-25 12:00:00+00:00
[2026-03-24T21:19:33.775+0000] {processor.py:208} INFO - Processing /opt/airflow/dags/job_scraping_dag.py took 1.617 seconds
[2026-03-24T21:20:04.423+0000] {processor.py:186} INFO - Started process (PID=797) to work on /opt/airflow/dags/job_scraping_dag.py
[2026-03-24T21:20:04.426+0000] {processor.py:914} INFO - Processing file /opt/airflow/dags/job_scraping_dag.py for tasks to queue
[2026-03-24T21:20:04.439+0000] {logging_mixin.py:190} INFO - [2026-03-24T21:20:04.438+0000] {dagbag.py:588} INFO - Filling up the DagBag from /opt/airflow/dags/job_scraping_dag.py
[2026-03-24T21:20:05.612+0000] {processor.py:925} INFO - DAG(s) 'daily_job_scraping' retrieved from /opt/airflow/dags/job_scraping_dag.py
[2026-03-24T21:20:05.670+0000] {logging_mixin.py:190} INFO - [2026-03-24T21:20:05.669+0000] {dag.py:3239} INFO - Sync 1 DAGs
[2026-03-24T21:20:05.722+0000] {logging_mixin.py:190} INFO - [2026-03-24T21:20:05.721+0000] {dag.py:4180} INFO - Setting next_dagrun for daily_job_scraping to 2026-03-24 12:00:00+00:00, run_after=2026-03-25 12:00:00+00:00
[2026-03-24T21:20:05.748+0000] {processor.py:208} INFO - Processing /opt/airflow/dags/job_scraping_dag.py took 1.342 seconds
[2026-03-24T21:20:36.248+0000] {processor.py:186} INFO - Started process (PID=803) to work on /opt/airflow/dags/job_scraping_dag.py
[2026-03-24T21:20:36.250+0000] {processor.py:914} INFO - Processing file /opt/airflow/dags/job_scraping_dag.py for tasks to queue
[2026-03-24T21:20:36.254+0000] {logging_mixin.py:190} INFO - [2026-03-24T21:20:36.253+0000] {dagbag.py:588} INFO - Filling up the DagBag from /opt/airflow/dags/job_scraping_dag.py
[2026-03-24T21:20:37.404+0000] {processor.py:925} INFO - DAG(s) 'daily_job_scraping' retrieved from /opt/airflow/dags/job_scraping_dag.py
[2026-03-24T21:20:37.462+0000] {logging_mixin.py:190} INFO - [2026-03-24T21:20:37.461+0000] {dag.py:3239} INFO - Sync 1 DAGs
[2026-03-24T21:20:37.515+0000] {logging_mixin.py:190} INFO - [2026-03-24T21:20:37.515+0000] {dag.py:4180} INFO - Setting next_dagrun for daily_job_scraping to 2026-03-24 12:00:00+00:00, run_after=2026-03-25 12:00:00+00:00
[2026-03-24T21:20:37.549+0000] {processor.py:208} INFO - Processing /opt/airflow/dags/job_scraping_dag.py took 1.313 seconds
[2026-03-24T21:21:07.769+0000] {processor.py:186} INFO - Started process (PID=809) to work on /opt/airflow/dags/job_scraping_dag.py
[2026-03-24T21:21:07.771+0000] {processor.py:914} INFO - Processing file /opt/airflow/dags/job_scraping_dag.py for tasks to queue
[2026-03-24T21:21:07.777+0000] {logging_mixin.py:190} INFO - [2026-03-24T21:21:07.776+0000] {dagbag.py:588} INFO - Filling up the DagBag from /opt/airflow/dags/job_scraping_dag.py
[2026-03-24T21:21:09.312+0000] {processor.py:925} INFO - DAG(s) 'daily_job_scraping' retrieved from /opt/airflow/dags/job_scraping_dag.py
[2026-03-24T21:21:09.363+0000] {logging_mixin.py:190} INFO - [2026-03-24T21:21:09.363+0000] {dag.py:3239} INFO - Sync 1 DAGs
[2026-03-24T21:21:09.418+0000] {logging_mixin.py:190} INFO - [2026-03-24T21:21:09.418+0000] {dag.py:4180} INFO - Setting next_dagrun for daily_job_scraping to 2026-03-24 12:00:00+00:00, run_after=2026-03-25 12:00:00+00:00
[2026-03-24T21:21:09.476+0000] {processor.py:208} INFO - Processing /opt/airflow/dags/job_scraping_dag.py took 1.730 seconds
[2026-03-24T21:21:40.440+0000] {processor.py:186} INFO - Started process (PID=815) to work on /opt/airflow/dags/job_scraping_dag.py
[2026-03-24T21:21:40.443+0000] {processor.py:914} INFO - Processing file /opt/airflow/dags/job_scraping_dag.py for tasks to queue
[2026-03-24T21:21:40.449+0000] {logging_mixin.py:190} INFO - [2026-03-24T21:21:40.448+0000] {dagbag.py:588} INFO - Filling up the DagBag from /opt/airflow/dags/job_scraping_dag.py
[2026-03-24T21:21:41.721+0000] {processor.py:925} INFO - DAG(s) 'daily_job_scraping' retrieved from /opt/airflow/dags/job_scraping_dag.py
[2026-03-24T21:21:41.774+0000] {logging_mixin.py:190} INFO - [2026-03-24T21:21:41.773+0000] {dag.py:3239} INFO - Sync 1 DAGs
[2026-03-24T21:21:41.817+0000] {logging_mixin.py:190} INFO - [2026-03-24T21:21:41.816+0000] {dag.py:4180} INFO - Setting next_dagrun for daily_job_scraping to 2026-03-24 12:00:00+00:00, run_after=2026-03-25 12:00:00+00:00
[2026-03-24T21:21:41.843+0000] {processor.py:208} INFO - Processing /opt/airflow/dags/job_scraping_dag.py took 1.437 seconds
[2026-03-24T21:22:12.697+0000] {processor.py:186} INFO - Started process (PID=821) to work on /opt/airflow/dags/job_scraping_dag.py
[2026-03-24T21:22:12.699+0000] {processor.py:914} INFO - Processing file /opt/airflow/dags/job_scraping_dag.py for tasks to queue
[2026-03-24T21:22:12.703+0000] {logging_mixin.py:190} INFO - [2026-03-24T21:22:12.703+0000] {dagbag.py:588} INFO - Filling up the DagBag from /opt/airflow/dags/job_scraping_dag.py
[2026-03-24T21:22:13.904+0000] {processor.py:925} INFO - DAG(s) 'daily_job_scraping' retrieved from /opt/airflow/dags/job_scraping_dag.py
[2026-03-24T21:22:13.959+0000] {logging_mixin.py:190} INFO - [2026-03-24T21:22:13.958+0000] {dag.py:3239} INFO - Sync 1 DAGs
[2026-03-24T21:22:13.997+0000] {logging_mixin.py:190} INFO - [2026-03-24T21:22:13.996+0000] {dag.py:4180} INFO - Setting next_dagrun for daily_job_scraping to 2026-03-24 12:00:00+00:00, run_after=2026-03-25 12:00:00+00:00
[2026-03-24T21:22:14.036+0000] {processor.py:208} INFO - Processing /opt/airflow/dags/job_scraping_dag.py took 1.352 seconds
[2026-03-24T21:22:44.219+0000] {processor.py:186} INFO - Started process (PID=827) to work on /opt/airflow/dags/job_scraping_dag.py
[2026-03-24T21:22:44.225+0000] {processor.py:914} INFO - Processing file /opt/airflow/dags/job_scraping_dag.py for tasks to queue
[2026-03-24T21:22:44.238+0000] {logging_mixin.py:190} INFO - [2026-03-24T21:22:44.237+0000] {dagbag.py:588} INFO - Filling up the DagBag from /opt/airflow/dags/job_scraping_dag.py
[2026-03-24T21:22:45.305+0000] {processor.py:925} INFO - DAG(s) 'daily_job_scraping' retrieved from /opt/airflow/dags/job_scraping_dag.py
[2026-03-24T21:22:45.355+0000] {logging_mixin.py:190} INFO - [2026-03-24T21:22:45.355+0000] {dag.py:3239} INFO - Sync 1 DAGs
[2026-03-24T21:22:45.390+0000] {logging_mixin.py:190} INFO - [2026-03-24T21:22:45.390+0000] {dag.py:4180} INFO - Setting next_dagrun for daily_job_scraping to 2026-03-24 12:00:00+00:00, run_after=2026-03-25 12:00:00+00:00
[2026-03-24T21:22:45.421+0000] {processor.py:208} INFO - Processing /opt/airflow/dags/job_scraping_dag.py took 1.222 seconds
[2026-03-24T21:23:16.367+0000] {processor.py:186} INFO - Started process (PID=833) to work on /opt/airflow/dags/job_scraping_dag.py
[2026-03-24T21:23:16.369+0000] {processor.py:914} INFO - Processing file /opt/airflow/dags/job_scraping_dag.py for tasks to queue
[2026-03-24T21:23:16.376+0000] {logging_mixin.py:190} INFO - [2026-03-24T21:23:16.375+0000] {dagbag.py:588} INFO - Filling up the DagBag from /opt/airflow/dags/job_scraping_dag.py
[2026-03-24T21:23:17.695+0000] {processor.py:925} INFO - DAG(s) 'daily_job_scraping' retrieved from /opt/airflow/dags/job_scraping_dag.py
[2026-03-24T21:23:17.751+0000] {logging_mixin.py:190} INFO - [2026-03-24T21:23:17.751+0000] {dag.py:3239} INFO - Sync 1 DAGs
[2026-03-24T21:23:17.789+0000] {logging_mixin.py:190} INFO - [2026-03-24T21:23:17.788+0000] {dag.py:4180} INFO - Setting next_dagrun for daily_job_scraping to 2026-03-24 12:00:00+00:00, run_after=2026-03-25 12:00:00+00:00
[2026-03-24T21:23:17.824+0000] {processor.py:208} INFO - Processing /opt/airflow/dags/job_scraping_dag.py took 1.467 seconds
[2026-03-24T21:23:47.989+0000] {processor.py:186} INFO - Started process (PID=839) to work on /opt/airflow/dags/job_scraping_dag.py
[2026-03-24T21:23:47.991+0000] {processor.py:914} INFO - Processing file /opt/airflow/dags/job_scraping_dag.py for tasks to queue
[2026-03-24T21:23:48.008+0000] {logging_mixin.py:190} INFO - [2026-03-24T21:23:48.007+0000] {dagbag.py:588} INFO - Filling up the DagBag from /opt/airflow/dags/job_scraping_dag.py
[2026-03-24T21:23:47.488+0000] {processor.py:925} INFO - DAG(s) 'daily_job_scraping' retrieved from /opt/airflow/dags/job_scraping_dag.py
[2026-03-24T21:23:47.569+0000] {logging_mixin.py:190} INFO - [2026-03-24T21:23:47.569+0000] {dag.py:3239} INFO - Sync 1 DAGs
[2026-03-24T21:23:47.627+0000] {logging_mixin.py:190} INFO - [2026-03-24T21:23:47.626+0000] {dag.py:4180} INFO - Setting next_dagrun for daily_job_scraping to 2026-03-24 12:00:00+00:00, run_after=2026-03-25 12:00:00+00:00
[2026-03-24T21:23:47.681+0000] {processor.py:208} INFO - Processing /opt/airflow/dags/job_scraping_dag.py took 2.020 seconds
[2026-03-24T21:24:18.783+0000] {processor.py:186} INFO - Started process (PID=845) to work on /opt/airflow/dags/job_scraping_dag.py
[2026-03-24T21:24:18.789+0000] {processor.py:914} INFO - Processing file /opt/airflow/dags/job_scraping_dag.py for tasks to queue
[2026-03-24T21:24:18.799+0000] {logging_mixin.py:190} INFO - [2026-03-24T21:24:18.798+0000] {dagbag.py:588} INFO - Filling up the DagBag from /opt/airflow/dags/job_scraping_dag.py
[2026-03-24T21:24:19.898+0000] {processor.py:925} INFO - DAG(s) 'daily_job_scraping' retrieved from /opt/airflow/dags/job_scraping_dag.py
[2026-03-24T21:24:19.944+0000] {logging_mixin.py:190} INFO - [2026-03-24T21:24:19.943+0000] {dag.py:3239} INFO - Sync 1 DAGs
[2026-03-24T21:24:19.988+0000] {logging_mixin.py:190} INFO - [2026-03-24T21:24:19.987+0000] {dag.py:4180} INFO - Setting next_dagrun for daily_job_scraping to 2026-03-24 12:00:00+00:00, run_after=2026-03-25 12:00:00+00:00
[2026-03-24T21:24:20.018+0000] {processor.py:208} INFO - Processing /opt/airflow/dags/job_scraping_dag.py took 1.252 seconds
[2026-03-24T21:24:50.174+0000] {processor.py:186} INFO - Started process (PID=851) to work on /opt/airflow/dags/job_scraping_dag.py
[2026-03-24T21:24:50.177+0000] {processor.py:914} INFO - Processing file /opt/airflow/dags/job_scraping_dag.py for tasks to queue
[2026-03-24T21:24:50.185+0000] {logging_mixin.py:190} INFO - [2026-03-24T21:24:50.184+0000] {dagbag.py:588} INFO - Filling up the DagBag from /opt/airflow/dags/job_scraping_dag.py
[2026-03-24T21:24:51.739+0000] {processor.py:925} INFO - DAG(s) 'daily_job_scraping' retrieved from /opt/airflow/dags/job_scraping_dag.py
[2026-03-24T21:24:51.824+0000] {logging_mixin.py:190} INFO - [2026-03-24T21:24:51.823+0000] {dag.py:3239} INFO - Sync 1 DAGs
[2026-03-24T21:24:51.910+0000] {logging_mixin.py:190} INFO - [2026-03-24T21:24:51.910+0000] {dag.py:4180} INFO - Setting next_dagrun for daily_job_scraping to 2026-03-24 12:00:00+00:00, run_after=2026-03-25 12:00:00+00:00
[2026-03-24T21:24:51.984+0000] {processor.py:208} INFO - Processing /opt/airflow/dags/job_scraping_dag.py took 1.830 seconds
[2026-03-24T21:25:22.973+0000] {processor.py:186} INFO - Started process (PID=857) to work on /opt/airflow/dags/job_scraping_dag.py
[2026-03-24T21:25:22.977+0000] {processor.py:914} INFO - Processing file /opt/airflow/dags/job_scraping_dag.py for tasks to queue
[2026-03-24T21:25:22.983+0000] {logging_mixin.py:190} INFO - [2026-03-24T21:25:22.982+0000] {dagbag.py:588} INFO - Filling up the DagBag from /opt/airflow/dags/job_scraping_dag.py
[2026-03-24T21:25:24.207+0000] {processor.py:925} INFO - DAG(s) 'daily_job_scraping' retrieved from /opt/airflow/dags/job_scraping_dag.py
[2026-03-24T21:25:24.267+0000] {logging_mixin.py:190} INFO - [2026-03-24T21:25:24.266+0000] {dag.py:3239} INFO - Sync 1 DAGs
[2026-03-24T21:25:24.297+0000] {logging_mixin.py:190} INFO - [2026-03-24T21:25:24.296+0000] {dag.py:4180} INFO - Setting next_dagrun for daily_job_scraping to 2026-03-24 12:00:00+00:00, run_after=2026-03-25 12:00:00+00:00
[2026-03-24T21:25:24.332+0000] {processor.py:208} INFO - Processing /opt/airflow/dags/job_scraping_dag.py took 1.390 seconds
[2026-03-24T21:25:54.635+0000] {processor.py:186} INFO - Started process (PID=863) to work on /opt/airflow/dags/job_scraping_dag.py
[2026-03-24T21:25:54.639+0000] {processor.py:914} INFO - Processing file /opt/airflow/dags/job_scraping_dag.py for tasks to queue
[2026-03-24T21:25:54.644+0000] {logging_mixin.py:190} INFO - [2026-03-24T21:25:54.643+0000] {dagbag.py:588} INFO - Filling up the DagBag from /opt/airflow/dags/job_scraping_dag.py
[2026-03-24T21:25:56.223+0000] {processor.py:925} INFO - DAG(s) 'daily_job_scraping' retrieved from /opt/airflow/dags/job_scraping_dag.py
[2026-03-24T21:25:56.330+0000] {logging_mixin.py:190} INFO - [2026-03-24T21:25:56.329+0000] {dag.py:3239} INFO - Sync 1 DAGs
[2026-03-24T21:25:56.409+0000] {logging_mixin.py:190} INFO - [2026-03-24T21:25:56.408+0000] {dag.py:4180} INFO - Setting next_dagrun for daily_job_scraping to 2026-03-24 12:00:00+00:00, run_after=2026-03-25 12:00:00+00:00
[2026-03-24T21:25:56.499+0000] {processor.py:208} INFO - Processing /opt/airflow/dags/job_scraping_dag.py took 1.896 seconds
[2026-03-24T21:26:27.009+0000] {processor.py:186} INFO - Started process (PID=869) to work on /opt/airflow/dags/job_scraping_dag.py
[2026-03-24T21:26:27.013+0000] {processor.py:914} INFO - Processing file /opt/airflow/dags/job_scraping_dag.py for tasks to queue
[2026-03-24T21:26:27.019+0000] {logging_mixin.py:190} INFO - [2026-03-24T21:26:27.019+0000] {dagbag.py:588} INFO - Filling up the DagBag from /opt/airflow/dags/job_scraping_dag.py
[2026-03-24T21:26:28.418+0000] {processor.py:925} INFO - DAG(s) 'daily_job_scraping' retrieved from /opt/airflow/dags/job_scraping_dag.py
[2026-03-24T21:26:28.473+0000] {logging_mixin.py:190} INFO - [2026-03-24T21:26:28.472+0000] {dag.py:3239} INFO - Sync 1 DAGs
[2026-03-24T21:26:28.558+0000] {logging_mixin.py:190} INFO - [2026-03-24T21:26:28.558+0000] {dag.py:4180} INFO - Setting next_dagrun for daily_job_scraping to 2026-03-24 12:00:00+00:00, run_after=2026-03-25 12:00:00+00:00
[2026-03-24T21:26:28.605+0000] {processor.py:208} INFO - Processing /opt/airflow/dags/job_scraping_dag.py took 1.612 seconds
[2026-03-24T21:26:59.047+0000] {processor.py:186} INFO - Started process (PID=875) to work on /opt/airflow/dags/job_scraping_dag.py
[2026-03-24T21:26:59.063+0000] {processor.py:914} INFO - Processing file /opt/airflow/dags/job_scraping_dag.py for tasks to queue
[2026-03-24T21:26:59.074+0000] {logging_mixin.py:190} INFO - [2026-03-24T21:26:59.073+0000] {dagbag.py:588} INFO - Filling up the DagBag from /opt/airflow/dags/job_scraping_dag.py
[2026-03-24T21:27:01.520+0000] {processor.py:925} INFO - DAG(s) 'daily_job_scraping' retrieved from /opt/airflow/dags/job_scraping_dag.py
[2026-03-24T21:27:01.579+0000] {logging_mixin.py:190} INFO - [2026-03-24T21:27:01.578+0000] {dag.py:3239} INFO - Sync 1 DAGs
[2026-03-24T21:27:01.623+0000] {logging_mixin.py:190} INFO - [2026-03-24T21:27:01.622+0000] {dag.py:4180} INFO - Setting next_dagrun for daily_job_scraping to 2026-03-24 12:00:00+00:00, run_after=2026-03-25 12:00:00+00:00
[2026-03-24T21:27:01.673+0000] {processor.py:208} INFO - Processing /opt/airflow/dags/job_scraping_dag.py took 2.664 seconds
[2026-03-24T21:27:32.426+0000] {processor.py:186} INFO - Started process (PID=881) to work on /opt/airflow/dags/job_scraping_dag.py
[2026-03-24T21:27:32.428+0000] {processor.py:914} INFO - Processing file /opt/airflow/dags/job_scraping_dag.py for tasks to queue
[2026-03-24T21:27:32.431+0000] {logging_mixin.py:190} INFO - [2026-03-24T21:27:32.430+0000] {dagbag.py:588} INFO - Filling up the DagBag from /opt/airflow/dags/job_scraping_dag.py
[2026-03-24T21:27:33.849+0000] {processor.py:925} INFO - DAG(s) 'daily_job_scraping' retrieved from /opt/airflow/dags/job_scraping_dag.py
[2026-03-24T21:27:33.911+0000] {logging_mixin.py:190} INFO - [2026-03-24T21:27:33.910+0000] {dag.py:3239} INFO - Sync 1 DAGs
[2026-03-24T21:27:33.964+0000] {logging_mixin.py:190} INFO - [2026-03-24T21:27:33.963+0000] {dag.py:4180} INFO - Setting next_dagrun for daily_job_scraping to 2026-03-24 12:00:00+00:00, run_after=2026-03-25 12:00:00+00:00
[2026-03-24T21:27:34.021+0000] {processor.py:208} INFO - Processing /opt/airflow/dags/job_scraping_dag.py took 1.620 seconds
[2026-03-24T21:28:04.643+0000] {processor.py:186} INFO - Started process (PID=887) to work on /opt/airflow/dags/job_scraping_dag.py
[2026-03-24T21:28:04.645+0000] {processor.py:914} INFO - Processing file /opt/airflow/dags/job_scraping_dag.py for tasks to queue
[2026-03-24T21:28:04.650+0000] {logging_mixin.py:190} INFO - [2026-03-24T21:28:04.650+0000] {dagbag.py:588} INFO - Filling up the DagBag from /opt/airflow/dags/job_scraping_dag.py
[2026-03-24T21:28:05.941+0000] {processor.py:925} INFO - DAG(s) 'daily_job_scraping' retrieved from /opt/airflow/dags/job_scraping_dag.py
[2026-03-24T21:28:06.027+0000] {logging_mixin.py:190} INFO - [2026-03-24T21:28:06.026+0000] {dag.py:3239} INFO - Sync 1 DAGs
[2026-03-24T21:28:06.088+0000] {logging_mixin.py:190} INFO - [2026-03-24T21:28:06.086+0000] {dag.py:4180} INFO - Setting next_dagrun for daily_job_scraping to 2026-03-24 12:00:00+00:00, run_after=2026-03-25 12:00:00+00:00
[2026-03-24T21:28:06.157+0000] {processor.py:208} INFO - Processing /opt/airflow/dags/job_scraping_dag.py took 1.529 seconds
[2026-03-24T21:28:39.994+0000] {processor.py:186} INFO - Started process (PID=893) to work on /opt/airflow/dags/job_scraping_dag.py
[2026-03-24T21:28:40.002+0000] {processor.py:914} INFO - Processing file /opt/airflow/dags/job_scraping_dag.py for tasks to queue
[2026-03-24T21:28:40.022+0000] {logging_mixin.py:190} INFO - [2026-03-24T21:28:40.021+0000] {dagbag.py:588} INFO - Filling up the DagBag from /opt/airflow/dags/job_scraping_dag.py
[2026-03-24T21:28:44.387+0000] {processor.py:925} INFO - DAG(s) 'daily_job_scraping' retrieved from /opt/airflow/dags/job_scraping_dag.py
[2026-03-24T21:28:44.492+0000] {logging_mixin.py:190} INFO - [2026-03-24T21:28:44.491+0000] {dag.py:3239} INFO - Sync 1 DAGs
[2026-03-24T21:28:44.583+0000] {logging_mixin.py:190} INFO - [2026-03-24T21:28:44.582+0000] {dag.py:4180} INFO - Setting next_dagrun for daily_job_scraping to 2026-03-24 12:00:00+00:00, run_after=2026-03-25 12:00:00+00:00
[2026-03-24T21:28:44.687+0000] {processor.py:208} INFO - Processing /opt/airflow/dags/job_scraping_dag.py took 4.723 seconds
[2026-03-24T21:29:15.293+0000] {processor.py:186} INFO - Started process (PID=899) to work on /opt/airflow/dags/job_scraping_dag.py
[2026-03-24T21:29:15.297+0000] {processor.py:914} INFO - Processing file /opt/airflow/dags/job_scraping_dag.py for tasks to queue
[2026-03-24T21:29:15.303+0000] {logging_mixin.py:190} INFO - [2026-03-24T21:29:15.302+0000] {dagbag.py:588} INFO - Filling up the DagBag from /opt/airflow/dags/job_scraping_dag.py
[2026-03-24T21:29:16.785+0000] {processor.py:925} INFO - DAG(s) 'daily_job_scraping' retrieved from /opt/airflow/dags/job_scraping_dag.py
[2026-03-24T21:29:16.851+0000] {logging_mixin.py:190} INFO - [2026-03-24T21:29:16.845+0000] {dag.py:3239} INFO - Sync 1 DAGs
[2026-03-24T21:29:16.897+0000] {logging_mixin.py:190} INFO - [2026-03-24T21:29:16.897+0000] {dag.py:4180} INFO - Setting next_dagrun for daily_job_scraping to 2026-03-24 12:00:00+00:00, run_after=2026-03-25 12:00:00+00:00
[2026-03-24T21:29:16.952+0000] {processor.py:208} INFO - Processing /opt/airflow/dags/job_scraping_dag.py took 1.679 seconds
[2026-03-24T21:29:47.470+0000] {processor.py:186} INFO - Started process (PID=905) to work on /opt/airflow/dags/job_scraping_dag.py
[2026-03-24T21:29:47.476+0000] {processor.py:914} INFO - Processing file /opt/airflow/dags/job_scraping_dag.py for tasks to queue
[2026-03-24T21:29:47.500+0000] {logging_mixin.py:190} INFO - [2026-03-24T21:29:47.499+0000] {dagbag.py:588} INFO - Filling up the DagBag from /opt/airflow/dags/job_scraping_dag.py
[2026-03-24T21:29:47.355+0000] {processor.py:925} INFO - DAG(s) 'daily_job_scraping' retrieved from /opt/airflow/dags/job_scraping_dag.py
[2026-03-24T21:29:47.443+0000] {logging_mixin.py:190} INFO - [2026-03-24T21:29:47.442+0000] {dag.py:3239} INFO - Sync 1 DAGs
[2026-03-24T21:29:47.506+0000] {logging_mixin.py:190} INFO - [2026-03-24T21:29:47.505+0000] {dag.py:4180} INFO - Setting next_dagrun for daily_job_scraping to 2026-03-24 12:00:00+00:00, run_after=2026-03-25 12:00:00+00:00
[2026-03-24T21:29:47.576+0000] {processor.py:208} INFO - Processing /opt/airflow/dags/job_scraping_dag.py took 2.448 seconds
[2026-03-24T21:30:18.413+0000] {processor.py:186} INFO - Started process (PID=911) to work on /opt/airflow/dags/job_scraping_dag.py
[2026-03-24T21:30:18.415+0000] {processor.py:914} INFO - Processing file /opt/airflow/dags/job_scraping_dag.py for tasks to queue
[2026-03-24T21:30:18.421+0000] {logging_mixin.py:190} INFO - [2026-03-24T21:30:18.420+0000] {dagbag.py:588} INFO - Filling up the DagBag from /opt/airflow/dags/job_scraping_dag.py
[2026-03-24T21:30:19.671+0000] {processor.py:925} INFO - DAG(s) 'daily_job_scraping' retrieved from /opt/airflow/dags/job_scraping_dag.py
[2026-03-24T21:30:19.725+0000] {logging_mixin.py:190} INFO - [2026-03-24T21:30:19.724+0000] {dag.py:3239} INFO - Sync 1 DAGs
[2026-03-24T21:30:19.778+0000] {logging_mixin.py:190} INFO - [2026-03-24T21:30:19.776+0000] {dag.py:4180} INFO - Setting next_dagrun for daily_job_scraping to 2026-03-24 12:00:00+00:00, run_after=2026-03-25 12:00:00+00:00
[2026-03-24T21:30:19.823+0000] {processor.py:208} INFO - Processing /opt/airflow/dags/job_scraping_dag.py took 1.421 seconds
[2026-03-24T21:30:50.298+0000] {processor.py:186} INFO - Started process (PID=917) to work on /opt/airflow/dags/job_scraping_dag.py
[2026-03-24T21:30:50.305+0000] {processor.py:914} INFO - Processing file /opt/airflow/dags/job_scraping_dag.py for tasks to queue
[2026-03-24T21:30:50.310+0000] {logging_mixin.py:190} INFO - [2026-03-24T21:30:50.310+0000] {dagbag.py:588} INFO - Filling up the DagBag from /opt/airflow/dags/job_scraping_dag.py
[2026-03-24T21:30:51.693+0000] {processor.py:925} INFO - DAG(s) 'daily_job_scraping' retrieved from /opt/airflow/dags/job_scraping_dag.py
[2026-03-24T21:30:51.750+0000] {logging_mixin.py:190} INFO - [2026-03-24T21:30:51.749+0000] {dag.py:3239} INFO - Sync 1 DAGs
[2026-03-24T21:30:51.798+0000] {logging_mixin.py:190} INFO - [2026-03-24T21:30:51.798+0000] {dag.py:4180} INFO - Setting next_dagrun for daily_job_scraping to 2026-03-24 12:00:00+00:00, run_after=2026-03-25 12:00:00+00:00
[2026-03-24T21:30:51.838+0000] {processor.py:208} INFO - Processing /opt/airflow/dags/job_scraping_dag.py took 1.574 seconds
[2026-03-24T21:31:21.950+0000] {processor.py:186} INFO - Started process (PID=923) to work on /opt/airflow/dags/job_scraping_dag.py
[2026-03-24T21:31:21.952+0000] {processor.py:914} INFO - Processing file /opt/airflow/dags/job_scraping_dag.py for tasks to queue
[2026-03-24T21:31:21.960+0000] {logging_mixin.py:190} INFO - [2026-03-24T21:31:21.957+0000] {dagbag.py:588} INFO - Filling up the DagBag from /opt/airflow/dags/job_scraping_dag.py
[2026-03-24T21:31:23.171+0000] {processor.py:925} INFO - DAG(s) 'daily_job_scraping' retrieved from /opt/airflow/dags/job_scraping_dag.py
[2026-03-24T21:31:23.236+0000] {logging_mixin.py:190} INFO - [2026-03-24T21:31:23.235+0000] {dag.py:3239} INFO - Sync 1 DAGs
[2026-03-24T21:31:23.278+0000] {logging_mixin.py:190} INFO - [2026-03-24T21:31:23.277+0000] {dag.py:4180} INFO - Setting next_dagrun for daily_job_scraping to 2026-03-24 12:00:00+00:00, run_after=2026-03-25 12:00:00+00:00
[2026-03-24T21:31:23.320+0000] {processor.py:208} INFO - Processing /opt/airflow/dags/job_scraping_dag.py took 1.400 seconds
[2026-03-24T21:31:53.442+0000] {processor.py:186} INFO - Started process (PID=929) to work on /opt/airflow/dags/job_scraping_dag.py
[2026-03-24T21:31:53.444+0000] {processor.py:914} INFO - Processing file /opt/airflow/dags/job_scraping_dag.py for tasks to queue
[2026-03-24T21:31:53.450+0000] {logging_mixin.py:190} INFO - [2026-03-24T21:31:53.449+0000] {dagbag.py:588} INFO - Filling up the DagBag from /opt/airflow/dags/job_scraping_dag.py
[2026-03-24T21:31:54.897+0000] {processor.py:925} INFO - DAG(s) 'daily_job_scraping' retrieved from /opt/airflow/dags/job_scraping_dag.py
[2026-03-24T21:31:54.948+0000] {logging_mixin.py:190} INFO - [2026-03-24T21:31:54.947+0000] {dag.py:3239} INFO - Sync 1 DAGs
[2026-03-24T21:31:54.990+0000] {logging_mixin.py:190} INFO - [2026-03-24T21:31:54.990+0000] {dag.py:4180} INFO - Setting next_dagrun for daily_job_scraping to 2026-03-24 12:00:00+00:00, run_after=2026-03-25 12:00:00+00:00
[2026-03-24T21:31:55.027+0000] {processor.py:208} INFO - Processing /opt/airflow/dags/job_scraping_dag.py took 1.599 seconds
[2026-03-24T21:32:25.203+0000] {processor.py:186} INFO - Started process (PID=935) to work on /opt/airflow/dags/job_scraping_dag.py
[2026-03-24T21:32:25.215+0000] {processor.py:914} INFO - Processing file /opt/airflow/dags/job_scraping_dag.py for tasks to queue
[2026-03-24T21:32:25.221+0000] {logging_mixin.py:190} INFO - [2026-03-24T21:32:25.220+0000] {dagbag.py:588} INFO - Filling up the DagBag from /opt/airflow/dags/job_scraping_dag.py
[2026-03-24T21:32:26.679+0000] {processor.py:925} INFO - DAG(s) 'daily_job_scraping' retrieved from /opt/airflow/dags/job_scraping_dag.py
[2026-03-24T21:32:26.756+0000] {logging_mixin.py:190} INFO - [2026-03-24T21:32:26.755+0000] {dag.py:3239} INFO - Sync 1 DAGs
[2026-03-24T21:32:26.792+0000] {logging_mixin.py:190} INFO - [2026-03-24T21:32:26.792+0000] {dag.py:4180} INFO - Setting next_dagrun for daily_job_scraping to 2026-03-24 12:00:00+00:00, run_after=2026-03-25 12:00:00+00:00
[2026-03-24T21:32:26.854+0000] {processor.py:208} INFO - Processing /opt/airflow/dags/job_scraping_dag.py took 1.683 seconds
[2026-03-24T21:32:57.000+0000] {processor.py:186} INFO - Started process (PID=941) to work on /opt/airflow/dags/job_scraping_dag.py
[2026-03-24T21:32:57.003+0000] {processor.py:914} INFO - Processing file /opt/airflow/dags/job_scraping_dag.py for tasks to queue
[2026-03-24T21:32:57.008+0000] {logging_mixin.py:190} INFO - [2026-03-24T21:32:57.008+0000] {dagbag.py:588} INFO - Filling up the DagBag from /opt/airflow/dags/job_scraping_dag.py
[2026-03-24T21:32:58.261+0000] {processor.py:925} INFO - DAG(s) 'daily_job_scraping' retrieved from /opt/airflow/dags/job_scraping_dag.py
[2026-03-24T21:32:58.313+0000] {logging_mixin.py:190} INFO - [2026-03-24T21:32:58.310+0000] {dag.py:3239} INFO - Sync 1 DAGs
[2026-03-24T21:32:58.381+0000] {logging_mixin.py:190} INFO - [2026-03-24T21:32:58.380+0000] {dag.py:4180} INFO - Setting next_dagrun for daily_job_scraping to 2026-03-24 12:00:00+00:00, run_after=2026-03-25 12:00:00+00:00
[2026-03-24T21:32:58.426+0000] {processor.py:208} INFO - Processing /opt/airflow/dags/job_scraping_dag.py took 1.442 seconds
[2026-03-24T21:33:28.640+0000] {processor.py:186} INFO - Started process (PID=947) to work on /opt/airflow/dags/job_scraping_dag.py
[2026-03-24T21:33:28.646+0000] {processor.py:914} INFO - Processing file /opt/airflow/dags/job_scraping_dag.py for tasks to queue
[2026-03-24T21:33:28.653+0000] {logging_mixin.py:190} INFO - [2026-03-24T21:33:28.652+0000] {dagbag.py:588} INFO - Filling up the DagBag from /opt/airflow/dags/job_scraping_dag.py
[2026-03-24T21:33:29.944+0000] {processor.py:925} INFO - DAG(s) 'daily_job_scraping' retrieved from /opt/airflow/dags/job_scraping_dag.py
[2026-03-24T21:33:30.003+0000] {logging_mixin.py:190} INFO - [2026-03-24T21:33:30.002+0000] {dag.py:3239} INFO - Sync 1 DAGs
[2026-03-24T21:33:30.053+0000] {logging_mixin.py:190} INFO - [2026-03-24T21:33:30.053+0000] {dag.py:4180} INFO - Setting next_dagrun for daily_job_scraping to 2026-03-24 12:00:00+00:00, run_after=2026-03-25 12:00:00+00:00
[2026-03-24T21:33:30.093+0000] {processor.py:208} INFO - Processing /opt/airflow/dags/job_scraping_dag.py took 1.481 seconds
[2026-03-24T21:34:00.742+0000] {processor.py:186} INFO - Started process (PID=953) to work on /opt/airflow/dags/job_scraping_dag.py
[2026-03-24T21:34:00.749+0000] {processor.py:914} INFO - Processing file /opt/airflow/dags/job_scraping_dag.py for tasks to queue
[2026-03-24T21:34:00.760+0000] {logging_mixin.py:190} INFO - [2026-03-24T21:34:00.759+0000] {dagbag.py:588} INFO - Filling up the DagBag from /opt/airflow/dags/job_scraping_dag.py
[2026-03-24T21:34:04.520+0000] {processor.py:925} INFO - DAG(s) 'daily_job_scraping' retrieved from /opt/airflow/dags/job_scraping_dag.py
[2026-03-24T21:34:04.646+0000] {logging_mixin.py:190} INFO - [2026-03-24T21:34:04.645+0000] {dag.py:3239} INFO - Sync 1 DAGs
[2026-03-24T21:34:04.764+0000] {logging_mixin.py:190} INFO - [2026-03-24T21:34:04.764+0000] {dag.py:4180} INFO - Setting next_dagrun for daily_job_scraping to 2026-03-24 12:00:00+00:00, run_after=2026-03-25 12:00:00+00:00
[2026-03-24T21:34:04.871+0000] {processor.py:208} INFO - Processing /opt/airflow/dags/job_scraping_dag.py took 4.167 seconds
[2026-03-24T21:34:36.837+0000] {processor.py:186} INFO - Started process (PID=959) to work on /opt/airflow/dags/job_scraping_dag.py
[2026-03-24T21:34:36.839+0000] {processor.py:914} INFO - Processing file /opt/airflow/dags/job_scraping_dag.py for tasks to queue
[2026-03-24T21:34:36.856+0000] {logging_mixin.py:190} INFO - [2026-03-24T21:34:36.856+0000] {dagbag.py:588} INFO - Filling up the DagBag from /opt/airflow/dags/job_scraping_dag.py
[2026-03-24T21:34:39.336+0000] {processor.py:925} INFO - DAG(s) 'daily_job_scraping' retrieved from /opt/airflow/dags/job_scraping_dag.py
[2026-03-24T21:34:39.402+0000] {logging_mixin.py:190} INFO - [2026-03-24T21:34:39.400+0000] {dag.py:3239} INFO - Sync 1 DAGs
[2026-03-24T21:34:39.469+0000] {logging_mixin.py:190} INFO - [2026-03-24T21:34:39.468+0000] {dag.py:4180} INFO - Setting next_dagrun for daily_job_scraping to 2026-03-24 12:00:00+00:00, run_after=2026-03-25 12:00:00+00:00
[2026-03-24T21:34:39.520+0000] {processor.py:208} INFO - Processing /opt/airflow/dags/job_scraping_dag.py took 2.720 seconds
[2026-03-24T21:35:09.999+0000] {processor.py:186} INFO - Started process (PID=965) to work on /opt/airflow/dags/job_scraping_dag.py
[2026-03-24T21:35:10.001+0000] {processor.py:914} INFO - Processing file /opt/airflow/dags/job_scraping_dag.py for tasks to queue
[2026-03-24T21:35:10.009+0000] {logging_mixin.py:190} INFO - [2026-03-24T21:35:10.008+0000] {dagbag.py:588} INFO - Filling up the DagBag from /opt/airflow/dags/job_scraping_dag.py
[2026-03-24T21:35:11.519+0000] {processor.py:925} INFO - DAG(s) 'daily_job_scraping' retrieved from /opt/airflow/dags/job_scraping_dag.py
[2026-03-24T21:35:11.574+0000] {logging_mixin.py:190} INFO - [2026-03-24T21:35:11.573+0000] {dag.py:3239} INFO - Sync 1 DAGs
[2026-03-24T21:35:11.621+0000] {logging_mixin.py:190} INFO - [2026-03-24T21:35:11.621+0000] {dag.py:4180} INFO - Setting next_dagrun for daily_job_scraping to 2026-03-24 12:00:00+00:00, run_after=2026-03-25 12:00:00+00:00
[2026-03-24T21:35:11.666+0000] {processor.py:208} INFO - Processing /opt/airflow/dags/job_scraping_dag.py took 1.689 seconds
[2026-03-24T21:35:41.941+0000] {processor.py:186} INFO - Started process (PID=971) to work on /opt/airflow/dags/job_scraping_dag.py
[2026-03-24T21:35:41.943+0000] {processor.py:914} INFO - Processing file /opt/airflow/dags/job_scraping_dag.py for tasks to queue
[2026-03-24T21:35:41.948+0000] {logging_mixin.py:190} INFO - [2026-03-24T21:35:41.948+0000] {dagbag.py:588} INFO - Filling up the DagBag from /opt/airflow/dags/job_scraping_dag.py
[2026-03-24T21:35:43.331+0000] {processor.py:925} INFO - DAG(s) 'daily_job_scraping' retrieved from /opt/airflow/dags/job_scraping_dag.py
[2026-03-24T21:35:43.380+0000] {logging_mixin.py:190} INFO - [2026-03-24T21:35:43.380+0000] {dag.py:3239} INFO - Sync 1 DAGs
[2026-03-24T21:35:43.409+0000] {logging_mixin.py:190} INFO - [2026-03-24T21:35:43.409+0000] {dag.py:4180} INFO - Setting next_dagrun for daily_job_scraping to 2026-03-24 12:00:00+00:00, run_after=2026-03-25 12:00:00+00:00
[2026-03-24T21:35:43.438+0000] {processor.py:208} INFO - Processing /opt/airflow/dags/job_scraping_dag.py took 1.517 seconds
[2026-03-24T21:36:14.043+0000] {processor.py:186} INFO - Started process (PID=977) to work on /opt/airflow/dags/job_scraping_dag.py
[2026-03-24T21:36:14.045+0000] {processor.py:914} INFO - Processing file /opt/airflow/dags/job_scraping_dag.py for tasks to queue
[2026-03-24T21:36:14.056+0000] {logging_mixin.py:190} INFO - [2026-03-24T21:36:14.055+0000] {dagbag.py:588} INFO - Filling up the DagBag from /opt/airflow/dags/job_scraping_dag.py
[2026-03-24T21:36:15.569+0000] {processor.py:925} INFO - DAG(s) 'daily_job_scraping' retrieved from /opt/airflow/dags/job_scraping_dag.py
[2026-03-24T21:36:15.617+0000] {logging_mixin.py:190} INFO - [2026-03-24T21:36:15.616+0000] {dag.py:3239} INFO - Sync 1 DAGs
[2026-03-24T21:36:15.661+0000] {logging_mixin.py:190} INFO - [2026-03-24T21:36:15.660+0000] {dag.py:4180} INFO - Setting next_dagrun for daily_job_scraping to 2026-03-24 12:00:00+00:00, run_after=2026-03-25 12:00:00+00:00
[2026-03-24T21:36:15.703+0000] {processor.py:208} INFO - Processing /opt/airflow/dags/job_scraping_dag.py took 1.680 seconds
[2026-03-24T21:36:46.153+0000] {processor.py:186} INFO - Started process (PID=983) to work on /opt/airflow/dags/job_scraping_dag.py
[2026-03-24T21:36:46.162+0000] {processor.py:914} INFO - Processing file /opt/airflow/dags/job_scraping_dag.py for tasks to queue
[2026-03-24T21:36:46.184+0000] {logging_mixin.py:190} INFO - [2026-03-24T21:36:46.183+0000] {dagbag.py:588} INFO - Filling up the DagBag from /opt/airflow/dags/job_scraping_dag.py
[2026-03-24T21:36:48.916+0000] {processor.py:925} INFO - DAG(s) 'daily_job_scraping' retrieved from /opt/airflow/dags/job_scraping_dag.py
[2026-03-24T21:36:49.104+0000] {logging_mixin.py:190} INFO - [2026-03-24T21:36:49.103+0000] {dag.py:3239} INFO - Sync 1 DAGs
[2026-03-24T21:36:49.195+0000] {logging_mixin.py:190} INFO - [2026-03-24T21:36:49.194+0000] {dag.py:4180} INFO - Setting next_dagrun for daily_job_scraping to 2026-03-24 12:00:00+00:00, run_after=2026-03-25 12:00:00+00:00
[2026-03-24T21:36:49.240+0000] {processor.py:208} INFO - Processing /opt/airflow/dags/job_scraping_dag.py took 3.150 seconds
[2026-03-24T21:37:19.563+0000] {processor.py:186} INFO - Started process (PID=989) to work on /opt/airflow/dags/job_scraping_dag.py
[2026-03-24T21:37:19.566+0000] {processor.py:914} INFO - Processing file /opt/airflow/dags/job_scraping_dag.py for tasks to queue
[2026-03-24T21:37:19.569+0000] {logging_mixin.py:190} INFO - [2026-03-24T21:37:19.569+0000] {dagbag.py:588} INFO - Filling up the DagBag from /opt/airflow/dags/job_scraping_dag.py
[2026-03-24T21:37:21.039+0000] {processor.py:925} INFO - DAG(s) 'daily_job_scraping' retrieved from /opt/airflow/dags/job_scraping_dag.py
[2026-03-24T21:37:21.099+0000] {logging_mixin.py:190} INFO - [2026-03-24T21:37:21.098+0000] {dag.py:3239} INFO - Sync 1 DAGs
[2026-03-24T21:37:21.168+0000] {logging_mixin.py:190} INFO - [2026-03-24T21:37:21.168+0000] {dag.py:4180} INFO - Setting next_dagrun for daily_job_scraping to 2026-03-24 12:00:00+00:00, run_after=2026-03-25 12:00:00+00:00
[2026-03-24T21:37:21.202+0000] {processor.py:208} INFO - Processing /opt/airflow/dags/job_scraping_dag.py took 1.657 seconds
[2026-03-24T21:37:51.470+0000] {processor.py:186} INFO - Started process (PID=995) to work on /opt/airflow/dags/job_scraping_dag.py
[2026-03-24T21:37:51.474+0000] {processor.py:914} INFO - Processing file /opt/airflow/dags/job_scraping_dag.py for tasks to queue
[2026-03-24T21:37:51.479+0000] {logging_mixin.py:190} INFO - [2026-03-24T21:37:51.478+0000] {dagbag.py:588} INFO - Filling up the DagBag from /opt/airflow/dags/job_scraping_dag.py
[2026-03-24T21:37:52.939+0000] {processor.py:925} INFO - DAG(s) 'daily_job_scraping' retrieved from /opt/airflow/dags/job_scraping_dag.py
[2026-03-24T21:37:53.010+0000] {logging_mixin.py:190} INFO - [2026-03-24T21:37:53.009+0000] {dag.py:3239} INFO - Sync 1 DAGs
[2026-03-24T21:37:53.065+0000] {logging_mixin.py:190} INFO - [2026-03-24T21:37:53.065+0000] {dag.py:4180} INFO - Setting next_dagrun for daily_job_scraping to 2026-03-24 12:00:00+00:00, run_after=2026-03-25 12:00:00+00:00
[2026-03-24T21:37:53.106+0000] {processor.py:208} INFO - Processing /opt/airflow/dags/job_scraping_dag.py took 1.648 seconds
[2026-03-24T21:38:23.291+0000] {processor.py:186} INFO - Started process (PID=1001) to work on /opt/airflow/dags/job_scraping_dag.py
[2026-03-24T21:38:23.292+0000] {processor.py:914} INFO - Processing file /opt/airflow/dags/job_scraping_dag.py for tasks to queue
[2026-03-24T21:38:23.298+0000] {logging_mixin.py:190} INFO - [2026-03-24T21:38:23.296+0000] {dagbag.py:588} INFO - Filling up the DagBag from /opt/airflow/dags/job_scraping_dag.py
[2026-03-24T21:38:24.643+0000] {processor.py:925} INFO - DAG(s) 'daily_job_scraping' retrieved from /opt/airflow/dags/job_scraping_dag.py
[2026-03-24T21:38:24.695+0000] {logging_mixin.py:190} INFO - [2026-03-24T21:38:24.695+0000] {dag.py:3239} INFO - Sync 1 DAGs
[2026-03-24T21:38:24.733+0000] {logging_mixin.py:190} INFO - [2026-03-24T21:38:24.733+0000] {dag.py:4180} INFO - Setting next_dagrun for daily_job_scraping to 2026-03-24 12:00:00+00:00, run_after=2026-03-25 12:00:00+00:00
[2026-03-24T21:38:24.769+0000] {processor.py:208} INFO - Processing /opt/airflow/dags/job_scraping_dag.py took 1.494 seconds
[2026-03-24T21:38:54.930+0000] {processor.py:186} INFO - Started process (PID=1007) to work on /opt/airflow/dags/job_scraping_dag.py
[2026-03-24T21:38:54.937+0000] {processor.py:914} INFO - Processing file /opt/airflow/dags/job_scraping_dag.py for tasks to queue
[2026-03-24T21:38:54.943+0000] {logging_mixin.py:190} INFO - [2026-03-24T21:38:54.942+0000] {dagbag.py:588} INFO - Filling up the DagBag from /opt/airflow/dags/job_scraping_dag.py
[2026-03-24T21:38:56.491+0000] {processor.py:925} INFO - DAG(s) 'daily_job_scraping' retrieved from /opt/airflow/dags/job_scraping_dag.py
[2026-03-24T21:38:56.546+0000] {logging_mixin.py:190} INFO - [2026-03-24T21:38:56.545+0000] {dag.py:3239} INFO - Sync 1 DAGs
[2026-03-24T21:38:56.602+0000] {logging_mixin.py:190} INFO - [2026-03-24T21:38:56.601+0000] {dag.py:4180} INFO - Setting next_dagrun for daily_job_scraping to 2026-03-24 12:00:00+00:00, run_after=2026-03-25 12:00:00+00:00
[2026-03-24T21:38:56.639+0000] {processor.py:208} INFO - Processing /opt/airflow/dags/job_scraping_dag.py took 1.741 seconds
[2026-03-24T21:39:26.812+0000] {processor.py:186} INFO - Started process (PID=1013) to work on /opt/airflow/dags/job_scraping_dag.py
[2026-03-24T21:39:26.815+0000] {processor.py:914} INFO - Processing file /opt/airflow/dags/job_scraping_dag.py for tasks to queue
[2026-03-24T21:39:26.819+0000] {logging_mixin.py:190} INFO - [2026-03-24T21:39:26.819+0000] {dagbag.py:588} INFO - Filling up the DagBag from /opt/airflow/dags/job_scraping_dag.py
[2026-03-24T21:39:29.234+0000] {processor.py:925} INFO - DAG(s) 'daily_job_scraping' retrieved from /opt/airflow/dags/job_scraping_dag.py
[2026-03-24T21:39:29.300+0000] {logging_mixin.py:190} INFO - [2026-03-24T21:39:29.299+0000] {dag.py:3239} INFO - Sync 1 DAGs
[2026-03-24T21:39:29.346+0000] {logging_mixin.py:190} INFO - [2026-03-24T21:39:29.345+0000] {dag.py:4180} INFO - Setting next_dagrun for daily_job_scraping to 2026-03-24 12:00:00+00:00, run_after=2026-03-25 12:00:00+00:00
[2026-03-24T21:39:29.408+0000] {processor.py:208} INFO - Processing /opt/airflow/dags/job_scraping_dag.py took 2.618 seconds
[2026-03-24T21:39:59.623+0000] {processor.py:186} INFO - Started process (PID=1019) to work on /opt/airflow/dags/job_scraping_dag.py
[2026-03-24T21:39:59.625+0000] {processor.py:914} INFO - Processing file /opt/airflow/dags/job_scraping_dag.py for tasks to queue
[2026-03-24T21:39:59.631+0000] {logging_mixin.py:190} INFO - [2026-03-24T21:39:59.630+0000] {dagbag.py:588} INFO - Filling up the DagBag from /opt/airflow/dags/job_scraping_dag.py
[2026-03-24T21:40:02.645+0000] {processor.py:925} INFO - DAG(s) 'daily_job_scraping' retrieved from /opt/airflow/dags/job_scraping_dag.py
[2026-03-24T21:40:02.802+0000] {logging_mixin.py:190} INFO - [2026-03-24T21:40:02.801+0000] {dag.py:3239} INFO - Sync 1 DAGs
[2026-03-24T21:40:02.908+0000] {logging_mixin.py:190} INFO - [2026-03-24T21:40:02.908+0000] {dag.py:4180} INFO - Setting next_dagrun for daily_job_scraping to 2026-03-24 12:00:00+00:00, run_after=2026-03-25 12:00:00+00:00
[2026-03-24T21:40:02.985+0000] {processor.py:208} INFO - Processing /opt/airflow/dags/job_scraping_dag.py took 3.379 seconds
[2026-03-24T21:40:33.799+0000] {processor.py:186} INFO - Started process (PID=1025) to work on /opt/airflow/dags/job_scraping_dag.py
[2026-03-24T21:40:33.809+0000] {processor.py:914} INFO - Processing file /opt/airflow/dags/job_scraping_dag.py for tasks to queue
[2026-03-24T21:40:33.813+0000] {logging_mixin.py:190} INFO - [2026-03-24T21:40:33.812+0000] {dagbag.py:588} INFO - Filling up the DagBag from /opt/airflow/dags/job_scraping_dag.py
[2026-03-24T21:40:36.521+0000] {processor.py:925} INFO - DAG(s) 'daily_job_scraping' retrieved from /opt/airflow/dags/job_scraping_dag.py
[2026-03-24T21:40:36.612+0000] {logging_mixin.py:190} INFO - [2026-03-24T21:40:36.611+0000] {dag.py:3239} INFO - Sync 1 DAGs
[2026-03-24T21:40:36.706+0000] {logging_mixin.py:190} INFO - [2026-03-24T21:40:36.705+0000] {dag.py:4180} INFO - Setting next_dagrun for daily_job_scraping to 2026-03-24 12:00:00+00:00, run_after=2026-03-25 12:00:00+00:00
[2026-03-24T21:40:36.804+0000] {processor.py:208} INFO - Processing /opt/airflow/dags/job_scraping_dag.py took 3.031 seconds
[2026-03-24T21:41:07.512+0000] {processor.py:186} INFO - Started process (PID=1031) to work on /opt/airflow/dags/job_scraping_dag.py
[2026-03-24T21:41:07.514+0000] {processor.py:914} INFO - Processing file /opt/airflow/dags/job_scraping_dag.py for tasks to queue
[2026-03-24T21:41:07.521+0000] {logging_mixin.py:190} INFO - [2026-03-24T21:41:07.520+0000] {dagbag.py:588} INFO - Filling up the DagBag from /opt/airflow/dags/job_scraping_dag.py
[2026-03-24T21:41:08.916+0000] {processor.py:925} INFO - DAG(s) 'daily_job_scraping' retrieved from /opt/airflow/dags/job_scraping_dag.py
[2026-03-24T21:41:08.970+0000] {logging_mixin.py:190} INFO - [2026-03-24T21:41:08.969+0000] {dag.py:3239} INFO - Sync 1 DAGs
[2026-03-24T21:41:09.008+0000] {logging_mixin.py:190} INFO - [2026-03-24T21:41:09.007+0000] {dag.py:4180} INFO - Setting next_dagrun for daily_job_scraping to 2026-03-24 12:00:00+00:00, run_after=2026-03-25 12:00:00+00:00
[2026-03-24T21:41:09.046+0000] {processor.py:208} INFO - Processing /opt/airflow/dags/job_scraping_dag.py took 1.568 seconds
[2026-03-24T21:41:39.386+0000] {processor.py:186} INFO - Started process (PID=1037) to work on /opt/airflow/dags/job_scraping_dag.py
[2026-03-24T21:41:39.389+0000] {processor.py:914} INFO - Processing file /opt/airflow/dags/job_scraping_dag.py for tasks to queue
[2026-03-24T21:41:39.396+0000] {logging_mixin.py:190} INFO - [2026-03-24T21:41:39.395+0000] {dagbag.py:588} INFO - Filling up the DagBag from /opt/airflow/dags/job_scraping_dag.py
[2026-03-24T21:41:41.161+0000] {processor.py:925} INFO - DAG(s) 'daily_job_scraping' retrieved from /opt/airflow/dags/job_scraping_dag.py
[2026-03-24T21:41:41.242+0000] {logging_mixin.py:190} INFO - [2026-03-24T21:41:41.241+0000] {dag.py:3239} INFO - Sync 1 DAGs
[2026-03-24T21:41:41.346+0000] {logging_mixin.py:190} INFO - [2026-03-24T21:41:41.346+0000] {dag.py:4180} INFO - Setting next_dagrun for daily_job_scraping to 2026-03-24 12:00:00+00:00, run_after=2026-03-25 12:00:00+00:00
[2026-03-24T21:41:41.404+0000] {processor.py:208} INFO - Processing /opt/airflow/dags/job_scraping_dag.py took 2.045 seconds
[2026-03-24T21:42:11.588+0000] {processor.py:186} INFO - Started process (PID=1043) to work on /opt/airflow/dags/job_scraping_dag.py
[2026-03-24T21:42:11.601+0000] {processor.py:914} INFO - Processing file /opt/airflow/dags/job_scraping_dag.py for tasks to queue
[2026-03-24T21:42:11.618+0000] {logging_mixin.py:190} INFO - [2026-03-24T21:42:11.609+0000] {dagbag.py:588} INFO - Filling up the DagBag from /opt/airflow/dags/job_scraping_dag.py
[2026-03-24T21:42:13.666+0000] {processor.py:925} INFO - DAG(s) 'daily_job_scraping' retrieved from /opt/airflow/dags/job_scraping_dag.py
[2026-03-24T21:42:13.722+0000] {logging_mixin.py:190} INFO - [2026-03-24T21:42:13.721+0000] {dag.py:3239} INFO - Sync 1 DAGs
[2026-03-24T21:42:13.786+0000] {logging_mixin.py:190} INFO - [2026-03-24T21:42:13.786+0000] {dag.py:4180} INFO - Setting next_dagrun for daily_job_scraping to 2026-03-24 12:00:00+00:00, run_after=2026-03-25 12:00:00+00:00
[2026-03-24T21:42:13.828+0000] {processor.py:208} INFO - Processing /opt/airflow/dags/job_scraping_dag.py took 2.273 seconds
[2026-03-24T21:42:44.382+0000] {processor.py:186} INFO - Started process (PID=1049) to work on /opt/airflow/dags/job_scraping_dag.py
[2026-03-24T21:42:44.384+0000] {processor.py:914} INFO - Processing file /opt/airflow/dags/job_scraping_dag.py for tasks to queue
[2026-03-24T21:42:44.390+0000] {logging_mixin.py:190} INFO - [2026-03-24T21:42:44.389+0000] {dagbag.py:588} INFO - Filling up the DagBag from /opt/airflow/dags/job_scraping_dag.py
[2026-03-24T21:42:43.552+0000] {processor.py:925} INFO - DAG(s) 'daily_job_scraping' retrieved from /opt/airflow/dags/job_scraping_dag.py
[2026-03-24T21:42:43.630+0000] {logging_mixin.py:190} INFO - [2026-03-24T21:42:43.629+0000] {dag.py:3239} INFO - Sync 1 DAGs
[2026-03-24T21:42:43.681+0000] {logging_mixin.py:190} INFO - [2026-03-24T21:42:43.680+0000] {dag.py:4180} INFO - Setting next_dagrun for daily_job_scraping to 2026-03-24 12:00:00+00:00, run_after=2026-03-25 12:00:00+00:00
[2026-03-24T21:42:43.723+0000] {processor.py:208} INFO - Processing /opt/airflow/dags/job_scraping_dag.py took 1.659 seconds
[2026-03-24T21:43:14.008+0000] {processor.py:186} INFO - Started process (PID=1055) to work on /opt/airflow/dags/job_scraping_dag.py
[2026-03-24T21:43:14.010+0000] {processor.py:914} INFO - Processing file /opt/airflow/dags/job_scraping_dag.py for tasks to queue
[2026-03-24T21:43:14.021+0000] {logging_mixin.py:190} INFO - [2026-03-24T21:43:14.019+0000] {dagbag.py:588} INFO - Filling up the DagBag from /opt/airflow/dags/job_scraping_dag.py
[2026-03-24T21:43:16.610+0000] {processor.py:925} INFO - DAG(s) 'daily_job_scraping' retrieved from /opt/airflow/dags/job_scraping_dag.py
[2026-03-24T21:43:16.683+0000] {logging_mixin.py:190} INFO - [2026-03-24T21:43:16.682+0000] {dag.py:3239} INFO - Sync 1 DAGs
[2026-03-24T21:43:16.764+0000] {logging_mixin.py:190} INFO - [2026-03-24T21:43:16.763+0000] {dag.py:4180} INFO - Setting next_dagrun for daily_job_scraping to 2026-03-24 12:00:00+00:00, run_after=2026-03-25 12:00:00+00:00
[2026-03-24T21:43:16.817+0000] {processor.py:208} INFO - Processing /opt/airflow/dags/job_scraping_dag.py took 2.831 seconds
[2026-03-24T21:43:47.020+0000] {processor.py:186} INFO - Started process (PID=1061) to work on /opt/airflow/dags/job_scraping_dag.py
[2026-03-24T21:43:47.022+0000] {processor.py:914} INFO - Processing file /opt/airflow/dags/job_scraping_dag.py for tasks to queue
[2026-03-24T21:43:47.025+0000] {logging_mixin.py:190} INFO - [2026-03-24T21:43:47.025+0000] {dagbag.py:588} INFO - Filling up the DagBag from /opt/airflow/dags/job_scraping_dag.py
[2026-03-24T21:43:48.386+0000] {processor.py:925} INFO - DAG(s) 'daily_job_scraping' retrieved from /opt/airflow/dags/job_scraping_dag.py
[2026-03-24T21:43:48.441+0000] {logging_mixin.py:190} INFO - [2026-03-24T21:43:48.441+0000] {dag.py:3239} INFO - Sync 1 DAGs
[2026-03-24T21:43:48.484+0000] {logging_mixin.py:190} INFO - [2026-03-24T21:43:48.482+0000] {dag.py:4180} INFO - Setting next_dagrun for daily_job_scraping to 2026-03-24 12:00:00+00:00, run_after=2026-03-25 12:00:00+00:00
[2026-03-24T21:43:48.522+0000] {processor.py:208} INFO - Processing /opt/airflow/dags/job_scraping_dag.py took 1.513 seconds
[2026-03-24T21:44:19.314+0000] {processor.py:186} INFO - Started process (PID=1067) to work on /opt/airflow/dags/job_scraping_dag.py
[2026-03-24T21:44:19.329+0000] {processor.py:914} INFO - Processing file /opt/airflow/dags/job_scraping_dag.py for tasks to queue
[2026-03-24T21:44:19.334+0000] {logging_mixin.py:190} INFO - [2026-03-24T21:44:19.334+0000] {dagbag.py:588} INFO - Filling up the DagBag from /opt/airflow/dags/job_scraping_dag.py
[2026-03-24T21:44:21.821+0000] {processor.py:925} INFO - DAG(s) 'daily_job_scraping' retrieved from /opt/airflow/dags/job_scraping_dag.py
[2026-03-24T21:44:21.865+0000] {logging_mixin.py:190} INFO - [2026-03-24T21:44:21.864+0000] {dag.py:3239} INFO - Sync 1 DAGs
[2026-03-24T21:44:21.908+0000] {logging_mixin.py:190} INFO - [2026-03-24T21:44:21.908+0000] {dag.py:4180} INFO - Setting next_dagrun for daily_job_scraping to 2026-03-24 12:00:00+00:00, run_after=2026-03-25 12:00:00+00:00
[2026-03-24T21:44:21.947+0000] {processor.py:208} INFO - Processing /opt/airflow/dags/job_scraping_dag.py took 2.688 seconds
[2026-03-24T21:44:52.612+0000] {processor.py:186} INFO - Started process (PID=1073) to work on /opt/airflow/dags/job_scraping_dag.py
[2026-03-24T21:44:52.615+0000] {processor.py:914} INFO - Processing file /opt/airflow/dags/job_scraping_dag.py for tasks to queue
[2026-03-24T21:44:52.626+0000] {logging_mixin.py:190} INFO - [2026-03-24T21:44:52.625+0000] {dagbag.py:588} INFO - Filling up the DagBag from /opt/airflow/dags/job_scraping_dag.py
[2026-03-24T21:44:54.530+0000] {processor.py:925} INFO - DAG(s) 'daily_job_scraping' retrieved from /opt/airflow/dags/job_scraping_dag.py
[2026-03-24T21:44:54.594+0000] {logging_mixin.py:190} INFO - [2026-03-24T21:44:54.594+0000] {dag.py:3239} INFO - Sync 1 DAGs
[2026-03-24T21:44:54.669+0000] {logging_mixin.py:190} INFO - [2026-03-24T21:44:54.669+0000] {dag.py:4180} INFO - Setting next_dagrun for daily_job_scraping to 2026-03-24 12:00:00+00:00, run_after=2026-03-25 12:00:00+00:00
[2026-03-24T21:44:54.724+0000] {processor.py:208} INFO - Processing /opt/airflow/dags/job_scraping_dag.py took 2.135 seconds
[2026-03-24T21:45:25.469+0000] {processor.py:186} INFO - Started process (PID=1079) to work on /opt/airflow/dags/job_scraping_dag.py
[2026-03-24T21:45:25.486+0000] {processor.py:914} INFO - Processing file /opt/airflow/dags/job_scraping_dag.py for tasks to queue
[2026-03-24T21:45:25.504+0000] {logging_mixin.py:190} INFO - [2026-03-24T21:45:25.503+0000] {dagbag.py:588} INFO - Filling up the DagBag from /opt/airflow/dags/job_scraping_dag.py
[2026-03-24T21:45:28.290+0000] {processor.py:925} INFO - DAG(s) 'daily_job_scraping' retrieved from /opt/airflow/dags/job_scraping_dag.py
[2026-03-24T21:45:28.451+0000] {logging_mixin.py:190} INFO - [2026-03-24T21:45:28.450+0000] {dag.py:3239} INFO - Sync 1 DAGs
[2026-03-24T21:45:28.551+0000] {logging_mixin.py:190} INFO - [2026-03-24T21:45:28.551+0000] {dag.py:4180} INFO - Setting next_dagrun for daily_job_scraping to 2026-03-24 12:00:00+00:00, run_after=2026-03-25 12:00:00+00:00
[2026-03-24T21:45:28.619+0000] {processor.py:208} INFO - Processing /opt/airflow/dags/job_scraping_dag.py took 3.205 seconds
[2026-03-24T21:45:59.369+0000] {processor.py:186} INFO - Started process (PID=1085) to work on /opt/airflow/dags/job_scraping_dag.py
[2026-03-24T21:45:59.374+0000] {processor.py:914} INFO - Processing file /opt/airflow/dags/job_scraping_dag.py for tasks to queue
[2026-03-24T21:45:59.387+0000] {logging_mixin.py:190} INFO - [2026-03-24T21:45:59.386+0000] {dagbag.py:588} INFO - Filling up the DagBag from /opt/airflow/dags/job_scraping_dag.py
[2026-03-24T21:46:00.871+0000] {processor.py:925} INFO - DAG(s) 'daily_job_scraping' retrieved from /opt/airflow/dags/job_scraping_dag.py
[2026-03-24T21:46:00.953+0000] {logging_mixin.py:190} INFO - [2026-03-24T21:46:00.952+0000] {dag.py:3239} INFO - Sync 1 DAGs
[2026-03-24T21:46:01.022+0000] {logging_mixin.py:190} INFO - [2026-03-24T21:46:01.021+0000] {dag.py:4180} INFO - Setting next_dagrun for daily_job_scraping to 2026-03-24 12:00:00+00:00, run_after=2026-03-25 12:00:00+00:00
[2026-03-24T21:46:01.078+0000] {processor.py:208} INFO - Processing /opt/airflow/dags/job_scraping_dag.py took 1.725 seconds
[2026-03-24T21:46:31.722+0000] {processor.py:186} INFO - Started process (PID=1091) to work on /opt/airflow/dags/job_scraping_dag.py
[2026-03-24T21:46:31.739+0000] {processor.py:914} INFO - Processing file /opt/airflow/dags/job_scraping_dag.py for tasks to queue
[2026-03-24T21:46:31.757+0000] {logging_mixin.py:190} INFO - [2026-03-24T21:46:31.757+0000] {dagbag.py:588} INFO - Filling up the DagBag from /opt/airflow/dags/job_scraping_dag.py
[2026-03-24T21:46:34.357+0000] {processor.py:925} INFO - DAG(s) 'daily_job_scraping' retrieved from /opt/airflow/dags/job_scraping_dag.py
[2026-03-24T21:46:34.552+0000] {logging_mixin.py:190} INFO - [2026-03-24T21:46:34.551+0000] {dag.py:3239} INFO - Sync 1 DAGs
[2026-03-24T21:46:34.749+0000] {logging_mixin.py:190} INFO - [2026-03-24T21:46:34.748+0000] {dag.py:4180} INFO - Setting next_dagrun for daily_job_scraping to 2026-03-24 12:00:00+00:00, run_after=2026-03-25 12:00:00+00:00
[2026-03-24T21:46:35.080+0000] {processor.py:208} INFO - Processing /opt/airflow/dags/job_scraping_dag.py took 3.412 seconds
[2026-03-24T21:47:06.243+0000] {processor.py:186} INFO - Started process (PID=1097) to work on /opt/airflow/dags/job_scraping_dag.py
[2026-03-24T21:47:06.246+0000] {processor.py:914} INFO - Processing file /opt/airflow/dags/job_scraping_dag.py for tasks to queue
[2026-03-24T21:47:06.262+0000] {logging_mixin.py:190} INFO - [2026-03-24T21:47:06.261+0000] {dagbag.py:588} INFO - Filling up the DagBag from /opt/airflow/dags/job_scraping_dag.py
[2026-03-24T21:47:09.295+0000] {processor.py:925} INFO - DAG(s) 'daily_job_scraping' retrieved from /opt/airflow/dags/job_scraping_dag.py
[2026-03-24T21:47:09.379+0000] {logging_mixin.py:190} INFO - [2026-03-24T21:47:09.378+0000] {dag.py:3239} INFO - Sync 1 DAGs
[2026-03-24T21:47:09.446+0000] {logging_mixin.py:190} INFO - [2026-03-24T21:47:09.446+0000] {dag.py:4180} INFO - Setting next_dagrun for daily_job_scraping to 2026-03-24 12:00:00+00:00, run_after=2026-03-25 12:00:00+00:00
[2026-03-24T21:47:09.551+0000] {processor.py:208} INFO - Processing /opt/airflow/dags/job_scraping_dag.py took 3.348 seconds
[2026-03-24T21:47:40.318+0000] {processor.py:186} INFO - Started process (PID=1103) to work on /opt/airflow/dags/job_scraping_dag.py
[2026-03-24T21:47:40.320+0000] {processor.py:914} INFO - Processing file /opt/airflow/dags/job_scraping_dag.py for tasks to queue
[2026-03-24T21:47:40.328+0000] {logging_mixin.py:190} INFO - [2026-03-24T21:47:40.327+0000] {dagbag.py:588} INFO - Filling up the DagBag from /opt/airflow/dags/job_scraping_dag.py
[2026-03-24T21:47:42.211+0000] {processor.py:925} INFO - DAG(s) 'daily_job_scraping' retrieved from /opt/airflow/dags/job_scraping_dag.py
[2026-03-24T21:47:42.264+0000] {logging_mixin.py:190} INFO - [2026-03-24T21:47:42.263+0000] {dag.py:3239} INFO - Sync 1 DAGs
[2026-03-24T21:47:42.310+0000] {logging_mixin.py:190} INFO - [2026-03-24T21:47:42.309+0000] {dag.py:4180} INFO - Setting next_dagrun for daily_job_scraping to 2026-03-24 12:00:00+00:00, run_after=2026-03-25 12:00:00+00:00
[2026-03-24T21:47:42.354+0000] {processor.py:208} INFO - Processing /opt/airflow/dags/job_scraping_dag.py took 2.060 seconds
[2026-03-24T21:48:12.680+0000] {processor.py:186} INFO - Started process (PID=1109) to work on /opt/airflow/dags/job_scraping_dag.py
[2026-03-24T21:48:12.690+0000] {processor.py:914} INFO - Processing file /opt/airflow/dags/job_scraping_dag.py for tasks to queue
[2026-03-24T21:48:12.700+0000] {logging_mixin.py:190} INFO - [2026-03-24T21:48:12.699+0000] {dagbag.py:588} INFO - Filling up the DagBag from /opt/airflow/dags/job_scraping_dag.py
[2026-03-24T21:48:14.217+0000] {processor.py:925} INFO - DAG(s) 'daily_job_scraping' retrieved from /opt/airflow/dags/job_scraping_dag.py
[2026-03-24T21:48:14.282+0000] {logging_mixin.py:190} INFO - [2026-03-24T21:48:14.281+0000] {dag.py:3239} INFO - Sync 1 DAGs
[2026-03-24T21:48:14.355+0000] {logging_mixin.py:190} INFO - [2026-03-24T21:48:14.355+0000] {dag.py:4180} INFO - Setting next_dagrun for daily_job_scraping to 2026-03-24 12:00:00+00:00, run_after=2026-03-25 12:00:00+00:00
[2026-03-24T21:48:14.424+0000] {processor.py:208} INFO - Processing /opt/airflow/dags/job_scraping_dag.py took 1.763 seconds
[2026-03-24T21:48:44.690+0000] {processor.py:186} INFO - Started process (PID=1115) to work on /opt/airflow/dags/job_scraping_dag.py
[2026-03-24T21:48:44.702+0000] {processor.py:914} INFO - Processing file /opt/airflow/dags/job_scraping_dag.py for tasks to queue
[2026-03-24T21:48:44.719+0000] {logging_mixin.py:190} INFO - [2026-03-24T21:48:44.719+0000] {dagbag.py:588} INFO - Filling up the DagBag from /opt/airflow/dags/job_scraping_dag.py
[2026-03-24T21:48:47.021+0000] {processor.py:925} INFO - DAG(s) 'daily_job_scraping' retrieved from /opt/airflow/dags/job_scraping_dag.py
[2026-03-24T21:48:47.179+0000] {logging_mixin.py:190} INFO - [2026-03-24T21:48:47.179+0000] {dag.py:3239} INFO - Sync 1 DAGs
[2026-03-24T21:48:47.308+0000] {logging_mixin.py:190} INFO - [2026-03-24T21:48:47.304+0000] {dag.py:4180} INFO - Setting next_dagrun for daily_job_scraping to 2026-03-24 12:00:00+00:00, run_after=2026-03-25 12:00:00+00:00
[2026-03-24T21:48:47.405+0000] {processor.py:208} INFO - Processing /opt/airflow/dags/job_scraping_dag.py took 2.744 seconds
[2026-03-24T21:49:15.703+0000] {processor.py:186} INFO - Started process (PID=1121) to work on /opt/airflow/dags/job_scraping_dag.py
[2026-03-24T21:49:15.707+0000] {processor.py:914} INFO - Processing file /opt/airflow/dags/job_scraping_dag.py for tasks to queue
[2026-03-24T21:49:15.713+0000] {logging_mixin.py:190} INFO - [2026-03-24T21:49:15.712+0000] {dagbag.py:588} INFO - Filling up the DagBag from /opt/airflow/dags/job_scraping_dag.py
[2026-03-24T21:49:16.899+0000] {processor.py:925} INFO - DAG(s) 'daily_job_scraping' retrieved from /opt/airflow/dags/job_scraping_dag.py
[2026-03-24T21:49:16.953+0000] {logging_mixin.py:190} INFO - [2026-03-24T21:49:16.953+0000] {dag.py:3239} INFO - Sync 1 DAGs
[2026-03-24T21:49:16.991+0000] {logging_mixin.py:190} INFO - [2026-03-24T21:49:16.991+0000] {dag.py:4180} INFO - Setting next_dagrun for daily_job_scraping to 2026-03-24 12:00:00+00:00, run_after=2026-03-25 12:00:00+00:00
[2026-03-24T21:49:17.036+0000] {processor.py:208} INFO - Processing /opt/airflow/dags/job_scraping_dag.py took 1.353 seconds
[2026-03-24T21:49:47.854+0000] {processor.py:186} INFO - Started process (PID=1127) to work on /opt/airflow/dags/job_scraping_dag.py
[2026-03-24T21:49:47.870+0000] {processor.py:914} INFO - Processing file /opt/airflow/dags/job_scraping_dag.py for tasks to queue
[2026-03-24T21:49:47.880+0000] {logging_mixin.py:190} INFO - [2026-03-24T21:49:47.880+0000] {dagbag.py:588} INFO - Filling up the DagBag from /opt/airflow/dags/job_scraping_dag.py
[2026-03-24T21:49:52.376+0000] {processor.py:925} INFO - DAG(s) 'daily_job_scraping' retrieved from /opt/airflow/dags/job_scraping_dag.py
[2026-03-24T21:49:52.541+0000] {logging_mixin.py:190} INFO - [2026-03-24T21:49:52.540+0000] {dag.py:3239} INFO - Sync 1 DAGs
[2026-03-24T21:49:52.664+0000] {logging_mixin.py:190} INFO - [2026-03-24T21:49:52.663+0000] {dag.py:4180} INFO - Setting next_dagrun for daily_job_scraping to 2026-03-24 12:00:00+00:00, run_after=2026-03-25 12:00:00+00:00
[2026-03-24T21:49:52.737+0000] {processor.py:208} INFO - Processing /opt/airflow/dags/job_scraping_dag.py took 4.916 seconds
[2026-03-24T21:50:22.960+0000] {processor.py:186} INFO - Started process (PID=1133) to work on /opt/airflow/dags/job_scraping_dag.py
[2026-03-24T21:50:22.963+0000] {processor.py:914} INFO - Processing file /opt/airflow/dags/job_scraping_dag.py for tasks to queue
[2026-03-24T21:50:22.968+0000] {logging_mixin.py:190} INFO - [2026-03-24T21:50:22.967+0000] {dagbag.py:588} INFO - Filling up the DagBag from /opt/airflow/dags/job_scraping_dag.py
[2026-03-24T21:50:24.480+0000] {processor.py:925} INFO - DAG(s) 'daily_job_scraping' retrieved from /opt/airflow/dags/job_scraping_dag.py
[2026-03-24T21:50:24.540+0000] {logging_mixin.py:190} INFO - [2026-03-24T21:50:24.539+0000] {dag.py:3239} INFO - Sync 1 DAGs
[2026-03-24T21:50:24.589+0000] {logging_mixin.py:190} INFO - [2026-03-24T21:50:24.589+0000] {dag.py:4180} INFO - Setting next_dagrun for daily_job_scraping to 2026-03-24 12:00:00+00:00, run_after=2026-03-25 12:00:00+00:00
[2026-03-24T21:50:24.628+0000] {processor.py:208} INFO - Processing /opt/airflow/dags/job_scraping_dag.py took 1.687 seconds
[2026-03-24T21:50:54.737+0000] {processor.py:186} INFO - Started process (PID=1139) to work on /opt/airflow/dags/job_scraping_dag.py
[2026-03-24T21:50:54.740+0000] {processor.py:914} INFO - Processing file /opt/airflow/dags/job_scraping_dag.py for tasks to queue
[2026-03-24T21:50:54.746+0000] {logging_mixin.py:190} INFO - [2026-03-24T21:50:54.745+0000] {dagbag.py:588} INFO - Filling up the DagBag from /opt/airflow/dags/job_scraping_dag.py
[2026-03-24T21:50:56.334+0000] {processor.py:925} INFO - DAG(s) 'daily_job_scraping' retrieved from /opt/airflow/dags/job_scraping_dag.py
[2026-03-24T21:50:56.458+0000] {logging_mixin.py:190} INFO - [2026-03-24T21:50:56.457+0000] {dag.py:3239} INFO - Sync 1 DAGs
[2026-03-24T21:50:56.546+0000] {logging_mixin.py:190} INFO - [2026-03-24T21:50:56.545+0000] {dag.py:4180} INFO - Setting next_dagrun for daily_job_scraping to 2026-03-24 12:00:00+00:00, run_after=2026-03-25 12:00:00+00:00
[2026-03-24T21:50:56.573+0000] {processor.py:208} INFO - Processing /opt/airflow/dags/job_scraping_dag.py took 1.851 seconds
[2026-03-24T21:51:27.049+0000] {processor.py:186} INFO - Started process (PID=1145) to work on /opt/airflow/dags/job_scraping_dag.py
[2026-03-24T21:51:27.052+0000] {processor.py:914} INFO - Processing file /opt/airflow/dags/job_scraping_dag.py for tasks to queue
[2026-03-24T21:51:27.056+0000] {logging_mixin.py:190} INFO - [2026-03-24T21:51:27.056+0000] {dagbag.py:588} INFO - Filling up the DagBag from /opt/airflow/dags/job_scraping_dag.py
[2026-03-24T21:51:28.460+0000] {processor.py:925} INFO - DAG(s) 'daily_job_scraping' retrieved from /opt/airflow/dags/job_scraping_dag.py
[2026-03-24T21:51:28.513+0000] {logging_mixin.py:190} INFO - [2026-03-24T21:51:28.512+0000] {dag.py:3239} INFO - Sync 1 DAGs
[2026-03-24T21:51:28.565+0000] {logging_mixin.py:190} INFO - [2026-03-24T21:51:28.560+0000] {dag.py:4180} INFO - Setting next_dagrun for daily_job_scraping to 2026-03-24 12:00:00+00:00, run_after=2026-03-25 12:00:00+00:00
[2026-03-24T21:51:28.622+0000] {processor.py:208} INFO - Processing /opt/airflow/dags/job_scraping_dag.py took 1.602 seconds
[2026-03-24T21:51:58.864+0000] {processor.py:186} INFO - Started process (PID=1151) to work on /opt/airflow/dags/job_scraping_dag.py
[2026-03-24T21:51:58.866+0000] {processor.py:914} INFO - Processing file /opt/airflow/dags/job_scraping_dag.py for tasks to queue
[2026-03-24T21:51:58.870+0000] {logging_mixin.py:190} INFO - [2026-03-24T21:51:58.870+0000] {dagbag.py:588} INFO - Filling up the DagBag from /opt/airflow/dags/job_scraping_dag.py
[2026-03-24T21:52:03.211+0000] {processor.py:925} INFO - DAG(s) 'daily_job_scraping' retrieved from /opt/airflow/dags/job_scraping_dag.py
[2026-03-24T21:52:03.326+0000] {logging_mixin.py:190} INFO - [2026-03-24T21:52:03.325+0000] {dag.py:3239} INFO - Sync 1 DAGs
[2026-03-24T21:52:03.445+0000] {logging_mixin.py:190} INFO - [2026-03-24T21:52:03.434+0000] {dag.py:4180} INFO - Setting next_dagrun for daily_job_scraping to 2026-03-24 12:00:00+00:00, run_after=2026-03-25 12:00:00+00:00
[2026-03-24T21:52:03.574+0000] {processor.py:208} INFO - Processing /opt/airflow/dags/job_scraping_dag.py took 4.734 seconds
[2026-03-24T21:52:05.808+0000] {processor.py:186} INFO - Started process (PID=1157) to work on /opt/airflow/dags/job_scraping_dag.py
[2026-03-24T21:52:05.819+0000] {processor.py:914} INFO - Processing file /opt/airflow/dags/job_scraping_dag.py for tasks to queue
[2026-03-24T21:52:05.827+0000] {logging_mixin.py:190} INFO - [2026-03-24T21:52:05.825+0000] {dagbag.py:588} INFO - Filling up the DagBag from /opt/airflow/dags/job_scraping_dag.py
[2026-03-24T21:52:11.101+0000] {processor.py:925} INFO - DAG(s) 'daily_job_scraping' retrieved from /opt/airflow/dags/job_scraping_dag.py
[2026-03-24T21:52:11.241+0000] {logging_mixin.py:190} INFO - [2026-03-24T21:52:11.240+0000] {dag.py:3239} INFO - Sync 1 DAGs
[2026-03-24T21:52:11.379+0000] {logging_mixin.py:190} INFO - [2026-03-24T21:52:11.378+0000] {dag.py:4180} INFO - Setting next_dagrun for daily_job_scraping to 2026-03-24 12:00:00+00:00, run_after=2026-03-25 12:00:00+00:00
[2026-03-24T21:52:11.850+0000] {processor.py:208} INFO - Processing /opt/airflow/dags/job_scraping_dag.py took 6.071 seconds
[2026-03-24T21:52:12.133+0000] {processor.py:186} INFO - Started process (PID=1163) to work on /opt/airflow/dags/job_scraping_dag.py
[2026-03-24T21:52:12.150+0000] {processor.py:914} INFO - Processing file /opt/airflow/dags/job_scraping_dag.py for tasks to queue
[2026-03-24T21:52:12.164+0000] {logging_mixin.py:190} INFO - [2026-03-24T21:52:12.156+0000] {dagbag.py:588} INFO - Filling up the DagBag from /opt/airflow/dags/job_scraping_dag.py
[2026-03-24T21:52:17.654+0000] {processor.py:925} INFO - DAG(s) 'daily_job_scraping' retrieved from /opt/airflow/dags/job_scraping_dag.py
[2026-03-24T21:52:17.866+0000] {logging_mixin.py:190} INFO - [2026-03-24T21:52:17.865+0000] {dag.py:3239} INFO - Sync 1 DAGs
[2026-03-24T21:52:17.970+0000] {logging_mixin.py:190} INFO - [2026-03-24T21:52:17.969+0000] {dag.py:4180} INFO - Setting next_dagrun for daily_job_scraping to 2026-03-24 12:00:00+00:00, run_after=2026-03-25 12:00:00+00:00
[2026-03-24T21:52:18.173+0000] {processor.py:208} INFO - Processing /opt/airflow/dags/job_scraping_dag.py took 6.079 seconds
[2026-03-24T21:52:31.568+0000] {processor.py:186} INFO - Started process (PID=1169) to work on /opt/airflow/dags/job_scraping_dag.py
[2026-03-24T21:52:31.577+0000] {processor.py:914} INFO - Processing file /opt/airflow/dags/job_scraping_dag.py for tasks to queue
[2026-03-24T21:52:31.593+0000] {logging_mixin.py:190} INFO - [2026-03-24T21:52:31.592+0000] {dagbag.py:588} INFO - Filling up the DagBag from /opt/airflow/dags/job_scraping_dag.py
[2026-03-24T21:52:32.211+0000] {logging_mixin.py:190} INFO - [2026-03-24T21:52:32.159+0000] {dagbag.py:387} ERROR - Failed to import: /opt/airflow/dags/job_scraping_dag.py
Traceback (most recent call last):
  File "/home/airflow/.local/lib/python3.11/site-packages/airflow/models/dagbag.py", line 383, in parse
    loader.exec_module(new_module)
  File "<frozen importlib._bootstrap_external>", line 936, in exec_module
  File "<frozen importlib._bootstrap_external>", line 1074, in get_code
  File "<frozen importlib._bootstrap_external>", line 1004, in source_to_code
  File "<frozen importlib._bootstrap>", line 241, in _call_with_frames_removed
  File "/opt/airflow/dags/job_scraping_dag.py", line 78
    from  import run_pipeline
          ^^^^^^
SyntaxError: invalid syntax
[2026-03-24T21:52:32.235+0000] {processor.py:927} WARNING - No viable dags retrieved from /opt/airflow/dags/job_scraping_dag.py
[2026-03-24T21:52:32.439+0000] {processor.py:208} INFO - Processing /opt/airflow/dags/job_scraping_dag.py took 0.901 seconds
[2026-03-24T21:52:33.564+0000] {processor.py:186} INFO - Started process (PID=1174) to work on /opt/airflow/dags/job_scraping_dag.py
[2026-03-24T21:52:33.567+0000] {processor.py:914} INFO - Processing file /opt/airflow/dags/job_scraping_dag.py for tasks to queue
[2026-03-24T21:52:33.573+0000] {logging_mixin.py:190} INFO - [2026-03-24T21:52:33.572+0000] {dagbag.py:588} INFO - Filling up the DagBag from /opt/airflow/dags/job_scraping_dag.py
[2026-03-24T21:52:36.265+0000] {processor.py:925} INFO - DAG(s) 'daily_job_scraping' retrieved from /opt/airflow/dags/job_scraping_dag.py
[2026-03-24T21:52:36.364+0000] {logging_mixin.py:190} INFO - [2026-03-24T21:52:36.363+0000] {dag.py:3239} INFO - Sync 1 DAGs
[2026-03-24T21:52:36.473+0000] {logging_mixin.py:190} INFO - [2026-03-24T21:52:36.473+0000] {dag.py:4180} INFO - Setting next_dagrun for daily_job_scraping to 2026-03-24 12:00:00+00:00, run_after=2026-03-25 12:00:00+00:00
[2026-03-24T21:52:36.593+0000] {processor.py:208} INFO - Processing /opt/airflow/dags/job_scraping_dag.py took 3.054 seconds
[2026-03-24T21:52:36.790+0000] {processor.py:186} INFO - Started process (PID=1180) to work on /opt/airflow/dags/job_scraping_dag.py
[2026-03-24T21:52:36.793+0000] {processor.py:914} INFO - Processing file /opt/airflow/dags/job_scraping_dag.py for tasks to queue
[2026-03-24T21:52:36.798+0000] {logging_mixin.py:190} INFO - [2026-03-24T21:52:36.797+0000] {dagbag.py:588} INFO - Filling up the DagBag from /opt/airflow/dags/job_scraping_dag.py
[2026-03-24T21:52:38.189+0000] {processor.py:925} INFO - DAG(s) 'daily_job_scraping' retrieved from /opt/airflow/dags/job_scraping_dag.py
[2026-03-24T21:52:38.254+0000] {logging_mixin.py:190} INFO - [2026-03-24T21:52:38.253+0000] {dag.py:3239} INFO - Sync 1 DAGs
[2026-03-24T21:52:38.304+0000] {logging_mixin.py:190} INFO - [2026-03-24T21:52:38.304+0000] {dag.py:4180} INFO - Setting next_dagrun for daily_job_scraping to 2026-03-24 12:00:00+00:00, run_after=2026-03-25 12:00:00+00:00
[2026-03-24T21:52:38.345+0000] {processor.py:208} INFO - Processing /opt/airflow/dags/job_scraping_dag.py took 1.583 seconds
[2026-03-24T21:53:08.589+0000] {processor.py:186} INFO - Started process (PID=1186) to work on /opt/airflow/dags/job_scraping_dag.py
[2026-03-24T21:53:08.604+0000] {processor.py:914} INFO - Processing file /opt/airflow/dags/job_scraping_dag.py for tasks to queue
[2026-03-24T21:53:08.622+0000] {logging_mixin.py:190} INFO - [2026-03-24T21:53:08.621+0000] {dagbag.py:588} INFO - Filling up the DagBag from /opt/airflow/dags/job_scraping_dag.py
[2026-03-24T21:53:10.054+0000] {processor.py:925} INFO - DAG(s) 'daily_job_scraping' retrieved from /opt/airflow/dags/job_scraping_dag.py
[2026-03-24T21:53:10.123+0000] {logging_mixin.py:190} INFO - [2026-03-24T21:53:10.122+0000] {dag.py:3239} INFO - Sync 1 DAGs
[2026-03-24T21:53:10.175+0000] {logging_mixin.py:190} INFO - [2026-03-24T21:53:10.174+0000] {dag.py:4180} INFO - Setting next_dagrun for daily_job_scraping to 2026-03-24 12:00:00+00:00, run_after=2026-03-25 12:00:00+00:00
[2026-03-24T21:53:10.200+0000] {processor.py:208} INFO - Processing /opt/airflow/dags/job_scraping_dag.py took 1.659 seconds
[2026-03-24T21:53:41.038+0000] {processor.py:186} INFO - Started process (PID=1192) to work on /opt/airflow/dags/job_scraping_dag.py
[2026-03-24T21:53:41.040+0000] {processor.py:914} INFO - Processing file /opt/airflow/dags/job_scraping_dag.py for tasks to queue
[2026-03-24T21:53:41.053+0000] {logging_mixin.py:190} INFO - [2026-03-24T21:53:41.052+0000] {dagbag.py:588} INFO - Filling up the DagBag from /opt/airflow/dags/job_scraping_dag.py
[2026-03-24T21:53:43.090+0000] {processor.py:925} INFO - DAG(s) 'daily_job_scraping' retrieved from /opt/airflow/dags/job_scraping_dag.py
[2026-03-24T21:53:43.179+0000] {logging_mixin.py:190} INFO - [2026-03-24T21:53:43.178+0000] {dag.py:3239} INFO - Sync 1 DAGs
[2026-03-24T21:53:43.232+0000] {logging_mixin.py:190} INFO - [2026-03-24T21:53:43.231+0000] {dag.py:4180} INFO - Setting next_dagrun for daily_job_scraping to 2026-03-24 12:00:00+00:00, run_after=2026-03-25 12:00:00+00:00
[2026-03-24T21:53:43.278+0000] {processor.py:208} INFO - Processing /opt/airflow/dags/job_scraping_dag.py took 2.257 seconds
[2026-03-24T21:54:03.617+0000] {processor.py:186} INFO - Started process (PID=1198) to work on /opt/airflow/dags/job_scraping_dag.py
[2026-03-24T21:54:03.653+0000] {processor.py:914} INFO - Processing file /opt/airflow/dags/job_scraping_dag.py for tasks to queue
[2026-03-24T21:54:03.722+0000] {logging_mixin.py:190} INFO - [2026-03-24T21:54:03.721+0000] {dagbag.py:588} INFO - Filling up the DagBag from /opt/airflow/dags/job_scraping_dag.py
[2026-03-24T21:54:07.155+0000] {processor.py:925} INFO - DAG(s) 'daily_job_scraping' retrieved from /opt/airflow/dags/job_scraping_dag.py
[2026-03-24T21:54:07.820+0000] {logging_mixin.py:190} INFO - [2026-03-24T21:54:07.820+0000] {dag.py:3239} INFO - Sync 1 DAGs
[2026-03-24T21:54:07.853+0000] {logging_mixin.py:190} INFO - [2026-03-24T21:54:07.852+0000] {dag.py:4180} INFO - Setting next_dagrun for daily_job_scraping to 2026-03-24 12:00:00+00:00, run_after=2026-03-25 12:00:00+00:00
[2026-03-24T21:54:07.908+0000] {processor.py:208} INFO - Processing /opt/airflow/dags/job_scraping_dag.py took 4.327 seconds
[2026-03-24T21:54:30.012+0000] {processor.py:186} INFO - Started process (PID=1204) to work on /opt/airflow/dags/job_scraping_dag.py
[2026-03-24T21:54:30.033+0000] {processor.py:914} INFO - Processing file /opt/airflow/dags/job_scraping_dag.py for tasks to queue
[2026-03-24T21:54:30.045+0000] {logging_mixin.py:190} INFO - [2026-03-24T21:54:30.044+0000] {dagbag.py:588} INFO - Filling up the DagBag from /opt/airflow/dags/job_scraping_dag.py
[2026-03-24T21:54:33.659+0000] {logging_mixin.py:190} INFO - [2026-03-24T21:54:33.623+0000] {dagbag.py:387} ERROR - Failed to import: /opt/airflow/dags/job_scraping_dag.py
Traceback (most recent call last):
  File "/home/airflow/.local/lib/python3.11/site-packages/airflow/models/dagbag.py", line 383, in parse
    loader.exec_module(new_module)
  File "<frozen importlib._bootstrap_external>", line 940, in exec_module
  File "<frozen importlib._bootstrap>", line 241, in _call_with_frames_removed
  File "/opt/airflow/dags/job_scraping_dag.py", line 119, in <module>
    [extract_linkedin, extract_france_travail] >> push_to_dbW>>run_etl_task
                                                  ~~~~~~~~~~~^^~~~~~~~~~
NameError: name 'push_to_dbrun_etl_task' is not defined
[2026-03-24T21:54:33.662+0000] {processor.py:927} WARNING - No viable dags retrieved from /opt/airflow/dags/job_scraping_dag.py
[2026-03-24T21:54:33.743+0000] {processor.py:208} INFO - Processing /opt/airflow/dags/job_scraping_dag.py took 3.756 seconds
[2026-03-24T21:54:34.217+0000] {processor.py:186} INFO - Started process (PID=1210) to work on /opt/airflow/dags/job_scraping_dag.py
[2026-03-24T21:54:34.222+0000] {processor.py:914} INFO - Processing file /opt/airflow/dags/job_scraping_dag.py for tasks to queue
[2026-03-24T21:54:34.227+0000] {logging_mixin.py:190} INFO - [2026-03-24T21:54:34.226+0000] {dagbag.py:588} INFO - Filling up the DagBag from /opt/airflow/dags/job_scraping_dag.py
[2026-03-24T21:54:38.185+0000] {logging_mixin.py:190} INFO - [2026-03-24T21:54:37.934+0000] {dagbag.py:387} ERROR - Failed to import: /opt/airflow/dags/job_scraping_dag.py
Traceback (most recent call last):
  File "/home/airflow/.local/lib/python3.11/site-packages/airflow/models/dagbag.py", line 383, in parse
    loader.exec_module(new_module)
  File "<frozen importlib._bootstrap_external>", line 940, in exec_module
  File "<frozen importlib._bootstrap>", line 241, in _call_with_frames_removed
  File "/opt/airflow/dags/job_scraping_dag.py", line 119, in <module>
    [extract_linkedin, extract_france_travail] >> push_to_db >>run_etl_task
                                                  ^^^^^^^^^^^
NameError: name 'push_to_dbW' is not defined
[2026-03-24T21:54:38.200+0000] {processor.py:927} WARNING - No viable dags retrieved from /opt/airflow/dags/job_scraping_dag.py
[2026-03-24T21:54:38.284+0000] {processor.py:208} INFO - Processing /opt/airflow/dags/job_scraping_dag.py took 4.090 seconds
[2026-03-24T21:54:39.217+0000] {processor.py:186} INFO - Started process (PID=1216) to work on /opt/airflow/dags/job_scraping_dag.py
[2026-03-24T21:54:39.222+0000] {processor.py:914} INFO - Processing file /opt/airflow/dags/job_scraping_dag.py for tasks to queue
[2026-03-24T21:54:39.235+0000] {logging_mixin.py:190} INFO - [2026-03-24T21:54:39.234+0000] {dagbag.py:588} INFO - Filling up the DagBag from /opt/airflow/dags/job_scraping_dag.py
[2026-03-24T21:54:41.172+0000] {processor.py:925} INFO - DAG(s) 'daily_job_scraping' retrieved from /opt/airflow/dags/job_scraping_dag.py
[2026-03-24T21:54:41.488+0000] {logging_mixin.py:190} INFO - [2026-03-24T21:54:41.487+0000] {dag.py:3239} INFO - Sync 1 DAGs
[2026-03-24T21:54:41.527+0000] {logging_mixin.py:190} INFO - [2026-03-24T21:54:41.527+0000] {dag.py:4180} INFO - Setting next_dagrun for daily_job_scraping to 2026-03-24 12:00:00+00:00, run_after=2026-03-25 12:00:00+00:00
[2026-03-24T21:54:41.605+0000] {processor.py:208} INFO - Processing /opt/airflow/dags/job_scraping_dag.py took 2.420 seconds
[2026-03-24T21:55:11.822+0000] {processor.py:186} INFO - Started process (PID=1222) to work on /opt/airflow/dags/job_scraping_dag.py
[2026-03-24T21:55:11.824+0000] {processor.py:914} INFO - Processing file /opt/airflow/dags/job_scraping_dag.py for tasks to queue
[2026-03-24T21:55:11.831+0000] {logging_mixin.py:190} INFO - [2026-03-24T21:55:11.830+0000] {dagbag.py:588} INFO - Filling up the DagBag from /opt/airflow/dags/job_scraping_dag.py
[2026-03-24T21:55:13.851+0000] {processor.py:925} INFO - DAG(s) 'daily_job_scraping' retrieved from /opt/airflow/dags/job_scraping_dag.py
[2026-03-24T21:55:13.970+0000] {logging_mixin.py:190} INFO - [2026-03-24T21:55:13.969+0000] {dag.py:3239} INFO - Sync 1 DAGs
[2026-03-24T21:55:14.214+0000] {logging_mixin.py:190} INFO - [2026-03-24T21:55:14.213+0000] {dag.py:4180} INFO - Setting next_dagrun for daily_job_scraping to 2026-03-24 12:00:00+00:00, run_after=2026-03-25 12:00:00+00:00
[2026-03-24T21:55:14.330+0000] {processor.py:208} INFO - Processing /opt/airflow/dags/job_scraping_dag.py took 2.538 seconds
[2026-03-24T21:55:44.641+0000] {processor.py:186} INFO - Started process (PID=1228) to work on /opt/airflow/dags/job_scraping_dag.py
[2026-03-24T21:55:44.648+0000] {processor.py:914} INFO - Processing file /opt/airflow/dags/job_scraping_dag.py for tasks to queue
[2026-03-24T21:55:44.669+0000] {logging_mixin.py:190} INFO - [2026-03-24T21:55:44.668+0000] {dagbag.py:588} INFO - Filling up the DagBag from /opt/airflow/dags/job_scraping_dag.py
[2026-03-24T21:55:44.800+0000] {processor.py:925} INFO - DAG(s) 'daily_job_scraping' retrieved from /opt/airflow/dags/job_scraping_dag.py
[2026-03-24T21:55:44.872+0000] {logging_mixin.py:190} INFO - [2026-03-24T21:55:44.870+0000] {dag.py:3239} INFO - Sync 1 DAGs
[2026-03-24T21:55:44.930+0000] {logging_mixin.py:190} INFO - [2026-03-24T21:55:44.929+0000] {dag.py:4180} INFO - Setting next_dagrun for daily_job_scraping to 2026-03-24 12:00:00+00:00, run_after=2026-03-25 12:00:00+00:00
[2026-03-24T21:55:44.971+0000] {processor.py:208} INFO - Processing /opt/airflow/dags/job_scraping_dag.py took 2.681 seconds
[2026-03-24T21:55:54.281+0000] {processor.py:186} INFO - Started process (PID=1234) to work on /opt/airflow/dags/job_scraping_dag.py
[2026-03-24T21:55:54.284+0000] {processor.py:914} INFO - Processing file /opt/airflow/dags/job_scraping_dag.py for tasks to queue
[2026-03-24T21:55:54.291+0000] {logging_mixin.py:190} INFO - [2026-03-24T21:55:54.291+0000] {dagbag.py:588} INFO - Filling up the DagBag from /opt/airflow/dags/job_scraping_dag.py
[2026-03-24T21:55:54.317+0000] {logging_mixin.py:190} INFO - [2026-03-24T21:55:54.315+0000] {dagbag.py:387} ERROR - Failed to import: /opt/airflow/dags/job_scraping_dag.py
Traceback (most recent call last):
  File "/home/airflow/.local/lib/python3.11/site-packages/airflow/models/dagbag.py", line 383, in parse
    loader.exec_module(new_module)
  File "<frozen importlib._bootstrap_external>", line 936, in exec_module
  File "<frozen importlib._bootstrap_external>", line 1074, in get_code
  File "<frozen importlib._bootstrap_external>", line 1004, in source_to_code
  File "<frozen importlib._bootstrap>", line 241, in _call_with_frames_removed
  File "/opt/airflow/dags/job_scraping_dag.py", line 36
    C:\kaoutar\DataWerhouse\Projet\scrapers\EDA.py
       ^
SyntaxError: unexpected character after line continuation character
[2026-03-24T21:55:54.318+0000] {processor.py:927} WARNING - No viable dags retrieved from /opt/airflow/dags/job_scraping_dag.py
[2026-03-24T21:55:54.407+0000] {processor.py:208} INFO - Processing /opt/airflow/dags/job_scraping_dag.py took 0.143 seconds
[2026-03-24T21:55:54.844+0000] {processor.py:186} INFO - Started process (PID=1239) to work on /opt/airflow/dags/job_scraping_dag.py
[2026-03-24T21:55:54.846+0000] {processor.py:914} INFO - Processing file /opt/airflow/dags/job_scraping_dag.py for tasks to queue
[2026-03-24T21:55:54.853+0000] {logging_mixin.py:190} INFO - [2026-03-24T21:55:54.852+0000] {dagbag.py:588} INFO - Filling up the DagBag from /opt/airflow/dags/job_scraping_dag.py
[2026-03-24T21:55:54.884+0000] {logging_mixin.py:190} INFO - [2026-03-24T21:55:54.882+0000] {dagbag.py:387} ERROR - Failed to import: /opt/airflow/dags/job_scraping_dag.py
Traceback (most recent call last):
  File "/home/airflow/.local/lib/python3.11/site-packages/airflow/models/dagbag.py", line 383, in parse
    loader.exec_module(new_module)
  File "<frozen importlib._bootstrap_external>", line 936, in exec_module
  File "<frozen importlib._bootstrap_external>", line 1074, in get_code
  File "<frozen importlib._bootstrap_external>", line 1004, in source_to_code
  File "<frozen importlib._bootstrap>", line 241, in _call_with_frames_removed
  File "/opt/airflow/dags/job_scraping_dag.py", line 36
    C:\kaoutar\DataWerhouse\Projet\scrapers\EDA.py
       ^
SyntaxError: unexpected character after line continuation character
[2026-03-24T21:55:54.885+0000] {processor.py:927} WARNING - No viable dags retrieved from /opt/airflow/dags/job_scraping_dag.py
[2026-03-24T21:55:54.953+0000] {processor.py:208} INFO - Processing /opt/airflow/dags/job_scraping_dag.py took 0.135 seconds
[2026-03-24T21:55:55.088+0000] {processor.py:186} INFO - Started process (PID=1244) to work on /opt/airflow/dags/job_scraping_dag.py
[2026-03-24T21:55:55.089+0000] {processor.py:914} INFO - Processing file /opt/airflow/dags/job_scraping_dag.py for tasks to queue
[2026-03-24T21:55:55.096+0000] {logging_mixin.py:190} INFO - [2026-03-24T21:55:55.096+0000] {dagbag.py:588} INFO - Filling up the DagBag from /opt/airflow/dags/job_scraping_dag.py
[2026-03-24T21:55:55.125+0000] {logging_mixin.py:190} INFO - [2026-03-24T21:55:55.123+0000] {dagbag.py:387} ERROR - Failed to import: /opt/airflow/dags/job_scraping_dag.py
Traceback (most recent call last):
  File "/home/airflow/.local/lib/python3.11/site-packages/airflow/models/dagbag.py", line 383, in parse
    loader.exec_module(new_module)
  File "<frozen importlib._bootstrap_external>", line 936, in exec_module
  File "<frozen importlib._bootstrap_external>", line 1074, in get_code
  File "<frozen importlib._bootstrap_external>", line 1004, in source_to_code
  File "<frozen importlib._bootstrap>", line 241, in _call_with_frames_removed
  File "/opt/airflow/dags/job_scraping_dag.py", line 36
    C:\kaoutar\DataWerhouse\Projet\scrapers\EDA.py
       ^
SyntaxError: unexpected character after line continuation character
[2026-03-24T21:55:55.127+0000] {processor.py:927} WARNING - No viable dags retrieved from /opt/airflow/dags/job_scraping_dag.py
[2026-03-24T21:55:55.205+0000] {processor.py:208} INFO - Processing /opt/airflow/dags/job_scraping_dag.py took 0.134 seconds
[2026-03-24T21:55:55.436+0000] {processor.py:186} INFO - Started process (PID=1249) to work on /opt/airflow/dags/job_scraping_dag.py
[2026-03-24T21:55:55.448+0000] {processor.py:914} INFO - Processing file /opt/airflow/dags/job_scraping_dag.py for tasks to queue
[2026-03-24T21:55:55.456+0000] {logging_mixin.py:190} INFO - [2026-03-24T21:55:55.455+0000] {dagbag.py:588} INFO - Filling up the DagBag from /opt/airflow/dags/job_scraping_dag.py
[2026-03-24T21:55:55.894+0000] {logging_mixin.py:190} INFO - [2026-03-24T21:55:55.892+0000] {dagbag.py:387} ERROR - Failed to import: /opt/airflow/dags/job_scraping_dag.py
Traceback (most recent call last):
  File "/home/airflow/.local/lib/python3.11/site-packages/airflow/models/dagbag.py", line 383, in parse
    loader.exec_module(new_module)
  File "<frozen importlib._bootstrap_external>", line 936, in exec_module
  File "<frozen importlib._bootstrap_external>", line 1074, in get_code
  File "<frozen importlib._bootstrap_external>", line 1004, in source_to_code
  File "<frozen importlib._bootstrap>", line 241, in _call_with_frames_removed
  File "/opt/airflow/dags/job_scraping_dag.py", line 36
    C:\kaoutar\DataWerhouse\Projet\scrapers\EDA.py
       ^
SyntaxError: unexpected character after line continuation character
[2026-03-24T21:55:55.897+0000] {processor.py:927} WARNING - No viable dags retrieved from /opt/airflow/dags/job_scraping_dag.py
[2026-03-24T21:55:56.062+0000] {processor.py:208} INFO - Processing /opt/airflow/dags/job_scraping_dag.py took 0.652 seconds
[2026-03-24T21:55:56.352+0000] {processor.py:186} INFO - Started process (PID=1254) to work on /opt/airflow/dags/job_scraping_dag.py
[2026-03-24T21:55:56.355+0000] {processor.py:914} INFO - Processing file /opt/airflow/dags/job_scraping_dag.py for tasks to queue
[2026-03-24T21:55:56.361+0000] {logging_mixin.py:190} INFO - [2026-03-24T21:55:56.361+0000] {dagbag.py:588} INFO - Filling up the DagBag from /opt/airflow/dags/job_scraping_dag.py
[2026-03-24T21:55:59.075+0000] {processor.py:925} INFO - DAG(s) 'daily_job_scraping' retrieved from /opt/airflow/dags/job_scraping_dag.py
[2026-03-24T21:55:59.157+0000] {logging_mixin.py:190} INFO - [2026-03-24T21:55:59.156+0000] {dag.py:3239} INFO - Sync 1 DAGs
[2026-03-24T21:55:59.231+0000] {logging_mixin.py:190} INFO - [2026-03-24T21:55:59.231+0000] {dag.py:4180} INFO - Setting next_dagrun for daily_job_scraping to 2026-03-24 12:00:00+00:00, run_after=2026-03-25 12:00:00+00:00
[2026-03-24T21:55:59.385+0000] {processor.py:208} INFO - Processing /opt/airflow/dags/job_scraping_dag.py took 3.048 seconds
[2026-03-24T21:56:30.597+0000] {processor.py:186} INFO - Started process (PID=1271) to work on /opt/airflow/dags/job_scraping_dag.py
[2026-03-24T21:56:30.611+0000] {processor.py:914} INFO - Processing file /opt/airflow/dags/job_scraping_dag.py for tasks to queue
[2026-03-24T21:56:30.650+0000] {logging_mixin.py:190} INFO - [2026-03-24T21:56:30.649+0000] {dagbag.py:588} INFO - Filling up the DagBag from /opt/airflow/dags/job_scraping_dag.py
[2026-03-24T21:56:40.974+0000] {processor.py:925} INFO - DAG(s) 'daily_job_scraping' retrieved from /opt/airflow/dags/job_scraping_dag.py
[2026-03-24T21:56:41.356+0000] {logging_mixin.py:190} INFO - [2026-03-24T21:56:41.355+0000] {dag.py:3239} INFO - Sync 1 DAGs
[2026-03-24T21:56:41.618+0000] {logging_mixin.py:190} INFO - [2026-03-24T21:56:41.617+0000] {dag.py:4180} INFO - Setting next_dagrun for daily_job_scraping to 2026-03-24 12:00:00+00:00, run_after=2026-03-25 12:00:00+00:00
[2026-03-24T21:56:42.336+0000] {processor.py:208} INFO - Processing /opt/airflow/dags/job_scraping_dag.py took 11.811 seconds
[2026-03-24T21:57:15.067+0000] {processor.py:186} INFO - Started process (PID=1277) to work on /opt/airflow/dags/job_scraping_dag.py
[2026-03-24T21:57:15.099+0000] {processor.py:914} INFO - Processing file /opt/airflow/dags/job_scraping_dag.py for tasks to queue
[2026-03-24T21:57:15.119+0000] {logging_mixin.py:190} INFO - [2026-03-24T21:57:15.118+0000] {dagbag.py:588} INFO - Filling up the DagBag from /opt/airflow/dags/job_scraping_dag.py
[2026-03-24T21:57:25.266+0000] {processor.py:925} INFO - DAG(s) 'daily_job_scraping' retrieved from /opt/airflow/dags/job_scraping_dag.py
[2026-03-24T21:57:25.599+0000] {logging_mixin.py:190} INFO - [2026-03-24T21:57:25.598+0000] {dag.py:3239} INFO - Sync 1 DAGs
[2026-03-24T21:57:25.826+0000] {logging_mixin.py:190} INFO - [2026-03-24T21:57:25.825+0000] {dag.py:4180} INFO - Setting next_dagrun for daily_job_scraping to 2026-03-24 12:00:00+00:00, run_after=2026-03-25 12:00:00+00:00
[2026-03-24T21:57:26.067+0000] {processor.py:208} INFO - Processing /opt/airflow/dags/job_scraping_dag.py took 11.072 seconds
[2026-03-24T21:57:58.280+0000] {processor.py:186} INFO - Started process (PID=1283) to work on /opt/airflow/dags/job_scraping_dag.py
[2026-03-24T21:57:58.315+0000] {processor.py:914} INFO - Processing file /opt/airflow/dags/job_scraping_dag.py for tasks to queue
[2026-03-24T21:57:58.332+0000] {logging_mixin.py:190} INFO - [2026-03-24T21:57:58.331+0000] {dagbag.py:588} INFO - Filling up the DagBag from /opt/airflow/dags/job_scraping_dag.py
[2026-03-24T21:58:07.469+0000] {processor.py:925} INFO - DAG(s) 'daily_job_scraping' retrieved from /opt/airflow/dags/job_scraping_dag.py
[2026-03-24T21:58:08.133+0000] {logging_mixin.py:190} INFO - [2026-03-24T21:58:08.132+0000] {dag.py:3239} INFO - Sync 1 DAGs
[2026-03-24T21:58:08.479+0000] {logging_mixin.py:190} INFO - [2026-03-24T21:58:08.479+0000] {dag.py:4180} INFO - Setting next_dagrun for daily_job_scraping to 2026-03-24 12:00:00+00:00, run_after=2026-03-25 12:00:00+00:00
[2026-03-24T21:58:08.963+0000] {processor.py:208} INFO - Processing /opt/airflow/dags/job_scraping_dag.py took 13.086 seconds
[2026-03-24T21:58:42.618+0000] {processor.py:186} INFO - Started process (PID=1289) to work on /opt/airflow/dags/job_scraping_dag.py
[2026-03-24T21:58:42.702+0000] {processor.py:914} INFO - Processing file /opt/airflow/dags/job_scraping_dag.py for tasks to queue
[2026-03-24T21:58:42.775+0000] {logging_mixin.py:190} INFO - [2026-03-24T21:58:42.775+0000] {dagbag.py:588} INFO - Filling up the DagBag from /opt/airflow/dags/job_scraping_dag.py
[2026-03-24T21:58:53.964+0000] {processor.py:925} INFO - DAG(s) 'daily_job_scraping' retrieved from /opt/airflow/dags/job_scraping_dag.py
[2026-03-24T21:58:54.290+0000] {logging_mixin.py:190} INFO - [2026-03-24T21:58:54.289+0000] {dag.py:3239} INFO - Sync 1 DAGs
[2026-03-24T21:58:54.568+0000] {logging_mixin.py:190} INFO - [2026-03-24T21:58:54.568+0000] {dag.py:4180} INFO - Setting next_dagrun for daily_job_scraping to 2026-03-24 12:00:00+00:00, run_after=2026-03-25 12:00:00+00:00
[2026-03-24T21:58:54.984+0000] {processor.py:208} INFO - Processing /opt/airflow/dags/job_scraping_dag.py took 12.491 seconds
[2026-03-24T21:59:27.158+0000] {processor.py:186} INFO - Started process (PID=1295) to work on /opt/airflow/dags/job_scraping_dag.py
[2026-03-24T21:59:27.173+0000] {processor.py:914} INFO - Processing file /opt/airflow/dags/job_scraping_dag.py for tasks to queue
[2026-03-24T21:59:27.209+0000] {logging_mixin.py:190} INFO - [2026-03-24T21:59:27.208+0000] {dagbag.py:588} INFO - Filling up the DagBag from /opt/airflow/dags/job_scraping_dag.py
[2026-03-24T21:59:33.615+0000] {processor.py:925} INFO - DAG(s) 'daily_job_scraping' retrieved from /opt/airflow/dags/job_scraping_dag.py
[2026-03-24T21:59:33.914+0000] {logging_mixin.py:190} INFO - [2026-03-24T21:59:33.913+0000] {dag.py:3239} INFO - Sync 1 DAGs
[2026-03-24T21:59:34.109+0000] {logging_mixin.py:190} INFO - [2026-03-24T21:59:34.097+0000] {dag.py:4180} INFO - Setting next_dagrun for daily_job_scraping to 2026-03-24 12:00:00+00:00, run_after=2026-03-25 12:00:00+00:00
[2026-03-24T21:59:34.374+0000] {processor.py:208} INFO - Processing /opt/airflow/dags/job_scraping_dag.py took 9.641 seconds
[2026-03-24T22:00:05.952+0000] {processor.py:186} INFO - Started process (PID=1301) to work on /opt/airflow/dags/job_scraping_dag.py
[2026-03-24T22:00:05.969+0000] {processor.py:914} INFO - Processing file /opt/airflow/dags/job_scraping_dag.py for tasks to queue
[2026-03-24T22:00:05.988+0000] {logging_mixin.py:190} INFO - [2026-03-24T22:00:05.987+0000] {dagbag.py:588} INFO - Filling up the DagBag from /opt/airflow/dags/job_scraping_dag.py
[2026-03-24T22:00:16.892+0000] {processor.py:925} INFO - DAG(s) 'daily_job_scraping' retrieved from /opt/airflow/dags/job_scraping_dag.py
[2026-03-24T22:00:17.214+0000] {logging_mixin.py:190} INFO - [2026-03-24T22:00:17.201+0000] {dag.py:3239} INFO - Sync 1 DAGs
[2026-03-24T22:00:17.650+0000] {logging_mixin.py:190} INFO - [2026-03-24T22:00:17.649+0000] {dag.py:4180} INFO - Setting next_dagrun for daily_job_scraping to 2026-03-24 12:00:00+00:00, run_after=2026-03-25 12:00:00+00:00
[2026-03-24T22:00:17.943+0000] {processor.py:208} INFO - Processing /opt/airflow/dags/job_scraping_dag.py took 12.128 seconds
[2026-03-24T22:00:50.244+0000] {processor.py:186} INFO - Started process (PID=1307) to work on /opt/airflow/dags/job_scraping_dag.py
[2026-03-24T22:00:50.258+0000] {processor.py:914} INFO - Processing file /opt/airflow/dags/job_scraping_dag.py for tasks to queue
[2026-03-24T22:00:50.277+0000] {logging_mixin.py:190} INFO - [2026-03-24T22:00:50.276+0000] {dagbag.py:588} INFO - Filling up the DagBag from /opt/airflow/dags/job_scraping_dag.py
[2026-03-24T22:00:58.851+0000] {processor.py:925} INFO - DAG(s) 'daily_job_scraping' retrieved from /opt/airflow/dags/job_scraping_dag.py
[2026-03-24T22:00:59.156+0000] {logging_mixin.py:190} INFO - [2026-03-24T22:00:59.155+0000] {dag.py:3239} INFO - Sync 1 DAGs
[2026-03-24T22:00:59.385+0000] {logging_mixin.py:190} INFO - [2026-03-24T22:00:59.384+0000] {dag.py:4180} INFO - Setting next_dagrun for daily_job_scraping to 2026-03-24 12:00:00+00:00, run_after=2026-03-25 12:00:00+00:00
[2026-03-24T22:00:59.644+0000] {processor.py:208} INFO - Processing /opt/airflow/dags/job_scraping_dag.py took 11.832 seconds
[2026-03-24T22:01:30.984+0000] {processor.py:186} INFO - Started process (PID=1313) to work on /opt/airflow/dags/job_scraping_dag.py
[2026-03-24T22:01:30.987+0000] {processor.py:914} INFO - Processing file /opt/airflow/dags/job_scraping_dag.py for tasks to queue
[2026-03-24T22:01:31.003+0000] {logging_mixin.py:190} INFO - [2026-03-24T22:01:31.002+0000] {dagbag.py:588} INFO - Filling up the DagBag from /opt/airflow/dags/job_scraping_dag.py
[2026-03-24T22:01:36.728+0000] {processor.py:925} INFO - DAG(s) 'daily_job_scraping' retrieved from /opt/airflow/dags/job_scraping_dag.py
[2026-03-24T22:01:36.823+0000] {logging_mixin.py:190} INFO - [2026-03-24T22:01:36.822+0000] {dag.py:3239} INFO - Sync 1 DAGs
[2026-03-24T22:01:36.945+0000] {logging_mixin.py:190} INFO - [2026-03-24T22:01:36.945+0000] {dag.py:4180} INFO - Setting next_dagrun for daily_job_scraping to 2026-03-24 12:00:00+00:00, run_after=2026-03-25 12:00:00+00:00
[2026-03-24T22:01:37.028+0000] {processor.py:208} INFO - Processing /opt/airflow/dags/job_scraping_dag.py took 6.085 seconds
[2026-03-24T22:02:07.448+0000] {processor.py:186} INFO - Started process (PID=1327) to work on /opt/airflow/dags/job_scraping_dag.py
[2026-03-24T22:02:07.468+0000] {processor.py:914} INFO - Processing file /opt/airflow/dags/job_scraping_dag.py for tasks to queue
[2026-03-24T22:02:07.484+0000] {logging_mixin.py:190} INFO - [2026-03-24T22:02:07.483+0000] {dagbag.py:588} INFO - Filling up the DagBag from /opt/airflow/dags/job_scraping_dag.py
[2026-03-24T22:02:11.436+0000] {processor.py:925} INFO - DAG(s) 'daily_job_scraping' retrieved from /opt/airflow/dags/job_scraping_dag.py
[2026-03-24T22:02:11.586+0000] {logging_mixin.py:190} INFO - [2026-03-24T22:02:11.574+0000] {dag.py:3239} INFO - Sync 1 DAGs
[2026-03-24T22:02:11.711+0000] {logging_mixin.py:190} INFO - [2026-03-24T22:02:11.710+0000] {dag.py:4180} INFO - Setting next_dagrun for daily_job_scraping to 2026-03-24 12:00:00+00:00, run_after=2026-03-25 12:00:00+00:00
[2026-03-24T22:02:11.823+0000] {processor.py:208} INFO - Processing /opt/airflow/dags/job_scraping_dag.py took 4.438 seconds
[2026-03-24T22:02:42.103+0000] {processor.py:186} INFO - Started process (PID=1333) to work on /opt/airflow/dags/job_scraping_dag.py
[2026-03-24T22:02:42.105+0000] {processor.py:914} INFO - Processing file /opt/airflow/dags/job_scraping_dag.py for tasks to queue
[2026-03-24T22:02:42.110+0000] {logging_mixin.py:190} INFO - [2026-03-24T22:02:42.109+0000] {dagbag.py:588} INFO - Filling up the DagBag from /opt/airflow/dags/job_scraping_dag.py
[2026-03-24T22:02:44.813+0000] {processor.py:925} INFO - DAG(s) 'daily_job_scraping' retrieved from /opt/airflow/dags/job_scraping_dag.py
[2026-03-24T22:02:41.218+0000] {logging_mixin.py:190} INFO - [2026-03-24T22:02:41.217+0000] {dag.py:3239} INFO - Sync 1 DAGs
[2026-03-24T22:02:41.275+0000] {logging_mixin.py:190} INFO - [2026-03-24T22:02:41.274+0000] {dag.py:4180} INFO - Setting next_dagrun for daily_job_scraping to 2026-03-24 12:00:00+00:00, run_after=2026-03-25 12:00:00+00:00
[2026-03-24T22:02:41.315+0000] {processor.py:208} INFO - Processing /opt/airflow/dags/job_scraping_dag.py took 1.536 seconds
[2026-03-24T22:03:11.520+0000] {processor.py:186} INFO - Started process (PID=1339) to work on /opt/airflow/dags/job_scraping_dag.py
[2026-03-24T22:03:11.534+0000] {processor.py:914} INFO - Processing file /opt/airflow/dags/job_scraping_dag.py for tasks to queue
[2026-03-24T22:03:11.551+0000] {logging_mixin.py:190} INFO - [2026-03-24T22:03:11.539+0000] {dagbag.py:588} INFO - Filling up the DagBag from /opt/airflow/dags/job_scraping_dag.py
[2026-03-24T22:03:16.507+0000] {processor.py:925} INFO - DAG(s) 'daily_job_scraping' retrieved from /opt/airflow/dags/job_scraping_dag.py
[2026-03-24T22:03:16.633+0000] {logging_mixin.py:190} INFO - [2026-03-24T22:03:16.632+0000] {dag.py:3239} INFO - Sync 1 DAGs
[2026-03-24T22:03:16.757+0000] {logging_mixin.py:190} INFO - [2026-03-24T22:03:16.756+0000] {dag.py:4180} INFO - Setting next_dagrun for daily_job_scraping to 2026-03-24 12:00:00+00:00, run_after=2026-03-25 12:00:00+00:00
[2026-03-24T22:03:16.905+0000] {processor.py:208} INFO - Processing /opt/airflow/dags/job_scraping_dag.py took 5.420 seconds
[2026-03-24T22:03:47.660+0000] {processor.py:186} INFO - Started process (PID=1345) to work on /opt/airflow/dags/job_scraping_dag.py
[2026-03-24T22:03:47.662+0000] {processor.py:914} INFO - Processing file /opt/airflow/dags/job_scraping_dag.py for tasks to queue
[2026-03-24T22:03:47.667+0000] {logging_mixin.py:190} INFO - [2026-03-24T22:03:47.666+0000] {dagbag.py:588} INFO - Filling up the DagBag from /opt/airflow/dags/job_scraping_dag.py
[2026-03-24T22:03:49.083+0000] {processor.py:925} INFO - DAG(s) 'daily_job_scraping' retrieved from /opt/airflow/dags/job_scraping_dag.py
[2026-03-24T22:03:49.147+0000] {logging_mixin.py:190} INFO - [2026-03-24T22:03:49.145+0000] {dag.py:3239} INFO - Sync 1 DAGs
[2026-03-24T22:03:49.204+0000] {logging_mixin.py:190} INFO - [2026-03-24T22:03:49.204+0000] {dag.py:4180} INFO - Setting next_dagrun for daily_job_scraping to 2026-03-24 12:00:00+00:00, run_after=2026-03-25 12:00:00+00:00
[2026-03-24T22:03:49.259+0000] {processor.py:208} INFO - Processing /opt/airflow/dags/job_scraping_dag.py took 1.616 seconds
[2026-03-24T22:04:19.787+0000] {processor.py:186} INFO - Started process (PID=1351) to work on /opt/airflow/dags/job_scraping_dag.py
[2026-03-24T22:04:19.789+0000] {processor.py:914} INFO - Processing file /opt/airflow/dags/job_scraping_dag.py for tasks to queue
[2026-03-24T22:04:19.807+0000] {logging_mixin.py:190} INFO - [2026-03-24T22:04:19.805+0000] {dagbag.py:588} INFO - Filling up the DagBag from /opt/airflow/dags/job_scraping_dag.py
[2026-03-24T22:04:24.810+0000] {processor.py:925} INFO - DAG(s) 'daily_job_scraping' retrieved from /opt/airflow/dags/job_scraping_dag.py
[2026-03-24T22:04:24.992+0000] {logging_mixin.py:190} INFO - [2026-03-24T22:04:24.991+0000] {dag.py:3239} INFO - Sync 1 DAGs
[2026-03-24T22:04:25.929+0000] {logging_mixin.py:190} INFO - [2026-03-24T22:04:25.928+0000] {dag.py:4180} INFO - Setting next_dagrun for daily_job_scraping to 2026-03-24 12:00:00+00:00, run_after=2026-03-25 12:00:00+00:00
[2026-03-24T22:04:26.135+0000] {processor.py:208} INFO - Processing /opt/airflow/dags/job_scraping_dag.py took 6.395 seconds
[2026-03-24T22:04:56.922+0000] {processor.py:186} INFO - Started process (PID=1357) to work on /opt/airflow/dags/job_scraping_dag.py
[2026-03-24T22:04:56.925+0000] {processor.py:914} INFO - Processing file /opt/airflow/dags/job_scraping_dag.py for tasks to queue
[2026-03-24T22:04:56.941+0000] {logging_mixin.py:190} INFO - [2026-03-24T22:04:56.940+0000] {dagbag.py:588} INFO - Filling up the DagBag from /opt/airflow/dags/job_scraping_dag.py
[2026-03-24T22:05:00.207+0000] {processor.py:925} INFO - DAG(s) 'daily_job_scraping' retrieved from /opt/airflow/dags/job_scraping_dag.py
[2026-03-24T22:05:00.372+0000] {logging_mixin.py:190} INFO - [2026-03-24T22:05:00.371+0000] {dag.py:3239} INFO - Sync 1 DAGs
[2026-03-24T22:05:00.478+0000] {logging_mixin.py:190} INFO - [2026-03-24T22:05:00.478+0000] {dag.py:4180} INFO - Setting next_dagrun for daily_job_scraping to 2026-03-24 12:00:00+00:00, run_after=2026-03-25 12:00:00+00:00
[2026-03-24T22:05:00.554+0000] {processor.py:208} INFO - Processing /opt/airflow/dags/job_scraping_dag.py took 3.670 seconds
[2026-03-24T22:05:31.080+0000] {processor.py:186} INFO - Started process (PID=1363) to work on /opt/airflow/dags/job_scraping_dag.py
[2026-03-24T22:05:31.086+0000] {processor.py:914} INFO - Processing file /opt/airflow/dags/job_scraping_dag.py for tasks to queue
[2026-03-24T22:05:31.099+0000] {logging_mixin.py:190} INFO - [2026-03-24T22:05:31.098+0000] {dagbag.py:588} INFO - Filling up the DagBag from /opt/airflow/dags/job_scraping_dag.py
[2026-03-24T22:05:33.028+0000] {processor.py:925} INFO - DAG(s) 'daily_job_scraping' retrieved from /opt/airflow/dags/job_scraping_dag.py
[2026-03-24T22:05:33.100+0000] {logging_mixin.py:190} INFO - [2026-03-24T22:05:33.099+0000] {dag.py:3239} INFO - Sync 1 DAGs
[2026-03-24T22:05:33.162+0000] {logging_mixin.py:190} INFO - [2026-03-24T22:05:33.162+0000] {dag.py:4180} INFO - Setting next_dagrun for daily_job_scraping to 2026-03-24 12:00:00+00:00, run_after=2026-03-25 12:00:00+00:00
[2026-03-24T22:05:33.199+0000] {processor.py:208} INFO - Processing /opt/airflow/dags/job_scraping_dag.py took 2.137 seconds
[2026-03-24T22:06:03.693+0000] {processor.py:186} INFO - Started process (PID=1369) to work on /opt/airflow/dags/job_scraping_dag.py
[2026-03-24T22:06:03.701+0000] {processor.py:914} INFO - Processing file /opt/airflow/dags/job_scraping_dag.py for tasks to queue
[2026-03-24T22:06:03.711+0000] {logging_mixin.py:190} INFO - [2026-03-24T22:06:03.710+0000] {dagbag.py:588} INFO - Filling up the DagBag from /opt/airflow/dags/job_scraping_dag.py
[2026-03-24T22:06:08.144+0000] {processor.py:925} INFO - DAG(s) 'daily_job_scraping' retrieved from /opt/airflow/dags/job_scraping_dag.py
[2026-03-24T22:06:08.279+0000] {logging_mixin.py:190} INFO - [2026-03-24T22:06:08.278+0000] {dag.py:3239} INFO - Sync 1 DAGs
[2026-03-24T22:06:08.400+0000] {logging_mixin.py:190} INFO - [2026-03-24T22:06:08.400+0000] {dag.py:4180} INFO - Setting next_dagrun for daily_job_scraping to 2026-03-24 12:00:00+00:00, run_after=2026-03-25 12:00:00+00:00
[2026-03-24T22:06:08.485+0000] {processor.py:208} INFO - Processing /opt/airflow/dags/job_scraping_dag.py took 4.844 seconds
[2026-03-24T22:06:38.789+0000] {processor.py:186} INFO - Started process (PID=1375) to work on /opt/airflow/dags/job_scraping_dag.py
[2026-03-24T22:06:38.792+0000] {processor.py:914} INFO - Processing file /opt/airflow/dags/job_scraping_dag.py for tasks to queue
[2026-03-24T22:06:38.808+0000] {logging_mixin.py:190} INFO - [2026-03-24T22:06:38.807+0000] {dagbag.py:588} INFO - Filling up the DagBag from /opt/airflow/dags/job_scraping_dag.py
[2026-03-24T22:06:41.794+0000] {processor.py:925} INFO - DAG(s) 'daily_job_scraping' retrieved from /opt/airflow/dags/job_scraping_dag.py
[2026-03-24T22:06:41.856+0000] {logging_mixin.py:190} INFO - [2026-03-24T22:06:41.855+0000] {dag.py:3239} INFO - Sync 1 DAGs
[2026-03-24T22:06:41.897+0000] {logging_mixin.py:190} INFO - [2026-03-24T22:06:41.897+0000] {dag.py:4180} INFO - Setting next_dagrun for daily_job_scraping to 2026-03-24 12:00:00+00:00, run_after=2026-03-25 12:00:00+00:00
[2026-03-24T22:06:41.937+0000] {processor.py:208} INFO - Processing /opt/airflow/dags/job_scraping_dag.py took 3.182 seconds
[2026-03-24T22:07:12.619+0000] {processor.py:186} INFO - Started process (PID=1381) to work on /opt/airflow/dags/job_scraping_dag.py
[2026-03-24T22:07:12.621+0000] {processor.py:914} INFO - Processing file /opt/airflow/dags/job_scraping_dag.py for tasks to queue
[2026-03-24T22:07:12.627+0000] {logging_mixin.py:190} INFO - [2026-03-24T22:07:12.626+0000] {dagbag.py:588} INFO - Filling up the DagBag from /opt/airflow/dags/job_scraping_dag.py
[2026-03-24T22:07:14.035+0000] {processor.py:925} INFO - DAG(s) 'daily_job_scraping' retrieved from /opt/airflow/dags/job_scraping_dag.py
[2026-03-24T22:07:14.098+0000] {logging_mixin.py:190} INFO - [2026-03-24T22:07:14.097+0000] {dag.py:3239} INFO - Sync 1 DAGs
[2026-03-24T22:07:14.140+0000] {logging_mixin.py:190} INFO - [2026-03-24T22:07:14.139+0000] {dag.py:4180} INFO - Setting next_dagrun for daily_job_scraping to 2026-03-24 12:00:00+00:00, run_after=2026-03-25 12:00:00+00:00
[2026-03-24T22:07:14.179+0000] {processor.py:208} INFO - Processing /opt/airflow/dags/job_scraping_dag.py took 1.576 seconds
[2026-03-24T22:07:44.853+0000] {processor.py:186} INFO - Started process (PID=1387) to work on /opt/airflow/dags/job_scraping_dag.py
[2026-03-24T22:07:44.855+0000] {processor.py:914} INFO - Processing file /opt/airflow/dags/job_scraping_dag.py for tasks to queue
[2026-03-24T22:07:44.872+0000] {logging_mixin.py:190} INFO - [2026-03-24T22:07:44.871+0000] {dagbag.py:588} INFO - Filling up the DagBag from /opt/airflow/dags/job_scraping_dag.py
[2026-03-24T22:07:46.777+0000] {processor.py:925} INFO - DAG(s) 'daily_job_scraping' retrieved from /opt/airflow/dags/job_scraping_dag.py
[2026-03-24T22:07:46.880+0000] {logging_mixin.py:190} INFO - [2026-03-24T22:07:46.877+0000] {dag.py:3239} INFO - Sync 1 DAGs
[2026-03-24T22:07:46.952+0000] {logging_mixin.py:190} INFO - [2026-03-24T22:07:46.951+0000] {dag.py:4180} INFO - Setting next_dagrun for daily_job_scraping to 2026-03-24 12:00:00+00:00, run_after=2026-03-25 12:00:00+00:00
[2026-03-24T22:07:47.044+0000] {processor.py:208} INFO - Processing /opt/airflow/dags/job_scraping_dag.py took 2.230 seconds
[2026-03-24T22:08:17.239+0000] {processor.py:186} INFO - Started process (PID=1393) to work on /opt/airflow/dags/job_scraping_dag.py
[2026-03-24T22:08:17.242+0000] {processor.py:914} INFO - Processing file /opt/airflow/dags/job_scraping_dag.py for tasks to queue
[2026-03-24T22:08:17.246+0000] {logging_mixin.py:190} INFO - [2026-03-24T22:08:17.246+0000] {dagbag.py:588} INFO - Filling up the DagBag from /opt/airflow/dags/job_scraping_dag.py
[2026-03-24T22:08:18.455+0000] {processor.py:925} INFO - DAG(s) 'daily_job_scraping' retrieved from /opt/airflow/dags/job_scraping_dag.py
[2026-03-24T22:08:18.533+0000] {logging_mixin.py:190} INFO - [2026-03-24T22:08:18.532+0000] {dag.py:3239} INFO - Sync 1 DAGs
[2026-03-24T22:08:18.599+0000] {logging_mixin.py:190} INFO - [2026-03-24T22:08:18.599+0000] {dag.py:4180} INFO - Setting next_dagrun for daily_job_scraping to 2026-03-24 12:00:00+00:00, run_after=2026-03-25 12:00:00+00:00
[2026-03-24T22:08:18.664+0000] {processor.py:208} INFO - Processing /opt/airflow/dags/job_scraping_dag.py took 1.443 seconds
[2026-03-24T22:08:48.837+0000] {processor.py:186} INFO - Started process (PID=1399) to work on /opt/airflow/dags/job_scraping_dag.py
[2026-03-24T22:08:48.840+0000] {processor.py:914} INFO - Processing file /opt/airflow/dags/job_scraping_dag.py for tasks to queue
[2026-03-24T22:08:48.846+0000] {logging_mixin.py:190} INFO - [2026-03-24T22:08:48.845+0000] {dagbag.py:588} INFO - Filling up the DagBag from /opt/airflow/dags/job_scraping_dag.py
[2026-03-24T22:08:49.989+0000] {processor.py:925} INFO - DAG(s) 'daily_job_scraping' retrieved from /opt/airflow/dags/job_scraping_dag.py
[2026-03-24T22:08:50.049+0000] {logging_mixin.py:190} INFO - [2026-03-24T22:08:50.049+0000] {dag.py:3239} INFO - Sync 1 DAGs
[2026-03-24T22:08:50.081+0000] {logging_mixin.py:190} INFO - [2026-03-24T22:08:50.081+0000] {dag.py:4180} INFO - Setting next_dagrun for daily_job_scraping to 2026-03-24 12:00:00+00:00, run_after=2026-03-25 12:00:00+00:00
[2026-03-24T22:08:50.120+0000] {processor.py:208} INFO - Processing /opt/airflow/dags/job_scraping_dag.py took 1.296 seconds
[2026-03-24T22:09:20.240+0000] {processor.py:186} INFO - Started process (PID=1405) to work on /opt/airflow/dags/job_scraping_dag.py
[2026-03-24T22:09:20.273+0000] {processor.py:914} INFO - Processing file /opt/airflow/dags/job_scraping_dag.py for tasks to queue
[2026-03-24T22:09:20.279+0000] {logging_mixin.py:190} INFO - [2026-03-24T22:09:20.279+0000] {dagbag.py:588} INFO - Filling up the DagBag from /opt/airflow/dags/job_scraping_dag.py
[2026-03-24T22:09:21.849+0000] {processor.py:925} INFO - DAG(s) 'daily_job_scraping' retrieved from /opt/airflow/dags/job_scraping_dag.py
[2026-03-24T22:09:21.908+0000] {logging_mixin.py:190} INFO - [2026-03-24T22:09:21.907+0000] {dag.py:3239} INFO - Sync 1 DAGs
[2026-03-24T22:09:21.954+0000] {logging_mixin.py:190} INFO - [2026-03-24T22:09:21.954+0000] {dag.py:4180} INFO - Setting next_dagrun for daily_job_scraping to 2026-03-24 12:00:00+00:00, run_after=2026-03-25 12:00:00+00:00
[2026-03-24T22:09:21.990+0000] {processor.py:208} INFO - Processing /opt/airflow/dags/job_scraping_dag.py took 1.779 seconds
[2026-03-24T22:09:52.220+0000] {processor.py:186} INFO - Started process (PID=1411) to work on /opt/airflow/dags/job_scraping_dag.py
[2026-03-24T22:09:52.222+0000] {processor.py:914} INFO - Processing file /opt/airflow/dags/job_scraping_dag.py for tasks to queue
[2026-03-24T22:09:52.227+0000] {logging_mixin.py:190} INFO - [2026-03-24T22:09:52.226+0000] {dagbag.py:588} INFO - Filling up the DagBag from /opt/airflow/dags/job_scraping_dag.py
[2026-03-24T22:09:53.686+0000] {processor.py:925} INFO - DAG(s) 'daily_job_scraping' retrieved from /opt/airflow/dags/job_scraping_dag.py
[2026-03-24T22:09:53.733+0000] {logging_mixin.py:190} INFO - [2026-03-24T22:09:53.733+0000] {dag.py:3239} INFO - Sync 1 DAGs
[2026-03-24T22:09:53.761+0000] {logging_mixin.py:190} INFO - [2026-03-24T22:09:53.760+0000] {dag.py:4180} INFO - Setting next_dagrun for daily_job_scraping to 2026-03-24 12:00:00+00:00, run_after=2026-03-25 12:00:00+00:00
[2026-03-24T22:09:53.805+0000] {processor.py:208} INFO - Processing /opt/airflow/dags/job_scraping_dag.py took 1.603 seconds
[2026-03-24T22:10:24.330+0000] {processor.py:186} INFO - Started process (PID=1417) to work on /opt/airflow/dags/job_scraping_dag.py
[2026-03-24T22:10:24.335+0000] {processor.py:914} INFO - Processing file /opt/airflow/dags/job_scraping_dag.py for tasks to queue
[2026-03-24T22:10:24.342+0000] {logging_mixin.py:190} INFO - [2026-03-24T22:10:24.341+0000] {dagbag.py:588} INFO - Filling up the DagBag from /opt/airflow/dags/job_scraping_dag.py
[2026-03-24T22:10:25.980+0000] {processor.py:925} INFO - DAG(s) 'daily_job_scraping' retrieved from /opt/airflow/dags/job_scraping_dag.py
[2026-03-24T22:10:26.034+0000] {logging_mixin.py:190} INFO - [2026-03-24T22:10:26.033+0000] {dag.py:3239} INFO - Sync 1 DAGs
[2026-03-24T22:10:26.073+0000] {logging_mixin.py:190} INFO - [2026-03-24T22:10:26.072+0000] {dag.py:4180} INFO - Setting next_dagrun for daily_job_scraping to 2026-03-24 12:00:00+00:00, run_after=2026-03-25 12:00:00+00:00
[2026-03-24T22:10:26.113+0000] {processor.py:208} INFO - Processing /opt/airflow/dags/job_scraping_dag.py took 1.802 seconds
[2026-03-24T22:10:57.200+0000] {processor.py:186} INFO - Started process (PID=1423) to work on /opt/airflow/dags/job_scraping_dag.py
[2026-03-24T22:10:57.276+0000] {processor.py:914} INFO - Processing file /opt/airflow/dags/job_scraping_dag.py for tasks to queue
[2026-03-24T22:10:57.333+0000] {logging_mixin.py:190} INFO - [2026-03-24T22:10:57.332+0000] {dagbag.py:588} INFO - Filling up the DagBag from /opt/airflow/dags/job_scraping_dag.py
[2026-03-24T22:11:01.066+0000] {processor.py:925} INFO - DAG(s) 'daily_job_scraping' retrieved from /opt/airflow/dags/job_scraping_dag.py
[2026-03-24T22:11:01.227+0000] {logging_mixin.py:190} INFO - [2026-03-24T22:11:01.226+0000] {dag.py:3239} INFO - Sync 1 DAGs
[2026-03-24T22:11:01.351+0000] {logging_mixin.py:190} INFO - [2026-03-24T22:11:01.350+0000] {dag.py:4180} INFO - Setting next_dagrun for daily_job_scraping to 2026-03-24 12:00:00+00:00, run_after=2026-03-25 12:00:00+00:00
[2026-03-24T22:11:01.440+0000] {processor.py:208} INFO - Processing /opt/airflow/dags/job_scraping_dag.py took 4.266 seconds
[2026-03-24T22:11:31.755+0000] {processor.py:186} INFO - Started process (PID=1429) to work on /opt/airflow/dags/job_scraping_dag.py
[2026-03-24T22:11:31.757+0000] {processor.py:914} INFO - Processing file /opt/airflow/dags/job_scraping_dag.py for tasks to queue
[2026-03-24T22:11:31.762+0000] {logging_mixin.py:190} INFO - [2026-03-24T22:11:31.761+0000] {dagbag.py:588} INFO - Filling up the DagBag from /opt/airflow/dags/job_scraping_dag.py
[2026-03-24T22:11:33.028+0000] {processor.py:925} INFO - DAG(s) 'daily_job_scraping' retrieved from /opt/airflow/dags/job_scraping_dag.py
[2026-03-24T22:11:33.073+0000] {logging_mixin.py:190} INFO - [2026-03-24T22:11:33.073+0000] {dag.py:3239} INFO - Sync 1 DAGs
[2026-03-24T22:11:33.124+0000] {logging_mixin.py:190} INFO - [2026-03-24T22:11:33.124+0000] {dag.py:4180} INFO - Setting next_dagrun for daily_job_scraping to 2026-03-24 12:00:00+00:00, run_after=2026-03-25 12:00:00+00:00
[2026-03-24T22:11:33.153+0000] {processor.py:208} INFO - Processing /opt/airflow/dags/job_scraping_dag.py took 1.410 seconds
[2026-03-24T22:12:03.378+0000] {processor.py:186} INFO - Started process (PID=1435) to work on /opt/airflow/dags/job_scraping_dag.py
[2026-03-24T22:12:03.381+0000] {processor.py:914} INFO - Processing file /opt/airflow/dags/job_scraping_dag.py for tasks to queue
[2026-03-24T22:12:03.387+0000] {logging_mixin.py:190} INFO - [2026-03-24T22:12:03.386+0000] {dagbag.py:588} INFO - Filling up the DagBag from /opt/airflow/dags/job_scraping_dag.py
[2026-03-24T22:12:05.687+0000] {processor.py:925} INFO - DAG(s) 'daily_job_scraping' retrieved from /opt/airflow/dags/job_scraping_dag.py
[2026-03-24T22:12:05.754+0000] {logging_mixin.py:190} INFO - [2026-03-24T22:12:05.753+0000] {dag.py:3239} INFO - Sync 1 DAGs
[2026-03-24T22:12:05.809+0000] {logging_mixin.py:190} INFO - [2026-03-24T22:12:05.809+0000] {dag.py:4180} INFO - Setting next_dagrun for daily_job_scraping to 2026-03-24 12:00:00+00:00, run_after=2026-03-25 12:00:00+00:00
[2026-03-24T22:12:05.845+0000] {processor.py:208} INFO - Processing /opt/airflow/dags/job_scraping_dag.py took 2.485 seconds
[2026-03-24T22:12:35.957+0000] {processor.py:186} INFO - Started process (PID=1441) to work on /opt/airflow/dags/job_scraping_dag.py
[2026-03-24T22:12:35.959+0000] {processor.py:914} INFO - Processing file /opt/airflow/dags/job_scraping_dag.py for tasks to queue
[2026-03-24T22:12:35.965+0000] {logging_mixin.py:190} INFO - [2026-03-24T22:12:35.965+0000] {dagbag.py:588} INFO - Filling up the DagBag from /opt/airflow/dags/job_scraping_dag.py
[2026-03-24T22:12:37.895+0000] {processor.py:925} INFO - DAG(s) 'daily_job_scraping' retrieved from /opt/airflow/dags/job_scraping_dag.py
[2026-03-24T22:12:37.968+0000] {logging_mixin.py:190} INFO - [2026-03-24T22:12:37.967+0000] {dag.py:3239} INFO - Sync 1 DAGs
[2026-03-24T22:12:38.019+0000] {logging_mixin.py:190} INFO - [2026-03-24T22:12:38.018+0000] {dag.py:4180} INFO - Setting next_dagrun for daily_job_scraping to 2026-03-24 12:00:00+00:00, run_after=2026-03-25 12:00:00+00:00
[2026-03-24T22:12:38.077+0000] {processor.py:208} INFO - Processing /opt/airflow/dags/job_scraping_dag.py took 2.136 seconds
[2026-03-24T22:13:08.525+0000] {processor.py:186} INFO - Started process (PID=1447) to work on /opt/airflow/dags/job_scraping_dag.py
[2026-03-24T22:13:08.529+0000] {processor.py:914} INFO - Processing file /opt/airflow/dags/job_scraping_dag.py for tasks to queue
[2026-03-24T22:13:08.541+0000] {logging_mixin.py:190} INFO - [2026-03-24T22:13:08.540+0000] {dagbag.py:588} INFO - Filling up the DagBag from /opt/airflow/dags/job_scraping_dag.py
[2026-03-24T22:13:10.179+0000] {processor.py:925} INFO - DAG(s) 'daily_job_scraping' retrieved from /opt/airflow/dags/job_scraping_dag.py
[2026-03-24T22:13:10.244+0000] {logging_mixin.py:190} INFO - [2026-03-24T22:13:10.243+0000] {dag.py:3239} INFO - Sync 1 DAGs
[2026-03-24T22:13:10.311+0000] {logging_mixin.py:190} INFO - [2026-03-24T22:13:10.310+0000] {dag.py:4180} INFO - Setting next_dagrun for daily_job_scraping to 2026-03-24 12:00:00+00:00, run_after=2026-03-25 12:00:00+00:00
[2026-03-24T22:13:10.367+0000] {processor.py:208} INFO - Processing /opt/airflow/dags/job_scraping_dag.py took 1.858 seconds
[2026-03-24T22:13:41.224+0000] {processor.py:186} INFO - Started process (PID=1453) to work on /opt/airflow/dags/job_scraping_dag.py
[2026-03-24T22:13:41.236+0000] {processor.py:914} INFO - Processing file /opt/airflow/dags/job_scraping_dag.py for tasks to queue
[2026-03-24T22:13:41.242+0000] {logging_mixin.py:190} INFO - [2026-03-24T22:13:41.242+0000] {dagbag.py:588} INFO - Filling up the DagBag from /opt/airflow/dags/job_scraping_dag.py
[2026-03-24T22:13:42.920+0000] {processor.py:925} INFO - DAG(s) 'daily_job_scraping' retrieved from /opt/airflow/dags/job_scraping_dag.py
[2026-03-24T22:13:43.008+0000] {logging_mixin.py:190} INFO - [2026-03-24T22:13:43.007+0000] {dag.py:3239} INFO - Sync 1 DAGs
[2026-03-24T22:13:43.061+0000] {logging_mixin.py:190} INFO - [2026-03-24T22:13:43.060+0000] {dag.py:4180} INFO - Setting next_dagrun for daily_job_scraping to 2026-03-24 12:00:00+00:00, run_after=2026-03-25 12:00:00+00:00
[2026-03-24T22:13:43.118+0000] {processor.py:208} INFO - Processing /opt/airflow/dags/job_scraping_dag.py took 1.922 seconds
[2026-03-24T22:14:13.724+0000] {processor.py:186} INFO - Started process (PID=1459) to work on /opt/airflow/dags/job_scraping_dag.py
[2026-03-24T22:14:13.727+0000] {processor.py:914} INFO - Processing file /opt/airflow/dags/job_scraping_dag.py for tasks to queue
[2026-03-24T22:14:13.735+0000] {logging_mixin.py:190} INFO - [2026-03-24T22:14:13.734+0000] {dagbag.py:588} INFO - Filling up the DagBag from /opt/airflow/dags/job_scraping_dag.py
[2026-03-24T22:14:14.005+0000] {processor.py:925} INFO - DAG(s) 'daily_job_scraping' retrieved from /opt/airflow/dags/job_scraping_dag.py
[2026-03-24T22:14:14.168+0000] {logging_mixin.py:190} INFO - [2026-03-24T22:14:14.167+0000] {dag.py:3239} INFO - Sync 1 DAGs
[2026-03-24T22:14:14.317+0000] {logging_mixin.py:190} INFO - [2026-03-24T22:14:14.317+0000] {dag.py:4180} INFO - Setting next_dagrun for daily_job_scraping to 2026-03-24 12:00:00+00:00, run_after=2026-03-25 12:00:00+00:00
[2026-03-24T22:14:14.423+0000] {processor.py:208} INFO - Processing /opt/airflow/dags/job_scraping_dag.py took 3.025 seconds
[2026-03-24T22:14:44.699+0000] {processor.py:186} INFO - Started process (PID=1465) to work on /opt/airflow/dags/job_scraping_dag.py
[2026-03-24T22:14:44.700+0000] {processor.py:914} INFO - Processing file /opt/airflow/dags/job_scraping_dag.py for tasks to queue
[2026-03-24T22:14:44.704+0000] {logging_mixin.py:190} INFO - [2026-03-24T22:14:44.704+0000] {dagbag.py:588} INFO - Filling up the DagBag from /opt/airflow/dags/job_scraping_dag.py
[2026-03-24T22:14:47.140+0000] {processor.py:925} INFO - DAG(s) 'daily_job_scraping' retrieved from /opt/airflow/dags/job_scraping_dag.py
[2026-03-24T22:14:47.194+0000] {logging_mixin.py:190} INFO - [2026-03-24T22:14:47.193+0000] {dag.py:3239} INFO - Sync 1 DAGs
[2026-03-24T22:14:47.243+0000] {logging_mixin.py:190} INFO - [2026-03-24T22:14:47.243+0000] {dag.py:4180} INFO - Setting next_dagrun for daily_job_scraping to 2026-03-24 12:00:00+00:00, run_after=2026-03-25 12:00:00+00:00
[2026-03-24T22:14:47.286+0000] {processor.py:208} INFO - Processing /opt/airflow/dags/job_scraping_dag.py took 2.602 seconds
[2026-03-24T22:15:17.679+0000] {processor.py:186} INFO - Started process (PID=1471) to work on /opt/airflow/dags/job_scraping_dag.py
[2026-03-24T22:15:17.694+0000] {processor.py:914} INFO - Processing file /opt/airflow/dags/job_scraping_dag.py for tasks to queue
[2026-03-24T22:15:17.703+0000] {logging_mixin.py:190} INFO - [2026-03-24T22:15:17.702+0000] {dagbag.py:588} INFO - Filling up the DagBag from /opt/airflow/dags/job_scraping_dag.py
[2026-03-24T22:15:20.329+0000] {processor.py:925} INFO - DAG(s) 'daily_job_scraping' retrieved from /opt/airflow/dags/job_scraping_dag.py
[2026-03-24T22:15:20.388+0000] {logging_mixin.py:190} INFO - [2026-03-24T22:15:20.387+0000] {dag.py:3239} INFO - Sync 1 DAGs
[2026-03-24T22:15:20.434+0000] {logging_mixin.py:190} INFO - [2026-03-24T22:15:20.434+0000] {dag.py:4180} INFO - Setting next_dagrun for daily_job_scraping to 2026-03-24 12:00:00+00:00, run_after=2026-03-25 12:00:00+00:00
[2026-03-24T22:15:20.473+0000] {processor.py:208} INFO - Processing /opt/airflow/dags/job_scraping_dag.py took 2.832 seconds
[2026-03-24T22:15:50.625+0000] {processor.py:186} INFO - Started process (PID=1477) to work on /opt/airflow/dags/job_scraping_dag.py
[2026-03-24T22:15:50.626+0000] {processor.py:914} INFO - Processing file /opt/airflow/dags/job_scraping_dag.py for tasks to queue
[2026-03-24T22:15:50.632+0000] {logging_mixin.py:190} INFO - [2026-03-24T22:15:50.631+0000] {dagbag.py:588} INFO - Filling up the DagBag from /opt/airflow/dags/job_scraping_dag.py
[2026-03-24T22:15:53.271+0000] {processor.py:925} INFO - DAG(s) 'daily_job_scraping' retrieved from /opt/airflow/dags/job_scraping_dag.py
[2026-03-24T22:15:53.347+0000] {logging_mixin.py:190} INFO - [2026-03-24T22:15:53.347+0000] {dag.py:3239} INFO - Sync 1 DAGs
[2026-03-24T22:15:53.403+0000] {logging_mixin.py:190} INFO - [2026-03-24T22:15:53.403+0000] {dag.py:4180} INFO - Setting next_dagrun for daily_job_scraping to 2026-03-24 12:00:00+00:00, run_after=2026-03-25 12:00:00+00:00
[2026-03-24T22:15:53.453+0000] {processor.py:208} INFO - Processing /opt/airflow/dags/job_scraping_dag.py took 2.842 seconds
[2026-03-24T22:16:23.749+0000] {processor.py:186} INFO - Started process (PID=1483) to work on /opt/airflow/dags/job_scraping_dag.py
[2026-03-24T22:16:23.750+0000] {processor.py:914} INFO - Processing file /opt/airflow/dags/job_scraping_dag.py for tasks to queue
[2026-03-24T22:16:23.756+0000] {logging_mixin.py:190} INFO - [2026-03-24T22:16:23.755+0000] {dagbag.py:588} INFO - Filling up the DagBag from /opt/airflow/dags/job_scraping_dag.py
[2026-03-24T22:16:25.876+0000] {processor.py:925} INFO - DAG(s) 'daily_job_scraping' retrieved from /opt/airflow/dags/job_scraping_dag.py
[2026-03-24T22:16:26.010+0000] {logging_mixin.py:190} INFO - [2026-03-24T22:16:25.999+0000] {dag.py:3239} INFO - Sync 1 DAGs
[2026-03-24T22:16:26.116+0000] {logging_mixin.py:190} INFO - [2026-03-24T22:16:26.115+0000] {dag.py:4180} INFO - Setting next_dagrun for daily_job_scraping to 2026-03-24 12:00:00+00:00, run_after=2026-03-25 12:00:00+00:00
[2026-03-24T22:16:26.199+0000] {processor.py:208} INFO - Processing /opt/airflow/dags/job_scraping_dag.py took 2.461 seconds
[2026-03-24T22:16:56.612+0000] {processor.py:186} INFO - Started process (PID=1489) to work on /opt/airflow/dags/job_scraping_dag.py
[2026-03-24T22:16:56.614+0000] {processor.py:914} INFO - Processing file /opt/airflow/dags/job_scraping_dag.py for tasks to queue
[2026-03-24T22:16:56.631+0000] {logging_mixin.py:190} INFO - [2026-03-24T22:16:56.630+0000] {dagbag.py:588} INFO - Filling up the DagBag from /opt/airflow/dags/job_scraping_dag.py
[2026-03-24T22:17:00.259+0000] {processor.py:925} INFO - DAG(s) 'daily_job_scraping' retrieved from /opt/airflow/dags/job_scraping_dag.py
[2026-03-24T22:17:00.395+0000] {logging_mixin.py:190} INFO - [2026-03-24T22:17:00.394+0000] {dag.py:3239} INFO - Sync 1 DAGs
[2026-03-24T22:17:00.534+0000] {logging_mixin.py:190} INFO - [2026-03-24T22:17:00.523+0000] {dag.py:4180} INFO - Setting next_dagrun for daily_job_scraping to 2026-03-24 12:00:00+00:00, run_after=2026-03-25 12:00:00+00:00
[2026-03-24T22:17:00.618+0000] {processor.py:208} INFO - Processing /opt/airflow/dags/job_scraping_dag.py took 4.051 seconds
[2026-03-24T22:17:31.254+0000] {processor.py:186} INFO - Started process (PID=1495) to work on /opt/airflow/dags/job_scraping_dag.py
[2026-03-24T22:17:31.257+0000] {processor.py:914} INFO - Processing file /opt/airflow/dags/job_scraping_dag.py for tasks to queue
[2026-03-24T22:17:31.265+0000] {logging_mixin.py:190} INFO - [2026-03-24T22:17:31.264+0000] {dagbag.py:588} INFO - Filling up the DagBag from /opt/airflow/dags/job_scraping_dag.py
[2026-03-24T22:17:33.702+0000] {processor.py:925} INFO - DAG(s) 'daily_job_scraping' retrieved from /opt/airflow/dags/job_scraping_dag.py
[2026-03-24T22:17:33.818+0000] {logging_mixin.py:190} INFO - [2026-03-24T22:17:33.817+0000] {dag.py:3239} INFO - Sync 1 DAGs
[2026-03-24T22:17:33.953+0000] {logging_mixin.py:190} INFO - [2026-03-24T22:17:33.953+0000] {dag.py:4180} INFO - Setting next_dagrun for daily_job_scraping to 2026-03-24 12:00:00+00:00, run_after=2026-03-25 12:00:00+00:00
[2026-03-24T22:17:34.148+0000] {processor.py:208} INFO - Processing /opt/airflow/dags/job_scraping_dag.py took 2.942 seconds
[2026-03-24T22:18:02.136+0000] {processor.py:186} INFO - Started process (PID=1512) to work on /opt/airflow/dags/job_scraping_dag.py
[2026-03-24T22:18:02.170+0000] {processor.py:914} INFO - Processing file /opt/airflow/dags/job_scraping_dag.py for tasks to queue
[2026-03-24T22:18:02.221+0000] {logging_mixin.py:190} INFO - [2026-03-24T22:18:02.214+0000] {dagbag.py:588} INFO - Filling up the DagBag from /opt/airflow/dags/job_scraping_dag.py
[2026-03-24T22:18:11.075+0000] {processor.py:925} INFO - DAG(s) 'daily_job_scraping' retrieved from /opt/airflow/dags/job_scraping_dag.py
[2026-03-24T22:18:11.305+0000] {logging_mixin.py:190} INFO - [2026-03-24T22:18:11.304+0000] {dag.py:3239} INFO - Sync 1 DAGs
[2026-03-24T22:18:11.487+0000] {logging_mixin.py:190} INFO - [2026-03-24T22:18:11.487+0000] {dag.py:4180} INFO - Setting next_dagrun for daily_job_scraping to 2026-03-24 12:00:00+00:00, run_after=2026-03-25 12:00:00+00:00
[2026-03-24T22:18:11.645+0000] {processor.py:208} INFO - Processing /opt/airflow/dags/job_scraping_dag.py took 9.594 seconds
[2026-03-24T22:18:42.823+0000] {processor.py:186} INFO - Started process (PID=1518) to work on /opt/airflow/dags/job_scraping_dag.py
[2026-03-24T22:18:42.838+0000] {processor.py:914} INFO - Processing file /opt/airflow/dags/job_scraping_dag.py for tasks to queue
[2026-03-24T22:18:42.926+0000] {logging_mixin.py:190} INFO - [2026-03-24T22:18:42.919+0000] {dagbag.py:588} INFO - Filling up the DagBag from /opt/airflow/dags/job_scraping_dag.py
[2026-03-24T22:18:51.750+0000] {processor.py:925} INFO - DAG(s) 'daily_job_scraping' retrieved from /opt/airflow/dags/job_scraping_dag.py
[2026-03-24T22:18:51.957+0000] {logging_mixin.py:190} INFO - [2026-03-24T22:18:51.938+0000] {dag.py:3239} INFO - Sync 1 DAGs
[2026-03-24T22:18:52.112+0000] {logging_mixin.py:190} INFO - [2026-03-24T22:18:52.111+0000] {dag.py:4180} INFO - Setting next_dagrun for daily_job_scraping to 2026-03-24 12:00:00+00:00, run_after=2026-03-25 12:00:00+00:00
[2026-03-24T22:18:52.314+0000] {processor.py:208} INFO - Processing /opt/airflow/dags/job_scraping_dag.py took 9.678 seconds
[2026-03-24T22:19:25.438+0000] {processor.py:186} INFO - Started process (PID=1524) to work on /opt/airflow/dags/job_scraping_dag.py
[2026-03-24T22:19:25.477+0000] {processor.py:914} INFO - Processing file /opt/airflow/dags/job_scraping_dag.py for tasks to queue
[2026-03-24T22:19:25.563+0000] {logging_mixin.py:190} INFO - [2026-03-24T22:19:25.545+0000] {dagbag.py:588} INFO - Filling up the DagBag from /opt/airflow/dags/job_scraping_dag.py
[2026-03-24T22:19:34.518+0000] {processor.py:925} INFO - DAG(s) 'daily_job_scraping' retrieved from /opt/airflow/dags/job_scraping_dag.py
[2026-03-24T22:19:34.895+0000] {logging_mixin.py:190} INFO - [2026-03-24T22:19:34.894+0000] {dag.py:3239} INFO - Sync 1 DAGs
[2026-03-24T22:19:35.126+0000] {logging_mixin.py:190} INFO - [2026-03-24T22:19:35.126+0000] {dag.py:4180} INFO - Setting next_dagrun for daily_job_scraping to 2026-03-24 12:00:00+00:00, run_after=2026-03-25 12:00:00+00:00
[2026-03-24T22:19:35.352+0000] {processor.py:208} INFO - Processing /opt/airflow/dags/job_scraping_dag.py took 12.418 seconds
[2026-03-24T22:20:07.767+0000] {processor.py:186} INFO - Started process (PID=1530) to work on /opt/airflow/dags/job_scraping_dag.py
[2026-03-24T22:20:07.788+0000] {processor.py:914} INFO - Processing file /opt/airflow/dags/job_scraping_dag.py for tasks to queue
[2026-03-24T22:20:07.873+0000] {logging_mixin.py:190} INFO - [2026-03-24T22:20:07.872+0000] {dagbag.py:588} INFO - Filling up the DagBag from /opt/airflow/dags/job_scraping_dag.py
[2026-03-24T22:20:14.218+0000] {processor.py:925} INFO - DAG(s) 'daily_job_scraping' retrieved from /opt/airflow/dags/job_scraping_dag.py
[2026-03-24T22:20:14.555+0000] {logging_mixin.py:190} INFO - [2026-03-24T22:20:14.554+0000] {dag.py:3239} INFO - Sync 1 DAGs
[2026-03-24T22:20:14.855+0000] {logging_mixin.py:190} INFO - [2026-03-24T22:20:14.854+0000] {dag.py:4180} INFO - Setting next_dagrun for daily_job_scraping to 2026-03-24 12:00:00+00:00, run_after=2026-03-25 12:00:00+00:00
[2026-03-24T22:20:15.036+0000] {processor.py:208} INFO - Processing /opt/airflow/dags/job_scraping_dag.py took 7.357 seconds
[2026-03-24T22:20:48.148+0000] {processor.py:186} INFO - Started process (PID=1536) to work on /opt/airflow/dags/job_scraping_dag.py
[2026-03-24T22:20:48.196+0000] {processor.py:914} INFO - Processing file /opt/airflow/dags/job_scraping_dag.py for tasks to queue
[2026-03-24T22:20:48.216+0000] {logging_mixin.py:190} INFO - [2026-03-24T22:20:48.215+0000] {dagbag.py:588} INFO - Filling up the DagBag from /opt/airflow/dags/job_scraping_dag.py
[2026-03-24T22:21:05.228+0000] {processor.py:925} INFO - DAG(s) 'daily_job_scraping' retrieved from /opt/airflow/dags/job_scraping_dag.py
[2026-03-24T22:21:05.973+0000] {logging_mixin.py:190} INFO - [2026-03-24T22:21:05.970+0000] {dag.py:3239} INFO - Sync 1 DAGs
[2026-03-24T22:21:06.387+0000] {logging_mixin.py:190} INFO - [2026-03-24T22:21:06.372+0000] {dag.py:4180} INFO - Setting next_dagrun for daily_job_scraping to 2026-03-24 12:00:00+00:00, run_after=2026-03-25 12:00:00+00:00
[2026-03-24T22:21:07.047+0000] {processor.py:208} INFO - Processing /opt/airflow/dags/job_scraping_dag.py took 21.439 seconds
[2026-03-24T22:21:41.501+0000] {processor.py:186} INFO - Started process (PID=1542) to work on /opt/airflow/dags/job_scraping_dag.py
[2026-03-24T22:21:41.571+0000] {processor.py:914} INFO - Processing file /opt/airflow/dags/job_scraping_dag.py for tasks to queue
[2026-03-24T22:21:41.713+0000] {logging_mixin.py:190} INFO - [2026-03-24T22:21:41.712+0000] {dagbag.py:588} INFO - Filling up the DagBag from /opt/airflow/dags/job_scraping_dag.py
[2026-03-24T22:22:07.072+0000] {processor.py:925} INFO - DAG(s) 'daily_job_scraping' retrieved from /opt/airflow/dags/job_scraping_dag.py
[2026-03-24T22:22:07.675+0000] {logging_mixin.py:190} INFO - [2026-03-24T22:22:07.657+0000] {dag.py:3239} INFO - Sync 1 DAGs
[2026-03-24T22:22:07.986+0000] {logging_mixin.py:190} INFO - [2026-03-24T22:22:07.986+0000] {dag.py:4180} INFO - Setting next_dagrun for daily_job_scraping to 2026-03-24 12:00:00+00:00, run_after=2026-03-25 12:00:00+00:00
[2026-03-24T22:22:08.299+0000] {processor.py:208} INFO - Processing /opt/airflow/dags/job_scraping_dag.py took 29.379 seconds
[2026-03-24T22:22:41.594+0000] {processor.py:186} INFO - Started process (PID=1548) to work on /opt/airflow/dags/job_scraping_dag.py
[2026-03-24T22:22:41.622+0000] {processor.py:914} INFO - Processing file /opt/airflow/dags/job_scraping_dag.py for tasks to queue
[2026-03-24T22:22:41.641+0000] {logging_mixin.py:190} INFO - [2026-03-24T22:22:41.640+0000] {dagbag.py:588} INFO - Filling up the DagBag from /opt/airflow/dags/job_scraping_dag.py
[2026-03-24T22:22:49.592+0000] {processor.py:925} INFO - DAG(s) 'daily_job_scraping' retrieved from /opt/airflow/dags/job_scraping_dag.py
[2026-03-24T22:22:49.881+0000] {logging_mixin.py:190} INFO - [2026-03-24T22:22:49.880+0000] {dag.py:3239} INFO - Sync 1 DAGs
[2026-03-24T22:22:50.055+0000] {logging_mixin.py:190} INFO - [2026-03-24T22:22:50.054+0000] {dag.py:4180} INFO - Setting next_dagrun for daily_job_scraping to 2026-03-24 12:00:00+00:00, run_after=2026-03-25 12:00:00+00:00
[2026-03-24T22:22:50.205+0000] {processor.py:208} INFO - Processing /opt/airflow/dags/job_scraping_dag.py took 8.640 seconds
[2026-03-24T22:23:21.829+0000] {processor.py:186} INFO - Started process (PID=1562) to work on /opt/airflow/dags/job_scraping_dag.py
[2026-03-24T22:23:21.963+0000] {processor.py:914} INFO - Processing file /opt/airflow/dags/job_scraping_dag.py for tasks to queue
[2026-03-24T22:23:22.035+0000] {logging_mixin.py:190} INFO - [2026-03-24T22:23:22.034+0000] {dagbag.py:588} INFO - Filling up the DagBag from /opt/airflow/dags/job_scraping_dag.py
[2026-03-24T22:23:26.329+0000] {processor.py:925} INFO - DAG(s) 'daily_job_scraping' retrieved from /opt/airflow/dags/job_scraping_dag.py
[2026-03-24T22:23:26.481+0000] {logging_mixin.py:190} INFO - [2026-03-24T22:23:26.470+0000] {dag.py:3239} INFO - Sync 1 DAGs
[2026-03-24T22:23:26.589+0000] {logging_mixin.py:190} INFO - [2026-03-24T22:23:26.588+0000] {dag.py:4180} INFO - Setting next_dagrun for daily_job_scraping to 2026-03-24 12:00:00+00:00, run_after=2026-03-25 12:00:00+00:00
[2026-03-24T22:23:26.677+0000] {processor.py:208} INFO - Processing /opt/airflow/dags/job_scraping_dag.py took 4.881 seconds
[2026-03-24T22:23:58.114+0000] {processor.py:186} INFO - Started process (PID=1568) to work on /opt/airflow/dags/job_scraping_dag.py
[2026-03-24T22:23:58.152+0000] {processor.py:914} INFO - Processing file /opt/airflow/dags/job_scraping_dag.py for tasks to queue
[2026-03-24T22:23:58.172+0000] {logging_mixin.py:190} INFO - [2026-03-24T22:23:58.171+0000] {dagbag.py:588} INFO - Filling up the DagBag from /opt/airflow/dags/job_scraping_dag.py
[2026-03-24T22:24:01.651+0000] {processor.py:925} INFO - DAG(s) 'daily_job_scraping' retrieved from /opt/airflow/dags/job_scraping_dag.py
[2026-03-24T22:24:01.812+0000] {logging_mixin.py:190} INFO - [2026-03-24T22:24:01.811+0000] {dag.py:3239} INFO - Sync 1 DAGs
[2026-03-24T22:24:01.936+0000] {logging_mixin.py:190} INFO - [2026-03-24T22:24:01.936+0000] {dag.py:4180} INFO - Setting next_dagrun for daily_job_scraping to 2026-03-24 12:00:00+00:00, run_after=2026-03-25 12:00:00+00:00
[2026-03-24T22:24:02.099+0000] {processor.py:208} INFO - Processing /opt/airflow/dags/job_scraping_dag.py took 4.032 seconds
[2026-03-24T22:24:32.451+0000] {processor.py:186} INFO - Started process (PID=1574) to work on /opt/airflow/dags/job_scraping_dag.py
[2026-03-24T22:24:32.453+0000] {processor.py:914} INFO - Processing file /opt/airflow/dags/job_scraping_dag.py for tasks to queue
[2026-03-24T22:24:32.460+0000] {logging_mixin.py:190} INFO - [2026-03-24T22:24:32.459+0000] {dagbag.py:588} INFO - Filling up the DagBag from /opt/airflow/dags/job_scraping_dag.py
[2026-03-24T22:24:33.913+0000] {processor.py:925} INFO - DAG(s) 'daily_job_scraping' retrieved from /opt/airflow/dags/job_scraping_dag.py
[2026-03-24T22:24:34.030+0000] {logging_mixin.py:190} INFO - [2026-03-24T22:24:34.026+0000] {dag.py:3239} INFO - Sync 1 DAGs
[2026-03-24T22:24:34.075+0000] {logging_mixin.py:190} INFO - [2026-03-24T22:24:34.075+0000] {dag.py:4180} INFO - Setting next_dagrun for daily_job_scraping to 2026-03-24 12:00:00+00:00, run_after=2026-03-25 12:00:00+00:00
[2026-03-24T22:24:34.115+0000] {processor.py:208} INFO - Processing /opt/airflow/dags/job_scraping_dag.py took 1.680 seconds
[2026-03-24T22:25:04.509+0000] {processor.py:186} INFO - Started process (PID=1580) to work on /opt/airflow/dags/job_scraping_dag.py
[2026-03-24T22:25:04.510+0000] {processor.py:914} INFO - Processing file /opt/airflow/dags/job_scraping_dag.py for tasks to queue
[2026-03-24T22:25:04.521+0000] {logging_mixin.py:190} INFO - [2026-03-24T22:25:04.520+0000] {dagbag.py:588} INFO - Filling up the DagBag from /opt/airflow/dags/job_scraping_dag.py
[2026-03-24T22:25:06.729+0000] {processor.py:925} INFO - DAG(s) 'daily_job_scraping' retrieved from /opt/airflow/dags/job_scraping_dag.py
[2026-03-24T22:25:06.804+0000] {logging_mixin.py:190} INFO - [2026-03-24T22:25:06.803+0000] {dag.py:3239} INFO - Sync 1 DAGs
[2026-03-24T22:25:06.901+0000] {logging_mixin.py:190} INFO - [2026-03-24T22:25:06.900+0000] {dag.py:4180} INFO - Setting next_dagrun for daily_job_scraping to 2026-03-24 12:00:00+00:00, run_after=2026-03-25 12:00:00+00:00
[2026-03-24T22:25:06.985+0000] {processor.py:208} INFO - Processing /opt/airflow/dags/job_scraping_dag.py took 2.496 seconds
[2026-03-24T22:25:37.271+0000] {processor.py:186} INFO - Started process (PID=1586) to work on /opt/airflow/dags/job_scraping_dag.py
[2026-03-24T22:25:37.273+0000] {processor.py:914} INFO - Processing file /opt/airflow/dags/job_scraping_dag.py for tasks to queue
[2026-03-24T22:25:37.279+0000] {logging_mixin.py:190} INFO - [2026-03-24T22:25:37.278+0000] {dagbag.py:588} INFO - Filling up the DagBag from /opt/airflow/dags/job_scraping_dag.py
[2026-03-24T22:25:38.381+0000] {processor.py:925} INFO - DAG(s) 'daily_job_scraping' retrieved from /opt/airflow/dags/job_scraping_dag.py
[2026-03-24T22:25:38.451+0000] {logging_mixin.py:190} INFO - [2026-03-24T22:25:38.451+0000] {dag.py:3239} INFO - Sync 1 DAGs
[2026-03-24T22:25:38.485+0000] {logging_mixin.py:190} INFO - [2026-03-24T22:25:38.484+0000] {dag.py:4180} INFO - Setting next_dagrun for daily_job_scraping to 2026-03-24 12:00:00+00:00, run_after=2026-03-25 12:00:00+00:00
[2026-03-24T22:25:38.524+0000] {processor.py:208} INFO - Processing /opt/airflow/dags/job_scraping_dag.py took 1.267 seconds
[2026-03-24T22:26:08.815+0000] {processor.py:186} INFO - Started process (PID=1592) to work on /opt/airflow/dags/job_scraping_dag.py
[2026-03-24T22:26:08.817+0000] {processor.py:914} INFO - Processing file /opt/airflow/dags/job_scraping_dag.py for tasks to queue
[2026-03-24T22:26:08.829+0000] {logging_mixin.py:190} INFO - [2026-03-24T22:26:08.827+0000] {dagbag.py:588} INFO - Filling up the DagBag from /opt/airflow/dags/job_scraping_dag.py
[2026-03-24T22:26:10.122+0000] {processor.py:925} INFO - DAG(s) 'daily_job_scraping' retrieved from /opt/airflow/dags/job_scraping_dag.py
[2026-03-24T22:26:10.165+0000] {logging_mixin.py:190} INFO - [2026-03-24T22:26:10.165+0000] {dag.py:3239} INFO - Sync 1 DAGs
[2026-03-24T22:26:10.194+0000] {logging_mixin.py:190} INFO - [2026-03-24T22:26:10.194+0000] {dag.py:4180} INFO - Setting next_dagrun for daily_job_scraping to 2026-03-24 12:00:00+00:00, run_after=2026-03-25 12:00:00+00:00
[2026-03-24T22:26:10.237+0000] {processor.py:208} INFO - Processing /opt/airflow/dags/job_scraping_dag.py took 1.439 seconds
[2026-03-24T22:26:40.417+0000] {processor.py:186} INFO - Started process (PID=1598) to work on /opt/airflow/dags/job_scraping_dag.py
[2026-03-24T22:26:40.419+0000] {processor.py:914} INFO - Processing file /opt/airflow/dags/job_scraping_dag.py for tasks to queue
[2026-03-24T22:26:40.434+0000] {logging_mixin.py:190} INFO - [2026-03-24T22:26:40.434+0000] {dagbag.py:588} INFO - Filling up the DagBag from /opt/airflow/dags/job_scraping_dag.py
[2026-03-24T22:26:43.242+0000] {processor.py:925} INFO - DAG(s) 'daily_job_scraping' retrieved from /opt/airflow/dags/job_scraping_dag.py
[2026-03-24T22:26:43.323+0000] {logging_mixin.py:190} INFO - [2026-03-24T22:26:43.322+0000] {dag.py:3239} INFO - Sync 1 DAGs
[2026-03-24T22:26:43.406+0000] {logging_mixin.py:190} INFO - [2026-03-24T22:26:43.406+0000] {dag.py:4180} INFO - Setting next_dagrun for daily_job_scraping to 2026-03-24 12:00:00+00:00, run_after=2026-03-25 12:00:00+00:00
[2026-03-24T22:26:43.554+0000] {processor.py:208} INFO - Processing /opt/airflow/dags/job_scraping_dag.py took 3.175 seconds
[2026-03-24T22:27:13.812+0000] {processor.py:186} INFO - Started process (PID=1604) to work on /opt/airflow/dags/job_scraping_dag.py
[2026-03-24T22:27:13.828+0000] {processor.py:914} INFO - Processing file /opt/airflow/dags/job_scraping_dag.py for tasks to queue
[2026-03-24T22:27:13.852+0000] {logging_mixin.py:190} INFO - [2026-03-24T22:27:13.850+0000] {dagbag.py:588} INFO - Filling up the DagBag from /opt/airflow/dags/job_scraping_dag.py
[2026-03-24T22:27:15.969+0000] {processor.py:925} INFO - DAG(s) 'daily_job_scraping' retrieved from /opt/airflow/dags/job_scraping_dag.py
[2026-03-24T22:27:16.033+0000] {logging_mixin.py:190} INFO - [2026-03-24T22:27:16.032+0000] {dag.py:3239} INFO - Sync 1 DAGs
[2026-03-24T22:27:16.094+0000] {logging_mixin.py:190} INFO - [2026-03-24T22:27:16.093+0000] {dag.py:4180} INFO - Setting next_dagrun for daily_job_scraping to 2026-03-24 12:00:00+00:00, run_after=2026-03-25 12:00:00+00:00
[2026-03-24T22:27:16.152+0000] {processor.py:208} INFO - Processing /opt/airflow/dags/job_scraping_dag.py took 2.365 seconds
[2026-03-24T22:27:44.202+0000] {processor.py:186} INFO - Started process (PID=1610) to work on /opt/airflow/dags/job_scraping_dag.py
[2026-03-24T22:27:44.210+0000] {processor.py:914} INFO - Processing file /opt/airflow/dags/job_scraping_dag.py for tasks to queue
[2026-03-24T22:27:44.224+0000] {logging_mixin.py:190} INFO - [2026-03-24T22:27:44.223+0000] {dagbag.py:588} INFO - Filling up the DagBag from /opt/airflow/dags/job_scraping_dag.py
[2026-03-24T22:27:47.164+0000] {processor.py:925} INFO - DAG(s) 'daily_job_scraping' retrieved from /opt/airflow/dags/job_scraping_dag.py
[2026-03-24T22:27:47.284+0000] {logging_mixin.py:190} INFO - [2026-03-24T22:27:47.283+0000] {dag.py:3239} INFO - Sync 1 DAGs
[2026-03-24T22:27:47.417+0000] {logging_mixin.py:190} INFO - [2026-03-24T22:27:47.416+0000] {dag.py:4180} INFO - Setting next_dagrun for daily_job_scraping to 2026-03-24 12:00:00+00:00, run_after=2026-03-25 12:00:00+00:00
[2026-03-24T22:27:47.485+0000] {processor.py:208} INFO - Processing /opt/airflow/dags/job_scraping_dag.py took 3.303 seconds
[2026-03-24T22:28:18.168+0000] {processor.py:186} INFO - Started process (PID=1616) to work on /opt/airflow/dags/job_scraping_dag.py
[2026-03-24T22:28:18.171+0000] {processor.py:914} INFO - Processing file /opt/airflow/dags/job_scraping_dag.py for tasks to queue
[2026-03-24T22:28:18.178+0000] {logging_mixin.py:190} INFO - [2026-03-24T22:28:18.177+0000] {dagbag.py:588} INFO - Filling up the DagBag from /opt/airflow/dags/job_scraping_dag.py
[2026-03-24T22:28:19.666+0000] {processor.py:925} INFO - DAG(s) 'daily_job_scraping' retrieved from /opt/airflow/dags/job_scraping_dag.py
[2026-03-24T22:28:19.723+0000] {logging_mixin.py:190} INFO - [2026-03-24T22:28:19.723+0000] {dag.py:3239} INFO - Sync 1 DAGs
[2026-03-24T22:28:19.801+0000] {logging_mixin.py:190} INFO - [2026-03-24T22:28:19.800+0000] {dag.py:4180} INFO - Setting next_dagrun for daily_job_scraping to 2026-03-24 12:00:00+00:00, run_after=2026-03-25 12:00:00+00:00
[2026-03-24T22:28:19.888+0000] {processor.py:208} INFO - Processing /opt/airflow/dags/job_scraping_dag.py took 1.736 seconds
[2026-03-24T22:28:50.420+0000] {processor.py:186} INFO - Started process (PID=1622) to work on /opt/airflow/dags/job_scraping_dag.py
[2026-03-24T22:28:50.423+0000] {processor.py:914} INFO - Processing file /opt/airflow/dags/job_scraping_dag.py for tasks to queue
[2026-03-24T22:28:50.428+0000] {logging_mixin.py:190} INFO - [2026-03-24T22:28:50.427+0000] {dagbag.py:588} INFO - Filling up the DagBag from /opt/airflow/dags/job_scraping_dag.py
[2026-03-24T22:28:51.695+0000] {processor.py:925} INFO - DAG(s) 'daily_job_scraping' retrieved from /opt/airflow/dags/job_scraping_dag.py
[2026-03-24T22:28:51.742+0000] {logging_mixin.py:190} INFO - [2026-03-24T22:28:51.742+0000] {dag.py:3239} INFO - Sync 1 DAGs
[2026-03-24T22:28:51.780+0000] {logging_mixin.py:190} INFO - [2026-03-24T22:28:51.780+0000] {dag.py:4180} INFO - Setting next_dagrun for daily_job_scraping to 2026-03-24 12:00:00+00:00, run_after=2026-03-25 12:00:00+00:00
[2026-03-24T22:28:51.806+0000] {processor.py:208} INFO - Processing /opt/airflow/dags/job_scraping_dag.py took 1.405 seconds
[2026-03-24T22:29:22.396+0000] {processor.py:186} INFO - Started process (PID=1628) to work on /opt/airflow/dags/job_scraping_dag.py
[2026-03-24T22:29:22.398+0000] {processor.py:914} INFO - Processing file /opt/airflow/dags/job_scraping_dag.py for tasks to queue
[2026-03-24T22:29:22.404+0000] {logging_mixin.py:190} INFO - [2026-03-24T22:29:22.403+0000] {dagbag.py:588} INFO - Filling up the DagBag from /opt/airflow/dags/job_scraping_dag.py
[2026-03-24T22:29:24.558+0000] {processor.py:925} INFO - DAG(s) 'daily_job_scraping' retrieved from /opt/airflow/dags/job_scraping_dag.py
[2026-03-24T22:29:24.617+0000] {logging_mixin.py:190} INFO - [2026-03-24T22:29:24.616+0000] {dag.py:3239} INFO - Sync 1 DAGs
[2026-03-24T22:29:24.650+0000] {logging_mixin.py:190} INFO - [2026-03-24T22:29:24.650+0000] {dag.py:4180} INFO - Setting next_dagrun for daily_job_scraping to 2026-03-24 12:00:00+00:00, run_after=2026-03-25 12:00:00+00:00
[2026-03-24T22:29:24.687+0000] {processor.py:208} INFO - Processing /opt/airflow/dags/job_scraping_dag.py took 2.321 seconds
[2026-03-24T22:29:55.414+0000] {processor.py:186} INFO - Started process (PID=1634) to work on /opt/airflow/dags/job_scraping_dag.py
[2026-03-24T22:29:55.416+0000] {processor.py:914} INFO - Processing file /opt/airflow/dags/job_scraping_dag.py for tasks to queue
[2026-03-24T22:29:55.430+0000] {logging_mixin.py:190} INFO - [2026-03-24T22:29:55.429+0000] {dagbag.py:588} INFO - Filling up the DagBag from /opt/airflow/dags/job_scraping_dag.py
[2026-03-24T22:29:56.665+0000] {processor.py:925} INFO - DAG(s) 'daily_job_scraping' retrieved from /opt/airflow/dags/job_scraping_dag.py
[2026-03-24T22:29:56.718+0000] {logging_mixin.py:190} INFO - [2026-03-24T22:29:56.717+0000] {dag.py:3239} INFO - Sync 1 DAGs
[2026-03-24T22:29:56.751+0000] {logging_mixin.py:190} INFO - [2026-03-24T22:29:56.751+0000] {dag.py:4180} INFO - Setting next_dagrun for daily_job_scraping to 2026-03-24 12:00:00+00:00, run_after=2026-03-25 12:00:00+00:00
[2026-03-24T22:29:56.802+0000] {processor.py:208} INFO - Processing /opt/airflow/dags/job_scraping_dag.py took 1.406 seconds
[2026-03-24T22:30:26.950+0000] {processor.py:186} INFO - Started process (PID=1640) to work on /opt/airflow/dags/job_scraping_dag.py
[2026-03-24T22:30:26.953+0000] {processor.py:914} INFO - Processing file /opt/airflow/dags/job_scraping_dag.py for tasks to queue
[2026-03-24T22:30:26.956+0000] {logging_mixin.py:190} INFO - [2026-03-24T22:30:26.956+0000] {dagbag.py:588} INFO - Filling up the DagBag from /opt/airflow/dags/job_scraping_dag.py
[2026-03-24T22:30:28.236+0000] {processor.py:925} INFO - DAG(s) 'daily_job_scraping' retrieved from /opt/airflow/dags/job_scraping_dag.py
[2026-03-24T22:30:28.296+0000] {logging_mixin.py:190} INFO - [2026-03-24T22:30:28.295+0000] {dag.py:3239} INFO - Sync 1 DAGs
[2026-03-24T22:30:28.334+0000] {logging_mixin.py:190} INFO - [2026-03-24T22:30:28.334+0000] {dag.py:4180} INFO - Setting next_dagrun for daily_job_scraping to 2026-03-24 12:00:00+00:00, run_after=2026-03-25 12:00:00+00:00
[2026-03-24T22:30:28.368+0000] {processor.py:208} INFO - Processing /opt/airflow/dags/job_scraping_dag.py took 1.430 seconds
[2026-03-24T22:30:58.589+0000] {processor.py:186} INFO - Started process (PID=1646) to work on /opt/airflow/dags/job_scraping_dag.py
[2026-03-24T22:30:58.592+0000] {processor.py:914} INFO - Processing file /opt/airflow/dags/job_scraping_dag.py for tasks to queue
[2026-03-24T22:30:58.598+0000] {logging_mixin.py:190} INFO - [2026-03-24T22:30:58.597+0000] {dagbag.py:588} INFO - Filling up the DagBag from /opt/airflow/dags/job_scraping_dag.py
[2026-03-24T22:30:59.947+0000] {processor.py:925} INFO - DAG(s) 'daily_job_scraping' retrieved from /opt/airflow/dags/job_scraping_dag.py
[2026-03-24T22:31:00.003+0000] {logging_mixin.py:190} INFO - [2026-03-24T22:31:00.002+0000] {dag.py:3239} INFO - Sync 1 DAGs
[2026-03-24T22:31:00.061+0000] {logging_mixin.py:190} INFO - [2026-03-24T22:31:00.061+0000] {dag.py:4180} INFO - Setting next_dagrun for daily_job_scraping to 2026-03-24 12:00:00+00:00, run_after=2026-03-25 12:00:00+00:00
[2026-03-24T22:31:00.092+0000] {processor.py:208} INFO - Processing /opt/airflow/dags/job_scraping_dag.py took 1.517 seconds
[2026-03-24T22:31:30.566+0000] {processor.py:186} INFO - Started process (PID=1652) to work on /opt/airflow/dags/job_scraping_dag.py
[2026-03-24T22:31:30.568+0000] {processor.py:914} INFO - Processing file /opt/airflow/dags/job_scraping_dag.py for tasks to queue
[2026-03-24T22:31:30.572+0000] {logging_mixin.py:190} INFO - [2026-03-24T22:31:30.571+0000] {dagbag.py:588} INFO - Filling up the DagBag from /opt/airflow/dags/job_scraping_dag.py
[2026-03-24T22:31:31.844+0000] {processor.py:925} INFO - DAG(s) 'daily_job_scraping' retrieved from /opt/airflow/dags/job_scraping_dag.py
[2026-03-24T22:31:31.898+0000] {logging_mixin.py:190} INFO - [2026-03-24T22:31:31.897+0000] {dag.py:3239} INFO - Sync 1 DAGs
[2026-03-24T22:31:31.941+0000] {logging_mixin.py:190} INFO - [2026-03-24T22:31:31.941+0000] {dag.py:4180} INFO - Setting next_dagrun for daily_job_scraping to 2026-03-24 12:00:00+00:00, run_after=2026-03-25 12:00:00+00:00
[2026-03-24T22:31:31.982+0000] {processor.py:208} INFO - Processing /opt/airflow/dags/job_scraping_dag.py took 1.429 seconds
[2026-03-24T22:32:02.276+0000] {processor.py:186} INFO - Started process (PID=1658) to work on /opt/airflow/dags/job_scraping_dag.py
[2026-03-24T22:32:02.278+0000] {processor.py:914} INFO - Processing file /opt/airflow/dags/job_scraping_dag.py for tasks to queue
[2026-03-24T22:32:02.283+0000] {logging_mixin.py:190} INFO - [2026-03-24T22:32:02.282+0000] {dagbag.py:588} INFO - Filling up the DagBag from /opt/airflow/dags/job_scraping_dag.py
[2026-03-24T22:32:04.109+0000] {processor.py:925} INFO - DAG(s) 'daily_job_scraping' retrieved from /opt/airflow/dags/job_scraping_dag.py
[2026-03-24T22:32:04.165+0000] {logging_mixin.py:190} INFO - [2026-03-24T22:32:04.164+0000] {dag.py:3239} INFO - Sync 1 DAGs
[2026-03-24T22:32:04.257+0000] {logging_mixin.py:190} INFO - [2026-03-24T22:32:04.247+0000] {dag.py:4180} INFO - Setting next_dagrun for daily_job_scraping to 2026-03-24 12:00:00+00:00, run_after=2026-03-25 12:00:00+00:00
[2026-03-24T22:32:04.338+0000] {processor.py:208} INFO - Processing /opt/airflow/dags/job_scraping_dag.py took 2.077 seconds
[2026-03-24T22:32:35.347+0000] {processor.py:186} INFO - Started process (PID=1664) to work on /opt/airflow/dags/job_scraping_dag.py
[2026-03-24T22:32:35.352+0000] {processor.py:914} INFO - Processing file /opt/airflow/dags/job_scraping_dag.py for tasks to queue
[2026-03-24T22:32:35.381+0000] {logging_mixin.py:190} INFO - [2026-03-24T22:32:35.381+0000] {dagbag.py:588} INFO - Filling up the DagBag from /opt/airflow/dags/job_scraping_dag.py
[2026-03-24T22:32:39.035+0000] {processor.py:925} INFO - DAG(s) 'daily_job_scraping' retrieved from /opt/airflow/dags/job_scraping_dag.py
[2026-03-24T22:32:39.106+0000] {logging_mixin.py:190} INFO - [2026-03-24T22:32:39.106+0000] {dag.py:3239} INFO - Sync 1 DAGs
[2026-03-24T22:32:39.215+0000] {logging_mixin.py:190} INFO - [2026-03-24T22:32:39.215+0000] {dag.py:4180} INFO - Setting next_dagrun for daily_job_scraping to 2026-03-24 12:00:00+00:00, run_after=2026-03-25 12:00:00+00:00
[2026-03-24T22:32:39.303+0000] {processor.py:208} INFO - Processing /opt/airflow/dags/job_scraping_dag.py took 3.994 seconds
[2026-03-24T22:33:09.448+0000] {processor.py:186} INFO - Started process (PID=1670) to work on /opt/airflow/dags/job_scraping_dag.py
[2026-03-24T22:33:09.451+0000] {processor.py:914} INFO - Processing file /opt/airflow/dags/job_scraping_dag.py for tasks to queue
[2026-03-24T22:33:09.456+0000] {logging_mixin.py:190} INFO - [2026-03-24T22:33:09.456+0000] {dagbag.py:588} INFO - Filling up the DagBag from /opt/airflow/dags/job_scraping_dag.py
[2026-03-24T22:33:10.582+0000] {processor.py:925} INFO - DAG(s) 'daily_job_scraping' retrieved from /opt/airflow/dags/job_scraping_dag.py
[2026-03-24T22:33:10.633+0000] {logging_mixin.py:190} INFO - [2026-03-24T22:33:10.632+0000] {dag.py:3239} INFO - Sync 1 DAGs
[2026-03-24T22:33:10.667+0000] {logging_mixin.py:190} INFO - [2026-03-24T22:33:10.667+0000] {dag.py:4180} INFO - Setting next_dagrun for daily_job_scraping to 2026-03-24 12:00:00+00:00, run_after=2026-03-25 12:00:00+00:00
[2026-03-24T22:33:10.726+0000] {processor.py:208} INFO - Processing /opt/airflow/dags/job_scraping_dag.py took 1.295 seconds
[2026-03-24T22:33:40.980+0000] {processor.py:186} INFO - Started process (PID=1676) to work on /opt/airflow/dags/job_scraping_dag.py
[2026-03-24T22:33:40.981+0000] {processor.py:914} INFO - Processing file /opt/airflow/dags/job_scraping_dag.py for tasks to queue
[2026-03-24T22:33:40.985+0000] {logging_mixin.py:190} INFO - [2026-03-24T22:33:40.984+0000] {dagbag.py:588} INFO - Filling up the DagBag from /opt/airflow/dags/job_scraping_dag.py
[2026-03-24T22:33:43.482+0000] {processor.py:925} INFO - DAG(s) 'daily_job_scraping' retrieved from /opt/airflow/dags/job_scraping_dag.py
[2026-03-24T22:33:43.534+0000] {logging_mixin.py:190} INFO - [2026-03-24T22:33:43.533+0000] {dag.py:3239} INFO - Sync 1 DAGs
[2026-03-24T22:33:43.580+0000] {logging_mixin.py:190} INFO - [2026-03-24T22:33:43.580+0000] {dag.py:4180} INFO - Setting next_dagrun for daily_job_scraping to 2026-03-24 12:00:00+00:00, run_after=2026-03-25 12:00:00+00:00
[2026-03-24T22:33:43.640+0000] {processor.py:208} INFO - Processing /opt/airflow/dags/job_scraping_dag.py took 2.679 seconds
[2026-03-24T22:34:14.328+0000] {processor.py:186} INFO - Started process (PID=1682) to work on /opt/airflow/dags/job_scraping_dag.py
[2026-03-24T22:34:14.331+0000] {processor.py:914} INFO - Processing file /opt/airflow/dags/job_scraping_dag.py for tasks to queue
[2026-03-24T22:34:14.338+0000] {logging_mixin.py:190} INFO - [2026-03-24T22:34:14.337+0000] {dagbag.py:588} INFO - Filling up the DagBag from /opt/airflow/dags/job_scraping_dag.py
[2026-03-24T22:34:15.854+0000] {processor.py:925} INFO - DAG(s) 'daily_job_scraping' retrieved from /opt/airflow/dags/job_scraping_dag.py
[2026-03-24T22:34:16.065+0000] {logging_mixin.py:190} INFO - [2026-03-24T22:34:16.064+0000] {dag.py:3239} INFO - Sync 1 DAGs
[2026-03-24T22:34:16.319+0000] {logging_mixin.py:190} INFO - [2026-03-24T22:34:16.319+0000] {dag.py:4180} INFO - Setting next_dagrun for daily_job_scraping to 2026-03-24 12:00:00+00:00, run_after=2026-03-25 12:00:00+00:00
[2026-03-24T22:34:16.445+0000] {processor.py:208} INFO - Processing /opt/airflow/dags/job_scraping_dag.py took 2.132 seconds
[2026-03-24T22:34:46.956+0000] {processor.py:186} INFO - Started process (PID=1688) to work on /opt/airflow/dags/job_scraping_dag.py
[2026-03-24T22:34:46.958+0000] {processor.py:914} INFO - Processing file /opt/airflow/dags/job_scraping_dag.py for tasks to queue
[2026-03-24T22:34:46.963+0000] {logging_mixin.py:190} INFO - [2026-03-24T22:34:46.962+0000] {dagbag.py:588} INFO - Filling up the DagBag from /opt/airflow/dags/job_scraping_dag.py
[2026-03-24T22:34:48.494+0000] {processor.py:925} INFO - DAG(s) 'daily_job_scraping' retrieved from /opt/airflow/dags/job_scraping_dag.py
[2026-03-24T22:34:48.611+0000] {logging_mixin.py:190} INFO - [2026-03-24T22:34:48.610+0000] {dag.py:3239} INFO - Sync 1 DAGs
[2026-03-24T22:34:48.735+0000] {logging_mixin.py:190} INFO - [2026-03-24T22:34:48.734+0000] {dag.py:4180} INFO - Setting next_dagrun for daily_job_scraping to 2026-03-24 12:00:00+00:00, run_after=2026-03-25 12:00:00+00:00
[2026-03-24T22:34:49.075+0000] {processor.py:208} INFO - Processing /opt/airflow/dags/job_scraping_dag.py took 2.133 seconds
[2026-03-24T22:35:19.702+0000] {processor.py:186} INFO - Started process (PID=1694) to work on /opt/airflow/dags/job_scraping_dag.py
[2026-03-24T22:35:19.705+0000] {processor.py:914} INFO - Processing file /opt/airflow/dags/job_scraping_dag.py for tasks to queue
[2026-03-24T22:35:19.723+0000] {logging_mixin.py:190} INFO - [2026-03-24T22:35:19.722+0000] {dagbag.py:588} INFO - Filling up the DagBag from /opt/airflow/dags/job_scraping_dag.py
[2026-03-24T22:35:21.228+0000] {processor.py:925} INFO - DAG(s) 'daily_job_scraping' retrieved from /opt/airflow/dags/job_scraping_dag.py
[2026-03-24T22:35:21.292+0000] {logging_mixin.py:190} INFO - [2026-03-24T22:35:21.291+0000] {dag.py:3239} INFO - Sync 1 DAGs
[2026-03-24T22:35:21.345+0000] {logging_mixin.py:190} INFO - [2026-03-24T22:35:21.345+0000] {dag.py:4180} INFO - Setting next_dagrun for daily_job_scraping to 2026-03-24 12:00:00+00:00, run_after=2026-03-25 12:00:00+00:00
[2026-03-24T22:35:21.383+0000] {processor.py:208} INFO - Processing /opt/airflow/dags/job_scraping_dag.py took 1.697 seconds
[2026-03-24T22:35:51.925+0000] {processor.py:186} INFO - Started process (PID=1700) to work on /opt/airflow/dags/job_scraping_dag.py
[2026-03-24T22:35:52.011+0000] {processor.py:914} INFO - Processing file /opt/airflow/dags/job_scraping_dag.py for tasks to queue
[2026-03-24T22:35:52.150+0000] {logging_mixin.py:190} INFO - [2026-03-24T22:35:52.149+0000] {dagbag.py:588} INFO - Filling up the DagBag from /opt/airflow/dags/job_scraping_dag.py
[2026-03-24T22:35:56.513+0000] {processor.py:925} INFO - DAG(s) 'daily_job_scraping' retrieved from /opt/airflow/dags/job_scraping_dag.py
[2026-03-24T22:35:56.627+0000] {logging_mixin.py:190} INFO - [2026-03-24T22:35:56.627+0000] {dag.py:3239} INFO - Sync 1 DAGs
[2026-03-24T22:35:56.803+0000] {logging_mixin.py:190} INFO - [2026-03-24T22:35:56.801+0000] {dag.py:4180} INFO - Setting next_dagrun for daily_job_scraping to 2026-03-24 12:00:00+00:00, run_after=2026-03-25 12:00:00+00:00
[2026-03-24T22:35:56.943+0000] {processor.py:208} INFO - Processing /opt/airflow/dags/job_scraping_dag.py took 5.055 seconds
[2026-03-24T22:36:28.442+0000] {processor.py:186} INFO - Started process (PID=1706) to work on /opt/airflow/dags/job_scraping_dag.py
[2026-03-24T22:36:28.445+0000] {processor.py:914} INFO - Processing file /opt/airflow/dags/job_scraping_dag.py for tasks to queue
[2026-03-24T22:36:28.462+0000] {logging_mixin.py:190} INFO - [2026-03-24T22:36:28.461+0000] {dagbag.py:588} INFO - Filling up the DagBag from /opt/airflow/dags/job_scraping_dag.py
[2026-03-24T22:36:32.075+0000] {processor.py:925} INFO - DAG(s) 'daily_job_scraping' retrieved from /opt/airflow/dags/job_scraping_dag.py
[2026-03-24T22:36:32.215+0000] {logging_mixin.py:190} INFO - [2026-03-24T22:36:32.214+0000] {dag.py:3239} INFO - Sync 1 DAGs
[2026-03-24T22:36:32.441+0000] {logging_mixin.py:190} INFO - [2026-03-24T22:36:32.440+0000] {dag.py:4180} INFO - Setting next_dagrun for daily_job_scraping to 2026-03-24 12:00:00+00:00, run_after=2026-03-25 12:00:00+00:00
[2026-03-24T22:36:32.610+0000] {processor.py:208} INFO - Processing /opt/airflow/dags/job_scraping_dag.py took 4.205 seconds
[2026-03-24T22:37:04.632+0000] {processor.py:186} INFO - Started process (PID=1723) to work on /opt/airflow/dags/job_scraping_dag.py
[2026-03-24T22:37:04.686+0000] {processor.py:914} INFO - Processing file /opt/airflow/dags/job_scraping_dag.py for tasks to queue
[2026-03-24T22:37:04.707+0000] {logging_mixin.py:190} INFO - [2026-03-24T22:37:04.706+0000] {dagbag.py:588} INFO - Filling up the DagBag from /opt/airflow/dags/job_scraping_dag.py
[2026-03-24T22:37:11.912+0000] {processor.py:925} INFO - DAG(s) 'daily_job_scraping' retrieved from /opt/airflow/dags/job_scraping_dag.py
[2026-03-24T22:37:12.234+0000] {logging_mixin.py:190} INFO - [2026-03-24T22:37:12.233+0000] {dag.py:3239} INFO - Sync 1 DAGs
[2026-03-24T22:37:12.556+0000] {logging_mixin.py:190} INFO - [2026-03-24T22:37:12.556+0000] {dag.py:4180} INFO - Setting next_dagrun for daily_job_scraping to 2026-03-24 12:00:00+00:00, run_after=2026-03-25 12:00:00+00:00
[2026-03-24T22:37:12.825+0000] {processor.py:208} INFO - Processing /opt/airflow/dags/job_scraping_dag.py took 8.369 seconds
[2026-03-24T22:37:46.520+0000] {processor.py:186} INFO - Started process (PID=1729) to work on /opt/airflow/dags/job_scraping_dag.py
[2026-03-24T22:37:46.657+0000] {processor.py:914} INFO - Processing file /opt/airflow/dags/job_scraping_dag.py for tasks to queue
[2026-03-24T22:37:46.711+0000] {logging_mixin.py:190} INFO - [2026-03-24T22:37:46.703+0000] {dagbag.py:588} INFO - Filling up the DagBag from /opt/airflow/dags/job_scraping_dag.py
[2026-03-24T22:37:55.443+0000] {processor.py:925} INFO - DAG(s) 'daily_job_scraping' retrieved from /opt/airflow/dags/job_scraping_dag.py
[2026-03-24T22:37:56.107+0000] {logging_mixin.py:190} INFO - [2026-03-24T22:37:56.106+0000] {dag.py:3239} INFO - Sync 1 DAGs
[2026-03-24T22:37:56.469+0000] {logging_mixin.py:190} INFO - [2026-03-24T22:37:56.469+0000] {dag.py:4180} INFO - Setting next_dagrun for daily_job_scraping to 2026-03-24 12:00:00+00:00, run_after=2026-03-25 12:00:00+00:00
[2026-03-24T22:37:56.761+0000] {processor.py:208} INFO - Processing /opt/airflow/dags/job_scraping_dag.py took 12.783 seconds
[2026-03-24T22:38:29.268+0000] {processor.py:186} INFO - Started process (PID=1735) to work on /opt/airflow/dags/job_scraping_dag.py
[2026-03-24T22:38:29.283+0000] {processor.py:914} INFO - Processing file /opt/airflow/dags/job_scraping_dag.py for tasks to queue
[2026-03-24T22:38:29.334+0000] {logging_mixin.py:190} INFO - [2026-03-24T22:38:29.333+0000] {dagbag.py:588} INFO - Filling up the DagBag from /opt/airflow/dags/job_scraping_dag.py
[2026-03-24T22:38:38.875+0000] {processor.py:925} INFO - DAG(s) 'daily_job_scraping' retrieved from /opt/airflow/dags/job_scraping_dag.py
[2026-03-24T22:38:39.465+0000] {logging_mixin.py:190} INFO - [2026-03-24T22:38:39.464+0000] {dag.py:3239} INFO - Sync 1 DAGs
[2026-03-24T22:38:39.813+0000] {logging_mixin.py:190} INFO - [2026-03-24T22:38:39.812+0000] {dag.py:4180} INFO - Setting next_dagrun for daily_job_scraping to 2026-03-24 12:00:00+00:00, run_after=2026-03-25 12:00:00+00:00
[2026-03-24T22:38:39.988+0000] {processor.py:208} INFO - Processing /opt/airflow/dags/job_scraping_dag.py took 10.846 seconds
[2026-03-24T22:39:11.665+0000] {processor.py:186} INFO - Started process (PID=1741) to work on /opt/airflow/dags/job_scraping_dag.py
[2026-03-24T22:39:11.734+0000] {processor.py:914} INFO - Processing file /opt/airflow/dags/job_scraping_dag.py for tasks to queue
[2026-03-24T22:39:11.768+0000] {logging_mixin.py:190} INFO - [2026-03-24T22:39:11.752+0000] {dagbag.py:588} INFO - Filling up the DagBag from /opt/airflow/dags/job_scraping_dag.py
[2026-03-24T22:39:21.742+0000] {processor.py:925} INFO - DAG(s) 'daily_job_scraping' retrieved from /opt/airflow/dags/job_scraping_dag.py
[2026-03-24T22:39:22.097+0000] {logging_mixin.py:190} INFO - [2026-03-24T22:39:22.065+0000] {dag.py:3239} INFO - Sync 1 DAGs
[2026-03-24T22:39:22.342+0000] {logging_mixin.py:190} INFO - [2026-03-24T22:39:22.330+0000] {dag.py:4180} INFO - Setting next_dagrun for daily_job_scraping to 2026-03-24 12:00:00+00:00, run_after=2026-03-25 12:00:00+00:00
[2026-03-24T22:39:22.567+0000] {processor.py:208} INFO - Processing /opt/airflow/dags/job_scraping_dag.py took 13.277 seconds
[2026-03-24T22:39:54.770+0000] {processor.py:186} INFO - Started process (PID=1747) to work on /opt/airflow/dags/job_scraping_dag.py
[2026-03-24T22:39:54.803+0000] {processor.py:914} INFO - Processing file /opt/airflow/dags/job_scraping_dag.py for tasks to queue
[2026-03-24T22:39:54.840+0000] {logging_mixin.py:190} INFO - [2026-03-24T22:39:54.839+0000] {dagbag.py:588} INFO - Filling up the DagBag from /opt/airflow/dags/job_scraping_dag.py
[2026-03-24T22:40:02.860+0000] {processor.py:925} INFO - DAG(s) 'daily_job_scraping' retrieved from /opt/airflow/dags/job_scraping_dag.py
[2026-03-24T22:40:03.195+0000] {logging_mixin.py:190} INFO - [2026-03-24T22:40:03.194+0000] {dag.py:3239} INFO - Sync 1 DAGs
[2026-03-24T22:40:03.457+0000] {logging_mixin.py:190} INFO - [2026-03-24T22:40:03.457+0000] {dag.py:4180} INFO - Setting next_dagrun for daily_job_scraping to 2026-03-24 12:00:00+00:00, run_after=2026-03-25 12:00:00+00:00
[2026-03-24T22:40:03.643+0000] {processor.py:208} INFO - Processing /opt/airflow/dags/job_scraping_dag.py took 9.031 seconds
[2026-03-24T22:40:35.906+0000] {processor.py:186} INFO - Started process (PID=1753) to work on /opt/airflow/dags/job_scraping_dag.py
[2026-03-24T22:40:35.923+0000] {processor.py:914} INFO - Processing file /opt/airflow/dags/job_scraping_dag.py for tasks to queue
[2026-03-24T22:40:35.956+0000] {logging_mixin.py:190} INFO - [2026-03-24T22:40:35.955+0000] {dagbag.py:588} INFO - Filling up the DagBag from /opt/airflow/dags/job_scraping_dag.py
[2026-03-24T22:40:42.087+0000] {processor.py:925} INFO - DAG(s) 'daily_job_scraping' retrieved from /opt/airflow/dags/job_scraping_dag.py
[2026-03-24T22:40:42.355+0000] {logging_mixin.py:190} INFO - [2026-03-24T22:40:42.355+0000] {dag.py:3239} INFO - Sync 1 DAGs
[2026-03-24T22:40:42.517+0000] {logging_mixin.py:190} INFO - [2026-03-24T22:40:42.517+0000] {dag.py:4180} INFO - Setting next_dagrun for daily_job_scraping to 2026-03-24 12:00:00+00:00, run_after=2026-03-25 12:00:00+00:00
[2026-03-24T22:40:42.632+0000] {processor.py:208} INFO - Processing /opt/airflow/dags/job_scraping_dag.py took 9.112 seconds
[2026-03-24T22:41:12.970+0000] {processor.py:186} INFO - Started process (PID=1763) to work on /opt/airflow/dags/job_scraping_dag.py
[2026-03-24T22:41:12.972+0000] {processor.py:914} INFO - Processing file /opt/airflow/dags/job_scraping_dag.py for tasks to queue
[2026-03-24T22:41:12.976+0000] {logging_mixin.py:190} INFO - [2026-03-24T22:41:12.976+0000] {dagbag.py:588} INFO - Filling up the DagBag from /opt/airflow/dags/job_scraping_dag.py
[2026-03-24T22:41:14.596+0000] {processor.py:925} INFO - DAG(s) 'daily_job_scraping' retrieved from /opt/airflow/dags/job_scraping_dag.py
[2026-03-24T22:41:14.655+0000] {logging_mixin.py:190} INFO - [2026-03-24T22:41:14.654+0000] {dag.py:3239} INFO - Sync 1 DAGs
[2026-03-24T22:41:14.707+0000] {logging_mixin.py:190} INFO - [2026-03-24T22:41:14.706+0000] {dag.py:4180} INFO - Setting next_dagrun for daily_job_scraping to 2026-03-24 12:00:00+00:00, run_after=2026-03-25 12:00:00+00:00
[2026-03-24T22:41:14.740+0000] {processor.py:208} INFO - Processing /opt/airflow/dags/job_scraping_dag.py took 1.782 seconds
[2026-03-24T22:41:45.230+0000] {processor.py:186} INFO - Started process (PID=1773) to work on /opt/airflow/dags/job_scraping_dag.py
[2026-03-24T22:41:45.232+0000] {processor.py:914} INFO - Processing file /opt/airflow/dags/job_scraping_dag.py for tasks to queue
[2026-03-24T22:41:45.237+0000] {logging_mixin.py:190} INFO - [2026-03-24T22:41:45.236+0000] {dagbag.py:588} INFO - Filling up the DagBag from /opt/airflow/dags/job_scraping_dag.py
[2026-03-24T22:41:46.829+0000] {processor.py:925} INFO - DAG(s) 'daily_job_scraping' retrieved from /opt/airflow/dags/job_scraping_dag.py
[2026-03-24T22:41:46.894+0000] {logging_mixin.py:190} INFO - [2026-03-24T22:41:46.893+0000] {dag.py:3239} INFO - Sync 1 DAGs
[2026-03-24T22:41:46.940+0000] {logging_mixin.py:190} INFO - [2026-03-24T22:41:46.940+0000] {dag.py:4180} INFO - Setting next_dagrun for daily_job_scraping to 2026-03-24 12:00:00+00:00, run_after=2026-03-25 12:00:00+00:00
[2026-03-24T22:41:46.963+0000] {processor.py:208} INFO - Processing /opt/airflow/dags/job_scraping_dag.py took 1.747 seconds
[2026-03-24T22:42:17.165+0000] {processor.py:186} INFO - Started process (PID=1779) to work on /opt/airflow/dags/job_scraping_dag.py
[2026-03-24T22:42:17.168+0000] {processor.py:914} INFO - Processing file /opt/airflow/dags/job_scraping_dag.py for tasks to queue
[2026-03-24T22:42:17.173+0000] {logging_mixin.py:190} INFO - [2026-03-24T22:42:17.172+0000] {dagbag.py:588} INFO - Filling up the DagBag from /opt/airflow/dags/job_scraping_dag.py
[2026-03-24T22:42:18.331+0000] {processor.py:925} INFO - DAG(s) 'daily_job_scraping' retrieved from /opt/airflow/dags/job_scraping_dag.py
[2026-03-24T22:42:18.376+0000] {logging_mixin.py:190} INFO - [2026-03-24T22:42:18.375+0000] {dag.py:3239} INFO - Sync 1 DAGs
[2026-03-24T22:42:18.432+0000] {logging_mixin.py:190} INFO - [2026-03-24T22:42:18.431+0000] {dag.py:4180} INFO - Setting next_dagrun for daily_job_scraping to 2026-03-24 12:00:00+00:00, run_after=2026-03-25 12:00:00+00:00
[2026-03-24T22:42:18.465+0000] {processor.py:208} INFO - Processing /opt/airflow/dags/job_scraping_dag.py took 1.320 seconds
[2026-03-24T22:42:48.617+0000] {processor.py:186} INFO - Started process (PID=1785) to work on /opt/airflow/dags/job_scraping_dag.py
[2026-03-24T22:42:48.620+0000] {processor.py:914} INFO - Processing file /opt/airflow/dags/job_scraping_dag.py for tasks to queue
[2026-03-24T22:42:48.625+0000] {logging_mixin.py:190} INFO - [2026-03-24T22:42:48.624+0000] {dagbag.py:588} INFO - Filling up the DagBag from /opt/airflow/dags/job_scraping_dag.py
[2026-03-24T22:42:49.711+0000] {processor.py:925} INFO - DAG(s) 'daily_job_scraping' retrieved from /opt/airflow/dags/job_scraping_dag.py
[2026-03-24T22:42:49.760+0000] {logging_mixin.py:190} INFO - [2026-03-24T22:42:49.759+0000] {dag.py:3239} INFO - Sync 1 DAGs
[2026-03-24T22:42:49.808+0000] {logging_mixin.py:190} INFO - [2026-03-24T22:42:49.808+0000] {dag.py:4180} INFO - Setting next_dagrun for daily_job_scraping to 2026-03-24 12:00:00+00:00, run_after=2026-03-25 12:00:00+00:00
[2026-03-24T22:42:49.844+0000] {processor.py:208} INFO - Processing /opt/airflow/dags/job_scraping_dag.py took 1.244 seconds
[2026-03-24T22:43:20.156+0000] {processor.py:186} INFO - Started process (PID=1791) to work on /opt/airflow/dags/job_scraping_dag.py
[2026-03-24T22:43:20.167+0000] {processor.py:914} INFO - Processing file /opt/airflow/dags/job_scraping_dag.py for tasks to queue
[2026-03-24T22:43:20.179+0000] {logging_mixin.py:190} INFO - [2026-03-24T22:43:20.178+0000] {dagbag.py:588} INFO - Filling up the DagBag from /opt/airflow/dags/job_scraping_dag.py
[2026-03-24T22:43:21.924+0000] {processor.py:925} INFO - DAG(s) 'daily_job_scraping' retrieved from /opt/airflow/dags/job_scraping_dag.py
[2026-03-24T22:43:21.986+0000] {logging_mixin.py:190} INFO - [2026-03-24T22:43:21.985+0000] {dag.py:3239} INFO - Sync 1 DAGs
[2026-03-24T22:43:22.035+0000] {logging_mixin.py:190} INFO - [2026-03-24T22:43:22.034+0000] {dag.py:4180} INFO - Setting next_dagrun for daily_job_scraping to 2026-03-24 12:00:00+00:00, run_after=2026-03-25 12:00:00+00:00
[2026-03-24T22:43:22.076+0000] {processor.py:208} INFO - Processing /opt/airflow/dags/job_scraping_dag.py took 1.940 seconds
[2026-03-24T22:43:52.270+0000] {processor.py:186} INFO - Started process (PID=1797) to work on /opt/airflow/dags/job_scraping_dag.py
[2026-03-24T22:43:52.276+0000] {processor.py:914} INFO - Processing file /opt/airflow/dags/job_scraping_dag.py for tasks to queue
[2026-03-24T22:43:52.284+0000] {logging_mixin.py:190} INFO - [2026-03-24T22:43:52.283+0000] {dagbag.py:588} INFO - Filling up the DagBag from /opt/airflow/dags/job_scraping_dag.py
[2026-03-24T22:43:57.696+0000] {processor.py:925} INFO - DAG(s) 'daily_job_scraping' retrieved from /opt/airflow/dags/job_scraping_dag.py
[2026-03-24T22:43:54.189+0000] {logging_mixin.py:190} INFO - [2026-03-24T22:43:54.188+0000] {dag.py:3239} INFO - Sync 1 DAGs
[2026-03-24T22:43:54.339+0000] {logging_mixin.py:190} INFO - [2026-03-24T22:43:54.339+0000] {dag.py:4180} INFO - Setting next_dagrun for daily_job_scraping to 2026-03-24 12:00:00+00:00, run_after=2026-03-25 12:00:00+00:00
[2026-03-24T22:43:54.470+0000] {processor.py:208} INFO - Processing /opt/airflow/dags/job_scraping_dag.py took 4.556 seconds
[2026-03-24T22:44:27.446+0000] {processor.py:186} INFO - Started process (PID=1803) to work on /opt/airflow/dags/job_scraping_dag.py
[2026-03-24T22:44:27.504+0000] {processor.py:914} INFO - Processing file /opt/airflow/dags/job_scraping_dag.py for tasks to queue
[2026-03-24T22:44:27.629+0000] {logging_mixin.py:190} INFO - [2026-03-24T22:44:27.628+0000] {dagbag.py:588} INFO - Filling up the DagBag from /opt/airflow/dags/job_scraping_dag.py
[2026-03-24T22:44:37.532+0000] {processor.py:925} INFO - DAG(s) 'daily_job_scraping' retrieved from /opt/airflow/dags/job_scraping_dag.py
[2026-03-24T22:44:37.683+0000] {logging_mixin.py:190} INFO - [2026-03-24T22:44:37.682+0000] {dag.py:3239} INFO - Sync 1 DAGs
[2026-03-24T22:44:37.789+0000] {logging_mixin.py:190} INFO - [2026-03-24T22:44:37.789+0000] {dag.py:4180} INFO - Setting next_dagrun for daily_job_scraping to 2026-03-24 12:00:00+00:00, run_after=2026-03-25 12:00:00+00:00
[2026-03-24T22:44:38.076+0000] {processor.py:208} INFO - Processing /opt/airflow/dags/job_scraping_dag.py took 10.652 seconds
