[2026-03-20T09:50:00.464+0000] {taskinstance.py:1956} INFO - Dependencies all met for dep_context=non-requeueable deps ti=<TaskInstance: daily_job_scraping.extract_linkedin scheduled__2026-03-18T12:00:00+00:00 [queued]>
[2026-03-20T09:50:00.482+0000] {taskinstance.py:1956} INFO - Dependencies all met for dep_context=requeueable deps ti=<TaskInstance: daily_job_scraping.extract_linkedin scheduled__2026-03-18T12:00:00+00:00 [queued]>
[2026-03-20T09:50:00.483+0000] {taskinstance.py:2170} INFO - Starting attempt 1 of 3
[2026-03-20T09:50:00.502+0000] {taskinstance.py:2191} INFO - Executing <Task(PythonOperator): extract_linkedin> on 2026-03-18 12:00:00+00:00
[2026-03-20T09:50:00.515+0000] {standard_task_runner.py:60} INFO - Started process 174 to run task
[2026-03-20T09:50:00.521+0000] {standard_task_runner.py:87} INFO - Running: ['airflow', 'tasks', 'run', 'daily_job_scraping', 'extract_linkedin', 'scheduled__2026-03-18T12:00:00+00:00', '--job-id', '2', '--raw', '--subdir', 'DAGS_FOLDER/job_scraping_dag.py', '--cfg-path', '/tmp/tmpnipltqy8']
[2026-03-20T09:50:00.525+0000] {standard_task_runner.py:88} INFO - Job 2: Subtask extract_linkedin
[2026-03-20T09:50:01.001+0000] {task_command.py:423} INFO - Running <TaskInstance: daily_job_scraping.extract_linkedin scheduled__2026-03-18T12:00:00+00:00 [running]> on host c61d701e599c
[2026-03-20T09:50:01.148+0000] {taskinstance.py:2480} INFO - Exporting env vars: AIRFLOW_CTX_DAG_OWNER='job_intelligent' AIRFLOW_CTX_DAG_ID='daily_job_scraping' AIRFLOW_CTX_TASK_ID='extract_linkedin' AIRFLOW_CTX_EXECUTION_DATE='2026-03-18T12:00:00+00:00' AIRFLOW_CTX_TRY_NUMBER='1' AIRFLOW_CTX_DAG_RUN_ID='scheduled__2026-03-18T12:00:00+00:00'
[2026-03-20T09:50:01.150+0000] {job_scraping_dag.py:43} INFO - [DAG] Starting LinkedIn extraction...
[2026-03-20T09:50:01.150+0000] {scrapping_linkedin.py:259} INFO - [LinkedIn] Starting 68 keywords with 4 parallel workers | SELENIUM_URL=http://selenium:4444/wd/hub
[2026-03-20T09:50:18.844+0000] {scrapping_linkedin.py:187} INFO - [LinkedIn][Machine Learning Engineer] Starting session...
[2026-03-20T09:50:18.877+0000] {scrapping_linkedin.py:187} INFO - [LinkedIn][Data Scientist] Starting session...
[2026-03-20T09:50:18.878+0000] {scrapping_linkedin.py:187} INFO - [LinkedIn][Data Analyst] Starting session...
[2026-03-20T09:50:18.942+0000] {scrapping_linkedin.py:187} INFO - [LinkedIn][Data Engineer] Starting session...
[2026-03-20T09:50:28.713+0000] {scrapping_linkedin.py:205} INFO - [LinkedIn][Machine Learning Engineer] Page 1 → https://www.linkedin.com/jobs/search/?keywords=Machine%20Learning%20Engineer&location=Maroc&start=0&f_TPR=r604800
[2026-03-20T09:50:30.047+0000] {scrapping_linkedin.py:205} INFO - [LinkedIn][Data Scientist] Page 1 → https://www.linkedin.com/jobs/search/?keywords=Data%20Scientist&location=Maroc&start=0&f_TPR=r604800
[2026-03-20T09:50:30.713+0000] {scrapping_linkedin.py:205} INFO - [LinkedIn][Data Analyst] Page 1 → https://www.linkedin.com/jobs/search/?keywords=Data%20Analyst&location=Maroc&start=0&f_TPR=r604800
[2026-03-20T09:50:38.644+0000] {scrapping_linkedin.py:205} INFO - [LinkedIn][Data Engineer] Page 1 → https://www.linkedin.com/jobs/search/?keywords=Data%20Engineer&location=Maroc&start=0&f_TPR=r604800
[2026-03-20T09:50:43.172+0000] {scrapping_linkedin.py:234} INFO - [LinkedIn][Machine Learning Engineer] +55 jobs (keyword total: 55)
[2026-03-20T09:50:44.523+0000] {scrapping_linkedin.py:234} INFO - [LinkedIn][Data Analyst] +70 jobs (keyword total: 70)
[2026-03-20T09:50:44.707+0000] {scrapping_linkedin.py:205} INFO - [LinkedIn][Machine Learning Engineer] Page 2 → https://www.linkedin.com/jobs/search/?keywords=Machine%20Learning%20Engineer&location=Maroc&start=25&f_TPR=r604800
[2026-03-20T09:50:44.854+0000] {scrapping_linkedin.py:234} INFO - [LinkedIn][Data Scientist] +60 jobs (keyword total: 60)
[2026-03-20T09:50:47.050+0000] {scrapping_linkedin.py:205} INFO - [LinkedIn][Data Analyst] Page 2 → https://www.linkedin.com/jobs/search/?keywords=Data%20Analyst&location=Maroc&start=25&f_TPR=r604800
[2026-03-20T09:50:47.613+0000] {scrapping_linkedin.py:205} INFO - [LinkedIn][Data Scientist] Page 2 → https://www.linkedin.com/jobs/search/?keywords=Data%20Scientist&location=Maroc&start=25&f_TPR=r604800
[2026-03-20T09:50:50.125+0000] {scrapping_linkedin.py:234} INFO - [LinkedIn][Data Engineer] +60 jobs (keyword total: 60)
[2026-03-20T09:50:52.677+0000] {scrapping_linkedin.py:205} INFO - [LinkedIn][Data Engineer] Page 2 → https://www.linkedin.com/jobs/search/?keywords=Data%20Engineer&location=Maroc&start=25&f_TPR=r604800
[2026-03-20T09:50:57.601+0000] {scrapping_linkedin.py:234} INFO - [LinkedIn][Data Analyst] +6 jobs (keyword total: 76)
[2026-03-20T09:50:59.027+0000] {scrapping_linkedin.py:234} INFO - [LinkedIn][Data Scientist] +0 jobs (keyword total: 60)
[2026-03-20T09:50:59.212+0000] {scrapping_linkedin.py:205} INFO - [LinkedIn][Data Analyst] Page 3 → https://www.linkedin.com/jobs/search/?keywords=Data%20Analyst&location=Maroc&start=50&f_TPR=r604800
[2026-03-20T09:51:00.620+0000] {scrapping_linkedin.py:205} INFO - [LinkedIn][Data Scientist] Page 3 → https://www.linkedin.com/jobs/search/?keywords=Data%20Scientist&location=Maroc&start=50&f_TPR=r604800
[2026-03-20T09:51:03.469+0000] {scrapping_linkedin.py:234} INFO - [LinkedIn][Data Engineer] +8 jobs (keyword total: 68)
[2026-03-20T09:51:05.830+0000] {scrapping_linkedin.py:205} INFO - [LinkedIn][Data Engineer] Page 3 → https://www.linkedin.com/jobs/search/?keywords=Data%20Engineer&location=Maroc&start=50&f_TPR=r604800
[2026-03-20T09:51:06.113+0000] {scrapping_linkedin.py:234} INFO - [LinkedIn][Machine Learning Engineer] +0 jobs (keyword total: 55)
[2026-03-20T09:51:08.279+0000] {scrapping_linkedin.py:234} INFO - [LinkedIn][Data Scientist] +0 jobs (keyword total: 60)
[2026-03-20T09:51:08.363+0000] {scrapping_linkedin.py:205} INFO - [LinkedIn][Machine Learning Engineer] Page 3 → https://www.linkedin.com/jobs/search/?keywords=Machine%20Learning%20Engineer&location=Maroc&start=50&f_TPR=r604800
[2026-03-20T09:51:09.402+0000] {scrapping_linkedin.py:234} INFO - [LinkedIn][Data Analyst] +0 jobs (keyword total: 76)
[2026-03-20T09:51:10.281+0000] {scrapping_linkedin.py:243} INFO - [LinkedIn][Data Scientist] Session closed.
[2026-03-20T09:51:10.285+0000] {scrapping_linkedin.py:274} INFO - [LinkedIn] Merged 'Data Scientist' → 60 unique jobs (grand total: 60)
[2026-03-20T09:51:11.487+0000] {scrapping_linkedin.py:187} INFO - [LinkedIn][Deep Learning Engineer] Starting session...
[2026-03-20T09:51:12.019+0000] {scrapping_linkedin.py:243} INFO - [LinkedIn][Data Analyst] Session closed.
[2026-03-20T09:51:12.022+0000] {scrapping_linkedin.py:274} INFO - [LinkedIn] Merged 'Data Analyst' → 43 unique jobs (grand total: 103)
[2026-03-20T09:51:15.936+0000] {scrapping_linkedin.py:187} INFO - [LinkedIn][AI Engineer] Starting session...
[2026-03-20T09:51:16.751+0000] {scrapping_linkedin.py:234} INFO - [LinkedIn][Data Engineer] +0 jobs (keyword total: 68)
[2026-03-20T09:51:19.539+0000] {scrapping_linkedin.py:243} INFO - [LinkedIn][Data Engineer] Session closed.
[2026-03-20T09:51:19.558+0000] {scrapping_linkedin.py:274} INFO - [LinkedIn] Merged 'Data Engineer' → 39 unique jobs (grand total: 142)
[2026-03-20T09:51:19.702+0000] {scrapping_linkedin.py:234} INFO - [LinkedIn][Machine Learning Engineer] +0 jobs (keyword total: 55)
[2026-03-20T09:51:21.036+0000] {scrapping_linkedin.py:187} INFO - [LinkedIn][NLP Engineer] Starting session...
[2026-03-20T09:51:21.536+0000] {scrapping_linkedin.py:205} INFO - [LinkedIn][Deep Learning Engineer] Page 1 → https://www.linkedin.com/jobs/search/?keywords=Deep%20Learning%20Engineer&location=Maroc&start=0&f_TPR=r604800
[2026-03-20T09:51:22.386+0000] {scrapping_linkedin.py:243} INFO - [LinkedIn][Machine Learning Engineer] Session closed.
[2026-03-20T09:51:22.389+0000] {scrapping_linkedin.py:274} INFO - [LinkedIn] Merged 'Machine Learning Engineer' → 6 unique jobs (grand total: 148)
[2026-03-20T09:51:23.245+0000] {scrapping_linkedin.py:187} INFO - [LinkedIn][Computer Vision Engineer] Starting session...
[2026-03-20T09:51:24.538+0000] {scrapping_linkedin.py:205} INFO - [LinkedIn][AI Engineer] Page 1 → https://www.linkedin.com/jobs/search/?keywords=AI%20Engineer&location=Maroc&start=0&f_TPR=r604800
[2026-03-20T09:51:29.498+0000] {scrapping_linkedin.py:205} INFO - [LinkedIn][NLP Engineer] Page 1 → https://www.linkedin.com/jobs/search/?keywords=NLP%20Engineer&location=Maroc&start=0&f_TPR=r604800
[2026-03-20T09:51:30.193+0000] {scrapping_linkedin.py:205} INFO - [LinkedIn][Computer Vision Engineer] Page 1 → https://www.linkedin.com/jobs/search/?keywords=Computer%20Vision%20Engineer&location=Maroc&start=0&f_TPR=r604800
[2026-03-20T09:51:34.167+0000] {scrapping_linkedin.py:234} INFO - [LinkedIn][AI Engineer] +7 jobs (keyword total: 7)
[2026-03-20T09:51:35.987+0000] {scrapping_linkedin.py:205} INFO - [LinkedIn][AI Engineer] Page 2 → https://www.linkedin.com/jobs/search/?keywords=AI%20Engineer&location=Maroc&start=25&f_TPR=r604800
[2026-03-20T09:51:39.385+0000] {scrapping_linkedin.py:234} INFO - [LinkedIn][NLP Engineer] +17 jobs (keyword total: 17)
[2026-03-20T09:51:40.415+0000] {scrapping_linkedin.py:234} INFO - [LinkedIn][Computer Vision Engineer] +37 jobs (keyword total: 37)
[2026-03-20T09:51:41.776+0000] {scrapping_linkedin.py:205} INFO - [LinkedIn][NLP Engineer] Page 2 → https://www.linkedin.com/jobs/search/?keywords=NLP%20Engineer&location=Maroc&start=25&f_TPR=r604800
[2026-03-20T09:51:41.812+0000] {scrapping_linkedin.py:223} WARNING - [LinkedIn][Deep Learning Engineer] No cards on page 1, stopping.
[2026-03-20T09:51:41.908+0000] {scrapping_linkedin.py:243} INFO - [LinkedIn][Deep Learning Engineer] Session closed.
[2026-03-20T09:51:41.911+0000] {scrapping_linkedin.py:274} INFO - [LinkedIn] Merged 'Deep Learning Engineer' → 0 unique jobs (grand total: 148)
[2026-03-20T09:51:42.555+0000] {scrapping_linkedin.py:205} INFO - [LinkedIn][Computer Vision Engineer] Page 2 → https://www.linkedin.com/jobs/search/?keywords=Computer%20Vision%20Engineer&location=Maroc&start=25&f_TPR=r604800
[2026-03-20T09:51:42.695+0000] {scrapping_linkedin.py:187} INFO - [LinkedIn][MLOps Engineer] Starting session...
[2026-03-20T09:51:44.949+0000] {scrapping_linkedin.py:234} INFO - [LinkedIn][AI Engineer] +0 jobs (keyword total: 7)
[2026-03-20T09:51:47.897+0000] {scrapping_linkedin.py:205} INFO - [LinkedIn][AI Engineer] Page 3 → https://www.linkedin.com/jobs/search/?keywords=AI%20Engineer&location=Maroc&start=50&f_TPR=r604800
[2026-03-20T09:51:50.193+0000] {scrapping_linkedin.py:234} INFO - [LinkedIn][NLP Engineer] +0 jobs (keyword total: 17)
[2026-03-20T09:51:51.411+0000] {scrapping_linkedin.py:234} INFO - [LinkedIn][Computer Vision Engineer] +0 jobs (keyword total: 37)
[2026-03-20T09:51:51.547+0000] {scrapping_linkedin.py:205} INFO - [LinkedIn][MLOps Engineer] Page 1 → https://www.linkedin.com/jobs/search/?keywords=MLOps%20Engineer&location=Maroc&start=0&f_TPR=r604800
[2026-03-20T09:51:52.126+0000] {scrapping_linkedin.py:205} INFO - [LinkedIn][NLP Engineer] Page 3 → https://www.linkedin.com/jobs/search/?keywords=NLP%20Engineer&location=Maroc&start=50&f_TPR=r604800
[2026-03-20T09:51:53.023+0000] {scrapping_linkedin.py:205} INFO - [LinkedIn][Computer Vision Engineer] Page 3 → https://www.linkedin.com/jobs/search/?keywords=Computer%20Vision%20Engineer&location=Maroc&start=50&f_TPR=r604800
[2026-03-20T09:52:02.809+0000] {scrapping_linkedin.py:234} INFO - [LinkedIn][Computer Vision Engineer] +0 jobs (keyword total: 37)
[2026-03-20T09:52:02.846+0000] {scrapping_linkedin.py:234} INFO - [LinkedIn][NLP Engineer] +0 jobs (keyword total: 17)
[2026-03-20T09:52:02.957+0000] {scrapping_linkedin.py:234} INFO - [LinkedIn][MLOps Engineer] +2 jobs (keyword total: 2)
[2026-03-20T09:52:04.863+0000] {scrapping_linkedin.py:205} INFO - [LinkedIn][MLOps Engineer] Page 2 → https://www.linkedin.com/jobs/search/?keywords=MLOps%20Engineer&location=Maroc&start=25&f_TPR=r604800
[2026-03-20T09:52:05.141+0000] {scrapping_linkedin.py:243} INFO - [LinkedIn][Computer Vision Engineer] Session closed.
[2026-03-20T09:52:05.145+0000] {scrapping_linkedin.py:274} INFO - [LinkedIn] Merged 'Computer Vision Engineer' → 0 unique jobs (grand total: 148)
[2026-03-20T09:52:05.859+0000] {scrapping_linkedin.py:243} INFO - [LinkedIn][NLP Engineer] Session closed.
[2026-03-20T09:52:05.863+0000] {scrapping_linkedin.py:274} INFO - [LinkedIn] Merged 'NLP Engineer' → 13 unique jobs (grand total: 161)
[2026-03-20T09:52:06.905+0000] {scrapping_linkedin.py:234} INFO - [LinkedIn][AI Engineer] +0 jobs (keyword total: 7)
[2026-03-20T09:52:07.460+0000] {scrapping_linkedin.py:187} INFO - [LinkedIn][Business Intelligence] Starting session...
[2026-03-20T09:52:08.041+0000] {scrapping_linkedin.py:187} INFO - [LinkedIn][BI Analyst] Starting session...
[2026-03-20T09:52:09.383+0000] {scrapping_linkedin.py:243} INFO - [LinkedIn][AI Engineer] Session closed.
[2026-03-20T09:52:09.387+0000] {scrapping_linkedin.py:274} INFO - [LinkedIn] Merged 'AI Engineer' → 2 unique jobs (grand total: 163)
[2026-03-20T09:52:10.863+0000] {scrapping_linkedin.py:187} INFO - [LinkedIn][Data Architect] Starting session...
[2026-03-20T09:52:13.688+0000] {scrapping_linkedin.py:234} INFO - [LinkedIn][MLOps Engineer] +0 jobs (keyword total: 2)
[2026-03-20T09:52:14.340+0000] {scrapping_linkedin.py:205} INFO - [LinkedIn][Business Intelligence] Page 1 → https://www.linkedin.com/jobs/search/?keywords=Business%20Intelligence&location=Maroc&start=0&f_TPR=r604800
[2026-03-20T09:52:15.546+0000] {scrapping_linkedin.py:205} INFO - [LinkedIn][MLOps Engineer] Page 3 → https://www.linkedin.com/jobs/search/?keywords=MLOps%20Engineer&location=Maroc&start=50&f_TPR=r604800
[2026-03-20T09:52:17.463+0000] {scrapping_linkedin.py:205} INFO - [LinkedIn][Data Architect] Page 1 → https://www.linkedin.com/jobs/search/?keywords=Data%20Architect&location=Maroc&start=0&f_TPR=r604800
[2026-03-20T09:52:17.525+0000] {scrapping_linkedin.py:205} INFO - [LinkedIn][BI Analyst] Page 1 → https://www.linkedin.com/jobs/search/?keywords=BI%20Analyst&location=Maroc&start=0&f_TPR=r604800
[2026-03-20T09:52:23.904+0000] {scrapping_linkedin.py:234} INFO - [LinkedIn][Business Intelligence] +31 jobs (keyword total: 31)
[2026-03-20T09:52:25.705+0000] {scrapping_linkedin.py:205} INFO - [LinkedIn][Business Intelligence] Page 2 → https://www.linkedin.com/jobs/search/?keywords=Business%20Intelligence&location=Maroc&start=25&f_TPR=r604800
[2026-03-20T09:52:26.376+0000] {scrapping_linkedin.py:234} INFO - [LinkedIn][MLOps Engineer] +0 jobs (keyword total: 2)
[2026-03-20T09:52:29.278+0000] {scrapping_linkedin.py:243} INFO - [LinkedIn][MLOps Engineer] Session closed.
[2026-03-20T09:52:29.283+0000] {scrapping_linkedin.py:274} INFO - [LinkedIn] Merged 'MLOps Engineer' → 0 unique jobs (grand total: 163)
[2026-03-20T09:52:30.282+0000] {scrapping_linkedin.py:187} INFO - [LinkedIn][Software Engineer] Starting session...
[2026-03-20T09:52:33.306+0000] {scrapping_linkedin.py:234} INFO - [LinkedIn][Business Intelligence] +0 jobs (keyword total: 31)
[2026-03-20T09:52:33.922+0000] {scrapping_linkedin.py:234} INFO - [LinkedIn][BI Analyst] +14 jobs (keyword total: 14)
[2026-03-20T09:52:35.184+0000] {scrapping_linkedin.py:205} INFO - [LinkedIn][Business Intelligence] Page 3 → https://www.linkedin.com/jobs/search/?keywords=Business%20Intelligence&location=Maroc&start=50&f_TPR=r604800
[2026-03-20T09:52:35.488+0000] {scrapping_linkedin.py:205} INFO - [LinkedIn][BI Analyst] Page 2 → https://www.linkedin.com/jobs/search/?keywords=BI%20Analyst&location=Maroc&start=25&f_TPR=r604800
[2026-03-20T09:52:43.025+0000] {scrapping_linkedin.py:234} INFO - [LinkedIn][Business Intelligence] +0 jobs (keyword total: 31)
[2026-03-20T09:52:43.381+0000] {scrapping_linkedin.py:234} INFO - [LinkedIn][BI Analyst] +0 jobs (keyword total: 14)
[2026-03-20T09:52:43.570+0000] {scrapping_linkedin.py:205} INFO - [LinkedIn][Software Engineer] Page 1 → https://www.linkedin.com/jobs/search/?keywords=Software%20Engineer&location=Maroc&start=0&f_TPR=r604800
[2026-03-20T09:52:45.243+0000] {scrapping_linkedin.py:205} INFO - [LinkedIn][BI Analyst] Page 3 → https://www.linkedin.com/jobs/search/?keywords=BI%20Analyst&location=Maroc&start=50&f_TPR=r604800
[2026-03-20T09:52:45.389+0000] {scrapping_linkedin.py:243} INFO - [LinkedIn][Business Intelligence] Session closed.
[2026-03-20T09:52:45.391+0000] {scrapping_linkedin.py:274} INFO - [LinkedIn] Merged 'Business Intelligence' → 13 unique jobs (grand total: 176)
[2026-03-20T09:52:46.480+0000] {scrapping_linkedin.py:187} INFO - [LinkedIn][Software Developer] Starting session...
[2026-03-20T09:52:48.532+0000] {scrapping_linkedin.py:234} INFO - [LinkedIn][Data Architect] +27 jobs (keyword total: 27)
[2026-03-20T09:52:50.547+0000] {scrapping_linkedin.py:205} INFO - [LinkedIn][Data Architect] Page 2 → https://www.linkedin.com/jobs/search/?keywords=Data%20Architect&location=Maroc&start=25&f_TPR=r604800
[2026-03-20T09:52:53.153+0000] {scrapping_linkedin.py:205} INFO - [LinkedIn][Software Developer] Page 1 → https://www.linkedin.com/jobs/search/?keywords=Software%20Developer&location=Maroc&start=0&f_TPR=r604800
[2026-03-20T09:52:54.164+0000] {scrapping_linkedin.py:234} INFO - [LinkedIn][BI Analyst] +0 jobs (keyword total: 14)
[2026-03-20T09:52:54.554+0000] {scrapping_linkedin.py:234} INFO - [LinkedIn][Software Engineer] +60 jobs (keyword total: 60)
[2026-03-20T09:52:55.870+0000] {scrapping_linkedin.py:243} INFO - [LinkedIn][BI Analyst] Session closed.
[2026-03-20T09:52:55.875+0000] {scrapping_linkedin.py:274} INFO - [LinkedIn] Merged 'BI Analyst' → 4 unique jobs (grand total: 180)
[2026-03-20T09:52:56.489+0000] {scrapping_linkedin.py:205} INFO - [LinkedIn][Software Engineer] Page 2 → https://www.linkedin.com/jobs/search/?keywords=Software%20Engineer&location=Maroc&start=25&f_TPR=r604800
[2026-03-20T09:52:57.042+0000] {scrapping_linkedin.py:187} INFO - [LinkedIn][Backend Developer] Starting session...
[2026-03-20T09:53:03.305+0000] {scrapping_linkedin.py:205} INFO - [LinkedIn][Backend Developer] Page 1 → https://www.linkedin.com/jobs/search/?keywords=Backend%20Developer&location=Maroc&start=0&f_TPR=r604800
[2026-03-20T09:53:03.781+0000] {scrapping_linkedin.py:234} INFO - [LinkedIn][Data Architect] +0 jobs (keyword total: 27)
[2026-03-20T09:53:04.435+0000] {scrapping_linkedin.py:234} INFO - [LinkedIn][Software Developer] +60 jobs (keyword total: 60)
[2026-03-20T09:53:04.754+0000] {scrapping_linkedin.py:234} INFO - [LinkedIn][Software Engineer] +0 jobs (keyword total: 60)
[2026-03-20T09:53:06.254+0000] {scrapping_linkedin.py:205} INFO - [LinkedIn][Data Architect] Page 3 → https://www.linkedin.com/jobs/search/?keywords=Data%20Architect&location=Maroc&start=50&f_TPR=r604800
[2026-03-20T09:53:06.382+0000] {scrapping_linkedin.py:205} INFO - [LinkedIn][Software Engineer] Page 3 → https://www.linkedin.com/jobs/search/?keywords=Software%20Engineer&location=Maroc&start=50&f_TPR=r604800
[2026-03-20T09:53:06.640+0000] {scrapping_linkedin.py:205} INFO - [LinkedIn][Software Developer] Page 2 → https://www.linkedin.com/jobs/search/?keywords=Software%20Developer&location=Maroc&start=25&f_TPR=r604800
[2026-03-20T09:53:12.473+0000] {scrapping_linkedin.py:234} INFO - [LinkedIn][Backend Developer] +31 jobs (keyword total: 31)
[2026-03-20T09:53:14.635+0000] {scrapping_linkedin.py:234} INFO - [LinkedIn][Data Architect] +0 jobs (keyword total: 27)
[2026-03-20T09:53:15.466+0000] {scrapping_linkedin.py:205} INFO - [LinkedIn][Backend Developer] Page 2 → https://www.linkedin.com/jobs/search/?keywords=Backend%20Developer&location=Maroc&start=25&f_TPR=r604800
[2026-03-20T09:53:16.093+0000] {scrapping_linkedin.py:234} INFO - [LinkedIn][Software Engineer] +0 jobs (keyword total: 60)
[2026-03-20T09:53:16.521+0000] {scrapping_linkedin.py:243} INFO - [LinkedIn][Data Architect] Session closed.
[2026-03-20T09:53:16.523+0000] {scrapping_linkedin.py:274} INFO - [LinkedIn] Merged 'Data Architect' → 3 unique jobs (grand total: 183)
[2026-03-20T09:53:18.226+0000] {scrapping_linkedin.py:187} INFO - [LinkedIn][Frontend Developer] Starting session...
[2026-03-20T09:53:19.358+0000] {scrapping_linkedin.py:243} INFO - [LinkedIn][Software Engineer] Session closed.
[2026-03-20T09:53:19.363+0000] {scrapping_linkedin.py:274} INFO - [LinkedIn] Merged 'Software Engineer' → 9 unique jobs (grand total: 192)
[2026-03-20T09:53:20.176+0000] {scrapping_linkedin.py:234} INFO - [LinkedIn][Software Developer] +10 jobs (keyword total: 70)
[2026-03-20T09:53:21.082+0000] {scrapping_linkedin.py:187} INFO - [LinkedIn][Full Stack Developer] Starting session...
[2026-03-20T09:53:22.091+0000] {scrapping_linkedin.py:205} INFO - [LinkedIn][Software Developer] Page 3 → https://www.linkedin.com/jobs/search/?keywords=Software%20Developer&location=Maroc&start=50&f_TPR=r604800
[2026-03-20T09:53:24.596+0000] {scrapping_linkedin.py:234} INFO - [LinkedIn][Backend Developer] +0 jobs (keyword total: 31)
[2026-03-20T09:53:26.152+0000] {scrapping_linkedin.py:205} INFO - [LinkedIn][Backend Developer] Page 3 → https://www.linkedin.com/jobs/search/?keywords=Backend%20Developer&location=Maroc&start=50&f_TPR=r604800
[2026-03-20T09:53:26.209+0000] {scrapping_linkedin.py:205} INFO - [LinkedIn][Frontend Developer] Page 1 → https://www.linkedin.com/jobs/search/?keywords=Frontend%20Developer&location=Maroc&start=0&f_TPR=r604800
[2026-03-20T09:53:31.557+0000] {scrapping_linkedin.py:205} INFO - [LinkedIn][Full Stack Developer] Page 1 → https://www.linkedin.com/jobs/search/?keywords=Full%20Stack%20Developer&location=Maroc&start=0&f_TPR=r604800
[2026-03-20T09:53:31.651+0000] {scrapping_linkedin.py:234} INFO - [LinkedIn][Software Developer] +0 jobs (keyword total: 70)
[2026-03-20T09:53:34.045+0000] {scrapping_linkedin.py:243} INFO - [LinkedIn][Software Developer] Session closed.
[2026-03-20T09:53:34.050+0000] {scrapping_linkedin.py:274} INFO - [LinkedIn] Merged 'Software Developer' → 18 unique jobs (grand total: 210)
[2026-03-20T09:53:35.287+0000] {scrapping_linkedin.py:234} INFO - [LinkedIn][Frontend Developer] +13 jobs (keyword total: 13)
[2026-03-20T09:53:35.295+0000] {scrapping_linkedin.py:234} INFO - [LinkedIn][Backend Developer] +0 jobs (keyword total: 31)
[2026-03-20T09:53:35.828+0000] {scrapping_linkedin.py:187} INFO - [LinkedIn][Web Developer] Starting session...
[2026-03-20T09:53:37.428+0000] {scrapping_linkedin.py:205} INFO - [LinkedIn][Frontend Developer] Page 2 → https://www.linkedin.com/jobs/search/?keywords=Frontend%20Developer&location=Maroc&start=25&f_TPR=r604800
[2026-03-20T09:53:37.788+0000] {scrapping_linkedin.py:243} INFO - [LinkedIn][Backend Developer] Session closed.
[2026-03-20T09:53:37.790+0000] {scrapping_linkedin.py:274} INFO - [LinkedIn] Merged 'Backend Developer' → 21 unique jobs (grand total: 231)
[2026-03-20T09:53:39.265+0000] {scrapping_linkedin.py:187} INFO - [LinkedIn][Mobile Developer] Starting session...
[2026-03-20T09:53:41.141+0000] {scrapping_linkedin.py:234} INFO - [LinkedIn][Full Stack Developer] +27 jobs (keyword total: 27)
[2026-03-20T09:53:43.874+0000] {scrapping_linkedin.py:205} INFO - [LinkedIn][Full Stack Developer] Page 2 → https://www.linkedin.com/jobs/search/?keywords=Full%20Stack%20Developer&location=Maroc&start=25&f_TPR=r604800
[2026-03-20T09:53:46.757+0000] {scrapping_linkedin.py:234} INFO - [LinkedIn][Frontend Developer] +0 jobs (keyword total: 13)
[2026-03-20T09:53:48.110+0000] {scrapping_linkedin.py:205} INFO - [LinkedIn][Mobile Developer] Page 1 → https://www.linkedin.com/jobs/search/?keywords=Mobile%20Developer&location=Maroc&start=0&f_TPR=r604800
[2026-03-20T09:53:49.325+0000] {scrapping_linkedin.py:205} INFO - [LinkedIn][Frontend Developer] Page 3 → https://www.linkedin.com/jobs/search/?keywords=Frontend%20Developer&location=Maroc&start=50&f_TPR=r604800
[2026-03-20T09:53:56.191+0000] {scrapping_linkedin.py:234} INFO - [LinkedIn][Frontend Developer] +0 jobs (keyword total: 13)
[2026-03-20T09:53:58.706+0000] {scrapping_linkedin.py:243} INFO - [LinkedIn][Frontend Developer] Session closed.
[2026-03-20T09:53:58.709+0000] {scrapping_linkedin.py:274} INFO - [LinkedIn] Merged 'Frontend Developer' → 2 unique jobs (grand total: 233)
[2026-03-20T09:53:59.140+0000] {scrapping_linkedin.py:234} INFO - [LinkedIn][Full Stack Developer] +0 jobs (keyword total: 27)
[2026-03-20T09:53:59.776+0000] {scrapping_linkedin.py:187} INFO - [LinkedIn][Android Developer] Starting session...
[2026-03-20T09:54:00.387+0000] {scrapping_linkedin.py:234} INFO - [LinkedIn][Mobile Developer] +6 jobs (keyword total: 6)
[2026-03-20T09:54:01.849+0000] {scrapping_linkedin.py:205} INFO - [LinkedIn][Full Stack Developer] Page 3 → https://www.linkedin.com/jobs/search/?keywords=Full%20Stack%20Developer&location=Maroc&start=50&f_TPR=r604800
[2026-03-20T09:54:02.836+0000] {scrapping_linkedin.py:205} INFO - [LinkedIn][Mobile Developer] Page 2 → https://www.linkedin.com/jobs/search/?keywords=Mobile%20Developer&location=Maroc&start=25&f_TPR=r604800
[2026-03-20T09:54:06.295+0000] {scrapping_linkedin.py:205} INFO - [LinkedIn][Android Developer] Page 1 → https://www.linkedin.com/jobs/search/?keywords=Android%20Developer&location=Maroc&start=0&f_TPR=r604800
[2026-03-20T09:54:06.909+0000] {scrapping_linkedin.py:205} INFO - [LinkedIn][Web Developer] Page 1 → https://www.linkedin.com/jobs/search/?keywords=Web%20Developer&location=Maroc&start=0&f_TPR=r604800
[2026-03-20T09:54:08.886+0000] {scrapping_linkedin.py:234} INFO - [LinkedIn][Full Stack Developer] +0 jobs (keyword total: 27)
[2026-03-20T09:54:10.872+0000] {scrapping_linkedin.py:243} INFO - [LinkedIn][Full Stack Developer] Session closed.
[2026-03-20T09:54:10.874+0000] {scrapping_linkedin.py:274} INFO - [LinkedIn] Merged 'Full Stack Developer' → 0 unique jobs (grand total: 233)
[2026-03-20T09:54:12.515+0000] {scrapping_linkedin.py:187} INFO - [LinkedIn][iOS Developer] Starting session...
[2026-03-20T09:54:17.578+0000] {scrapping_linkedin.py:234} INFO - [LinkedIn][Web Developer] +29 jobs (keyword total: 29)
[2026-03-20T09:54:19.858+0000] {scrapping_linkedin.py:205} INFO - [LinkedIn][iOS Developer] Page 1 → https://www.linkedin.com/jobs/search/?keywords=iOS%20Developer&location=Maroc&start=0&f_TPR=r604800
[2026-03-20T09:54:19.910+0000] {scrapping_linkedin.py:205} INFO - [LinkedIn][Web Developer] Page 2 → https://www.linkedin.com/jobs/search/?keywords=Web%20Developer&location=Maroc&start=25&f_TPR=r604800
[2026-03-20T09:54:21.766+0000] {scrapping_linkedin.py:234} INFO - [LinkedIn][Android Developer] +14 jobs (keyword total: 14)
[2026-03-20T09:54:24.639+0000] {scrapping_linkedin.py:205} INFO - [LinkedIn][Android Developer] Page 2 → https://www.linkedin.com/jobs/search/?keywords=Android%20Developer&location=Maroc&start=25&f_TPR=r604800
[2026-03-20T09:54:25.865+0000] {scrapping_linkedin.py:234} INFO - [LinkedIn][Mobile Developer] +0 jobs (keyword total: 6)
[2026-03-20T09:54:27.658+0000] {scrapping_linkedin.py:205} INFO - [LinkedIn][Mobile Developer] Page 3 → https://www.linkedin.com/jobs/search/?keywords=Mobile%20Developer&location=Maroc&start=50&f_TPR=r604800
[2026-03-20T09:54:28.307+0000] {scrapping_linkedin.py:234} INFO - [LinkedIn][Web Developer] +0 jobs (keyword total: 29)
[2026-03-20T09:54:30.694+0000] {scrapping_linkedin.py:205} INFO - [LinkedIn][Web Developer] Page 3 → https://www.linkedin.com/jobs/search/?keywords=Web%20Developer&location=Maroc&start=50&f_TPR=r604800
[2026-03-20T09:54:31.219+0000] {scrapping_linkedin.py:234} INFO - [LinkedIn][iOS Developer] +23 jobs (keyword total: 23)
[2026-03-20T09:54:33.549+0000] {scrapping_linkedin.py:205} INFO - [LinkedIn][iOS Developer] Page 2 → https://www.linkedin.com/jobs/search/?keywords=iOS%20Developer&location=Maroc&start=25&f_TPR=r604800
[2026-03-20T09:54:40.163+0000] {scrapping_linkedin.py:234} INFO - [LinkedIn][Android Developer] +0 jobs (keyword total: 14)
[2026-03-20T09:54:42.236+0000] {scrapping_linkedin.py:205} INFO - [LinkedIn][Android Developer] Page 3 → https://www.linkedin.com/jobs/search/?keywords=Android%20Developer&location=Maroc&start=50&f_TPR=r604800
[2026-03-20T09:54:42.857+0000] {scrapping_linkedin.py:234} INFO - [LinkedIn][Web Developer] +0 jobs (keyword total: 29)
[2026-03-20T09:54:43.089+0000] {scrapping_linkedin.py:234} INFO - [LinkedIn][Mobile Developer] +0 jobs (keyword total: 6)
[2026-03-20T09:54:45.507+0000] {scrapping_linkedin.py:234} INFO - [LinkedIn][iOS Developer] +0 jobs (keyword total: 23)
[2026-03-20T09:54:45.558+0000] {scrapping_linkedin.py:243} INFO - [LinkedIn][Web Developer] Session closed.
[2026-03-20T09:54:45.563+0000] {scrapping_linkedin.py:274} INFO - [LinkedIn] Merged 'Web Developer' → 5 unique jobs (grand total: 238)
[2026-03-20T09:54:46.043+0000] {scrapping_linkedin.py:243} INFO - [LinkedIn][Mobile Developer] Session closed.
[2026-03-20T09:54:46.049+0000] {scrapping_linkedin.py:274} INFO - [LinkedIn] Merged 'Mobile Developer' → 2 unique jobs (grand total: 240)
[2026-03-20T09:54:47.682+0000] {scrapping_linkedin.py:205} INFO - [LinkedIn][iOS Developer] Page 3 → https://www.linkedin.com/jobs/search/?keywords=iOS%20Developer&location=Maroc&start=50&f_TPR=r604800
[2026-03-20T09:54:48.007+0000] {scrapping_linkedin.py:187} INFO - [LinkedIn][DevOps Engineer] Starting session...
[2026-03-20T09:54:48.340+0000] {scrapping_linkedin.py:187} INFO - [LinkedIn][Cloud Engineer] Starting session...
[2026-03-20T09:54:52.074+0000] {scrapping_linkedin.py:234} INFO - [LinkedIn][Android Developer] +0 jobs (keyword total: 14)
[2026-03-20T09:54:55.279+0000] {scrapping_linkedin.py:243} INFO - [LinkedIn][Android Developer] Session closed.
[2026-03-20T09:54:55.293+0000] {scrapping_linkedin.py:274} INFO - [LinkedIn] Merged 'Android Developer' → 1 unique jobs (grand total: 241)
[2026-03-20T09:54:57.361+0000] {scrapping_linkedin.py:187} INFO - [LinkedIn][Cloud Architect] Starting session...
[2026-03-20T09:54:57.483+0000] {scrapping_linkedin.py:205} INFO - [LinkedIn][DevOps Engineer] Page 1 → https://www.linkedin.com/jobs/search/?keywords=DevOps%20Engineer&location=Maroc&start=0&f_TPR=r604800
[2026-03-20T09:54:58.727+0000] {scrapping_linkedin.py:234} INFO - [LinkedIn][iOS Developer] +0 jobs (keyword total: 23)
[2026-03-20T09:55:00.281+0000] {scrapping_linkedin.py:205} INFO - [LinkedIn][Cloud Engineer] Page 1 → https://www.linkedin.com/jobs/search/?keywords=Cloud%20Engineer&location=Maroc&start=0&f_TPR=r604800
[2026-03-20T09:55:01.648+0000] {scrapping_linkedin.py:243} INFO - [LinkedIn][iOS Developer] Session closed.
[2026-03-20T09:55:01.651+0000] {scrapping_linkedin.py:274} INFO - [LinkedIn] Merged 'iOS Developer' → 0 unique jobs (grand total: 241)
[2026-03-20T09:55:04.080+0000] {scrapping_linkedin.py:187} INFO - [LinkedIn][Site Reliability Engineer] Starting session...
[2026-03-20T09:55:04.427+0000] {scrapping_linkedin.py:205} INFO - [LinkedIn][Cloud Architect] Page 1 → https://www.linkedin.com/jobs/search/?keywords=Cloud%20Architect&location=Maroc&start=0&f_TPR=r604800
[2026-03-20T09:55:08.274+0000] {scrapping_linkedin.py:234} INFO - [LinkedIn][DevOps Engineer] +18 jobs (keyword total: 18)
[2026-03-20T09:55:10.893+0000] {scrapping_linkedin.py:205} INFO - [LinkedIn][DevOps Engineer] Page 2 → https://www.linkedin.com/jobs/search/?keywords=DevOps%20Engineer&location=Maroc&start=25&f_TPR=r604800
[2026-03-20T09:55:12.494+0000] {scrapping_linkedin.py:234} INFO - [LinkedIn][Cloud Engineer] +60 jobs (keyword total: 60)
[2026-03-20T09:55:13.439+0000] {scrapping_linkedin.py:234} INFO - [LinkedIn][Cloud Architect] +12 jobs (keyword total: 12)
[2026-03-20T09:55:14.257+0000] {scrapping_linkedin.py:205} INFO - [LinkedIn][Cloud Engineer] Page 2 → https://www.linkedin.com/jobs/search/?keywords=Cloud%20Engineer&location=Maroc&start=25&f_TPR=r604800
[2026-03-20T09:55:15.517+0000] {scrapping_linkedin.py:205} INFO - [LinkedIn][Cloud Architect] Page 2 → https://www.linkedin.com/jobs/search/?keywords=Cloud%20Architect&location=Maroc&start=25&f_TPR=r604800
[2026-03-20T09:55:20.978+0000] {scrapping_linkedin.py:234} INFO - [LinkedIn][DevOps Engineer] +0 jobs (keyword total: 18)
[2026-03-20T09:55:21.625+0000] {scrapping_linkedin.py:205} INFO - [LinkedIn][Site Reliability Engineer] Page 1 → https://www.linkedin.com/jobs/search/?keywords=Site%20Reliability%20Engineer&location=Maroc&start=0&f_TPR=r604800
[2026-03-20T09:55:23.362+0000] {scrapping_linkedin.py:205} INFO - [LinkedIn][DevOps Engineer] Page 3 → https://www.linkedin.com/jobs/search/?keywords=DevOps%20Engineer&location=Maroc&start=50&f_TPR=r604800
[2026-03-20T09:55:25.399+0000] {scrapping_linkedin.py:234} INFO - [LinkedIn][Cloud Engineer] +0 jobs (keyword total: 60)
[2026-03-20T09:55:28.105+0000] {scrapping_linkedin.py:205} INFO - [LinkedIn][Cloud Engineer] Page 3 → https://www.linkedin.com/jobs/search/?keywords=Cloud%20Engineer&location=Maroc&start=50&f_TPR=r604800
[2026-03-20T09:55:29.858+0000] {scrapping_linkedin.py:234} INFO - [LinkedIn][Cloud Architect] +0 jobs (keyword total: 12)
[2026-03-20T09:55:31.704+0000] {scrapping_linkedin.py:205} INFO - [LinkedIn][Cloud Architect] Page 3 → https://www.linkedin.com/jobs/search/?keywords=Cloud%20Architect&location=Maroc&start=50&f_TPR=r604800
[2026-03-20T09:55:34.563+0000] {scrapping_linkedin.py:234} INFO - [LinkedIn][DevOps Engineer] +0 jobs (keyword total: 18)
[2026-03-20T09:55:37.609+0000] {scrapping_linkedin.py:243} INFO - [LinkedIn][DevOps Engineer] Session closed.
[2026-03-20T09:55:37.625+0000] {scrapping_linkedin.py:274} INFO - [LinkedIn] Merged 'DevOps Engineer' → 9 unique jobs (grand total: 250)
[2026-03-20T09:55:38.684+0000] {scrapping_linkedin.py:234} INFO - [LinkedIn][Site Reliability Engineer] +53 jobs (keyword total: 53)
[2026-03-20T09:55:40.427+0000] {scrapping_linkedin.py:234} INFO - [LinkedIn][Cloud Engineer] +0 jobs (keyword total: 60)
[2026-03-20T09:55:41.101+0000] {scrapping_linkedin.py:187} INFO - [LinkedIn][Platform Engineer] Starting session...
[2026-03-20T09:55:41.602+0000] {scrapping_linkedin.py:205} INFO - [LinkedIn][Site Reliability Engineer] Page 2 → https://www.linkedin.com/jobs/search/?keywords=Site%20Reliability%20Engineer&location=Maroc&start=25&f_TPR=r604800
[2026-03-20T09:55:43.066+0000] {scrapping_linkedin.py:243} INFO - [LinkedIn][Cloud Engineer] Session closed.
[2026-03-20T09:55:43.071+0000] {scrapping_linkedin.py:274} INFO - [LinkedIn] Merged 'Cloud Engineer' → 7 unique jobs (grand total: 257)
[2026-03-20T09:55:45.588+0000] {scrapping_linkedin.py:187} INFO - [LinkedIn][Infrastructure Engineer] Starting session...
[2026-03-20T09:55:47.751+0000] {scrapping_linkedin.py:234} INFO - [LinkedIn][Cloud Architect] +0 jobs (keyword total: 12)
[2026-03-20T09:55:48.736+0000] {scrapping_linkedin.py:205} INFO - [LinkedIn][Platform Engineer] Page 1 → https://www.linkedin.com/jobs/search/?keywords=Platform%20Engineer&location=Maroc&start=0&f_TPR=r604800
[2026-03-20T09:55:50.467+0000] {scrapping_linkedin.py:234} INFO - [LinkedIn][Site Reliability Engineer] +0 jobs (keyword total: 53)
[2026-03-20T09:55:50.626+0000] {scrapping_linkedin.py:243} INFO - [LinkedIn][Cloud Architect] Session closed.
[2026-03-20T09:55:50.630+0000] {scrapping_linkedin.py:274} INFO - [LinkedIn] Merged 'Cloud Architect' → 5 unique jobs (grand total: 262)
[2026-03-20T09:55:51.895+0000] {scrapping_linkedin.py:187} INFO - [LinkedIn][Kubernetes Engineer] Starting session...
[2026-03-20T09:55:53.060+0000] {scrapping_linkedin.py:205} INFO - [LinkedIn][Site Reliability Engineer] Page 3 → https://www.linkedin.com/jobs/search/?keywords=Site%20Reliability%20Engineer&location=Maroc&start=50&f_TPR=r604800
[2026-03-20T09:55:57.428+0000] {scrapping_linkedin.py:234} INFO - [LinkedIn][Platform Engineer] +24 jobs (keyword total: 24)
[2026-03-20T09:55:59.308+0000] {scrapping_linkedin.py:205} INFO - [LinkedIn][Infrastructure Engineer] Page 1 → https://www.linkedin.com/jobs/search/?keywords=Infrastructure%20Engineer&location=Maroc&start=0&f_TPR=r604800
[2026-03-20T09:55:59.556+0000] {scrapping_linkedin.py:205} INFO - [LinkedIn][Platform Engineer] Page 2 → https://www.linkedin.com/jobs/search/?keywords=Platform%20Engineer&location=Maroc&start=25&f_TPR=r604800
[2026-03-20T09:55:59.677+0000] {scrapping_linkedin.py:205} INFO - [LinkedIn][Kubernetes Engineer] Page 1 → https://www.linkedin.com/jobs/search/?keywords=Kubernetes%20Engineer&location=Maroc&start=0&f_TPR=r604800
[2026-03-20T09:56:01.868+0000] {scrapping_linkedin.py:234} INFO - [LinkedIn][Site Reliability Engineer] +0 jobs (keyword total: 53)
[2026-03-20T09:56:03.898+0000] {scrapping_linkedin.py:243} INFO - [LinkedIn][Site Reliability Engineer] Session closed.
[2026-03-20T09:56:03.906+0000] {scrapping_linkedin.py:274} INFO - [LinkedIn] Merged 'Site Reliability Engineer' → 1 unique jobs (grand total: 263)
[2026-03-20T09:56:06.282+0000] {scrapping_linkedin.py:187} INFO - [LinkedIn][Cybersecurity Engineer] Starting session...
[2026-03-20T09:56:08.697+0000] {scrapping_linkedin.py:234} INFO - [LinkedIn][Platform Engineer] +0 jobs (keyword total: 24)
[2026-03-20T09:56:10.279+0000] {scrapping_linkedin.py:205} INFO - [LinkedIn][Platform Engineer] Page 3 → https://www.linkedin.com/jobs/search/?keywords=Platform%20Engineer&location=Maroc&start=50&f_TPR=r604800
[2026-03-20T09:56:12.738+0000] {scrapping_linkedin.py:234} INFO - [LinkedIn][Infrastructure Engineer] +15 jobs (keyword total: 15)
[2026-03-20T09:56:14.924+0000] {scrapping_linkedin.py:234} INFO - [LinkedIn][Kubernetes Engineer] +16 jobs (keyword total: 16)
[2026-03-20T09:56:15.573+0000] {scrapping_linkedin.py:205} INFO - [LinkedIn][Infrastructure Engineer] Page 2 → https://www.linkedin.com/jobs/search/?keywords=Infrastructure%20Engineer&location=Maroc&start=25&f_TPR=r604800
[2026-03-20T09:56:17.712+0000] {scrapping_linkedin.py:205} INFO - [LinkedIn][Kubernetes Engineer] Page 2 → https://www.linkedin.com/jobs/search/?keywords=Kubernetes%20Engineer&location=Maroc&start=25&f_TPR=r604800
[2026-03-20T09:56:18.764+0000] {scrapping_linkedin.py:205} INFO - [LinkedIn][Cybersecurity Engineer] Page 1 → https://www.linkedin.com/jobs/search/?keywords=Cybersecurity%20Engineer&location=Maroc&start=0&f_TPR=r604800
[2026-03-20T09:56:20.803+0000] {scrapping_linkedin.py:234} INFO - [LinkedIn][Platform Engineer] +0 jobs (keyword total: 24)
[2026-03-20T09:56:24.314+0000] {scrapping_linkedin.py:243} INFO - [LinkedIn][Platform Engineer] Session closed.
[2026-03-20T09:56:24.318+0000] {scrapping_linkedin.py:274} INFO - [LinkedIn] Merged 'Platform Engineer' → 0 unique jobs (grand total: 263)
[2026-03-20T09:56:25.384+0000] {scrapping_linkedin.py:234} INFO - [LinkedIn][Infrastructure Engineer] +0 jobs (keyword total: 15)
[2026-03-20T09:56:27.493+0000] {scrapping_linkedin.py:234} INFO - [LinkedIn][Kubernetes Engineer] +0 jobs (keyword total: 16)
[2026-03-20T09:56:27.494+0000] {scrapping_linkedin.py:187} INFO - [LinkedIn][Security Analyst] Starting session...
[2026-03-20T09:56:28.317+0000] {scrapping_linkedin.py:205} INFO - [LinkedIn][Infrastructure Engineer] Page 3 → https://www.linkedin.com/jobs/search/?keywords=Infrastructure%20Engineer&location=Maroc&start=50&f_TPR=r604800
[2026-03-20T09:56:29.527+0000] {scrapping_linkedin.py:205} INFO - [LinkedIn][Kubernetes Engineer] Page 3 → https://www.linkedin.com/jobs/search/?keywords=Kubernetes%20Engineer&location=Maroc&start=50&f_TPR=r604800
[2026-03-20T09:56:31.020+0000] {scrapping_linkedin.py:234} INFO - [LinkedIn][Cybersecurity Engineer] +9 jobs (keyword total: 9)
[2026-03-20T09:56:32.870+0000] {scrapping_linkedin.py:205} INFO - [LinkedIn][Cybersecurity Engineer] Page 2 → https://www.linkedin.com/jobs/search/?keywords=Cybersecurity%20Engineer&location=Maroc&start=25&f_TPR=r604800
[2026-03-20T09:56:38.164+0000] {scrapping_linkedin.py:234} INFO - [LinkedIn][Infrastructure Engineer] +0 jobs (keyword total: 15)
[2026-03-20T09:56:39.146+0000] {scrapping_linkedin.py:205} INFO - [LinkedIn][Security Analyst] Page 1 → https://www.linkedin.com/jobs/search/?keywords=Security%20Analyst&location=Maroc&start=0&f_TPR=r604800
[2026-03-20T09:56:40.069+0000] {scrapping_linkedin.py:234} INFO - [LinkedIn][Kubernetes Engineer] +0 jobs (keyword total: 16)
[2026-03-20T09:56:40.836+0000] {scrapping_linkedin.py:243} INFO - [LinkedIn][Infrastructure Engineer] Session closed.
[2026-03-20T09:56:40.881+0000] {scrapping_linkedin.py:274} INFO - [LinkedIn] Merged 'Infrastructure Engineer' → 3 unique jobs (grand total: 266)
[2026-03-20T09:56:42.653+0000] {scrapping_linkedin.py:234} INFO - [LinkedIn][Cybersecurity Engineer] +0 jobs (keyword total: 9)
[2026-03-20T09:56:43.743+0000] {scrapping_linkedin.py:243} INFO - [LinkedIn][Kubernetes Engineer] Session closed.
[2026-03-20T09:56:43.787+0000] {scrapping_linkedin.py:274} INFO - [LinkedIn] Merged 'Kubernetes Engineer' → 0 unique jobs (grand total: 266)
[2026-03-20T09:56:44.826+0000] {scrapping_linkedin.py:205} INFO - [LinkedIn][Cybersecurity Engineer] Page 3 → https://www.linkedin.com/jobs/search/?keywords=Cybersecurity%20Engineer&location=Maroc&start=50&f_TPR=r604800
[2026-03-20T09:56:47.092+0000] {scrapping_linkedin.py:187} INFO - [LinkedIn][Penetration Tester] Starting session...
[2026-03-20T09:56:49.262+0000] {scrapping_linkedin.py:187} INFO - [LinkedIn][Ethical Hacker] Starting session...
[2026-03-20T09:56:57.076+0000] {scrapping_linkedin.py:234} INFO - [LinkedIn][Cybersecurity Engineer] +0 jobs (keyword total: 9)
[2026-03-20T09:56:59.651+0000] {scrapping_linkedin.py:243} INFO - [LinkedIn][Cybersecurity Engineer] Session closed.
[2026-03-20T09:56:59.671+0000] {scrapping_linkedin.py:274} INFO - [LinkedIn] Merged 'Cybersecurity Engineer' → 7 unique jobs (grand total: 273)
[2026-03-20T09:56:59.917+0000] {scrapping_linkedin.py:205} INFO - [LinkedIn][Ethical Hacker] Page 1 → https://www.linkedin.com/jobs/search/?keywords=Ethical%20Hacker&location=Maroc&start=0&f_TPR=r604800
[2026-03-20T09:57:00.495+0000] {scrapping_linkedin.py:205} INFO - [LinkedIn][Penetration Tester] Page 1 → https://www.linkedin.com/jobs/search/?keywords=Penetration%20Tester&location=Maroc&start=0&f_TPR=r604800
[2026-03-20T09:57:01.673+0000] {scrapping_linkedin.py:234} INFO - [LinkedIn][Security Analyst] +1 jobs (keyword total: 1)
[2026-03-20T09:57:02.262+0000] {scrapping_linkedin.py:187} INFO - [LinkedIn][SOC Analyst] Starting session...
[2026-03-20T09:57:04.087+0000] {scrapping_linkedin.py:205} INFO - [LinkedIn][Security Analyst] Page 2 → https://www.linkedin.com/jobs/search/?keywords=Security%20Analyst&location=Maroc&start=25&f_TPR=r604800
[2026-03-20T09:57:09.525+0000] {scrapping_linkedin.py:234} INFO - [LinkedIn][Penetration Tester] +4 jobs (keyword total: 4)
[2026-03-20T09:57:10.227+0000] {scrapping_linkedin.py:234} INFO - [LinkedIn][Ethical Hacker] +4 jobs (keyword total: 4)
[2026-03-20T09:57:11.053+0000] {scrapping_linkedin.py:205} INFO - [LinkedIn][Penetration Tester] Page 2 → https://www.linkedin.com/jobs/search/?keywords=Penetration%20Tester&location=Maroc&start=25&f_TPR=r604800
[2026-03-20T09:57:11.776+0000] {scrapping_linkedin.py:205} INFO - [LinkedIn][Ethical Hacker] Page 2 → https://www.linkedin.com/jobs/search/?keywords=Ethical%20Hacker&location=Maroc&start=25&f_TPR=r604800
[2026-03-20T09:57:13.416+0000] {scrapping_linkedin.py:234} INFO - [LinkedIn][Security Analyst] +0 jobs (keyword total: 1)
[2026-03-20T09:57:16.218+0000] {scrapping_linkedin.py:205} INFO - [LinkedIn][Security Analyst] Page 3 → https://www.linkedin.com/jobs/search/?keywords=Security%20Analyst&location=Maroc&start=50&f_TPR=r604800
[2026-03-20T09:57:19.797+0000] {scrapping_linkedin.py:234} INFO - [LinkedIn][Penetration Tester] +0 jobs (keyword total: 4)
[2026-03-20T09:57:19.864+0000] {scrapping_linkedin.py:205} INFO - [LinkedIn][SOC Analyst] Page 1 → https://www.linkedin.com/jobs/search/?keywords=SOC%20Analyst&location=Maroc&start=0&f_TPR=r604800
[2026-03-20T09:57:22.608+0000] {scrapping_linkedin.py:205} INFO - [LinkedIn][Penetration Tester] Page 3 → https://www.linkedin.com/jobs/search/?keywords=Penetration%20Tester&location=Maroc&start=50&f_TPR=r604800
[2026-03-20T09:57:22.669+0000] {scrapping_linkedin.py:234} INFO - [LinkedIn][Ethical Hacker] +0 jobs (keyword total: 4)
[2026-03-20T09:57:24.644+0000] {scrapping_linkedin.py:205} INFO - [LinkedIn][Ethical Hacker] Page 3 → https://www.linkedin.com/jobs/search/?keywords=Ethical%20Hacker&location=Maroc&start=50&f_TPR=r604800
[2026-03-20T09:57:27.125+0000] {scrapping_linkedin.py:234} INFO - [LinkedIn][Security Analyst] +0 jobs (keyword total: 1)
[2026-03-20T09:57:29.617+0000] {scrapping_linkedin.py:243} INFO - [LinkedIn][Security Analyst] Session closed.
[2026-03-20T09:57:29.622+0000] {scrapping_linkedin.py:274} INFO - [LinkedIn] Merged 'Security Analyst' → 1 unique jobs (grand total: 274)
[2026-03-20T09:57:31.866+0000] {scrapping_linkedin.py:234} INFO - [LinkedIn][Penetration Tester] +0 jobs (keyword total: 4)
[2026-03-20T09:57:32.009+0000] {scrapping_linkedin.py:187} INFO - [LinkedIn][Information Security] Starting session...
[2026-03-20T09:57:32.207+0000] {scrapping_linkedin.py:234} INFO - [LinkedIn][SOC Analyst] +5 jobs (keyword total: 5)
[2026-03-20T09:57:34.136+0000] {scrapping_linkedin.py:205} INFO - [LinkedIn][SOC Analyst] Page 2 → https://www.linkedin.com/jobs/search/?keywords=SOC%20Analyst&location=Maroc&start=25&f_TPR=r604800
[2026-03-20T09:57:34.499+0000] {scrapping_linkedin.py:243} INFO - [LinkedIn][Penetration Tester] Session closed.
[2026-03-20T09:57:34.504+0000] {scrapping_linkedin.py:274} INFO - [LinkedIn] Merged 'Penetration Tester' → 0 unique jobs (grand total: 274)
[2026-03-20T09:57:38.896+0000] {scrapping_linkedin.py:187} INFO - [LinkedIn][Network Engineer] Starting session...
[2026-03-20T09:57:41.963+0000] {scrapping_linkedin.py:205} INFO - [LinkedIn][Information Security] Page 1 → https://www.linkedin.com/jobs/search/?keywords=Information%20Security&location=Maroc&start=0&f_TPR=r604800
[2026-03-20T09:57:43.841+0000] {scrapping_linkedin.py:234} INFO - [LinkedIn][SOC Analyst] +0 jobs (keyword total: 5)
[2026-03-20T09:57:44.960+0000] {scrapping_linkedin.py:234} INFO - [LinkedIn][Ethical Hacker] +0 jobs (keyword total: 4)
[2026-03-20T09:57:46.146+0000] {scrapping_linkedin.py:205} INFO - [LinkedIn][SOC Analyst] Page 3 → https://www.linkedin.com/jobs/search/?keywords=SOC%20Analyst&location=Maroc&start=50&f_TPR=r604800
[2026-03-20T09:57:46.697+0000] {scrapping_linkedin.py:205} INFO - [LinkedIn][Network Engineer] Page 1 → https://www.linkedin.com/jobs/search/?keywords=Network%20Engineer&location=Maroc&start=0&f_TPR=r604800
[2026-03-20T09:57:47.796+0000] {scrapping_linkedin.py:243} INFO - [LinkedIn][Ethical Hacker] Session closed.
[2026-03-20T09:57:47.801+0000] {scrapping_linkedin.py:274} INFO - [LinkedIn] Merged 'Ethical Hacker' → 0 unique jobs (grand total: 274)
[2026-03-20T09:57:53.838+0000] {scrapping_linkedin.py:234} INFO - [LinkedIn][Information Security] +16 jobs (keyword total: 16)
[2026-03-20T09:57:53.844+0000] {scrapping_linkedin.py:187} INFO - [LinkedIn][System Administrator] Starting session...
[2026-03-20T09:57:55.987+0000] {scrapping_linkedin.py:205} INFO - [LinkedIn][Information Security] Page 2 → https://www.linkedin.com/jobs/search/?keywords=Information%20Security&location=Maroc&start=25&f_TPR=r604800
[2026-03-20T09:57:57.438+0000] {scrapping_linkedin.py:234} INFO - [LinkedIn][SOC Analyst] +0 jobs (keyword total: 5)
[2026-03-20T09:57:58.851+0000] {scrapping_linkedin.py:234} INFO - [LinkedIn][Network Engineer] +50 jobs (keyword total: 50)
[2026-03-20T09:58:00.105+0000] {scrapping_linkedin.py:243} INFO - [LinkedIn][SOC Analyst] Session closed.
[2026-03-20T09:58:00.108+0000] {scrapping_linkedin.py:274} INFO - [LinkedIn] Merged 'SOC Analyst' → 1 unique jobs (grand total: 275)
[2026-03-20T09:58:01.123+0000] {scrapping_linkedin.py:205} INFO - [LinkedIn][Network Engineer] Page 2 → https://www.linkedin.com/jobs/search/?keywords=Network%20Engineer&location=Maroc&start=25&f_TPR=r604800
[2026-03-20T09:58:03.315+0000] {scrapping_linkedin.py:187} INFO - [LinkedIn][Linux Administrator] Starting session...
[2026-03-20T09:58:05.265+0000] {scrapping_linkedin.py:234} INFO - [LinkedIn][Information Security] +0 jobs (keyword total: 16)
[2026-03-20T09:58:06.370+0000] {scrapping_linkedin.py:205} INFO - [LinkedIn][System Administrator] Page 1 → https://www.linkedin.com/jobs/search/?keywords=System%20Administrator&location=Maroc&start=0&f_TPR=r604800
[2026-03-20T09:58:08.180+0000] {scrapping_linkedin.py:205} INFO - [LinkedIn][Information Security] Page 3 → https://www.linkedin.com/jobs/search/?keywords=Information%20Security&location=Maroc&start=50&f_TPR=r604800
[2026-03-20T09:58:13.652+0000] {scrapping_linkedin.py:234} INFO - [LinkedIn][Network Engineer] +0 jobs (keyword total: 50)
[2026-03-20T09:58:15.035+0000] {scrapping_linkedin.py:205} INFO - [LinkedIn][Linux Administrator] Page 1 → https://www.linkedin.com/jobs/search/?keywords=Linux%20Administrator&location=Maroc&start=0&f_TPR=r604800
[2026-03-20T09:58:15.621+0000] {scrapping_linkedin.py:205} INFO - [LinkedIn][Network Engineer] Page 3 → https://www.linkedin.com/jobs/search/?keywords=Network%20Engineer&location=Maroc&start=50&f_TPR=r604800
[2026-03-20T09:58:16.855+0000] {scrapping_linkedin.py:234} INFO - [LinkedIn][System Administrator] +18 jobs (keyword total: 18)
[2026-03-20T09:58:18.825+0000] {scrapping_linkedin.py:234} INFO - [LinkedIn][Information Security] +0 jobs (keyword total: 16)
[2026-03-20T09:58:19.060+0000] {scrapping_linkedin.py:205} INFO - [LinkedIn][System Administrator] Page 2 → https://www.linkedin.com/jobs/search/?keywords=System%20Administrator&location=Maroc&start=25&f_TPR=r604800
[2026-03-20T09:58:20.625+0000] {scrapping_linkedin.py:243} INFO - [LinkedIn][Information Security] Session closed.
[2026-03-20T09:58:20.631+0000] {scrapping_linkedin.py:274} INFO - [LinkedIn] Merged 'Information Security' → 14 unique jobs (grand total: 289)
[2026-03-20T09:58:22.212+0000] {scrapping_linkedin.py:187} INFO - [LinkedIn][IT Support] Starting session...
[2026-03-20T09:58:24.209+0000] {scrapping_linkedin.py:234} INFO - [LinkedIn][Linux Administrator] +3 jobs (keyword total: 3)
[2026-03-20T09:58:24.985+0000] {scrapping_linkedin.py:234} INFO - [LinkedIn][Network Engineer] +0 jobs (keyword total: 50)
[2026-03-20T09:58:26.381+0000] {scrapping_linkedin.py:205} INFO - [LinkedIn][Linux Administrator] Page 2 → https://www.linkedin.com/jobs/search/?keywords=Linux%20Administrator&location=Maroc&start=25&f_TPR=r604800
[2026-03-20T09:58:27.518+0000] {scrapping_linkedin.py:243} INFO - [LinkedIn][Network Engineer] Session closed.
[2026-03-20T09:58:27.522+0000] {scrapping_linkedin.py:274} INFO - [LinkedIn] Merged 'Network Engineer' → 3 unique jobs (grand total: 292)
[2026-03-20T09:58:29.095+0000] {scrapping_linkedin.py:234} INFO - [LinkedIn][System Administrator] +0 jobs (keyword total: 18)
[2026-03-20T09:58:29.502+0000] {scrapping_linkedin.py:187} INFO - [LinkedIn][System Engineer] Starting session...
[2026-03-20T09:58:30.958+0000] {scrapping_linkedin.py:205} INFO - [LinkedIn][System Administrator] Page 3 → https://www.linkedin.com/jobs/search/?keywords=System%20Administrator&location=Maroc&start=50&f_TPR=r604800
[2026-03-20T09:58:32.449+0000] {scrapping_linkedin.py:205} INFO - [LinkedIn][IT Support] Page 1 → https://www.linkedin.com/jobs/search/?keywords=IT%20Support&location=Maroc&start=0&f_TPR=r604800
[2026-03-20T09:58:33.952+0000] {scrapping_linkedin.py:234} INFO - [LinkedIn][Linux Administrator] +0 jobs (keyword total: 3)
[2026-03-20T09:58:36.110+0000] {scrapping_linkedin.py:205} INFO - [LinkedIn][Linux Administrator] Page 3 → https://www.linkedin.com/jobs/search/?keywords=Linux%20Administrator&location=Maroc&start=50&f_TPR=r604800
[2026-03-20T09:58:36.169+0000] {scrapping_linkedin.py:205} INFO - [LinkedIn][System Engineer] Page 1 → https://www.linkedin.com/jobs/search/?keywords=System%20Engineer&location=Maroc&start=0&f_TPR=r604800
[2026-03-20T09:58:38.927+0000] {scrapping_linkedin.py:234} INFO - [LinkedIn][System Administrator] +0 jobs (keyword total: 18)
[2026-03-20T09:58:41.205+0000] {scrapping_linkedin.py:243} INFO - [LinkedIn][System Administrator] Session closed.
[2026-03-20T09:58:41.210+0000] {scrapping_linkedin.py:274} INFO - [LinkedIn] Merged 'System Administrator' → 14 unique jobs (grand total: 306)
[2026-03-20T09:58:42.916+0000] {scrapping_linkedin.py:187} INFO - [LinkedIn][Database Administrator] Starting session...
[2026-03-20T09:58:43.107+0000] {scrapping_linkedin.py:234} INFO - [LinkedIn][IT Support] +60 jobs (keyword total: 60)
[2026-03-20T09:58:43.782+0000] {scrapping_linkedin.py:234} INFO - [LinkedIn][Linux Administrator] +0 jobs (keyword total: 3)
[2026-03-20T09:58:45.725+0000] {scrapping_linkedin.py:234} INFO - [LinkedIn][System Engineer] +14 jobs (keyword total: 14)
[2026-03-20T09:58:45.844+0000] {scrapping_linkedin.py:205} INFO - [LinkedIn][IT Support] Page 2 → https://www.linkedin.com/jobs/search/?keywords=IT%20Support&location=Maroc&start=25&f_TPR=r604800
[2026-03-20T09:58:46.386+0000] {scrapping_linkedin.py:243} INFO - [LinkedIn][Linux Administrator] Session closed.
[2026-03-20T09:58:46.391+0000] {scrapping_linkedin.py:274} INFO - [LinkedIn] Merged 'Linux Administrator' → 2 unique jobs (grand total: 308)
[2026-03-20T09:58:48.674+0000] {scrapping_linkedin.py:205} INFO - [LinkedIn][System Engineer] Page 2 → https://www.linkedin.com/jobs/search/?keywords=System%20Engineer&location=Maroc&start=25&f_TPR=r604800
[2026-03-20T09:58:49.994+0000] {scrapping_linkedin.py:187} INFO - [LinkedIn][SQL Developer] Starting session...
[2026-03-20T09:58:53.716+0000] {scrapping_linkedin.py:205} INFO - [LinkedIn][Database Administrator] Page 1 → https://www.linkedin.com/jobs/search/?keywords=Database%20Administrator&location=Maroc&start=0&f_TPR=r604800
[2026-03-20T09:58:58.815+0000] {scrapping_linkedin.py:234} INFO - [LinkedIn][IT Support] +0 jobs (keyword total: 60)
[2026-03-20T09:59:01.807+0000] {scrapping_linkedin.py:205} INFO - [LinkedIn][IT Support] Page 3 → https://www.linkedin.com/jobs/search/?keywords=IT%20Support&location=Maroc&start=50&f_TPR=r604800
[2026-03-20T09:59:05.127+0000] {scrapping_linkedin.py:234} INFO - [LinkedIn][System Engineer] +0 jobs (keyword total: 14)
[2026-03-20T09:59:06.748+0000] {scrapping_linkedin.py:205} INFO - [LinkedIn][System Engineer] Page 3 → https://www.linkedin.com/jobs/search/?keywords=System%20Engineer&location=Maroc&start=50&f_TPR=r604800
[2026-03-20T09:59:07.146+0000] {scrapping_linkedin.py:205} INFO - [LinkedIn][SQL Developer] Page 1 → https://www.linkedin.com/jobs/search/?keywords=SQL%20Developer&location=Maroc&start=0&f_TPR=r604800
[2026-03-20T09:59:10.213+0000] {scrapping_linkedin.py:234} INFO - [LinkedIn][Database Administrator] +60 jobs (keyword total: 60)
[2026-03-20T09:59:12.314+0000] {scrapping_linkedin.py:205} INFO - [LinkedIn][Database Administrator] Page 2 → https://www.linkedin.com/jobs/search/?keywords=Database%20Administrator&location=Maroc&start=25&f_TPR=r604800
[2026-03-20T09:59:17.466+0000] {scrapping_linkedin.py:234} INFO - [LinkedIn][IT Support] +0 jobs (keyword total: 60)
[2026-03-20T09:59:18.429+0000] {scrapping_linkedin.py:234} INFO - [LinkedIn][System Engineer] +0 jobs (keyword total: 14)
[2026-03-20T09:59:21.731+0000] {scrapping_linkedin.py:234} INFO - [LinkedIn][SQL Developer] +1 jobs (keyword total: 1)
[2026-03-20T09:59:21.839+0000] {scrapping_linkedin.py:243} INFO - [LinkedIn][System Engineer] Session closed.
[2026-03-20T09:59:21.855+0000] {scrapping_linkedin.py:274} INFO - [LinkedIn] Merged 'System Engineer' → 3 unique jobs (grand total: 311)
[2026-03-20T09:59:21.964+0000] {scrapping_linkedin.py:243} INFO - [LinkedIn][IT Support] Session closed.
[2026-03-20T09:59:21.988+0000] {scrapping_linkedin.py:274} INFO - [LinkedIn] Merged 'IT Support' → 44 unique jobs (grand total: 355)
[2026-03-20T09:59:24.109+0000] {scrapping_linkedin.py:205} INFO - [LinkedIn][SQL Developer] Page 2 → https://www.linkedin.com/jobs/search/?keywords=SQL%20Developer&location=Maroc&start=25&f_TPR=r604800
[2026-03-20T09:59:27.845+0000] {scrapping_linkedin.py:187} INFO - [LinkedIn][Big Data Engineer] Starting session...
[2026-03-20T09:59:28.101+0000] {scrapping_linkedin.py:187} INFO - [LinkedIn][QA Engineer] Starting session...
[2026-03-20T09:59:28.447+0000] {scrapping_linkedin.py:234} INFO - [LinkedIn][Database Administrator] +0 jobs (keyword total: 60)
[2026-03-20T09:59:30.783+0000] {scrapping_linkedin.py:205} INFO - [LinkedIn][Database Administrator] Page 3 → https://www.linkedin.com/jobs/search/?keywords=Database%20Administrator&location=Maroc&start=50&f_TPR=r604800
[2026-03-20T09:59:33.943+0000] {scrapping_linkedin.py:234} INFO - [LinkedIn][SQL Developer] +0 jobs (keyword total: 1)
[2026-03-20T09:59:36.654+0000] {scrapping_linkedin.py:205} INFO - [LinkedIn][SQL Developer] Page 3 → https://www.linkedin.com/jobs/search/?keywords=SQL%20Developer&location=Maroc&start=50&f_TPR=r604800
[2026-03-20T09:59:36.902+0000] {scrapping_linkedin.py:205} INFO - [LinkedIn][QA Engineer] Page 1 → https://www.linkedin.com/jobs/search/?keywords=QA%20Engineer&location=Maroc&start=0&f_TPR=r604800
[2026-03-20T09:59:40.447+0000] {scrapping_linkedin.py:205} INFO - [LinkedIn][Big Data Engineer] Page 1 → https://www.linkedin.com/jobs/search/?keywords=Big%20Data%20Engineer&location=Maroc&start=0&f_TPR=r604800
[2026-03-20T09:59:42.482+0000] {local_task_job_runner.py:121} ERROR - Received SIGTERM. Terminating subprocesses
[2026-03-20T09:59:43.003+0000] {process_utils.py:131} INFO - Sending 15 to group 174. PIDs of all processes in the group: [174]
[2026-03-20T09:59:43.056+0000] {process_utils.py:86} INFO - Sending the signal 15 to group 174
[2026-03-20T09:59:43.075+0000] {taskinstance.py:2450} ERROR - Received SIGTERM. Terminating subprocesses.
[2026-03-20T10:17:13.724+0000] {local_task_job_runner.py:123} INFO - ::group::Pre task execution logs
[2026-03-20T10:17:13.764+0000] {taskinstance.py:2613} INFO - Dependencies all met for dep_context=non-requeueable deps ti=<TaskInstance: daily_job_scraping.extract_linkedin scheduled__2026-03-18T12:00:00+00:00 [queued]>
[2026-03-20T10:17:13.782+0000] {taskinstance.py:2613} INFO - Dependencies all met for dep_context=requeueable deps ti=<TaskInstance: daily_job_scraping.extract_linkedin scheduled__2026-03-18T12:00:00+00:00 [queued]>
[2026-03-20T10:17:13.784+0000] {taskinstance.py:2866} INFO - Starting attempt 1 of 3
[2026-03-20T10:17:13.807+0000] {taskinstance.py:2889} INFO - Executing <Task(PythonOperator): extract_linkedin> on 2026-03-18 12:00:00+00:00
[2026-03-20T10:17:13.825+0000] {standard_task_runner.py:72} INFO - Started process 178 to run task
[2026-03-20T10:17:13.833+0000] {standard_task_runner.py:104} INFO - Running: ['airflow', 'tasks', 'run', 'daily_job_scraping', 'extract_linkedin', 'scheduled__2026-03-18T12:00:00+00:00', '--job-id', '2', '--raw', '--subdir', 'DAGS_FOLDER/job_scraping_dag.py', '--cfg-path', '/tmp/tmpcod1u_5r']
[2026-03-20T10:17:13.843+0000] {standard_task_runner.py:105} INFO - Job 2: Subtask extract_linkedin
[2026-03-20T10:17:13.999+0000] {task_command.py:467} INFO - Running <TaskInstance: daily_job_scraping.extract_linkedin scheduled__2026-03-18T12:00:00+00:00 [running]> on host 696af1b356a2
[2026-03-20T10:17:14.183+0000] {taskinstance.py:3132} INFO - Exporting env vars: AIRFLOW_CTX_DAG_OWNER='job_intelligent' AIRFLOW_CTX_DAG_ID='daily_job_scraping' AIRFLOW_CTX_TASK_ID='extract_linkedin' AIRFLOW_CTX_EXECUTION_DATE='2026-03-18T12:00:00+00:00' AIRFLOW_CTX_TRY_NUMBER='1' AIRFLOW_CTX_DAG_RUN_ID='scheduled__2026-03-18T12:00:00+00:00'
[2026-03-20T10:17:14.186+0000] {taskinstance.py:731} INFO - ::endgroup::
[2026-03-20T10:17:14.239+0000] {job_scraping_dag.py:43} INFO - [DAG] Starting LinkedIn extraction...
[2026-03-20T10:17:14.241+0000] {scrapping_linkedin.py:259} INFO - [LinkedIn] Starting 68 keywords with 4 parallel workers | SELENIUM_URL=http://selenium:4444/wd/hub
[2026-03-20T10:17:25.289+0000] {scrapping_linkedin.py:187} INFO - [LinkedIn][Machine Learning Engineer] Starting session...
[2026-03-20T10:17:25.293+0000] {scrapping_linkedin.py:187} INFO - [LinkedIn][Data Scientist] Starting session...
[2026-03-20T10:17:25.306+0000] {scrapping_linkedin.py:187} INFO - [LinkedIn][Data Analyst] Starting session...
[2026-03-20T10:17:25.307+0000] {scrapping_linkedin.py:187} INFO - [LinkedIn][Data Engineer] Starting session...
[2026-03-20T10:17:34.230+0000] {scrapping_linkedin.py:205} INFO - [LinkedIn][Data Engineer] Page 1 → https://www.linkedin.com/jobs/search/?keywords=Data%20Engineer&location=Maroc&start=0&f_TPR=r604800
[2026-03-20T10:17:35.264+0000] {scrapping_linkedin.py:205} INFO - [LinkedIn][Data Analyst] Page 1 → https://www.linkedin.com/jobs/search/?keywords=Data%20Analyst&location=Maroc&start=0&f_TPR=r604800
[2026-03-20T10:17:37.413+0000] {scrapping_linkedin.py:205} INFO - [LinkedIn][Machine Learning Engineer] Page 1 → https://www.linkedin.com/jobs/search/?keywords=Machine%20Learning%20Engineer&location=Maroc&start=0&f_TPR=r604800
[2026-03-20T10:17:39.158+0000] {scrapping_linkedin.py:205} INFO - [LinkedIn][Data Scientist] Page 1 → https://www.linkedin.com/jobs/search/?keywords=Data%20Scientist&location=Maroc&start=0&f_TPR=r604800
[2026-03-20T10:17:46.641+0000] {scrapping_linkedin.py:234} INFO - [LinkedIn][Data Analyst] +60 jobs (keyword total: 60)
[2026-03-20T10:17:46.762+0000] {scrapping_linkedin.py:234} INFO - [LinkedIn][Data Engineer] +60 jobs (keyword total: 60)
[2026-03-20T10:17:49.013+0000] {scrapping_linkedin.py:205} INFO - [LinkedIn][Data Analyst] Page 2 → https://www.linkedin.com/jobs/search/?keywords=Data%20Analyst&location=Maroc&start=25&f_TPR=r604800
[2026-03-20T10:17:49.719+0000] {scrapping_linkedin.py:205} INFO - [LinkedIn][Data Engineer] Page 2 → https://www.linkedin.com/jobs/search/?keywords=Data%20Engineer&location=Maroc&start=25&f_TPR=r604800
[2026-03-20T10:17:49.994+0000] {scrapping_linkedin.py:234} INFO - [LinkedIn][Data Scientist] +60 jobs (keyword total: 60)
[2026-03-20T10:17:51.442+0000] {scrapping_linkedin.py:234} INFO - [LinkedIn][Machine Learning Engineer] +54 jobs (keyword total: 54)
[2026-03-20T10:17:51.815+0000] {scrapping_linkedin.py:205} INFO - [LinkedIn][Data Scientist] Page 2 → https://www.linkedin.com/jobs/search/?keywords=Data%20Scientist&location=Maroc&start=25&f_TPR=r604800
[2026-03-20T10:17:53.861+0000] {scrapping_linkedin.py:205} INFO - [LinkedIn][Machine Learning Engineer] Page 2 → https://www.linkedin.com/jobs/search/?keywords=Machine%20Learning%20Engineer&location=Maroc&start=25&f_TPR=r604800
[2026-03-20T10:17:59.765+0000] {scrapping_linkedin.py:234} INFO - [LinkedIn][Data Engineer] +8 jobs (keyword total: 68)
[2026-03-20T10:18:00.103+0000] {scrapping_linkedin.py:234} INFO - [LinkedIn][Data Analyst] +0 jobs (keyword total: 60)
[2026-03-20T10:18:01.414+0000] {scrapping_linkedin.py:205} INFO - [LinkedIn][Data Engineer] Page 3 → https://www.linkedin.com/jobs/search/?keywords=Data%20Engineer&location=Maroc&start=50&f_TPR=r604800
[2026-03-20T10:18:01.511+0000] {scrapping_linkedin.py:234} INFO - [LinkedIn][Data Scientist] +0 jobs (keyword total: 60)
[2026-03-20T10:18:03.015+0000] {scrapping_linkedin.py:205} INFO - [LinkedIn][Data Analyst] Page 3 → https://www.linkedin.com/jobs/search/?keywords=Data%20Analyst&location=Maroc&start=50&f_TPR=r604800
[2026-03-20T10:18:03.232+0000] {scrapping_linkedin.py:205} INFO - [LinkedIn][Data Scientist] Page 3 → https://www.linkedin.com/jobs/search/?keywords=Data%20Scientist&location=Maroc&start=50&f_TPR=r604800
[2026-03-20T10:18:03.997+0000] {scrapping_linkedin.py:234} INFO - [LinkedIn][Machine Learning Engineer] +0 jobs (keyword total: 54)
[2026-03-20T10:18:06.765+0000] {scrapping_linkedin.py:205} INFO - [LinkedIn][Machine Learning Engineer] Page 3 → https://www.linkedin.com/jobs/search/?keywords=Machine%20Learning%20Engineer&location=Maroc&start=50&f_TPR=r604800
[2026-03-20T10:18:12.036+0000] {scrapping_linkedin.py:234} INFO - [LinkedIn][Data Engineer] +0 jobs (keyword total: 68)
[2026-03-20T10:18:12.781+0000] {scrapping_linkedin.py:234} INFO - [LinkedIn][Data Analyst] +0 jobs (keyword total: 60)
[2026-03-20T10:18:13.021+0000] {scrapping_linkedin.py:234} INFO - [LinkedIn][Data Scientist] +0 jobs (keyword total: 60)
[2026-03-20T10:18:14.712+0000] {scrapping_linkedin.py:243} INFO - [LinkedIn][Data Engineer] Session closed.
[2026-03-20T10:18:14.753+0000] {scrapping_linkedin.py:274} INFO - [LinkedIn] Merged 'Data Engineer' → 68 unique jobs (grand total: 68)
[2026-03-20T10:18:14.836+0000] {scrapping_linkedin.py:234} INFO - [LinkedIn][Machine Learning Engineer] +0 jobs (keyword total: 54)
[2026-03-20T10:18:15.415+0000] {scrapping_linkedin.py:243} INFO - [LinkedIn][Data Analyst] Session closed.
[2026-03-20T10:18:15.423+0000] {scrapping_linkedin.py:274} INFO - [LinkedIn] Merged 'Data Analyst' → 40 unique jobs (grand total: 108)
[2026-03-20T10:18:16.278+0000] {scrapping_linkedin.py:243} INFO - [LinkedIn][Data Scientist] Session closed.
[2026-03-20T10:18:16.287+0000] {scrapping_linkedin.py:274} INFO - [LinkedIn] Merged 'Data Scientist' → 23 unique jobs (grand total: 131)
[2026-03-20T10:18:17.540+0000] {scrapping_linkedin.py:187} INFO - [LinkedIn][Deep Learning Engineer] Starting session...
[2026-03-20T10:18:18.333+0000] {scrapping_linkedin.py:243} INFO - [LinkedIn][Machine Learning Engineer] Session closed.
[2026-03-20T10:18:18.343+0000] {scrapping_linkedin.py:274} INFO - [LinkedIn] Merged 'Machine Learning Engineer' → 6 unique jobs (grand total: 137)
[2026-03-20T10:18:18.976+0000] {scrapping_linkedin.py:187} INFO - [LinkedIn][AI Engineer] Starting session...
[2026-03-20T10:18:19.978+0000] {scrapping_linkedin.py:187} INFO - [LinkedIn][NLP Engineer] Starting session...
[2026-03-20T10:18:21.259+0000] {scrapping_linkedin.py:187} INFO - [LinkedIn][Computer Vision Engineer] Starting session...
[2026-03-20T10:18:26.044+0000] {scrapping_linkedin.py:205} INFO - [LinkedIn][AI Engineer] Page 1 → https://www.linkedin.com/jobs/search/?keywords=AI%20Engineer&location=Maroc&start=0&f_TPR=r604800
[2026-03-20T10:18:29.177+0000] {scrapping_linkedin.py:205} INFO - [LinkedIn][NLP Engineer] Page 1 → https://www.linkedin.com/jobs/search/?keywords=NLP%20Engineer&location=Maroc&start=0&f_TPR=r604800
[2026-03-20T10:18:29.207+0000] {scrapping_linkedin.py:205} INFO - [LinkedIn][Computer Vision Engineer] Page 1 → https://www.linkedin.com/jobs/search/?keywords=Computer%20Vision%20Engineer&location=Maroc&start=0&f_TPR=r604800
[2026-03-20T10:18:32.022+0000] {scrapping_linkedin.py:205} INFO - [LinkedIn][Deep Learning Engineer] Page 1 → https://www.linkedin.com/jobs/search/?keywords=Deep%20Learning%20Engineer&location=Maroc&start=0&f_TPR=r604800
[2026-03-20T10:18:34.978+0000] {scrapping_linkedin.py:234} INFO - [LinkedIn][AI Engineer] +7 jobs (keyword total: 7)
[2026-03-20T10:18:37.069+0000] {scrapping_linkedin.py:205} INFO - [LinkedIn][AI Engineer] Page 2 → https://www.linkedin.com/jobs/search/?keywords=AI%20Engineer&location=Maroc&start=25&f_TPR=r604800
[2026-03-20T10:18:40.096+0000] {scrapping_linkedin.py:234} INFO - [LinkedIn][Computer Vision Engineer] +36 jobs (keyword total: 36)
[2026-03-20T10:18:41.136+0000] {scrapping_linkedin.py:234} INFO - [LinkedIn][NLP Engineer] +18 jobs (keyword total: 18)
[2026-03-20T10:18:41.632+0000] {scrapping_linkedin.py:205} INFO - [LinkedIn][Computer Vision Engineer] Page 2 → https://www.linkedin.com/jobs/search/?keywords=Computer%20Vision%20Engineer&location=Maroc&start=25&f_TPR=r604800
[2026-03-20T10:18:43.220+0000] {scrapping_linkedin.py:205} INFO - [LinkedIn][NLP Engineer] Page 2 → https://www.linkedin.com/jobs/search/?keywords=NLP%20Engineer&location=Maroc&start=25&f_TPR=r604800
[2026-03-20T10:18:45.096+0000] {scrapping_linkedin.py:234} INFO - [LinkedIn][AI Engineer] +0 jobs (keyword total: 7)
[2026-03-20T10:18:46.879+0000] {scrapping_linkedin.py:205} INFO - [LinkedIn][AI Engineer] Page 3 → https://www.linkedin.com/jobs/search/?keywords=AI%20Engineer&location=Maroc&start=50&f_TPR=r604800
[2026-03-20T10:18:50.435+0000] {scrapping_linkedin.py:234} INFO - [LinkedIn][Computer Vision Engineer] +0 jobs (keyword total: 36)
[2026-03-20T10:18:52.007+0000] {scrapping_linkedin.py:223} WARNING - [LinkedIn][Deep Learning Engineer] No cards on page 1, stopping.
[2026-03-20T10:18:52.116+0000] {scrapping_linkedin.py:243} INFO - [LinkedIn][Deep Learning Engineer] Session closed.
[2026-03-20T10:18:52.141+0000] {scrapping_linkedin.py:274} INFO - [LinkedIn] Merged 'Deep Learning Engineer' → 0 unique jobs (grand total: 137)
[2026-03-20T10:18:52.181+0000] {scrapping_linkedin.py:234} INFO - [LinkedIn][NLP Engineer] +0 jobs (keyword total: 18)
[2026-03-20T10:18:52.914+0000] {scrapping_linkedin.py:205} INFO - [LinkedIn][Computer Vision Engineer] Page 3 → https://www.linkedin.com/jobs/search/?keywords=Computer%20Vision%20Engineer&location=Maroc&start=50&f_TPR=r604800
[2026-03-20T10:18:54.197+0000] {scrapping_linkedin.py:187} INFO - [LinkedIn][MLOps Engineer] Starting session...
[2026-03-20T10:18:55.086+0000] {scrapping_linkedin.py:205} INFO - [LinkedIn][NLP Engineer] Page 3 → https://www.linkedin.com/jobs/search/?keywords=NLP%20Engineer&location=Maroc&start=50&f_TPR=r604800
[2026-03-20T10:19:01.934+0000] {scrapping_linkedin.py:234} INFO - [LinkedIn][Computer Vision Engineer] +0 jobs (keyword total: 36)
[2026-03-20T10:19:03.254+0000] {scrapping_linkedin.py:234} INFO - [LinkedIn][NLP Engineer] +0 jobs (keyword total: 18)
[2026-03-20T10:19:03.937+0000] {scrapping_linkedin.py:205} INFO - [LinkedIn][MLOps Engineer] Page 1 → https://www.linkedin.com/jobs/search/?keywords=MLOps%20Engineer&location=Maroc&start=0&f_TPR=r604800
[2026-03-20T10:19:04.282+0000] {scrapping_linkedin.py:243} INFO - [LinkedIn][Computer Vision Engineer] Session closed.
[2026-03-20T10:19:04.289+0000] {scrapping_linkedin.py:274} INFO - [LinkedIn] Merged 'Computer Vision Engineer' → 0 unique jobs (grand total: 137)
[2026-03-20T10:19:05.152+0000] {scrapping_linkedin.py:243} INFO - [LinkedIn][NLP Engineer] Session closed.
[2026-03-20T10:19:05.161+0000] {scrapping_linkedin.py:274} INFO - [LinkedIn] Merged 'NLP Engineer' → 13 unique jobs (grand total: 150)
[2026-03-20T10:19:05.356+0000] {scrapping_linkedin.py:187} INFO - [LinkedIn][Business Intelligence] Starting session...
[2026-03-20T10:19:06.148+0000] {scrapping_linkedin.py:223} WARNING - [LinkedIn][AI Engineer] No cards on page 3, stopping.
[2026-03-20T10:19:06.340+0000] {scrapping_linkedin.py:243} INFO - [LinkedIn][AI Engineer] Session closed.
[2026-03-20T10:19:06.345+0000] {scrapping_linkedin.py:274} INFO - [LinkedIn] Merged 'AI Engineer' → 2 unique jobs (grand total: 152)
[2026-03-20T10:19:07.135+0000] {scrapping_linkedin.py:187} INFO - [LinkedIn][BI Analyst] Starting session...
[2026-03-20T10:19:08.394+0000] {scrapping_linkedin.py:187} INFO - [LinkedIn][Data Architect] Starting session...
[2026-03-20T10:19:13.133+0000] {scrapping_linkedin.py:205} INFO - [LinkedIn][BI Analyst] Page 1 → https://www.linkedin.com/jobs/search/?keywords=BI%20Analyst&location=Maroc&start=0&f_TPR=r604800
[2026-03-20T10:19:13.261+0000] {scrapping_linkedin.py:234} INFO - [LinkedIn][MLOps Engineer] +2 jobs (keyword total: 2)
[2026-03-20T10:19:13.824+0000] {scrapping_linkedin.py:205} INFO - [LinkedIn][Business Intelligence] Page 1 → https://www.linkedin.com/jobs/search/?keywords=Business%20Intelligence&location=Maroc&start=0&f_TPR=r604800
[2026-03-20T10:19:15.419+0000] {scrapping_linkedin.py:205} INFO - [LinkedIn][MLOps Engineer] Page 2 → https://www.linkedin.com/jobs/search/?keywords=MLOps%20Engineer&location=Maroc&start=25&f_TPR=r604800
[2026-03-20T10:19:23.245+0000] {scrapping_linkedin.py:234} INFO - [LinkedIn][Business Intelligence] +31 jobs (keyword total: 31)
[2026-03-20T10:19:23.913+0000] {scrapping_linkedin.py:234} INFO - [LinkedIn][BI Analyst] +14 jobs (keyword total: 14)
[2026-03-20T10:19:25.361+0000] {scrapping_linkedin.py:234} INFO - [LinkedIn][MLOps Engineer] +0 jobs (keyword total: 2)
[2026-03-20T10:19:25.749+0000] {scrapping_linkedin.py:205} INFO - [LinkedIn][BI Analyst] Page 2 → https://www.linkedin.com/jobs/search/?keywords=BI%20Analyst&location=Maroc&start=25&f_TPR=r604800
[2026-03-20T10:19:26.193+0000] {scrapping_linkedin.py:205} INFO - [LinkedIn][Business Intelligence] Page 2 → https://www.linkedin.com/jobs/search/?keywords=Business%20Intelligence&location=Maroc&start=25&f_TPR=r604800
[2026-03-20T10:19:27.037+0000] {scrapping_linkedin.py:205} INFO - [LinkedIn][MLOps Engineer] Page 3 → https://www.linkedin.com/jobs/search/?keywords=MLOps%20Engineer&location=Maroc&start=50&f_TPR=r604800
[2026-03-20T10:19:28.203+0000] {scrapping_linkedin.py:205} INFO - [LinkedIn][Data Architect] Page 1 → https://www.linkedin.com/jobs/search/?keywords=Data%20Architect&location=Maroc&start=0&f_TPR=r604800
[2026-03-20T10:19:34.234+0000] {scrapping_linkedin.py:234} INFO - [LinkedIn][BI Analyst] +0 jobs (keyword total: 14)
[2026-03-20T10:19:36.991+0000] {scrapping_linkedin.py:205} INFO - [LinkedIn][BI Analyst] Page 3 → https://www.linkedin.com/jobs/search/?keywords=BI%20Analyst&location=Maroc&start=50&f_TPR=r604800
[2026-03-20T10:19:40.951+0000] {scrapping_linkedin.py:234} INFO - [LinkedIn][Data Architect] +27 jobs (keyword total: 27)
[2026-03-20T10:19:43.014+0000] {scrapping_linkedin.py:234} INFO - [LinkedIn][Business Intelligence] +0 jobs (keyword total: 31)
[2026-03-20T10:19:43.892+0000] {scrapping_linkedin.py:205} INFO - [LinkedIn][Data Architect] Page 2 → https://www.linkedin.com/jobs/search/?keywords=Data%20Architect&location=Maroc&start=25&f_TPR=r604800
[2026-03-20T10:19:44.383+0000] {scrapping_linkedin.py:234} INFO - [LinkedIn][BI Analyst] +0 jobs (keyword total: 14)
[2026-03-20T10:19:45.341+0000] {scrapping_linkedin.py:205} INFO - [LinkedIn][Business Intelligence] Page 3 → https://www.linkedin.com/jobs/search/?keywords=Business%20Intelligence&location=Maroc&start=50&f_TPR=r604800
[2026-03-20T10:19:45.757+0000] {scrapping_linkedin.py:234} INFO - [LinkedIn][MLOps Engineer] +0 jobs (keyword total: 2)
[2026-03-20T10:19:46.615+0000] {scrapping_linkedin.py:243} INFO - [LinkedIn][BI Analyst] Session closed.
[2026-03-20T10:19:46.623+0000] {scrapping_linkedin.py:274} INFO - [LinkedIn] Merged 'BI Analyst' → 4 unique jobs (grand total: 156)
[2026-03-20T10:19:48.688+0000] {scrapping_linkedin.py:187} INFO - [LinkedIn][Software Engineer] Starting session...
[2026-03-20T10:19:48.967+0000] {scrapping_linkedin.py:243} INFO - [LinkedIn][MLOps Engineer] Session closed.
[2026-03-20T10:19:48.974+0000] {scrapping_linkedin.py:274} INFO - [LinkedIn] Merged 'MLOps Engineer' → 0 unique jobs (grand total: 156)
[2026-03-20T10:19:50.176+0000] {scrapping_linkedin.py:187} INFO - [LinkedIn][Software Developer] Starting session...
[2026-03-20T10:19:51.784+0000] {scrapping_linkedin.py:234} INFO - [LinkedIn][Data Architect] +0 jobs (keyword total: 27)
[2026-03-20T10:19:53.776+0000] {scrapping_linkedin.py:234} INFO - [LinkedIn][Business Intelligence] +0 jobs (keyword total: 31)
[2026-03-20T10:19:54.591+0000] {scrapping_linkedin.py:205} INFO - [LinkedIn][Data Architect] Page 3 → https://www.linkedin.com/jobs/search/?keywords=Data%20Architect&location=Maroc&start=50&f_TPR=r604800
[2026-03-20T10:19:56.073+0000] {scrapping_linkedin.py:243} INFO - [LinkedIn][Business Intelligence] Session closed.
[2026-03-20T10:19:56.077+0000] {scrapping_linkedin.py:274} INFO - [LinkedIn] Merged 'Business Intelligence' → 14 unique jobs (grand total: 170)
[2026-03-20T10:19:57.117+0000] {scrapping_linkedin.py:205} INFO - [LinkedIn][Software Engineer] Page 1 → https://www.linkedin.com/jobs/search/?keywords=Software%20Engineer&location=Maroc&start=0&f_TPR=r604800
[2026-03-20T10:19:58.727+0000] {scrapping_linkedin.py:187} INFO - [LinkedIn][Backend Developer] Starting session...
[2026-03-20T10:20:01.140+0000] {scrapping_linkedin.py:205} INFO - [LinkedIn][Software Developer] Page 1 → https://www.linkedin.com/jobs/search/?keywords=Software%20Developer&location=Maroc&start=0&f_TPR=r604800
[2026-03-20T10:20:03.467+0000] {scrapping_linkedin.py:234} INFO - [LinkedIn][Data Architect] +0 jobs (keyword total: 27)
[2026-03-20T10:20:06.173+0000] {scrapping_linkedin.py:243} INFO - [LinkedIn][Data Architect] Session closed.
[2026-03-20T10:20:06.179+0000] {scrapping_linkedin.py:274} INFO - [LinkedIn] Merged 'Data Architect' → 3 unique jobs (grand total: 173)
[2026-03-20T10:20:07.055+0000] {scrapping_linkedin.py:205} INFO - [LinkedIn][Backend Developer] Page 1 → https://www.linkedin.com/jobs/search/?keywords=Backend%20Developer&location=Maroc&start=0&f_TPR=r604800
[2026-03-20T10:20:07.785+0000] {scrapping_linkedin.py:234} INFO - [LinkedIn][Software Engineer] +60 jobs (keyword total: 60)
[2026-03-20T10:20:08.208+0000] {scrapping_linkedin.py:187} INFO - [LinkedIn][Frontend Developer] Starting session...
[2026-03-20T10:20:09.497+0000] {scrapping_linkedin.py:205} INFO - [LinkedIn][Software Engineer] Page 2 → https://www.linkedin.com/jobs/search/?keywords=Software%20Engineer&location=Maroc&start=25&f_TPR=r604800
[2026-03-20T10:20:12.471+0000] {scrapping_linkedin.py:234} INFO - [LinkedIn][Software Developer] +60 jobs (keyword total: 60)
[2026-03-20T10:20:14.287+0000] {scrapping_linkedin.py:205} INFO - [LinkedIn][Software Developer] Page 2 → https://www.linkedin.com/jobs/search/?keywords=Software%20Developer&location=Maroc&start=25&f_TPR=r604800
[2026-03-20T10:20:16.440+0000] {scrapping_linkedin.py:234} INFO - [LinkedIn][Software Engineer] +0 jobs (keyword total: 60)
[2026-03-20T10:20:19.053+0000] {scrapping_linkedin.py:205} INFO - [LinkedIn][Software Engineer] Page 3 → https://www.linkedin.com/jobs/search/?keywords=Software%20Engineer&location=Maroc&start=50&f_TPR=r604800
[2026-03-20T10:20:19.636+0000] {scrapping_linkedin.py:205} INFO - [LinkedIn][Frontend Developer] Page 1 → https://www.linkedin.com/jobs/search/?keywords=Frontend%20Developer&location=Maroc&start=0&f_TPR=r604800
[2026-03-20T10:20:23.285+0000] {scrapping_linkedin.py:234} INFO - [LinkedIn][Software Developer] +0 jobs (keyword total: 60)
[2026-03-20T10:20:25.229+0000] {scrapping_linkedin.py:205} INFO - [LinkedIn][Software Developer] Page 3 → https://www.linkedin.com/jobs/search/?keywords=Software%20Developer&location=Maroc&start=50&f_TPR=r604800
[2026-03-20T10:20:28.242+0000] {scrapping_linkedin.py:234} INFO - [LinkedIn][Software Engineer] +0 jobs (keyword total: 60)
[2026-03-20T10:20:30.037+0000] {scrapping_linkedin.py:234} INFO - [LinkedIn][Backend Developer] +32 jobs (keyword total: 32)
[2026-03-20T10:20:30.234+0000] {scrapping_linkedin.py:243} INFO - [LinkedIn][Software Engineer] Session closed.
[2026-03-20T10:20:30.239+0000] {scrapping_linkedin.py:274} INFO - [LinkedIn] Merged 'Software Engineer' → 11 unique jobs (grand total: 184)
[2026-03-20T10:20:30.568+0000] {scrapping_linkedin.py:234} INFO - [LinkedIn][Frontend Developer] +14 jobs (keyword total: 14)
[2026-03-20T10:20:31.772+0000] {scrapping_linkedin.py:187} INFO - [LinkedIn][Full Stack Developer] Starting session...
[2026-03-20T10:20:32.577+0000] {scrapping_linkedin.py:205} INFO - [LinkedIn][Frontend Developer] Page 2 → https://www.linkedin.com/jobs/search/?keywords=Frontend%20Developer&location=Maroc&start=25&f_TPR=r604800
[2026-03-20T10:20:32.779+0000] {scrapping_linkedin.py:205} INFO - [LinkedIn][Backend Developer] Page 2 → https://www.linkedin.com/jobs/search/?keywords=Backend%20Developer&location=Maroc&start=25&f_TPR=r604800
[2026-03-20T10:20:37.156+0000] {scrapping_linkedin.py:234} INFO - [LinkedIn][Software Developer] +0 jobs (keyword total: 60)
[2026-03-20T10:20:38.894+0000] {scrapping_linkedin.py:243} INFO - [LinkedIn][Software Developer] Session closed.
[2026-03-20T10:20:38.897+0000] {scrapping_linkedin.py:274} INFO - [LinkedIn] Merged 'Software Developer' → 7 unique jobs (grand total: 191)
[2026-03-20T10:20:40.473+0000] {scrapping_linkedin.py:234} INFO - [LinkedIn][Backend Developer] +0 jobs (keyword total: 32)
[2026-03-20T10:20:40.785+0000] {scrapping_linkedin.py:205} INFO - [LinkedIn][Full Stack Developer] Page 1 → https://www.linkedin.com/jobs/search/?keywords=Full%20Stack%20Developer&location=Maroc&start=0&f_TPR=r604800
[2026-03-20T10:20:40.874+0000] {scrapping_linkedin.py:187} INFO - [LinkedIn][Web Developer] Starting session...
[2026-03-20T10:20:41.259+0000] {scrapping_linkedin.py:234} INFO - [LinkedIn][Frontend Developer] +0 jobs (keyword total: 14)
[2026-03-20T10:20:43.267+0000] {scrapping_linkedin.py:205} INFO - [LinkedIn][Backend Developer] Page 3 → https://www.linkedin.com/jobs/search/?keywords=Backend%20Developer&location=Maroc&start=50&f_TPR=r604800
[2026-03-20T10:20:43.359+0000] {scrapping_linkedin.py:205} INFO - [LinkedIn][Frontend Developer] Page 3 → https://www.linkedin.com/jobs/search/?keywords=Frontend%20Developer&location=Maroc&start=50&f_TPR=r604800
[2026-03-20T10:20:50.963+0000] {scrapping_linkedin.py:234} INFO - [LinkedIn][Frontend Developer] +0 jobs (keyword total: 14)
[2026-03-20T10:20:51.505+0000] {scrapping_linkedin.py:234} INFO - [LinkedIn][Backend Developer] +0 jobs (keyword total: 32)
[2026-03-20T10:20:51.991+0000] {scrapping_linkedin.py:234} INFO - [LinkedIn][Full Stack Developer] +28 jobs (keyword total: 28)
[2026-03-20T10:20:53.283+0000] {scrapping_linkedin.py:243} INFO - [LinkedIn][Frontend Developer] Session closed.
[2026-03-20T10:20:53.291+0000] {scrapping_linkedin.py:274} INFO - [LinkedIn] Merged 'Frontend Developer' → 9 unique jobs (grand total: 200)
[2026-03-20T10:20:53.788+0000] {scrapping_linkedin.py:243} INFO - [LinkedIn][Backend Developer] Session closed.
[2026-03-20T10:20:53.792+0000] {scrapping_linkedin.py:274} INFO - [LinkedIn] Merged 'Backend Developer' → 15 unique jobs (grand total: 215)
[2026-03-20T10:20:54.489+0000] {scrapping_linkedin.py:205} INFO - [LinkedIn][Full Stack Developer] Page 2 → https://www.linkedin.com/jobs/search/?keywords=Full%20Stack%20Developer&location=Maroc&start=25&f_TPR=r604800
[2026-03-20T10:20:55.329+0000] {scrapping_linkedin.py:187} INFO - [LinkedIn][Mobile Developer] Starting session...
[2026-03-20T10:20:55.914+0000] {scrapping_linkedin.py:187} INFO - [LinkedIn][Android Developer] Starting session...
[2026-03-20T10:20:55.949+0000] {scrapping_linkedin.py:205} INFO - [LinkedIn][Web Developer] Page 1 → https://www.linkedin.com/jobs/search/?keywords=Web%20Developer&location=Maroc&start=0&f_TPR=r604800
[2026-03-20T10:21:01.967+0000] {scrapping_linkedin.py:205} INFO - [LinkedIn][Mobile Developer] Page 1 → https://www.linkedin.com/jobs/search/?keywords=Mobile%20Developer&location=Maroc&start=0&f_TPR=r604800
[2026-03-20T10:21:07.603+0000] {scrapping_linkedin.py:234} INFO - [LinkedIn][Web Developer] +30 jobs (keyword total: 30)
[2026-03-20T10:21:09.320+0000] {scrapping_linkedin.py:205} INFO - [LinkedIn][Web Developer] Page 2 → https://www.linkedin.com/jobs/search/?keywords=Web%20Developer&location=Maroc&start=25&f_TPR=r604800
[2026-03-20T10:21:18.913+0000] {scrapping_linkedin.py:234} INFO - [LinkedIn][Web Developer] +0 jobs (keyword total: 30)
[2026-03-20T10:21:20.192+0000] {scrapping_linkedin.py:205} INFO - [LinkedIn][Android Developer] Page 1 → https://www.linkedin.com/jobs/search/?keywords=Android%20Developer&location=Maroc&start=0&f_TPR=r604800
[2026-03-20T10:21:20.738+0000] {scrapping_linkedin.py:234} INFO - [LinkedIn][Full Stack Developer] +0 jobs (keyword total: 28)
[2026-03-20T10:21:21.841+0000] {scrapping_linkedin.py:205} INFO - [LinkedIn][Web Developer] Page 3 → https://www.linkedin.com/jobs/search/?keywords=Web%20Developer&location=Maroc&start=50&f_TPR=r604800
[2026-03-20T10:21:23.411+0000] {scrapping_linkedin.py:205} INFO - [LinkedIn][Full Stack Developer] Page 3 → https://www.linkedin.com/jobs/search/?keywords=Full%20Stack%20Developer&location=Maroc&start=50&f_TPR=r604800
[2026-03-20T10:21:31.564+0000] {scrapping_linkedin.py:234} INFO - [LinkedIn][Mobile Developer] +6 jobs (keyword total: 6)
[2026-03-20T10:21:32.785+0000] {scrapping_linkedin.py:234} INFO - [LinkedIn][Web Developer] +0 jobs (keyword total: 30)
[2026-03-20T10:21:33.393+0000] {scrapping_linkedin.py:205} INFO - [LinkedIn][Mobile Developer] Page 2 → https://www.linkedin.com/jobs/search/?keywords=Mobile%20Developer&location=Maroc&start=25&f_TPR=r604800
[2026-03-20T10:21:34.735+0000] {scrapping_linkedin.py:234} INFO - [LinkedIn][Android Developer] +14 jobs (keyword total: 14)
[2026-03-20T10:21:36.113+0000] {scrapping_linkedin.py:234} INFO - [LinkedIn][Full Stack Developer] +0 jobs (keyword total: 28)
[2026-03-20T10:21:36.163+0000] {scrapping_linkedin.py:243} INFO - [LinkedIn][Web Developer] Session closed.
[2026-03-20T10:21:36.173+0000] {scrapping_linkedin.py:274} INFO - [LinkedIn] Merged 'Web Developer' → 5 unique jobs (grand total: 220)
[2026-03-20T10:21:37.174+0000] {scrapping_linkedin.py:205} INFO - [LinkedIn][Android Developer] Page 2 → https://www.linkedin.com/jobs/search/?keywords=Android%20Developer&location=Maroc&start=25&f_TPR=r604800
[2026-03-20T10:21:38.149+0000] {scrapping_linkedin.py:187} INFO - [LinkedIn][iOS Developer] Starting session...
[2026-03-20T10:21:38.929+0000] {scrapping_linkedin.py:243} INFO - [LinkedIn][Full Stack Developer] Session closed.
[2026-03-20T10:21:38.939+0000] {scrapping_linkedin.py:274} INFO - [LinkedIn] Merged 'Full Stack Developer' → 0 unique jobs (grand total: 220)
[2026-03-20T10:21:43.396+0000] {scrapping_linkedin.py:187} INFO - [LinkedIn][DevOps Engineer] Starting session...
[2026-03-20T10:21:43.708+0000] {scrapping_linkedin.py:234} INFO - [LinkedIn][Mobile Developer] +0 jobs (keyword total: 6)
[2026-03-20T10:21:45.375+0000] {scrapping_linkedin.py:205} INFO - [LinkedIn][Mobile Developer] Page 3 → https://www.linkedin.com/jobs/search/?keywords=Mobile%20Developer&location=Maroc&start=50&f_TPR=r604800
[2026-03-20T10:21:48.568+0000] {scrapping_linkedin.py:234} INFO - [LinkedIn][Android Developer] +0 jobs (keyword total: 14)
[2026-03-20T10:21:50.031+0000] {scrapping_linkedin.py:205} INFO - [LinkedIn][iOS Developer] Page 1 → https://www.linkedin.com/jobs/search/?keywords=iOS%20Developer&location=Maroc&start=0&f_TPR=r604800
[2026-03-20T10:21:50.967+0000] {scrapping_linkedin.py:205} INFO - [LinkedIn][Android Developer] Page 3 → https://www.linkedin.com/jobs/search/?keywords=Android%20Developer&location=Maroc&start=50&f_TPR=r604800
[2026-03-20T10:21:56.346+0000] {scrapping_linkedin.py:205} INFO - [LinkedIn][DevOps Engineer] Page 1 → https://www.linkedin.com/jobs/search/?keywords=DevOps%20Engineer&location=Maroc&start=0&f_TPR=r604800
[2026-03-20T10:21:57.105+0000] {scrapping_linkedin.py:234} INFO - [LinkedIn][Mobile Developer] +0 jobs (keyword total: 6)
[2026-03-20T10:21:58.980+0000] {scrapping_linkedin.py:243} INFO - [LinkedIn][Mobile Developer] Session closed.
[2026-03-20T10:21:58.988+0000] {scrapping_linkedin.py:274} INFO - [LinkedIn] Merged 'Mobile Developer' → 2 unique jobs (grand total: 222)
[2026-03-20T10:22:00.141+0000] {scrapping_linkedin.py:234} INFO - [LinkedIn][Android Developer] +0 jobs (keyword total: 14)
[2026-03-20T10:22:01.347+0000] {scrapping_linkedin.py:187} INFO - [LinkedIn][Cloud Engineer] Starting session...
[2026-03-20T10:22:02.110+0000] {scrapping_linkedin.py:234} INFO - [LinkedIn][iOS Developer] +24 jobs (keyword total: 24)
[2026-03-20T10:22:04.359+0000] {scrapping_linkedin.py:243} INFO - [LinkedIn][Android Developer] Session closed.
[2026-03-20T10:22:04.370+0000] {scrapping_linkedin.py:274} INFO - [LinkedIn] Merged 'Android Developer' → 1 unique jobs (grand total: 223)
[2026-03-20T10:22:04.778+0000] {scrapping_linkedin.py:205} INFO - [LinkedIn][iOS Developer] Page 2 → https://www.linkedin.com/jobs/search/?keywords=iOS%20Developer&location=Maroc&start=25&f_TPR=r604800
[2026-03-20T10:22:09.075+0000] {scrapping_linkedin.py:187} INFO - [LinkedIn][Cloud Architect] Starting session...
[2026-03-20T10:22:15.292+0000] {scrapping_linkedin.py:234} INFO - [LinkedIn][DevOps Engineer] +18 jobs (keyword total: 18)
[2026-03-20T10:22:17.666+0000] {scrapping_linkedin.py:205} INFO - [LinkedIn][DevOps Engineer] Page 2 → https://www.linkedin.com/jobs/search/?keywords=DevOps%20Engineer&location=Maroc&start=25&f_TPR=r604800
[2026-03-20T10:22:18.046+0000] {scrapping_linkedin.py:205} INFO - [LinkedIn][Cloud Engineer] Page 1 → https://www.linkedin.com/jobs/search/?keywords=Cloud%20Engineer&location=Maroc&start=0&f_TPR=r604800
[2026-03-20T10:22:18.356+0000] {scrapping_linkedin.py:234} INFO - [LinkedIn][iOS Developer] +0 jobs (keyword total: 24)
[2026-03-20T10:22:19.398+0000] {scrapping_linkedin.py:205} INFO - [LinkedIn][Cloud Architect] Page 1 → https://www.linkedin.com/jobs/search/?keywords=Cloud%20Architect&location=Maroc&start=0&f_TPR=r604800
[2026-03-20T10:22:20.215+0000] {scrapping_linkedin.py:205} INFO - [LinkedIn][iOS Developer] Page 3 → https://www.linkedin.com/jobs/search/?keywords=iOS%20Developer&location=Maroc&start=50&f_TPR=r604800
[2026-03-20T10:22:30.494+0000] {scrapping_linkedin.py:234} INFO - [LinkedIn][DevOps Engineer] +0 jobs (keyword total: 18)
[2026-03-20T10:22:32.236+0000] {scrapping_linkedin.py:234} INFO - [LinkedIn][iOS Developer] +0 jobs (keyword total: 24)
[2026-03-20T10:22:33.024+0000] {scrapping_linkedin.py:205} INFO - [LinkedIn][DevOps Engineer] Page 3 → https://www.linkedin.com/jobs/search/?keywords=DevOps%20Engineer&location=Maroc&start=50&f_TPR=r604800
[2026-03-20T10:22:35.249+0000] {scrapping_linkedin.py:234} INFO - [LinkedIn][Cloud Engineer] +70 jobs (keyword total: 70)
[2026-03-20T10:22:35.295+0000] {scrapping_linkedin.py:234} INFO - [LinkedIn][Cloud Architect] +12 jobs (keyword total: 12)
[2026-03-20T10:22:35.649+0000] {scrapping_linkedin.py:243} INFO - [LinkedIn][iOS Developer] Session closed.
[2026-03-20T10:22:35.656+0000] {scrapping_linkedin.py:274} INFO - [LinkedIn] Merged 'iOS Developer' → 0 unique jobs (grand total: 223)
[2026-03-20T10:22:37.360+0000] {scrapping_linkedin.py:205} INFO - [LinkedIn][Cloud Engineer] Page 2 → https://www.linkedin.com/jobs/search/?keywords=Cloud%20Engineer&location=Maroc&start=25&f_TPR=r604800
[2026-03-20T10:22:38.203+0000] {scrapping_linkedin.py:205} INFO - [LinkedIn][Cloud Architect] Page 2 → https://www.linkedin.com/jobs/search/?keywords=Cloud%20Architect&location=Maroc&start=25&f_TPR=r604800
[2026-03-20T10:22:44.928+0000] {scrapping_linkedin.py:234} INFO - [LinkedIn][DevOps Engineer] +0 jobs (keyword total: 18)
[2026-03-20T10:22:47.689+0000] {scrapping_linkedin.py:243} INFO - [LinkedIn][DevOps Engineer] Session closed.
[2026-03-20T10:22:47.701+0000] {scrapping_linkedin.py:274} INFO - [LinkedIn] Merged 'DevOps Engineer' → 9 unique jobs (grand total: 232)
[2026-03-20T10:22:49.217+0000] {scrapping_linkedin.py:234} INFO - [LinkedIn][Cloud Architect] +0 jobs (keyword total: 12)
[2026-03-20T10:22:49.464+0000] {scrapping_linkedin.py:234} INFO - [LinkedIn][Cloud Engineer] +9 jobs (keyword total: 79)
[2026-03-20T10:22:50.649+0000] {scrapping_linkedin.py:187} INFO - [LinkedIn][Site Reliability Engineer] Starting session...
[2026-03-20T10:22:51.523+0000] {scrapping_linkedin.py:205} INFO - [LinkedIn][Cloud Architect] Page 3 → https://www.linkedin.com/jobs/search/?keywords=Cloud%20Architect&location=Maroc&start=50&f_TPR=r604800
[2026-03-20T10:22:52.324+0000] {scrapping_linkedin.py:205} INFO - [LinkedIn][Cloud Engineer] Page 3 → https://www.linkedin.com/jobs/search/?keywords=Cloud%20Engineer&location=Maroc&start=50&f_TPR=r604800
[2026-03-20T10:22:59.363+0000] {scrapping_linkedin.py:205} INFO - [LinkedIn][Site Reliability Engineer] Page 1 → https://www.linkedin.com/jobs/search/?keywords=Site%20Reliability%20Engineer&location=Maroc&start=0&f_TPR=r604800
[2026-03-20T10:23:01.515+0000] {scrapping_linkedin.py:234} INFO - [LinkedIn][Cloud Architect] +0 jobs (keyword total: 12)
[2026-03-20T10:23:04.639+0000] {scrapping_linkedin.py:243} INFO - [LinkedIn][Cloud Architect] Session closed.
[2026-03-20T10:23:04.650+0000] {scrapping_linkedin.py:274} INFO - [LinkedIn] Merged 'Cloud Architect' → 5 unique jobs (grand total: 237)
[2026-03-20T10:23:05.373+0000] {scrapping_linkedin.py:234} INFO - [LinkedIn][Cloud Engineer] +0 jobs (keyword total: 79)
[2026-03-20T10:23:07.788+0000] {scrapping_linkedin.py:243} INFO - [LinkedIn][Cloud Engineer] Session closed.
[2026-03-20T10:23:07.794+0000] {scrapping_linkedin.py:274} INFO - [LinkedIn] Merged 'Cloud Engineer' → 13 unique jobs (grand total: 250)
[2026-03-20T10:23:08.129+0000] {scrapping_linkedin.py:187} INFO - [LinkedIn][Platform Engineer] Starting session...
[2026-03-20T10:23:20.754+0000] {scrapping_linkedin.py:205} INFO - [LinkedIn][Platform Engineer] Page 1 → https://www.linkedin.com/jobs/search/?keywords=Platform%20Engineer&location=Maroc&start=0&f_TPR=r604800
[2026-03-20T10:23:30.387+0000] {scrapping_linkedin.py:234} INFO - [LinkedIn][Site Reliability Engineer] +52 jobs (keyword total: 52)
[2026-03-20T10:23:31.511+0000] {scrapping_linkedin.py:234} INFO - [LinkedIn][Platform Engineer] +24 jobs (keyword total: 24)
[2026-03-20T10:23:31.918+0000] {scrapping_linkedin.py:205} INFO - [LinkedIn][Site Reliability Engineer] Page 2 → https://www.linkedin.com/jobs/search/?keywords=Site%20Reliability%20Engineer&location=Maroc&start=25&f_TPR=r604800
[2026-03-20T10:23:34.403+0000] {scrapping_linkedin.py:205} INFO - [LinkedIn][Platform Engineer] Page 2 → https://www.linkedin.com/jobs/search/?keywords=Platform%20Engineer&location=Maroc&start=25&f_TPR=r604800
[2026-03-20T10:23:41.369+0000] {scrapping_linkedin.py:234} INFO - [LinkedIn][Site Reliability Engineer] +0 jobs (keyword total: 52)
[2026-03-20T10:23:43.858+0000] {scrapping_linkedin.py:205} INFO - [LinkedIn][Site Reliability Engineer] Page 3 → https://www.linkedin.com/jobs/search/?keywords=Site%20Reliability%20Engineer&location=Maroc&start=50&f_TPR=r604800
[2026-03-20T10:23:45.817+0000] {scrapping_linkedin.py:234} INFO - [LinkedIn][Platform Engineer] +0 jobs (keyword total: 24)
[2026-03-20T10:23:48.649+0000] {scrapping_linkedin.py:205} INFO - [LinkedIn][Platform Engineer] Page 3 → https://www.linkedin.com/jobs/search/?keywords=Platform%20Engineer&location=Maroc&start=50&f_TPR=r604800
[2026-03-20T10:23:53.369+0000] {scrapping_linkedin.py:234} INFO - [LinkedIn][Site Reliability Engineer] +0 jobs (keyword total: 52)
[2026-03-20T10:23:55.017+0000] {scrapping_linkedin.py:187} INFO - [LinkedIn][Infrastructure Engineer] Starting session...
[2026-03-20T10:23:55.511+0000] {scrapping_linkedin.py:243} INFO - [LinkedIn][Site Reliability Engineer] Session closed.
[2026-03-20T10:23:55.518+0000] {scrapping_linkedin.py:274} INFO - [LinkedIn] Merged 'Site Reliability Engineer' → 1 unique jobs (grand total: 251)
[2026-03-20T10:23:57.831+0000] {scrapping_linkedin.py:234} INFO - [LinkedIn][Platform Engineer] +0 jobs (keyword total: 24)
[2026-03-20T10:24:00.875+0000] {scrapping_linkedin.py:243} INFO - [LinkedIn][Platform Engineer] Session closed.
[2026-03-20T10:24:00.881+0000] {scrapping_linkedin.py:274} INFO - [LinkedIn] Merged 'Platform Engineer' → 0 unique jobs (grand total: 251)
[2026-03-20T10:24:01.843+0000] {scrapping_linkedin.py:205} INFO - [LinkedIn][Infrastructure Engineer] Page 1 → https://www.linkedin.com/jobs/search/?keywords=Infrastructure%20Engineer&location=Maroc&start=0&f_TPR=r604800
[2026-03-20T10:24:10.258+0000] {scrapping_linkedin.py:187} INFO - [LinkedIn][Security Analyst] Starting session...
[2026-03-20T10:24:13.506+0000] {scrapping_linkedin.py:234} INFO - [LinkedIn][Infrastructure Engineer] +15 jobs (keyword total: 15)
[2026-03-20T10:24:15.307+0000] {scrapping_linkedin.py:205} INFO - [LinkedIn][Infrastructure Engineer] Page 2 → https://www.linkedin.com/jobs/search/?keywords=Infrastructure%20Engineer&location=Maroc&start=25&f_TPR=r604800
[2026-03-20T10:24:19.008+0000] {scrapping_linkedin.py:205} INFO - [LinkedIn][Security Analyst] Page 1 → https://www.linkedin.com/jobs/search/?keywords=Security%20Analyst&location=Maroc&start=0&f_TPR=r604800
[2026-03-20T10:24:24.655+0000] {scrapping_linkedin.py:234} INFO - [LinkedIn][Infrastructure Engineer] +0 jobs (keyword total: 15)
[2026-03-20T10:24:26.887+0000] {scrapping_linkedin.py:205} INFO - [LinkedIn][Infrastructure Engineer] Page 3 → https://www.linkedin.com/jobs/search/?keywords=Infrastructure%20Engineer&location=Maroc&start=50&f_TPR=r604800
[2026-03-20T10:24:30.536+0000] {scrapping_linkedin.py:234} INFO - [LinkedIn][Security Analyst] +1 jobs (keyword total: 1)
[2026-03-20T10:24:33.528+0000] {scrapping_linkedin.py:205} INFO - [LinkedIn][Security Analyst] Page 2 → https://www.linkedin.com/jobs/search/?keywords=Security%20Analyst&location=Maroc&start=25&f_TPR=r604800
[2026-03-20T10:24:34.240+0000] {scrapping_linkedin.py:234} INFO - [LinkedIn][Infrastructure Engineer] +0 jobs (keyword total: 15)
[2026-03-20T10:24:35.878+0000] {scrapping_linkedin.py:187} INFO - [LinkedIn][Kubernetes Engineer] Starting session...
[2026-03-20T10:24:36.416+0000] {scrapping_linkedin.py:243} INFO - [LinkedIn][Infrastructure Engineer] Session closed.
[2026-03-20T10:24:36.425+0000] {scrapping_linkedin.py:274} INFO - [LinkedIn] Merged 'Infrastructure Engineer' → 3 unique jobs (grand total: 254)
[2026-03-20T10:24:41.790+0000] {scrapping_linkedin.py:234} INFO - [LinkedIn][Security Analyst] +0 jobs (keyword total: 1)
[2026-03-20T10:24:43.031+0000] {scrapping_linkedin.py:205} INFO - [LinkedIn][Kubernetes Engineer] Page 1 → https://www.linkedin.com/jobs/search/?keywords=Kubernetes%20Engineer&location=Maroc&start=0&f_TPR=r604800
[2026-03-20T10:24:44.294+0000] {scrapping_linkedin.py:205} INFO - [LinkedIn][Security Analyst] Page 3 → https://www.linkedin.com/jobs/search/?keywords=Security%20Analyst&location=Maroc&start=50&f_TPR=r604800
[2026-03-20T10:24:53.574+0000] {scrapping_linkedin.py:234} INFO - [LinkedIn][Security Analyst] +0 jobs (keyword total: 1)
[2026-03-20T10:24:54.975+0000] {scrapping_linkedin.py:234} INFO - [LinkedIn][Kubernetes Engineer] +17 jobs (keyword total: 17)
[2026-03-20T10:24:56.035+0000] {scrapping_linkedin.py:187} INFO - [LinkedIn][Cybersecurity Engineer] Starting session...
[2026-03-20T10:24:56.575+0000] {scrapping_linkedin.py:243} INFO - [LinkedIn][Security Analyst] Session closed.
[2026-03-20T10:24:56.590+0000] {scrapping_linkedin.py:274} INFO - [LinkedIn] Merged 'Security Analyst' → 1 unique jobs (grand total: 255)
[2026-03-20T10:24:57.830+0000] {scrapping_linkedin.py:205} INFO - [LinkedIn][Kubernetes Engineer] Page 2 → https://www.linkedin.com/jobs/search/?keywords=Kubernetes%20Engineer&location=Maroc&start=25&f_TPR=r604800
[2026-03-20T10:25:08.426+0000] {scrapping_linkedin.py:234} INFO - [LinkedIn][Kubernetes Engineer] +0 jobs (keyword total: 17)
[2026-03-20T10:25:09.953+0000] {scrapping_linkedin.py:205} INFO - [LinkedIn][Cybersecurity Engineer] Page 1 → https://www.linkedin.com/jobs/search/?keywords=Cybersecurity%20Engineer&location=Maroc&start=0&f_TPR=r604800
[2026-03-20T10:25:10.100+0000] {scrapping_linkedin.py:205} INFO - [LinkedIn][Kubernetes Engineer] Page 3 → https://www.linkedin.com/jobs/search/?keywords=Kubernetes%20Engineer&location=Maroc&start=50&f_TPR=r604800
[2026-03-20T10:25:20.508+0000] {scrapping_linkedin.py:234} INFO - [LinkedIn][Kubernetes Engineer] +0 jobs (keyword total: 17)
[2026-03-20T10:25:20.940+0000] {scrapping_linkedin.py:234} INFO - [LinkedIn][Cybersecurity Engineer] +9 jobs (keyword total: 9)
[2026-03-20T10:25:22.598+0000] {scrapping_linkedin.py:243} INFO - [LinkedIn][Kubernetes Engineer] Session closed.
[2026-03-20T10:25:22.609+0000] {scrapping_linkedin.py:274} INFO - [LinkedIn] Merged 'Kubernetes Engineer' → 0 unique jobs (grand total: 255)
[2026-03-20T10:25:22.967+0000] {scrapping_linkedin.py:205} INFO - [LinkedIn][Cybersecurity Engineer] Page 2 → https://www.linkedin.com/jobs/search/?keywords=Cybersecurity%20Engineer&location=Maroc&start=25&f_TPR=r604800
[2026-03-20T10:25:32.268+0000] {scrapping_linkedin.py:234} INFO - [LinkedIn][Cybersecurity Engineer] +0 jobs (keyword total: 9)
[2026-03-20T10:25:34.581+0000] {scrapping_linkedin.py:205} INFO - [LinkedIn][Cybersecurity Engineer] Page 3 → https://www.linkedin.com/jobs/search/?keywords=Cybersecurity%20Engineer&location=Maroc&start=50&f_TPR=r604800
[2026-03-20T10:25:34.811+0000] {scrapping_linkedin.py:187} INFO - [LinkedIn][Penetration Tester] Starting session...
[2026-03-20T10:25:42.226+0000] {scrapping_linkedin.py:187} INFO - [LinkedIn][Ethical Hacker] Starting session...
[2026-03-20T10:25:42.442+0000] {scrapping_linkedin.py:234} INFO - [LinkedIn][Cybersecurity Engineer] +0 jobs (keyword total: 9)
[2026-03-20T10:25:44.392+0000] {scrapping_linkedin.py:205} INFO - [LinkedIn][Penetration Tester] Page 1 → https://www.linkedin.com/jobs/search/?keywords=Penetration%20Tester&location=Maroc&start=0&f_TPR=r604800
[2026-03-20T10:25:45.757+0000] {scrapping_linkedin.py:243} INFO - [LinkedIn][Cybersecurity Engineer] Session closed.
[2026-03-20T10:25:45.760+0000] {scrapping_linkedin.py:274} INFO - [LinkedIn] Merged 'Cybersecurity Engineer' → 7 unique jobs (grand total: 262)
[2026-03-20T10:25:55.394+0000] {scrapping_linkedin.py:205} INFO - [LinkedIn][Ethical Hacker] Page 1 → https://www.linkedin.com/jobs/search/?keywords=Ethical%20Hacker&location=Maroc&start=0&f_TPR=r604800
[2026-03-20T10:25:58.483+0000] {scrapping_linkedin.py:234} INFO - [LinkedIn][Penetration Tester] +4 jobs (keyword total: 4)
[2026-03-20T10:26:01.478+0000] {scrapping_linkedin.py:205} INFO - [LinkedIn][Penetration Tester] Page 2 → https://www.linkedin.com/jobs/search/?keywords=Penetration%20Tester&location=Maroc&start=25&f_TPR=r604800
[2026-03-20T10:26:05.160+0000] {scrapping_linkedin.py:234} INFO - [LinkedIn][Ethical Hacker] +4 jobs (keyword total: 4)
[2026-03-20T10:26:06.901+0000] {scrapping_linkedin.py:205} INFO - [LinkedIn][Ethical Hacker] Page 2 → https://www.linkedin.com/jobs/search/?keywords=Ethical%20Hacker&location=Maroc&start=25&f_TPR=r604800
[2026-03-20T10:26:11.304+0000] {scrapping_linkedin.py:234} INFO - [LinkedIn][Penetration Tester] +0 jobs (keyword total: 4)
[2026-03-20T10:26:12.870+0000] {scrapping_linkedin.py:205} INFO - [LinkedIn][Penetration Tester] Page 3 → https://www.linkedin.com/jobs/search/?keywords=Penetration%20Tester&location=Maroc&start=50&f_TPR=r604800
[2026-03-20T10:26:15.893+0000] {scrapping_linkedin.py:187} INFO - [LinkedIn][SOC Analyst] Starting session...
[2026-03-20T10:26:20.095+0000] {scrapping_linkedin.py:234} INFO - [LinkedIn][Ethical Hacker] +0 jobs (keyword total: 4)
[2026-03-20T10:26:22.452+0000] {scrapping_linkedin.py:234} INFO - [LinkedIn][Penetration Tester] +0 jobs (keyword total: 4)
[2026-03-20T10:26:22.732+0000] {scrapping_linkedin.py:205} INFO - [LinkedIn][Ethical Hacker] Page 3 → https://www.linkedin.com/jobs/search/?keywords=Ethical%20Hacker&location=Maroc&start=50&f_TPR=r604800
[2026-03-20T10:26:25.154+0000] {scrapping_linkedin.py:243} INFO - [LinkedIn][Penetration Tester] Session closed.
[2026-03-20T10:26:25.164+0000] {scrapping_linkedin.py:274} INFO - [LinkedIn] Merged 'Penetration Tester' → 0 unique jobs (grand total: 262)
[2026-03-20T10:26:26.702+0000] {scrapping_linkedin.py:205} INFO - [LinkedIn][SOC Analyst] Page 1 → https://www.linkedin.com/jobs/search/?keywords=SOC%20Analyst&location=Maroc&start=0&f_TPR=r604800
[2026-03-20T10:26:32.304+0000] {scrapping_linkedin.py:234} INFO - [LinkedIn][Ethical Hacker] +0 jobs (keyword total: 4)
[2026-03-20T10:26:34.533+0000] {scrapping_linkedin.py:243} INFO - [LinkedIn][Ethical Hacker] Session closed.
[2026-03-20T10:26:34.557+0000] {scrapping_linkedin.py:274} INFO - [LinkedIn] Merged 'Ethical Hacker' → 0 unique jobs (grand total: 262)
[2026-03-20T10:26:37.452+0000] {scrapping_linkedin.py:234} INFO - [LinkedIn][SOC Analyst] +5 jobs (keyword total: 5)
[2026-03-20T10:26:39.653+0000] {scrapping_linkedin.py:205} INFO - [LinkedIn][SOC Analyst] Page 2 → https://www.linkedin.com/jobs/search/?keywords=SOC%20Analyst&location=Maroc&start=25&f_TPR=r604800
[2026-03-20T10:26:53.049+0000] {scrapping_linkedin.py:187} INFO - [LinkedIn][System Administrator] Starting session...
[2026-03-20T10:26:54.368+0000] {scrapping_linkedin.py:234} INFO - [LinkedIn][SOC Analyst] +0 jobs (keyword total: 5)
[2026-03-20T10:26:56.761+0000] {scrapping_linkedin.py:205} INFO - [LinkedIn][SOC Analyst] Page 3 → https://www.linkedin.com/jobs/search/?keywords=SOC%20Analyst&location=Maroc&start=50&f_TPR=r604800
[2026-03-20T10:27:03.254+0000] {scrapping_linkedin.py:205} INFO - [LinkedIn][System Administrator] Page 1 → https://www.linkedin.com/jobs/search/?keywords=System%20Administrator&location=Maroc&start=0&f_TPR=r604800
[2026-03-20T10:27:05.614+0000] {scrapping_linkedin.py:234} INFO - [LinkedIn][SOC Analyst] +0 jobs (keyword total: 5)
[2026-03-20T10:27:08.615+0000] {scrapping_linkedin.py:243} INFO - [LinkedIn][SOC Analyst] Session closed.
[2026-03-20T10:27:08.634+0000] {scrapping_linkedin.py:274} INFO - [LinkedIn] Merged 'SOC Analyst' → 1 unique jobs (grand total: 263)
[2026-03-20T10:27:17.697+0000] {scrapping_linkedin.py:234} INFO - [LinkedIn][System Administrator] +17 jobs (keyword total: 17)
[2026-03-20T10:27:20.214+0000] {scrapping_linkedin.py:205} INFO - [LinkedIn][System Administrator] Page 2 → https://www.linkedin.com/jobs/search/?keywords=System%20Administrator&location=Maroc&start=25&f_TPR=r604800
[2026-03-20T10:27:28.141+0000] {scrapping_linkedin.py:187} INFO - [LinkedIn][Linux Administrator] Starting session...
[2026-03-20T10:27:29.871+0000] {scrapping_linkedin.py:234} INFO - [LinkedIn][System Administrator] +0 jobs (keyword total: 17)
[2026-03-20T10:27:32.289+0000] {scrapping_linkedin.py:205} INFO - [LinkedIn][System Administrator] Page 3 → https://www.linkedin.com/jobs/search/?keywords=System%20Administrator&location=Maroc&start=50&f_TPR=r604800
[2026-03-20T10:27:35.785+0000] {scrapping_linkedin.py:187} INFO - [LinkedIn][Information Security] Starting session...
[2026-03-20T10:27:37.856+0000] {scrapping_linkedin.py:205} INFO - [LinkedIn][Linux Administrator] Page 1 → https://www.linkedin.com/jobs/search/?keywords=Linux%20Administrator&location=Maroc&start=0&f_TPR=r604800
[2026-03-20T10:27:40.562+0000] {scrapping_linkedin.py:234} INFO - [LinkedIn][System Administrator] +0 jobs (keyword total: 17)
[2026-03-20T10:27:43.035+0000] {scrapping_linkedin.py:243} INFO - [LinkedIn][System Administrator] Session closed.
[2026-03-20T10:27:43.041+0000] {scrapping_linkedin.py:274} INFO - [LinkedIn] Merged 'System Administrator' → 14 unique jobs (grand total: 277)
[2026-03-20T10:27:45.021+0000] {scrapping_linkedin.py:205} INFO - [LinkedIn][Information Security] Page 1 → https://www.linkedin.com/jobs/search/?keywords=Information%20Security&location=Maroc&start=0&f_TPR=r604800
[2026-03-20T10:27:48.133+0000] {scrapping_linkedin.py:234} INFO - [LinkedIn][Linux Administrator] +3 jobs (keyword total: 3)
[2026-03-20T10:27:49.853+0000] {scrapping_linkedin.py:205} INFO - [LinkedIn][Linux Administrator] Page 2 → https://www.linkedin.com/jobs/search/?keywords=Linux%20Administrator&location=Maroc&start=25&f_TPR=r604800
[2026-03-20T10:27:56.623+0000] {scrapping_linkedin.py:234} INFO - [LinkedIn][Information Security] +15 jobs (keyword total: 15)
[2026-03-20T10:27:58.847+0000] {scrapping_linkedin.py:205} INFO - [LinkedIn][Information Security] Page 2 → https://www.linkedin.com/jobs/search/?keywords=Information%20Security&location=Maroc&start=25&f_TPR=r604800
[2026-03-20T10:28:00.558+0000] {scrapping_linkedin.py:234} INFO - [LinkedIn][Linux Administrator] +0 jobs (keyword total: 3)
[2026-03-20T10:28:02.258+0000] {scrapping_linkedin.py:205} INFO - [LinkedIn][Linux Administrator] Page 3 → https://www.linkedin.com/jobs/search/?keywords=Linux%20Administrator&location=Maroc&start=50&f_TPR=r604800
[2026-03-20T10:28:08.169+0000] {scrapping_linkedin.py:234} INFO - [LinkedIn][Information Security] +0 jobs (keyword total: 15)
[2026-03-20T10:28:09.488+0000] {scrapping_linkedin.py:187} INFO - [LinkedIn][Network Engineer] Starting session...
[2026-03-20T10:28:09.719+0000] {scrapping_linkedin.py:205} INFO - [LinkedIn][Information Security] Page 3 → https://www.linkedin.com/jobs/search/?keywords=Information%20Security&location=Maroc&start=50&f_TPR=r604800
[2026-03-20T10:28:12.155+0000] {scrapping_linkedin.py:234} INFO - [LinkedIn][Linux Administrator] +0 jobs (keyword total: 3)
[2026-03-20T10:28:14.259+0000] {scrapping_linkedin.py:243} INFO - [LinkedIn][Linux Administrator] Session closed.
[2026-03-20T10:28:14.266+0000] {scrapping_linkedin.py:274} INFO - [LinkedIn] Merged 'Linux Administrator' → 2 unique jobs (grand total: 279)
[2026-03-20T10:28:19.820+0000] {scrapping_linkedin.py:205} INFO - [LinkedIn][Network Engineer] Page 1 → https://www.linkedin.com/jobs/search/?keywords=Network%20Engineer&location=Maroc&start=0&f_TPR=r604800
[2026-03-20T10:28:19.845+0000] {scrapping_linkedin.py:234} INFO - [LinkedIn][Information Security] +0 jobs (keyword total: 15)
[2026-03-20T10:28:22.946+0000] {scrapping_linkedin.py:243} INFO - [LinkedIn][Information Security] Session closed.
[2026-03-20T10:28:22.964+0000] {scrapping_linkedin.py:274} INFO - [LinkedIn] Merged 'Information Security' → 13 unique jobs (grand total: 292)
[2026-03-20T10:28:25.973+0000] {scrapping_linkedin.py:187} INFO - [LinkedIn][IT Support] Starting session...
[2026-03-20T10:28:30.167+0000] {scrapping_linkedin.py:187} INFO - [LinkedIn][System Engineer] Starting session...
[2026-03-20T10:28:31.595+0000] {scrapping_linkedin.py:234} INFO - [LinkedIn][Network Engineer] +49 jobs (keyword total: 49)
[2026-03-20T10:28:32.921+0000] {scrapping_linkedin.py:205} INFO - [LinkedIn][IT Support] Page 1 → https://www.linkedin.com/jobs/search/?keywords=IT%20Support&location=Maroc&start=0&f_TPR=r604800
[2026-03-20T10:28:33.735+0000] {scrapping_linkedin.py:205} INFO - [LinkedIn][Network Engineer] Page 2 → https://www.linkedin.com/jobs/search/?keywords=Network%20Engineer&location=Maroc&start=25&f_TPR=r604800
[2026-03-20T10:28:34.945+0000] {scrapping_linkedin.py:187} INFO - [LinkedIn][Database Administrator] Starting session...
[2026-03-20T10:28:43.136+0000] {scrapping_linkedin.py:205} INFO - [LinkedIn][Database Administrator] Page 1 → https://www.linkedin.com/jobs/search/?keywords=Database%20Administrator&location=Maroc&start=0&f_TPR=r604800
[2026-03-20T10:28:43.608+0000] {scrapping_linkedin.py:234} INFO - [LinkedIn][Network Engineer] +0 jobs (keyword total: 49)
[2026-03-20T10:28:43.663+0000] {scrapping_linkedin.py:205} INFO - [LinkedIn][System Engineer] Page 1 → https://www.linkedin.com/jobs/search/?keywords=System%20Engineer&location=Maroc&start=0&f_TPR=r604800
[2026-03-20T10:28:45.737+0000] {scrapping_linkedin.py:205} INFO - [LinkedIn][Network Engineer] Page 3 → https://www.linkedin.com/jobs/search/?keywords=Network%20Engineer&location=Maroc&start=50&f_TPR=r604800
[2026-03-20T10:28:50.818+0000] {scrapping_linkedin.py:234} INFO - [LinkedIn][IT Support] +60 jobs (keyword total: 60)
[2026-03-20T10:28:53.656+0000] {scrapping_linkedin.py:205} INFO - [LinkedIn][IT Support] Page 2 → https://www.linkedin.com/jobs/search/?keywords=IT%20Support&location=Maroc&start=25&f_TPR=r604800
[2026-03-20T10:28:57.492+0000] {scrapping_linkedin.py:234} INFO - [LinkedIn][Network Engineer] +0 jobs (keyword total: 49)
[2026-03-20T10:28:58.209+0000] {scrapping_linkedin.py:234} INFO - [LinkedIn][Database Administrator] +70 jobs (keyword total: 70)
[2026-03-20T10:28:58.213+0000] {scrapping_linkedin.py:234} INFO - [LinkedIn][System Engineer] +14 jobs (keyword total: 14)
[2026-03-20T10:28:59.756+0000] {scrapping_linkedin.py:243} INFO - [LinkedIn][Network Engineer] Session closed.
[2026-03-20T10:28:59.771+0000] {scrapping_linkedin.py:274} INFO - [LinkedIn] Merged 'Network Engineer' → 2 unique jobs (grand total: 294)
[2026-03-20T10:28:59.849+0000] {scrapping_linkedin.py:205} INFO - [LinkedIn][System Engineer] Page 2 → https://www.linkedin.com/jobs/search/?keywords=System%20Engineer&location=Maroc&start=25&f_TPR=r604800
[2026-03-20T10:29:00.613+0000] {scrapping_linkedin.py:205} INFO - [LinkedIn][Database Administrator] Page 2 → https://www.linkedin.com/jobs/search/?keywords=Database%20Administrator&location=Maroc&start=25&f_TPR=r604800
[2026-03-20T10:29:05.358+0000] {scrapping_linkedin.py:234} INFO - [LinkedIn][IT Support] +0 jobs (keyword total: 60)
[2026-03-20T10:29:07.885+0000] {scrapping_linkedin.py:205} INFO - [LinkedIn][IT Support] Page 3 → https://www.linkedin.com/jobs/search/?keywords=IT%20Support&location=Maroc&start=50&f_TPR=r604800
[2026-03-20T10:29:11.111+0000] {scrapping_linkedin.py:234} INFO - [LinkedIn][System Engineer] +0 jobs (keyword total: 14)
[2026-03-20T10:29:13.264+0000] {scrapping_linkedin.py:234} INFO - [LinkedIn][Database Administrator] +9 jobs (keyword total: 79)
[2026-03-20T10:29:14.019+0000] {scrapping_linkedin.py:205} INFO - [LinkedIn][System Engineer] Page 3 → https://www.linkedin.com/jobs/search/?keywords=System%20Engineer&location=Maroc&start=50&f_TPR=r604800
[2026-03-20T10:29:14.926+0000] {scrapping_linkedin.py:205} INFO - [LinkedIn][Database Administrator] Page 3 → https://www.linkedin.com/jobs/search/?keywords=Database%20Administrator&location=Maroc&start=50&f_TPR=r604800
[2026-03-20T10:29:20.547+0000] {scrapping_linkedin.py:234} INFO - [LinkedIn][IT Support] +0 jobs (keyword total: 60)
[2026-03-20T10:29:22.880+0000] {scrapping_linkedin.py:243} INFO - [LinkedIn][IT Support] Session closed.
[2026-03-20T10:29:22.903+0000] {scrapping_linkedin.py:274} INFO - [LinkedIn] Merged 'IT Support' → 44 unique jobs (grand total: 338)
[2026-03-20T10:29:23.558+0000] {scrapping_linkedin.py:234} INFO - [LinkedIn][System Engineer] +0 jobs (keyword total: 14)
[2026-03-20T10:29:26.550+0000] {scrapping_linkedin.py:243} INFO - [LinkedIn][System Engineer] Session closed.
[2026-03-20T10:29:26.560+0000] {scrapping_linkedin.py:274} INFO - [LinkedIn] Merged 'System Engineer' → 3 unique jobs (grand total: 341)
[2026-03-20T10:29:31.364+0000] {scrapping_linkedin.py:234} INFO - [LinkedIn][Database Administrator] +10 jobs (keyword total: 89)
[2026-03-20T10:29:34.452+0000] {scrapping_linkedin.py:243} INFO - [LinkedIn][Database Administrator] Session closed.
[2026-03-20T10:29:34.458+0000] {scrapping_linkedin.py:274} INFO - [LinkedIn] Merged 'Database Administrator' → 15 unique jobs (grand total: 356)
[2026-03-20T10:30:02.574+0000] {scrapping_linkedin.py:187} INFO - [LinkedIn][QA Engineer] Starting session...
[2026-03-20T10:30:11.091+0000] {scrapping_linkedin.py:205} INFO - [LinkedIn][QA Engineer] Page 1 → https://www.linkedin.com/jobs/search/?keywords=QA%20Engineer&location=Maroc&start=0&f_TPR=r604800
[2026-03-20T10:30:20.467+0000] {scrapping_linkedin.py:187} INFO - [LinkedIn][SQL Developer] Starting session...
[2026-03-20T10:30:22.266+0000] {scrapping_linkedin.py:187} INFO - [LinkedIn][Big Data Engineer] Starting session...
[2026-03-20T10:30:23.111+0000] {scrapping_linkedin.py:234} INFO - [LinkedIn][QA Engineer] +12 jobs (keyword total: 12)
[2026-03-20T10:30:25.870+0000] {scrapping_linkedin.py:205} INFO - [LinkedIn][QA Engineer] Page 2 → https://www.linkedin.com/jobs/search/?keywords=QA%20Engineer&location=Maroc&start=25&f_TPR=r604800
[2026-03-20T10:30:28.252+0000] {scrapping_linkedin.py:205} INFO - [LinkedIn][SQL Developer] Page 1 → https://www.linkedin.com/jobs/search/?keywords=SQL%20Developer&location=Maroc&start=0&f_TPR=r604800
[2026-03-20T10:30:36.344+0000] {scrapping_linkedin.py:234} INFO - [LinkedIn][QA Engineer] +0 jobs (keyword total: 12)
[2026-03-20T10:30:38.174+0000] {scrapping_linkedin.py:205} INFO - [LinkedIn][QA Engineer] Page 3 → https://www.linkedin.com/jobs/search/?keywords=QA%20Engineer&location=Maroc&start=50&f_TPR=r604800
[2026-03-20T10:30:39.185+0000] {scrapping_linkedin.py:234} INFO - [LinkedIn][SQL Developer] +1 jobs (keyword total: 1)
[2026-03-20T10:30:42.132+0000] {scrapping_linkedin.py:205} INFO - [LinkedIn][SQL Developer] Page 2 → https://www.linkedin.com/jobs/search/?keywords=SQL%20Developer&location=Maroc&start=25&f_TPR=r604800
[2026-03-20T10:30:48.392+0000] {scrapping_linkedin.py:234} INFO - [LinkedIn][QA Engineer] +0 jobs (keyword total: 12)
[2026-03-20T10:30:51.421+0000] {scrapping_linkedin.py:243} INFO - [LinkedIn][QA Engineer] Session closed.
[2026-03-20T10:30:51.429+0000] {scrapping_linkedin.py:234} INFO - [LinkedIn][SQL Developer] +0 jobs (keyword total: 1)
[2026-03-20T10:30:51.440+0000] {scrapping_linkedin.py:274} INFO - [LinkedIn] Merged 'QA Engineer' → 6 unique jobs (grand total: 362)
[2026-03-20T10:30:54.094+0000] {scrapping_linkedin.py:205} INFO - [LinkedIn][SQL Developer] Page 3 → https://www.linkedin.com/jobs/search/?keywords=SQL%20Developer&location=Maroc&start=50&f_TPR=r604800
[2026-03-20T10:31:00.201+0000] {scrapping_linkedin.py:205} INFO - [LinkedIn][Big Data Engineer] Page 1 → https://www.linkedin.com/jobs/search/?keywords=Big%20Data%20Engineer&location=Maroc&start=0&f_TPR=r604800
[2026-03-20T10:31:02.763+0000] {scrapping_linkedin.py:234} INFO - [LinkedIn][SQL Developer] +0 jobs (keyword total: 1)
[2026-03-20T10:31:05.064+0000] {scrapping_linkedin.py:243} INFO - [LinkedIn][SQL Developer] Session closed.
[2026-03-20T10:31:05.068+0000] {scrapping_linkedin.py:274} INFO - [LinkedIn] Merged 'SQL Developer' → 0 unique jobs (grand total: 362)
[2026-03-20T10:31:11.651+0000] {scrapping_linkedin.py:234} INFO - [LinkedIn][Big Data Engineer] +12 jobs (keyword total: 12)
[2026-03-20T10:31:14.278+0000] {scrapping_linkedin.py:205} INFO - [LinkedIn][Big Data Engineer] Page 2 → https://www.linkedin.com/jobs/search/?keywords=Big%20Data%20Engineer&location=Maroc&start=25&f_TPR=r604800
[2026-03-20T10:31:24.924+0000] {scrapping_linkedin.py:234} INFO - [LinkedIn][Big Data Engineer] +0 jobs (keyword total: 12)
[2026-03-20T10:31:25.218+0000] {scrapping_linkedin.py:187} INFO - [LinkedIn][Automation Tester] Starting session...
[2026-03-20T10:31:26.770+0000] {scrapping_linkedin.py:205} INFO - [LinkedIn][Big Data Engineer] Page 3 → https://www.linkedin.com/jobs/search/?keywords=Big%20Data%20Engineer&location=Maroc&start=50&f_TPR=r604800
[2026-03-20T10:31:31.334+0000] {scrapping_linkedin.py:187} INFO - [LinkedIn][Software Tester] Starting session...
[2026-03-20T10:31:36.631+0000] {scrapping_linkedin.py:234} INFO - [LinkedIn][Big Data Engineer] +0 jobs (keyword total: 12)
[2026-03-20T10:31:36.798+0000] {scrapping_linkedin.py:205} INFO - [LinkedIn][Automation Tester] Page 1 → https://www.linkedin.com/jobs/search/?keywords=Automation%20Tester&location=Maroc&start=0&f_TPR=r604800
[2026-03-20T10:31:39.587+0000] {scrapping_linkedin.py:243} INFO - [LinkedIn][Big Data Engineer] Session closed.
[2026-03-20T10:31:39.654+0000] {scrapping_linkedin.py:274} INFO - [LinkedIn] Merged 'Big Data Engineer' → 0 unique jobs (grand total: 362)
[2026-03-20T10:31:46.258+0000] {scrapping_linkedin.py:205} INFO - [LinkedIn][Software Tester] Page 1 → https://www.linkedin.com/jobs/search/?keywords=Software%20Tester&location=Maroc&start=0&f_TPR=r604800
[2026-03-20T10:31:50.241+0000] {scrapping_linkedin.py:234} INFO - [LinkedIn][Automation Tester] +3 jobs (keyword total: 3)
[2026-03-20T10:31:52.452+0000] {scrapping_linkedin.py:205} INFO - [LinkedIn][Automation Tester] Page 2 → https://www.linkedin.com/jobs/search/?keywords=Automation%20Tester&location=Maroc&start=25&f_TPR=r604800
[2026-03-20T10:31:57.439+0000] {scrapping_linkedin.py:234} INFO - [LinkedIn][Software Tester] +6 jobs (keyword total: 6)
[2026-03-20T10:32:00.038+0000] {scrapping_linkedin.py:205} INFO - [LinkedIn][Software Tester] Page 2 → https://www.linkedin.com/jobs/search/?keywords=Software%20Tester&location=Maroc&start=25&f_TPR=r604800
[2026-03-20T10:32:01.177+0000] {scrapping_linkedin.py:234} INFO - [LinkedIn][Automation Tester] +0 jobs (keyword total: 3)
[2026-03-20T10:32:03.554+0000] {scrapping_linkedin.py:205} INFO - [LinkedIn][Automation Tester] Page 3 → https://www.linkedin.com/jobs/search/?keywords=Automation%20Tester&location=Maroc&start=50&f_TPR=r604800
[2026-03-20T10:32:09.469+0000] {scrapping_linkedin.py:234} INFO - [LinkedIn][Software Tester] +0 jobs (keyword total: 6)
[2026-03-20T10:32:11.489+0000] {scrapping_linkedin.py:205} INFO - [LinkedIn][Software Tester] Page 3 → https://www.linkedin.com/jobs/search/?keywords=Software%20Tester&location=Maroc&start=50&f_TPR=r604800
[2026-03-20T10:32:12.855+0000] {scrapping_linkedin.py:234} INFO - [LinkedIn][Automation Tester] +0 jobs (keyword total: 3)
[2026-03-20T10:32:16.076+0000] {scrapping_linkedin.py:243} INFO - [LinkedIn][Automation Tester] Session closed.
[2026-03-20T10:32:16.082+0000] {scrapping_linkedin.py:274} INFO - [LinkedIn] Merged 'Automation Tester' → 1 unique jobs (grand total: 363)
[2026-03-20T10:32:20.368+0000] {scrapping_linkedin.py:234} INFO - [LinkedIn][Software Tester] +0 jobs (keyword total: 6)
[2026-03-20T10:32:24.163+0000] {scrapping_linkedin.py:243} INFO - [LinkedIn][Software Tester] Session closed.
[2026-03-20T10:32:24.169+0000] {scrapping_linkedin.py:274} INFO - [LinkedIn] Merged 'Software Tester' → 0 unique jobs (grand total: 363)
[2026-03-20T10:32:32.102+0000] {scrapping_linkedin.py:187} INFO - [LinkedIn][Product Designer] Starting session...
[2026-03-20T10:32:39.437+0000] {scrapping_linkedin.py:187} INFO - [LinkedIn][UX Designer] Starting session...
[2026-03-20T10:32:46.355+0000] {scrapping_linkedin.py:205} INFO - [LinkedIn][Product Designer] Page 1 → https://www.linkedin.com/jobs/search/?keywords=Product%20Designer&location=Maroc&start=0&f_TPR=r604800
[2026-03-20T10:32:46.474+0000] {scrapping_linkedin.py:205} INFO - [LinkedIn][UX Designer] Page 1 → https://www.linkedin.com/jobs/search/?keywords=UX%20Designer&location=Maroc&start=0&f_TPR=r604800
[2026-03-20T10:33:00.619+0000] {scrapping_linkedin.py:234} INFO - [LinkedIn][UX Designer] +3 jobs (keyword total: 3)
[2026-03-20T10:33:02.246+0000] {scrapping_linkedin.py:205} INFO - [LinkedIn][UX Designer] Page 2 → https://www.linkedin.com/jobs/search/?keywords=UX%20Designer&location=Maroc&start=25&f_TPR=r604800
[2026-03-20T10:33:03.686+0000] {scrapping_linkedin.py:234} INFO - [LinkedIn][Product Designer] +8 jobs (keyword total: 8)
[2026-03-20T10:33:05.993+0000] {scrapping_linkedin.py:205} INFO - [LinkedIn][Product Designer] Page 2 → https://www.linkedin.com/jobs/search/?keywords=Product%20Designer&location=Maroc&start=25&f_TPR=r604800
[2026-03-20T10:33:13.164+0000] {scrapping_linkedin.py:234} INFO - [LinkedIn][Product Designer] +0 jobs (keyword total: 8)
[2026-03-20T10:33:16.016+0000] {scrapping_linkedin.py:205} INFO - [LinkedIn][Product Designer] Page 3 → https://www.linkedin.com/jobs/search/?keywords=Product%20Designer&location=Maroc&start=50&f_TPR=r604800
[2026-03-20T10:33:20.053+0000] {scrapping_linkedin.py:187} INFO - [LinkedIn][UI Designer] Starting session...
[2026-03-20T10:33:27.616+0000] {scrapping_linkedin.py:234} INFO - [LinkedIn][Product Designer] +0 jobs (keyword total: 8)
[2026-03-20T10:33:28.570+0000] {scrapping_linkedin.py:205} INFO - [LinkedIn][UI Designer] Page 1 → https://www.linkedin.com/jobs/search/?keywords=UI%20Designer&location=Maroc&start=0&f_TPR=r604800
[2026-03-20T10:33:29.761+0000] {scrapping_linkedin.py:243} INFO - [LinkedIn][Product Designer] Session closed.
[2026-03-20T10:33:29.767+0000] {scrapping_linkedin.py:274} INFO - [LinkedIn] Merged 'Product Designer' → 7 unique jobs (grand total: 370)
[2026-03-20T10:33:32.166+0000] {scrapping_linkedin.py:187} INFO - [LinkedIn][Test Engineer] Starting session...
[2026-03-20T10:33:33.014+0000] {scrapping_linkedin.py:234} INFO - [LinkedIn][UX Designer] +0 jobs (keyword total: 3)
[2026-03-20T10:33:35.412+0000] {scrapping_linkedin.py:205} INFO - [LinkedIn][UX Designer] Page 3 → https://www.linkedin.com/jobs/search/?keywords=UX%20Designer&location=Maroc&start=50&f_TPR=r604800
[2026-03-20T10:33:40.902+0000] {scrapping_linkedin.py:234} INFO - [LinkedIn][UI Designer] +3 jobs (keyword total: 3)
[2026-03-20T10:33:42.564+0000] {scrapping_linkedin.py:234} INFO - [LinkedIn][UX Designer] +0 jobs (keyword total: 3)
[2026-03-20T10:33:43.381+0000] {scrapping_linkedin.py:205} INFO - [LinkedIn][UI Designer] Page 2 → https://www.linkedin.com/jobs/search/?keywords=UI%20Designer&location=Maroc&start=25&f_TPR=r604800
[2026-03-20T10:33:45.046+0000] {scrapping_linkedin.py:243} INFO - [LinkedIn][UX Designer] Session closed.
[2026-03-20T10:33:45.055+0000] {scrapping_linkedin.py:274} INFO - [LinkedIn] Merged 'UX Designer' → 1 unique jobs (grand total: 371)
[2026-03-20T10:33:46.996+0000] {scrapping_linkedin.py:187} INFO - [LinkedIn][Product Manager] Starting session...
[2026-03-20T10:33:49.210+0000] {scrapping_linkedin.py:205} INFO - [LinkedIn][Test Engineer] Page 1 → https://www.linkedin.com/jobs/search/?keywords=Test%20Engineer&location=Maroc&start=0&f_TPR=r604800
[2026-03-20T10:33:52.146+0000] {scrapping_linkedin.py:234} INFO - [LinkedIn][UI Designer] +0 jobs (keyword total: 3)
[2026-03-20T10:33:55.128+0000] {scrapping_linkedin.py:205} INFO - [LinkedIn][UI Designer] Page 3 → https://www.linkedin.com/jobs/search/?keywords=UI%20Designer&location=Maroc&start=50&f_TPR=r604800
[2026-03-20T10:33:55.330+0000] {scrapping_linkedin.py:205} INFO - [LinkedIn][Product Manager] Page 1 → https://www.linkedin.com/jobs/search/?keywords=Product%20Manager&location=Maroc&start=0&f_TPR=r604800
[2026-03-20T10:34:00.215+0000] {scrapping_linkedin.py:234} INFO - [LinkedIn][Test Engineer] +60 jobs (keyword total: 60)
[2026-03-20T10:34:02.614+0000] {scrapping_linkedin.py:205} INFO - [LinkedIn][Test Engineer] Page 2 → https://www.linkedin.com/jobs/search/?keywords=Test%20Engineer&location=Maroc&start=25&f_TPR=r604800
[2026-03-20T10:34:05.123+0000] {scrapping_linkedin.py:234} INFO - [LinkedIn][Product Manager] +35 jobs (keyword total: 35)
[2026-03-20T10:34:07.975+0000] {scrapping_linkedin.py:205} INFO - [LinkedIn][Product Manager] Page 2 → https://www.linkedin.com/jobs/search/?keywords=Product%20Manager&location=Maroc&start=25&f_TPR=r604800
[2026-03-20T10:34:08.186+0000] {scrapping_linkedin.py:187} INFO - [LinkedIn][Project Manager] Starting session...
[2026-03-20T10:34:14.026+0000] {scrapping_linkedin.py:234} INFO - [LinkedIn][Test Engineer] +0 jobs (keyword total: 60)
[2026-03-20T10:34:15.900+0000] {scrapping_linkedin.py:234} INFO - [LinkedIn][UI Designer] +0 jobs (keyword total: 3)
[2026-03-20T10:34:17.018+0000] {scrapping_linkedin.py:205} INFO - [LinkedIn][Test Engineer] Page 3 → https://www.linkedin.com/jobs/search/?keywords=Test%20Engineer&location=Maroc&start=50&f_TPR=r604800
[2026-03-20T10:34:18.827+0000] {scrapping_linkedin.py:243} INFO - [LinkedIn][UI Designer] Session closed.
[2026-03-20T10:34:18.832+0000] {scrapping_linkedin.py:274} INFO - [LinkedIn] Merged 'UI Designer' → 1 unique jobs (grand total: 372)
[2026-03-20T10:34:25.968+0000] {scrapping_linkedin.py:205} INFO - [LinkedIn][Project Manager] Page 1 → https://www.linkedin.com/jobs/search/?keywords=Project%20Manager&location=Maroc&start=0&f_TPR=r604800
[2026-03-20T10:34:28.096+0000] {scrapping_linkedin.py:223} WARNING - [LinkedIn][Product Manager] No cards on page 2, stopping.
[2026-03-20T10:34:28.521+0000] {scrapping_linkedin.py:243} INFO - [LinkedIn][Product Manager] Session closed.
[2026-03-20T10:34:28.536+0000] {scrapping_linkedin.py:274} INFO - [LinkedIn] Merged 'Product Manager' → 33 unique jobs (grand total: 405)
[2026-03-20T10:34:37.899+0000] {scrapping_linkedin.py:234} INFO - [LinkedIn][Test Engineer] +0 jobs (keyword total: 60)
[2026-03-20T10:34:39.246+0000] {scrapping_linkedin.py:234} INFO - [LinkedIn][Project Manager] +70 jobs (keyword total: 70)
[2026-03-20T10:34:40.719+0000] {scrapping_linkedin.py:243} INFO - [LinkedIn][Test Engineer] Session closed.
[2026-03-20T10:34:40.737+0000] {scrapping_linkedin.py:274} INFO - [LinkedIn] Merged 'Test Engineer' → 8 unique jobs (grand total: 413)
[2026-03-20T10:34:41.101+0000] {scrapping_linkedin.py:205} INFO - [LinkedIn][Project Manager] Page 2 → https://www.linkedin.com/jobs/search/?keywords=Project%20Manager&location=Maroc&start=25&f_TPR=r604800
[2026-03-20T10:34:50.344+0000] {scrapping_linkedin.py:187} INFO - [LinkedIn][Engineering Manager] Starting session...
[2026-03-20T10:35:00.151+0000] {scrapping_linkedin.py:205} INFO - [LinkedIn][Engineering Manager] Page 1 → https://www.linkedin.com/jobs/search/?keywords=Engineering%20Manager&location=Maroc&start=0&f_TPR=r604800
[2026-03-20T10:35:02.616+0000] {scrapping_linkedin.py:223} WARNING - [LinkedIn][Project Manager] No cards on page 2, stopping.
[2026-03-20T10:35:03.010+0000] {scrapping_linkedin.py:243} INFO - [LinkedIn][Project Manager] Session closed.
[2026-03-20T10:35:03.045+0000] {scrapping_linkedin.py:274} INFO - [LinkedIn] Merged 'Project Manager' → 46 unique jobs (grand total: 459)
[2026-03-20T10:35:16.560+0000] {scrapping_linkedin.py:187} INFO - [LinkedIn][Scrum Master] Starting session...
[2026-03-20T10:35:28.880+0000] {scrapping_linkedin.py:205} INFO - [LinkedIn][Scrum Master] Page 1 → https://www.linkedin.com/jobs/search/?keywords=Scrum%20Master&location=Maroc&start=0&f_TPR=r604800
[2026-03-20T10:35:30.285+0000] {scrapping_linkedin.py:234} INFO - [LinkedIn][Engineering Manager] +22 jobs (keyword total: 22)
[2026-03-20T10:35:32.099+0000] {scrapping_linkedin.py:205} INFO - [LinkedIn][Engineering Manager] Page 2 → https://www.linkedin.com/jobs/search/?keywords=Engineering%20Manager&location=Maroc&start=25&f_TPR=r604800
[2026-03-20T10:35:35.480+0000] {scrapping_linkedin.py:187} INFO - [LinkedIn][Embedded Systems Engineer] Starting session...
[2026-03-20T10:35:40.898+0000] {scrapping_linkedin.py:234} INFO - [LinkedIn][Scrum Master] +28 jobs (keyword total: 28)
[2026-03-20T10:35:42.425+0000] {scrapping_linkedin.py:205} INFO - [LinkedIn][Scrum Master] Page 2 → https://www.linkedin.com/jobs/search/?keywords=Scrum%20Master&location=Maroc&start=25&f_TPR=r604800
[2026-03-20T10:35:47.749+0000] {scrapping_linkedin.py:234} INFO - [LinkedIn][Engineering Manager] +0 jobs (keyword total: 22)
[2026-03-20T10:35:48.804+0000] {scrapping_linkedin.py:205} INFO - [LinkedIn][Embedded Systems Engineer] Page 1 → https://www.linkedin.com/jobs/search/?keywords=Embedded%20Systems%20Engineer&location=Maroc&start=0&f_TPR=r604800
[2026-03-20T10:35:50.668+0000] {scrapping_linkedin.py:205} INFO - [LinkedIn][Engineering Manager] Page 3 → https://www.linkedin.com/jobs/search/?keywords=Engineering%20Manager&location=Maroc&start=50&f_TPR=r604800
[2026-03-20T10:35:51.915+0000] {scrapping_linkedin.py:234} INFO - [LinkedIn][Scrum Master] +0 jobs (keyword total: 28)
[2026-03-20T10:35:52.414+0000] {scrapping_linkedin.py:187} INFO - [LinkedIn][Technical Lead] Starting session...
[2026-03-20T10:35:54.799+0000] {scrapping_linkedin.py:205} INFO - [LinkedIn][Scrum Master] Page 3 → https://www.linkedin.com/jobs/search/?keywords=Scrum%20Master&location=Maroc&start=50&f_TPR=r604800
[2026-03-20T10:36:00.046+0000] {scrapping_linkedin.py:234} INFO - [LinkedIn][Engineering Manager] +0 jobs (keyword total: 22)
[2026-03-20T10:36:01.954+0000] {scrapping_linkedin.py:205} INFO - [LinkedIn][Technical Lead] Page 1 → https://www.linkedin.com/jobs/search/?keywords=Technical%20Lead&location=Maroc&start=0&f_TPR=r604800
[2026-03-20T10:36:02.316+0000] {scrapping_linkedin.py:243} INFO - [LinkedIn][Engineering Manager] Session closed.
[2026-03-20T10:36:02.319+0000] {scrapping_linkedin.py:274} INFO - [LinkedIn] Merged 'Engineering Manager' → 10 unique jobs (grand total: 469)
[2026-03-20T10:36:02.657+0000] {scrapping_linkedin.py:234} INFO - [LinkedIn][Embedded Systems Engineer] +3 jobs (keyword total: 3)
[2026-03-20T10:36:04.931+0000] {scrapping_linkedin.py:234} INFO - [LinkedIn][Scrum Master] +0 jobs (keyword total: 28)
[2026-03-20T10:36:05.263+0000] {scrapping_linkedin.py:205} INFO - [LinkedIn][Embedded Systems Engineer] Page 2 → https://www.linkedin.com/jobs/search/?keywords=Embedded%20Systems%20Engineer&location=Maroc&start=25&f_TPR=r604800
[2026-03-20T10:36:07.535+0000] {scrapping_linkedin.py:243} INFO - [LinkedIn][Scrum Master] Session closed.
[2026-03-20T10:36:07.538+0000] {scrapping_linkedin.py:274} INFO - [LinkedIn] Merged 'Scrum Master' → 3 unique jobs (grand total: 472)
[2026-03-20T10:36:15.050+0000] {scrapping_linkedin.py:234} INFO - [LinkedIn][Embedded Systems Engineer] +0 jobs (keyword total: 3)
[2026-03-20T10:36:16.607+0000] {scrapping_linkedin.py:234} INFO - [LinkedIn][Technical Lead] +42 jobs (keyword total: 42)
[2026-03-20T10:36:17.935+0000] {scrapping_linkedin.py:205} INFO - [LinkedIn][Embedded Systems Engineer] Page 3 → https://www.linkedin.com/jobs/search/?keywords=Embedded%20Systems%20Engineer&location=Maroc&start=50&f_TPR=r604800
[2026-03-20T10:36:18.405+0000] {scrapping_linkedin.py:205} INFO - [LinkedIn][Technical Lead] Page 2 → https://www.linkedin.com/jobs/search/?keywords=Technical%20Lead&location=Maroc&start=25&f_TPR=r604800
[2026-03-20T10:36:25.369+0000] {scrapping_linkedin.py:187} INFO - [LinkedIn][IoT Engineer] Starting session...
[2026-03-20T10:36:28.703+0000] {scrapping_linkedin.py:234} INFO - [LinkedIn][Embedded Systems Engineer] +0 jobs (keyword total: 3)
[2026-03-20T10:36:29.282+0000] {scrapping_linkedin.py:234} INFO - [LinkedIn][Technical Lead] +0 jobs (keyword total: 42)
[2026-03-20T10:36:31.346+0000] {scrapping_linkedin.py:243} INFO - [LinkedIn][Embedded Systems Engineer] Session closed.
[2026-03-20T10:36:31.351+0000] {scrapping_linkedin.py:274} INFO - [LinkedIn] Merged 'Embedded Systems Engineer' → 0 unique jobs (grand total: 472)
[2026-03-20T10:36:31.764+0000] {scrapping_linkedin.py:205} INFO - [LinkedIn][Technical Lead] Page 3 → https://www.linkedin.com/jobs/search/?keywords=Technical%20Lead&location=Maroc&start=50&f_TPR=r604800
[2026-03-20T10:36:34.226+0000] {scrapping_linkedin.py:205} INFO - [LinkedIn][IoT Engineer] Page 1 → https://www.linkedin.com/jobs/search/?keywords=IoT%20Engineer&location=Maroc&start=0&f_TPR=r604800
[2026-03-20T10:36:44.360+0000] {scrapping_linkedin.py:234} INFO - [LinkedIn][Technical Lead] +0 jobs (keyword total: 42)
[2026-03-20T10:36:45.392+0000] {scrapping_linkedin.py:234} INFO - [LinkedIn][IoT Engineer] +1 jobs (keyword total: 1)
[2026-03-20T10:36:48.170+0000] {scrapping_linkedin.py:205} INFO - [LinkedIn][IoT Engineer] Page 2 → https://www.linkedin.com/jobs/search/?keywords=IoT%20Engineer&location=Maroc&start=25&f_TPR=r604800
[2026-03-20T10:36:48.464+0000] {scrapping_linkedin.py:243} INFO - [LinkedIn][Technical Lead] Session closed.
[2026-03-20T10:36:48.512+0000] {scrapping_linkedin.py:274} INFO - [LinkedIn] Merged 'Technical Lead' → 13 unique jobs (grand total: 485)
[2026-03-20T10:36:59.776+0000] {scrapping_linkedin.py:187} INFO - [LinkedIn][Game Developer] Starting session...
[2026-03-20T10:36:59.928+0000] {scrapping_linkedin.py:234} INFO - [LinkedIn][IoT Engineer] +0 jobs (keyword total: 1)
[2026-03-20T10:37:01.526+0000] {scrapping_linkedin.py:205} INFO - [LinkedIn][IoT Engineer] Page 3 → https://www.linkedin.com/jobs/search/?keywords=IoT%20Engineer&location=Maroc&start=50&f_TPR=r604800
[2026-03-20T10:37:10.698+0000] {scrapping_linkedin.py:205} INFO - [LinkedIn][Game Developer] Page 1 → https://www.linkedin.com/jobs/search/?keywords=Game%20Developer&location=Maroc&start=0&f_TPR=r604800
[2026-03-20T10:37:11.761+0000] {scrapping_linkedin.py:234} INFO - [LinkedIn][IoT Engineer] +0 jobs (keyword total: 1)
[2026-03-20T10:37:14.105+0000] {scrapping_linkedin.py:243} INFO - [LinkedIn][IoT Engineer] Session closed.
[2026-03-20T10:37:14.116+0000] {scrapping_linkedin.py:274} INFO - [LinkedIn] Merged 'IoT Engineer' → 0 unique jobs (grand total: 485)
[2026-03-20T10:37:18.654+0000] {scrapping_linkedin.py:187} INFO - [LinkedIn][Hardware Engineer] Starting session...
[2026-03-20T10:37:32.948+0000] {scrapping_linkedin.py:205} INFO - [LinkedIn][Hardware Engineer] Page 1 → https://www.linkedin.com/jobs/search/?keywords=Hardware%20Engineer&location=Maroc&start=0&f_TPR=r604800
[2026-03-20T10:37:34.472+0000] {scrapping_linkedin.py:223} WARNING - [LinkedIn][Game Developer] No cards on page 1, stopping.
[2026-03-20T10:37:35.375+0000] {scrapping_linkedin.py:243} INFO - [LinkedIn][Game Developer] Session closed.
[2026-03-20T10:37:35.386+0000] {scrapping_linkedin.py:274} INFO - [LinkedIn] Merged 'Game Developer' → 0 unique jobs (grand total: 485)
[2026-03-20T10:37:49.885+0000] {scrapping_linkedin.py:234} INFO - [LinkedIn][Hardware Engineer] +60 jobs (keyword total: 60)
[2026-03-20T10:37:50.809+0000] {scrapping_linkedin.py:187} INFO - [LinkedIn][Robotics Engineer] Starting session...
[2026-03-20T10:37:51.922+0000] {scrapping_linkedin.py:205} INFO - [LinkedIn][Hardware Engineer] Page 2 → https://www.linkedin.com/jobs/search/?keywords=Hardware%20Engineer&location=Maroc&start=25&f_TPR=r604800
[2026-03-20T10:38:06.830+0000] {scrapping_linkedin.py:234} INFO - [LinkedIn][Hardware Engineer] +10 jobs (keyword total: 70)
[2026-03-20T10:38:09.036+0000] {scrapping_linkedin.py:205} INFO - [LinkedIn][Hardware Engineer] Page 3 → https://www.linkedin.com/jobs/search/?keywords=Hardware%20Engineer&location=Maroc&start=50&f_TPR=r604800
[2026-03-20T10:38:11.912+0000] {scrapping_linkedin.py:205} INFO - [LinkedIn][Robotics Engineer] Page 1 → https://www.linkedin.com/jobs/search/?keywords=Robotics%20Engineer&location=Maroc&start=0&f_TPR=r604800
[2026-03-20T10:38:26.931+0000] {scrapping_linkedin.py:234} INFO - [LinkedIn][Hardware Engineer] +0 jobs (keyword total: 70)
[2026-03-20T10:38:29.621+0000] {scrapping_linkedin.py:243} INFO - [LinkedIn][Hardware Engineer] Session closed.
[2026-03-20T10:38:29.639+0000] {scrapping_linkedin.py:274} INFO - [LinkedIn] Merged 'Hardware Engineer' → 9 unique jobs (grand total: 494)
[2026-03-20T10:38:31.106+0000] {scrapping_linkedin.py:234} INFO - [LinkedIn][Robotics Engineer] +60 jobs (keyword total: 60)
[2026-03-20T10:38:34.098+0000] {scrapping_linkedin.py:205} INFO - [LinkedIn][Robotics Engineer] Page 2 → https://www.linkedin.com/jobs/search/?keywords=Robotics%20Engineer&location=Maroc&start=25&f_TPR=r604800
[2026-03-20T10:38:42.316+0000] {scrapping_linkedin.py:187} INFO - [LinkedIn][Unity Developer] Starting session...
[2026-03-20T10:38:46.634+0000] {scrapping_linkedin.py:234} INFO - [LinkedIn][Robotics Engineer] +0 jobs (keyword total: 60)
[2026-03-20T10:38:48.783+0000] {scrapping_linkedin.py:205} INFO - [LinkedIn][Robotics Engineer] Page 3 → https://www.linkedin.com/jobs/search/?keywords=Robotics%20Engineer&location=Maroc&start=50&f_TPR=r604800
[2026-03-20T10:38:52.326+0000] {scrapping_linkedin.py:205} INFO - [LinkedIn][Unity Developer] Page 1 → https://www.linkedin.com/jobs/search/?keywords=Unity%20Developer&location=Maroc&start=0&f_TPR=r604800
[2026-03-20T10:39:02.274+0000] {scrapping_linkedin.py:234} INFO - [LinkedIn][Robotics Engineer] +0 jobs (keyword total: 60)
[2026-03-20T10:39:05.069+0000] {scrapping_linkedin.py:243} INFO - [LinkedIn][Robotics Engineer] Session closed.
[2026-03-20T10:39:05.072+0000] {scrapping_linkedin.py:274} INFO - [LinkedIn] Merged 'Robotics Engineer' → 4 unique jobs (grand total: 498)
[2026-03-20T10:39:13.251+0000] {local_task_job_runner.py:346} WARNING - State of this instance has been externally set to restarting. Terminating instance.
[2026-03-20T10:39:13.370+0000] {local_task_job_runner.py:245} INFO - ::endgroup::
[2026-03-20T10:39:13.404+0000] {process_utils.py:132} INFO - Sending 15 to group 178. PIDs of all processes in the group: [178]
[2026-03-20T10:39:13.418+0000] {process_utils.py:87} INFO - Sending the signal 15 to group 178
[2026-03-20T10:39:13.421+0000] {taskinstance.py:3093} ERROR - Received SIGTERM. Terminating subprocesses.
[2026-03-20T10:39:25.921+0000] {scrapping_linkedin.py:223} WARNING - [LinkedIn][Unity Developer] No cards on page 1, stopping.
[2026-03-20T10:39:26.123+0000] {scrapping_linkedin.py:243} INFO - [LinkedIn][Unity Developer] Session closed.
[2026-03-20T10:39:28.597+0000] {scrapping_linkedin.py:187} INFO - [LinkedIn][Blockchain Developer] Starting session...
[2026-03-20T10:39:36.892+0000] {scrapping_linkedin.py:205} INFO - [LinkedIn][Blockchain Developer] Page 1 → https://www.linkedin.com/jobs/search/?keywords=Blockchain%20Developer&location=Maroc&start=0&f_TPR=r604800
[2026-03-20T10:39:49.840+0000] {scrapping_linkedin.py:234} INFO - [LinkedIn][Blockchain Developer] +25 jobs (keyword total: 25)
[2026-03-20T10:39:52.006+0000] {scrapping_linkedin.py:205} INFO - [LinkedIn][Blockchain Developer] Page 2 → https://www.linkedin.com/jobs/search/?keywords=Blockchain%20Developer&location=Maroc&start=25&f_TPR=r604800
[2026-03-20T10:39:55.927+0000] {scrapping_linkedin.py:187} INFO - [LinkedIn][Unreal Engine Developer] Starting session...
[2026-03-20T10:40:03.162+0000] {scrapping_linkedin.py:234} INFO - [LinkedIn][Blockchain Developer] +0 jobs (keyword total: 25)
[2026-03-20T10:40:05.952+0000] {scrapping_linkedin.py:205} INFO - [LinkedIn][Blockchain Developer] Page 3 → https://www.linkedin.com/jobs/search/?keywords=Blockchain%20Developer&location=Maroc&start=50&f_TPR=r604800
[2026-03-20T10:40:07.342+0000] {scrapping_linkedin.py:205} INFO - [LinkedIn][Unreal Engine Developer] Page 1 → https://www.linkedin.com/jobs/search/?keywords=Unreal%20Engine%20Developer&location=Maroc&start=0&f_TPR=r604800
[2026-03-20T10:40:13.434+0000] {process_utils.py:150} WARNING - process psutil.Process(pid=178, name='airflow task ru', status='sleeping', started='10:17:13') did not respond to SIGTERM. Trying SIGKILL
[2026-03-20T10:40:13.457+0000] {process_utils.py:87} INFO - Sending the signal 9 to group 178
[2026-03-20T10:40:13.574+0000] {process_utils.py:80} INFO - Process psutil.Process(pid=178, name='airflow task ru', status='terminated', exitcode=<Negsignal.SIGKILL: -9>, started='10:17:13') (178) terminated with exit code -9
[2026-03-20T10:40:13.585+0000] {standard_task_runner.py:190} ERROR - ('Job 2 was killed before it finished (likely due to running out of memory)', 'For more information, see https://airflow.apache.org/docs/apache-airflow/stable/troubleshooting.html#LocalTaskJob-killed')
